compound_id,Canonical SMILES,source_type,y_true_neglog_molkg,y_pred_neglog_molkg,max_similarity,similarity_group,fingerprint_nonidentical,in_domain_at_0p70
19b746c0e4a45c3110d6,C#CC(O)(/C=C/Cl)CC,PubChem_only,2.7208386025375177,2.714744,1,fingerprint_identical,False,True
60167a884d14141d585f,C#CC1(OC(N)=O)CCCCC1,PubChem_only,2.746135797526513,2.7072620000000001,0.58823529411764708,out_of_domain,True,False
8c31c2fd3cbb6e04d5d1,C#CCN(C)C(C)Cc1ccccc1,PubChem_only,3.6192928004392337,3.1891148,0.625,out_of_domain,True,False
0aa6a339c82854aa0cb7,C#C[C@@]1(O)CC[C@@H]2[C@H]3CCC4=CC(=O)CC[C@H]4[C@@H]3CC[C@]21CC,PubChem_only,2.019113510553189,1.8394569000000001,1,fingerprint_identical,False,True
af64ddd8180e45f2351b,C#C[C@]1(O)CC[C@H]2[C@@H]3CCc4cc(O)ccc4[C@H]3CC[C@@]21C,PubChem_only,3.0739528426985427,2.9817369999999999,1,fingerprint_identical,False,True
a64fed3421b0bd6ea9e0,C(=C/c1ccccc1)\CN1CCN(C(c2ccccc2)c2ccccc2)CC1,PubChem_only,2.7031429162758598,2.7926497000000001,1,fingerprint_identical,False,True
69c9ca79a898fcf181a0,C(=N/OCc1ccccc1)\c1ccccn1,PubChem_only,3.3268517911886479,3.2194989999999999,1,fingerprint_identical,False,True
4aeaf073871ac3028dd7,C/C(=C(/CCO)SSCC1CCCO1)N(C=O)Cc1cnc(C)nc1N,PubChem_only,2.8680934123663882,2.8653621999999999,1,fingerprint_identical,False,True
be7117e64ce90859b986,C/C(=C/C=C/[C@@H](C)C(=O)O)[C@H]1CN[C@H](C(=O)O)[C@H]1CC(=O)O,PubChem_only,4.9369240507089192,2.8802254,0.21818181818181817,out_of_domain,True,False
091dcc38af4497aab948,C/C(=C\c1ccccc1)[N+](=O)[O-],PubChem_only,3.0251355620492539,2.9120705,1,fingerprint_identical,False,True
5943ac31e4642c239d16,C/C(=N\O)C(=O)c1ccccc1,PubChem_only,2.8147162742136795,2.8126483000000002,1,fingerprint_identical,False,True
80ca66d423acbfbca56a,C/C(O)=C(\C#N)C(=O)Nc1ccc(C(F)(F)F)cc1,PubChem_only,3.4317014174634202,3.0243218000000001,0.54545454545454541,out_of_domain,True,False
6d4d8784dcc16a574d21,C/C=C(/C)C(=O)O[C@H]1CC[C@@]2(C)[C@@H]3CC[C@H]4[C@]5(O)C[C@H](O)[C@@]6(O)[C@@H](CN7C[C@@H](C)CC[C@H]7[C@@]6(C)O)[C@]5(O)C[C@@]42O[C@]13O,PubChem_only,5.2280643508873625,5.1319255999999998,1,fingerprint_identical,False,True
41bdeb9976982e757f7f,C/C=C(/C)C(=O)O[C@H]1[C@H](OC(C)=O)[C@@]2(CO)C(CC1(C)C)C1=CCC3[C@@]4(C)CC[C@H](O[C@@H]5O[C@H](C(=O)O)[C@@H](O[C@@H]6O[C@H](CO)[C@@H](O)[C@H](O)[C@H]6O)[C@H](O)[C@H]5O[C@@H]5O[C@H](CO)[C@@H](O)[C@H](O)[C@H]5O)[C@](C)(CO)C4CC[C@@]3(C)[C@]1(C)C[C@H]2O,PubChem_only,5.5484159080598614,4.0804423999999999,0.62295081967213117,out_of_domain,True,False
884cd80a7bd7f83067c9,C/C=C(\C)[C@H](O)[C@H](C)/C=C(C)/C=C/C/C(C)=C/Cc1[nH]c(OC)c(OC)c(=O)c1C,PubChem_only,5.6791291158869539,3.378962,0.25333333333333335,out_of_domain,True,False
c3a13156546b049724ce,C/C=C/C(=O)N(CC)c1ccccc1C,PubChem_only,2.7115082384588698,2.7402532000000002,1,fingerprint_identical,False,True
462befae54b6cd8432f6,C/C=C/C(=O)O,PubChem_only,3.5370126991458206,2.1823459000000001,0.61111111111111116,out_of_domain,True,False
5dc71d7e667db8af1b61,C/C=C/C/C=C/CCC(=O)[C@H]1O[C@H]1C(N)=O,PubChem_only,3.0245518073709023,3.0136284999999998,1,fingerprint_identical,False,True
1987e9175b9f062f6ccc,C/C=C/C=C/C(=O)O,PubChem_only,1.599464967496588,1.7913866000000001,1,fingerprint_identical,False,True
b669f5825fde2d0b36f1,C/C=C/C=O,PubChem_only,2.6415422735237075,2.6487270000000001,1,fingerprint_identical,False,True
2ec767713ead48170528,C/C=C/[C@H]1O[C@@](O)([C@@H](C)[C@H](O)[C@H](C)[C@H]2OC(=O)/C(OC)=C/C(C)=C/[C@@H](C)[C@@H](O)[C@@H](CC)[C@@H](O)[C@H](C)C/C(C)=C/C=C/[C@@H]2OC)C[C@@H](O[C@H]2C[C@@H](O)[C@H](OC(N)=O)[C@@H](C)O2)[C@@H]1C,PubChem_only,5.5484014527986805,5.4574220000000002,1,fingerprint_identical,False,True
7215b27936fad9d2cd24,C/C=C/c1cc(OC)c(OC)cc1OC,PubChem_only,2.8272379141330566,2.7782795,1,fingerprint_identical,False,True
ceeebf2ca908fcb690d1,C/C=C/c1ccc(O)c(OC)c1,PubChem_only,2.5778940027883817,2.6038451,1,fingerprint_identical,False,True
93eb70358f9786aa667c,C/C=C/c1ccc(OC)c(OC)c1,PubChem_only,2.7069151994473226,2.5585334,1,fingerprint_identical,False,True
ea61f2475b3da2fab6c1,C/C=C/c1ccc(OC)cc1,PubChem_only,2.3774217227289358,2.4442327000000001,0.5714285714285714,out_of_domain,True,False
518208b502b3fa69147c,C/C=C/c1ccc2c(c1)OCO2,PubChem_only,2.3058443501077792,2.3366764,1,fingerprint_identical,False,True
ef5af099e93658251b14,C/C=C1/C[C@@H](C)[C@](O)(CO)C(=O)OCC2=CCN3CC[C@@H](OC1=O)[C@@H]23,PubChem_only,3.7328871646168769,3.5096188000000001,1,fingerprint_identical,False,True
ee34f7c36630eb9fe572,C/C=C1\C2C=C(C)CC1(N)c1ccc(=O)[nH]c1C2,PubChem_only,4.8819657247963724,3.3854069999999998,0.42372881355932202,out_of_domain,True,False
e57295e537bce05b0a56,C/C=C1\C[C@@H](C)[C@@](C)(O)C(=O)OCC2=CCN3CC[C@@H](OC1=O)[C@@H]23,PubChem_only,3.6505017948783669,3.5834725000000001,1,fingerprint_identical,False,True
05860056cd03b5be4b20,C/C=C1\C[C@@H](C)[C@](O)(CO)C(=O)OCC2=CCN3CC[C@@H](OC1=O)[C@@H]23,PubChem_only,3.0686792665400691,3.5096188000000001,1,fingerprint_identical,False,True
29a1a12495c107a87619,C/C=C1\[C@H]2C=C(C)C[C@]1(N)c1ccc(=O)[nH]c1C2,PubChem_only,5.1308125552186228,3.3852576999999999,0.42372881355932202,out_of_domain,True,False
81301dd3ffa20555da74,C/C=C\c1ccc(O)c(OC)c1,PubChem_only,2.6530908678444178,2.6038451,1,fingerprint_identical,False,True
9d57a7052f7f7cd0d5a4,C/C=C\c1ccc(OC)c(OC)c1,PubChem_only,2.5086509614404497,2.5585334,1,fingerprint_identical,False,True
63caaba740ee5d50194e,C/C=C\c1ccc(OC)cc1,PubChem_only,3.1931392504177518,2.4442327000000001,0.5714285714285714,out_of_domain,True,False
1ef704f4307006e8b494,C1=C2CCCN[C@H]2[C@@H]2C[C@H]1[C@H]1CCCCN1C2,PubChem_only,3.1786612061269053,3.2105402999999999,1,fingerprint_identical,False,True
5ea2c8b7ee488bc0065b,C1CCC(C(CC2CCCCN2)C2CCCCC2)CC1,PubChem_only,3.4138729496277271,3.4324889999999999,0.40540540540540543,out_of_domain,True,False
bda9acdd6ea0958e0c9b,C1CCN2C[C@@H]3C[C@@H](CN4CCCC[C@@H]34)[C@H]2C1,PubChem_only,3.7733364247535879,3.5168379999999999,1,fingerprint_identical,False,True
292579d00c09da17b42f,C1CCN2C[C@H]3C[C@H](CN4CCCC[C@@H]34)[C@H]2C1,PubChem_only,3.4200558163431736,3.5168379999999999,1,fingerprint_identical,False,True
4e2061c53c6af81b96f1,C1CCOC1,PubChem_only,1.5792238262327176,2.0260167,0.55555555555555558,out_of_domain,True,False
f9ad44223cdf44fc8946,C=C(C)C(=O)/C(=C\C(=O)O)OC,PubChem_only,3.276625176420497,3.2086117000000001,1,fingerprint_identical,False,True
7e2597a605d923ac383d,C=C(C)[C@@H]1[C@H]2OC(=O)[C@@H]1[C@]1(O)C[C@H]3O[C@]34C(=O)O[C@H]2[C@]14C,PubChem_only,4.5125331630766627,4.4264865000000002,1,fingerprint_identical,False,True
aa38dcdfca8739f7f6d0,C=C(C)[C@@H]1[C@H]2OC(=O)[C@@H]1[C@]1(O)[C@H]3O[C@H]3[C@]3(CO3)[C@]1(C)[C@@H]2O,PubChem_only,4.9916734344163238,4.9536990000000003,1,fingerprint_identical,False,True
2fcee63e3c8b12872773,C=C(C)[C@H]1CC=C(C)CC1,PubChem_only,2.3561470090913117,2.3457710000000001,1,fingerprint_identical,False,True
fc5c4e67f05fed21e440,C=C(C)[C@H]1Cc2c(ccc3c2O[C@@H]2COc4cc(OC)c(OC)cc4[C@@H]2C3=O)O1,PubChem_only,5.1727163580976807,5.0946100000000003,1,fingerprint_identical,False,True
121fe894c977fd42a539,C=C(CC(=O)O)C(=O)O,PubChem_only,2.4858850283394762,2.5351107000000002,0.36842105263157893,out_of_domain,True,False
6a0a040774b66caa1fa1,C=C1/C(=C\C=C2/CCC[C@]3(C)[C@@H]([C@H](C)CCCC(C)(C)O)CC[C@@H]23)C[C@@H](O)C[C@@H]1O,PubChem_only,5.3410136157950285,3.4602609000000002,0.64179104477611937,out_of_domain,True,False
220f4c7736757beb650b,C=C1C(=O)O[C@@H]2C[C@@H](C)[C@@H]3C=CC(=O)[C@@]3(C)[C@@H](O)[C@H]12,PubChem_only,4.4188065690947891,4.3344516999999998,1,fingerprint_identical,False,True
841fbe47563869f8ab07,C=C1C(=O)O[C@@H]2C[C@@H](C)[C@@H]3C[C@H](O)O[C@@H](O)[C@@]3(C)C[C@H]12,PubChem_only,4.2401802326414817,4.1658334999999997,1,fingerprint_identical,False,True
056cda46eb96f87fd808,C=C1C(=O)[C@@]23[C@H]4O[C@H]5O[C@]2(O)[C@@H](O)[C@@H]2C(C)(C)CC[C@H](O)C52[C@@H]3CC[C@@H]14,PubChem_only,3.8125803537222871,3.8188252,1,fingerprint_identical,False,True
93f254a19c9d9ba26689,C=C1C(=O)[C@]23[C@H](O)[C@H]1CC[C@H]2[C@@]12CO[C@]3(O)[C@@H](O)[C@@H]1C(C)(C)CC[C@@H]2O,PubChem_only,4.0175556102566334,3.9620655,1,fingerprint_identical,False,True
ee40afb5e220ff30a15f,C=C1CCO[C@]2([C@@H](O)[C@@](C)(O)CO)NC(=O)[C@@]1(O)NC2=O,PubChem_only,1.7814437193757255,3.255703,0.24561403508771928,out_of_domain,True,False
0cf2a7dc4bb1065aec96,C=C1CC[C@H](O)C/C1=C/C=C1\CCC[C@]2(C)[C@@H]([C@H](C)CCCC(C)C)CC[C@@H]12,PubChem_only,3.451524570269604,3.4455300000000002,1,fingerprint_identical,False,True
d9256725405570afbda6,C=C1[C@@H](C)[C@H]2[C@H](Cc3ccccc3)NC(=O)[C@]23OC(=O)/C=C/[C@H](O)CCC[C@@H](C)C/C=C/[C@H]3[C@@H]1O,PubChem_only,4.2037733135256348,4.1567315999999996,1,fingerprint_identical,False,True
8fb0144e8a9f0a799dd1,C=C1[C@@H](C)[C@H]2[C@H](Cc3ccccc3)NC(=O)[C@]23[C@H](OC(C)=O)/C=C/[C@@](C)(O)C(=O)[C@@H](C)C/C=C/[C@H]3[C@@H]1O,PubChem_only,5.4045147179146404,3.6030666999999998,0.47252747252747251,out_of_domain,True,False
e33b2b7460da90c582c8,C=C1[C@@H](O)[C@]2(O)OC[C@]34[C@H]2[C@@]2(C)[C@H](O)C(=O)C=C(C)[C@@H]2C[C@H]3OC(=O)C[C@@H]14,PubChem_only,4.0787257356989732,4.0579742999999997,1,fingerprint_identical,False,True
522dfe4ac53eafed7a54,C=C1[C@@H](O)[C@]2(O)OC[C@]34[C@H]2[C@@]2(C)[C@H](O)C(=O)C=C(C)[C@@H]2C[C@H]3OC(=O)[C@H](O)[C@@]14O,PubChem_only,4.3346271194440291,4.3103959999999999,1,fingerprint_identical,False,True
7d340b21b2acff730a5d,C=C1[C@@H]2CC[C@H]3[C@]4(C)C[C@H](O[C@@H]5O[C@H](CO)[C@@H](OS(=O)(=O)O)[C@H](OS(=O)(=O)O)[C@H]5OC(=O)CC(C)C)CC(C(=O)O)(C(=O)O)[C@H]4CC[C@]3(C2)[C@H]1O,PubChem_only,4.8616499263257786,4.8215933,1,fingerprint_identical,False,True
7683ffdce8e27359b199,C=C1[C@H]2C[C@@]3([C@@H]1O)[C@@H](CC2=O)[C@]12[C@@H]4C[C@H]3[C@H]1N(CC)C[C@]4(C)CC[C@@H]2O,PubChem_only,2.8675270186152324,2.8733846999999999,1,fingerprint_identical,False,True
0ae556293bceb90b702a,C=C1c2cccc(O)c2C(O)=C2C(=O)[C@]3(O)C(O)=C(C(N)=O)C(=O)[C@@H](N(C)C)[C@@H]3[C@@H](O)[C@H]12,PubChem_only,3.1864461901776746,3.6738270000000002,0.57746478873239437,out_of_domain,True,False
4aa06750f4894d7d3c72,C=CC(C)(C)[C@@]12C[C@H]3C(=O)N/C(=C/c4cnc[nH]4)C(=O)N3[C@@H]1Nc1ccccc12,PubChem_only,4.4143704853380479,4.3826210000000003,1,fingerprint_identical,False,True
010e18fd3dd404053eea,C=CCC(C)(C)C,PubChem_only,2.3900028456760416,2.501379,0.5,out_of_domain,True,False
2aa87986410f3cf779fd,C=CCC1(C(C)CCC)C(=O)NC(=O)NC1=O,PubChem_only,3.312642360369773,3.1836684000000002,0.79411764705882348,similarity_ge_0p70_lt_1,True,True
298e36d46e2134771a48,C=CCC1=C(C)C(OC(=O)[C@@H]2[C@@H](C=C(C)C)C2(C)C)CC1=O,PubChem_only,3.9008182959729649,3.8369393000000001,1,fingerprint_identical,False,True
03548930c09c5a4ac216,C=CCN1CC[C@]23CCCC[C@H]2[C@H]1Cc1ccc(O)cc13,PubChem_only,3.2271135502294559,3.2112647999999999,1,fingerprint_identical,False,True
cc80e02dd1ec7a8c3a67,C=CCN1CC[C@]23c4c5ccc(O)c4O[C@H]2[C@@H](O)C=C[C@H]3[C@H]1C5,PubChem_only,2.8216565124427491,2.8686997999999999,1,fingerprint_identical,False,True
8b6f742fe0e165d0b824,C=CCOC(=O)/C=C\C(=O)OCC=C,PubChem_only,3.0885834474243801,3.0744292999999998,1,fingerprint_identical,False,True
ce384dc3dc4343b544f6,C=CC[N@@+]12CC[C@@]34c5ccccc5N5/C=C6/[C@H]7C[C@H]8[C@@]9(CC[N@@+]8(CC=C)C/C7=C/CO)c7ccccc7N(/C=C(/[C@@H](C[C@@H]31)/C(=C\CO)C2)[C@H]54)[C@@H]69,PubChem_only,6.0387373944970433,4.7542720000000003,0.42857142857142855,out_of_domain,True,False
981029c36b8f3bb9f8bc,C=CCc1ccccc1OC[C@H](O)CNC(C)C,PubChem_only,3.5160027470431681,3.3869178,1,fingerprint_identical,False,True
21c9a397922911b1a578,C=C[C@@](C)(/C=C/c1ccc(O)cc1)CCC=C(C)C,PubChem_only,3.4357715348688451,3.4102054000000002,1,fingerprint_identical,False,True
0fb0c1a629213430f9fe,C=C[C@@]1(C)CC(=O)[C@]2(O)[C@@]3(C)[C@@H](O)CCC(C)(C)[C@@H]3[C@H](O)[C@H](OC(C)=O)[C@@]2(C)O1,PubChem_only,3.7808116544385131,3.8216044999999998,1,fingerprint_identical,False,True
bee6c0cb0b862b9f696c,C=C[C@H]1CN2CC[C@H]1C[C@@H]2[C@@H](O)c1ccnc2ccc(O)cc12,PubChem_only,3.0090439315233319,3.0198865000000001,1,fingerprint_identical,False,True
9b82a3529a361e128758,C=C[C@H]1CN2CC[C@H]1C[C@@H]2[C@@H](O)c1ccnc2ccc(OC)cc12,PubChem_only,3.3807792061502195,3.2955481999999998,1,fingerprint_identical,False,True
b84890cda883f03f27e2,C=C[C@H]1CN2CC[C@H]1C[C@H]2[C@H](O)c1ccnc2ccc(OC)cc12,PubChem_only,3.329269386700453,3.2955481999999998,1,fingerprint_identical,False,True
b9ef3461c86e8583ae40,C=C[C@]1(C)C[C@@H](OC(=O)CO)[C@]2(C)[C@H](C)CC[C@]3(CCC(=O)[C@H]32)[C@@H](C)[C@@H]1O,PubChem_only,3.799924960014847,3.7099166000000001,1,fingerprint_identical,False,True
2cd4cabe12afcf299539,C=C[C@]12CN(C)[C@@H]3[C@H]4CO[C@H](C[C@H]41)[C@]1(C(=O)Nc4ccccc41)[C@@H]32,PubChem_only,3.8182097295088502,3.7929081999999998,1,fingerprint_identical,False,True
8000c0300fa15d3704b3,C=Cc1c(C)c2cc3nc(c(CC(=O)O)c4[nH]c(cc5nc(cc1[nH]2)C(C)=C5CC)c(C)c4C(=O)O)[C@@H](CCC(=O)O)[C@@H]3C,PubChem_only,2.88981805265156,3.1013663,0.66265060240963858,out_of_domain,True,False
44cfce15e12b310bc72d,CC(/C=C/C=C(C)/C=C/C(=O)O)=C\C=C\C=C(C)\C=C\C=C(C)\C=C\C(=O)O,PubChem_only,2.7352383586539362,2.7389912999999999,1,fingerprint_identical,False,True
104b498f3a1a734c853f,CC(/C=C1\SC(=S)N(CC(=O)O)C1=O)=C\c1ccccc1,PubChem_only,2.667387692676729,2.6859527000000001,1,fingerprint_identical,False,True
7780880547c7f2219567,CC(=N\O)/C(C)=N/O,PubChem_only,2.7638770314956549,2.7329547000000001,1,fingerprint_identical,False,True
35e08565615a5f872f99,CC(=O)/C(C)=N/O,PubChem_only,3.297202457422987,2.5044987000000001,0.5714285714285714,out_of_domain,True,False
3c6b458a8b54734ea5e1,CC(=O)/C=C/C(=O)O,PubChem_only,2.9965878040646028,2.9768226000000002,1,fingerprint_identical,False,True
ef32c3a082a171a1f49a,CC(=O)/C=C/C1=C(C)CCCC1(C)C,PubChem_only,1.9266207704431344,1.9498974,1,fingerprint_identical,False,True
23e9aea9b581036aaebb,CC(=O)/C=C/C1C(C)=CCCC1(C)C,PubChem_only,1.926620770443134,1.9749255999999999,1,fingerprint_identical,False,True
6306501985dd8aa0e5b9,CC(=O)/C=C/c1ccccc1,PubChem_only,2.0821293250206567,2.1710181,1,fingerprint_identical,False,True
97c05844764a26ac169f,CC(=O)/C=N/O,PubChem_only,2.7696467302504133,2.7581878,0.52941176470588236,out_of_domain,True,False
e014f87a6a397ebb0a3d,CC(=O)C(NC(=O)C(C)C(O)C(C)NC(=O)C(NC(=O)c1nc(C(CC(N)=O)NCC(N)C(N)=O)nc(N)c1C)C(O[C@@H]1O[C@@H](CO)[C@@H](O)[C@H](O)[C@]1(C)O[C@@H]1OC(CO)[C@H](O)[C@](O)(C(N)=O)[C@H]1O)c1cnc[nH]1)C(=O)NCCC1=NC(c2nc(C(N)=O)cs2)CS1,PubChem_only,5.0087288689290697,5.0034340000000004,1,fingerprint_identical,False,True
6dc49690bb974e72745d,CC(=O)C=O,PubChem_only,2.6048593069666017,2.7083529999999998,0.5,out_of_domain,True,False
b17a063ecb44ac7c25af,CC(=O)CC(C)=O,PubChem_only,2.1254465641309226,2.4625669000000001,0.53846153846153844,out_of_domain,True,False
0e09100d1d9f270ea815,CC(=O)CC(c1ccc([N+](=O)[O-])cc1)c1c(O)c2ccccc2oc1=O,PubChem_only,3.4874826730544162,2.757587,0.76595744680851063,similarity_ge_0p70_lt_1,True,True
60824ae94bf09d54cd0e,CC(=O)CC/C=C(\C)CC/C=C(\C)CC/C=C(\C)CCC=C(C)C,PubChem_only,1.945213776822486,1.977012,1,fingerprint_identical,False,True
60f8afbb2723c50bf6f3,CC(=O)CCCCn1c(=O)c2c(ncn2C)n(C)c1=O,PubChem_only,3.0661340312983314,2.9553403999999999,0.75555555555555554,similarity_ge_0p70_lt_1,True,True
2458d3f09f8b6da1e337,CC(=O)N(CC(O)CO)c1c(I)c(C(=O)NCC(O)CO)c(I)c(C(=O)NCC(O)CO)c1I,PubChem_only,2.280949281642414,2.8759736999999999,0.33333333333333331,out_of_domain,True,False
d7ad39a06e7851fef696,CC(=O)N1CCC[C@H]1c1cccnc1,PubChem_only,2.682718438692945,2.6658216000000001,1,fingerprint_identical,False,True
6c2a7fcb87f6d860d980,CC(=O)N1CCN(c2ccc(OC[C@@H]3CO[C@@](Cn4ccnc4)(c4ccc(Cl)cc4Cl)O3)cc2)CC1,PubChem_only,2.2575502929106928,2.2880870999999998,1,fingerprint_identical,False,True
25b7afa9ba48c7544f11,CC(=O)N1N=C(c2ccc(N)cc2)c2cc3c(cc2C[C@H]1C)OCO3,PubChem_only,3.6618307075507879,3.4755826000000001,1,fingerprint_identical,False,True
de65e7191f426bdb51c6,CC(=O)NC1CCCCC1,PubChem_only,2.4016897279344009,2.4582147999999999,0.59999999999999998,out_of_domain,True,False
ffbe4e5f3f1bcbd5cdb4,CC(=O)NO,PubChem_only,1.7615057076320175,2.1209202,0.53846153846153844,out_of_domain,True,False
614a362a7528f7ec3307,CC(=O)N[C@@H](CC(=O)O)C(=O)O,PubChem_only,1.8185037087405909,1.9127803999999999,1,fingerprint_identical,False,True
3cba24528af7730397aa,CC(=O)N[C@@H](CCC(=O)O)C(=O)O,PubChem_only,2.424975775691677,2.3692802999999998,1,fingerprint_identical,False,True
811ea0b3c49149c2d5e4,CC(=O)N[C@@H](CS)C(=O)O,PubChem_only,2.61065484082097,2.5111317999999998,1,fingerprint_identical,False,True
41373037b6cf39540e0f,CC(=O)N[C@@H](Cc1c[nH]c2ccccc12)C(=O)O,PubChem_only,1.8375214297277049,1.9988619999999999,1,fingerprint_identical,False,True
9c9afc34c3ae50ad381d,CC(=O)N[C@H]1[C@H](O[C@@H]2c3ccc(c(Cl)c3)Oc3cc4cc(c3O[C@@H]3O[C@H](CO)[C@@H](O)[C@H](O)[C@H]3NC(=O)CCCCCCC(C)C)Oc3ccc(cc3Cl)C[C@H]3NC(=O)[C@H](N)c5ccc(O)c(c5)Oc5cc(O)cc(c5)[C@H](NC3=O)C(=O)N[C@H]4C(=O)N[C@H]3C(=O)N[C@@H]2C(=O)N[C@H](C(=O)O)c2cc(O)cc(O[C@H]4O[C@H](CO)[C@@H](O)[C@H](O)[C@@H]4O)c2-c2cc3ccc2O)O[C@H](CO)[C@@H](O)[C@@H]1O,PubChem_only,3.0979926614510065,3.1818194000000002,1,fingerprint_identical,False,True
61859688ccf7dff05106,CC(=O)Nc1ccc(O)cc1,PubChem_only,2.6147851841456848,2.2658680000000002,0.65217391304347827,out_of_domain,True,False
8003185743eba745f155,CC(=O)Nc1nnc(S(N)(=O)=O)s1,PubChem_only,2.2768058571110084,2.5006393999999998,0.67647058823529416,out_of_domain,True,False
3be11fa8bd0088322aa9,CC(=O)O,PubChem_only,3.247048558884841,1.9062067,0.625,out_of_domain,True,False
e6567ac3df243052a9b1,CC(=O)OC(C)C[N+](C)(C)C,PubChem_only,3.0006428227281838,3.0499234,0.51851851851851849,out_of_domain,True,False
6f164fcd616f6e0049db,CC(=O)OC/C=C/c1ccccc1,PubChem_only,2.1668616281757163,2.2218838000000001,1,fingerprint_identical,False,True
f3a02547dc655c25d0eb,CC(=O)OC/N=[N+](/C)[O-],PubChem_only,3.0997759788155794,2.8324384999999999,0.65384615384615385,out_of_domain,True,False
6ae8cb9fbdbec540daf3,CC(=O)OCC(=O)[C@@]1(O)CC[C@H]2[C@@H]3CCC4=CC(=O)CC[C@]4(C)[C@@]3(F)[C@@H](O)C[C@@]21C,PubChem_only,3.2456082761029634,3.1632037,1,fingerprint_identical,False,True
face938ec282841d1e5e,CC(=O)OCC(=O)[C@@]1(O)CC[C@H]2[C@@H]3CCC4=CC(=O)CC[C@]4(C)[C@H]3[C@@H](O)C[C@@]21C,PubChem_only,2.2451939108914258,2.3432453,1,fingerprint_identical,False,True
1db49815853c5044e23a,CC(=O)OCC(=O)[C@@]12OC(C)(C)O[C@@H]1C[C@H]1[C@@H]3C[C@H](F)C4=CC(=O)C=C[C@]4(C)[C@@]3(F)[C@@H](O)C[C@@]12C,PubChem_only,3.4900735381649528,3.4325480000000002,1,fingerprint_identical,False,True
d2cca8806494ff28d6cd,CC(=O)OCC(=O)[C@@]12OC3(CCCC3)O[C@@H]1C[C@H]1[C@@H]3CCC4=CC(=O)C=C[C@]4(C)[C@@]3(F)[C@@H](O)C[C@@]12C,PubChem_only,2.748896328206333,2.8031100000000002,1,fingerprint_identical,False,True
c64c7c77575bb841dab4,CC(=O)OCC1=C(C(=O)O)N2C(=O)[C@@H](NC(=O)[C@H](N)c3ccccc3)[C@H]2SC1,PubChem_only,2.5950807990671052,2.5257974000000001,1,fingerprint_identical,False,True
8a875ed5cf22275bd42a,CC(=O)OCC1=CO[C@@H](OC(=O)CC(C)C)[C@H]2C1=C[C@H](OC(=O)CC(C)C)[C@]21CO1,PubChem_only,3.8476487362654304,3.8105538000000001,1,fingerprint_identical,False,True
16a47fc185ffc84d2d6b,CC(=O)OC[C@]12CCC(C)=C[C@H]1O[C@@H]1[C@H](O)[C@@H](OC(C)=O)[C@@]2(C)[C@]12CO2,PubChem_only,4.6697066534024136,4.5863509999999996,1,fingerprint_identical,False,True
128f960fa995f26eadfc,CC(=O)OC[C@]12C[C@H](O)C(C)=C[C@H]1O[C@@H]1[C@H](O)[C@@H](OC(C)=O)[C@@]2(C)[C@]12CO2,PubChem_only,4.4211601026147509,4.4581833,1,fingerprint_identical,False,True
ee7ed02ce643855aa0a5,CC(=O)OC[C@]12C[C@H](OC(=O)CC(C)(C)O)C(C)=C[C@H]1O[C@@H]1[C@H](O)[C@@H](O)[C@@]2(C)[C@]12CO2,PubChem_only,4.2860002205740608,4.3366559999999996,1,fingerprint_identical,False,True
a7cba6ca4bab8eb81651,CC(=O)OC[C@]12C[C@H](OC(=O)CC(C)C)C(C)=C[C@H]1O[C@@H]1[C@H](O)[C@@H](O)[C@@]2(C)[C@]12CO2,PubChem_only,4.8149541070867663,4.715344,1,fingerprint_identical,False,True
286f82fc475d4782c800,CC(=O)OC[C@]12C[C@H](OC(=O)CC(C)C)C(C)=C[C@H]1O[C@@H]1[C@H](O)[C@@H](OC(C)=O)[C@@]2(C)[C@]12CO2,PubChem_only,5.1917555286505053,5.0995520000000001,1,fingerprint_identical,False,True
891ecc123fd1b2671acf,CC(=O)OC[C@]12C[C@H](OC(=O)CC(C)C)C(C)=C[C@H]1O[C@@H]1[C@H](OC(C)=O)[C@@H](OC(C)=O)[C@@]2(C)[C@]12CO2,PubChem_only,4.8490131178537563,4.8119135000000002,1,fingerprint_identical,False,True
55494a6dc6668dd9f5db,CC(=O)OC[C@]12[C@H](O)C(=O)C(C)=C[C@H]1O[C@@H]1[C@H](O)C[C@@]2(C)[C@]12CO2,PubChem_only,3.4762954386624685,3.5723462000000001,1,fingerprint_identical,False,True
eb288721a37edd7aee48,CC(=O)O[C@@H]1C[C@]2(C)[C@@]3(CO)[C@H](O)C(=O)C(C)=C[C@H]3O[C@H]1[C@@]21CO1,PubChem_only,3.8572760242101705,3.8189557000000001,1,fingerprint_identical,False,True
a2580ac66efd643052d4,CC(=O)O[C@@H]1[C@@H](O)[C@H]2O[C@@H]3C=C(C)C(=O)[C@@H](O)[C@]3(CO)[C@]1(C)[C@]21CO1,PubChem_only,5.0309246252204654,4.9212164999999999,1,fingerprint_identical,False,True
00fdf8beac1e8c1f716b,CC(=O)O[C@@H]1[C@H]2CC[C@H]3[C@@](C)(O)[C@@H]4C[C@H](O)C(C)(C)[C@@]4(O)[C@H](O)C[C@@]13C[C@@]2(C)O,PubChem_only,5.4981768717625901,5.4450159999999999,1,fingerprint_identical,False,True
880bc7d3a7851ad9587d,CC(=O)O[C@H]1C(=O)[C@@]2(C)[C@H]([C@H](OC(=O)c3ccccc3)[C@]3(O)C[C@H](OC(=O)[C@H](O)[C@@H](NC(=O)c4ccccc4)c4ccccc4)C(C)=C1C3(C)C)[C@]1(OC(C)=O)CO[C@@H]1C[C@@H]2O,PubChem_only,3.824206198632071,3.8059927999999998,1,fingerprint_identical,False,True
9e0e8fa155ceba03e064,CC(=O)O[C@H]1CC[C@@]2(C)[C@@H](CC[C@@H]3[C@@H]2CC[C@]2(C)C(=O)CC[C@@H]32)C1,PubChem_only,1.831574670726692,1.923424,1,fingerprint_identical,False,True
dc2f843c38c635e0f1aa,CC(=O)O[C@H]1C[C@@]2(C)[C@@H](C[C@@H](O)[C@H]3[C@@]4(C)CC[C@@H](O)[C@@H](C)[C@@H]4CC[C@@]32C)/C1=C(\CCC=C(C)C)C(=O)O,PubChem_only,3.4957704868371686,3.4735513,1,fingerprint_identical,False,True
578d3b575ffe557f09fa,CC(=O)O[C@H]1C[C@H](O[C@H]2[C@@H](O)C[C@H](O[C@H]3[C@@H](O)C[C@H](O[C@H]4CC[C@@]5(C)[C@H](CC[C@@H]6[C@@H]5C[C@@H](O)[C@]5(C)[C@@H](C7=CC(=O)OC7)CC[C@]65O)C4)O[C@@H]3C)O[C@@H]2C)O[C@H](C)[C@H]1O[C@@H]1O[C@H](CO)[C@@H](O)[C@H](O)[C@H]1O,PubChem_only,5.1483941822029529,5.0419229999999997,1,fingerprint_identical,False,True
286586e0a02292c21cad,CC(=O)O[C@H]1[C@H]2O[C@H]2C2=CC(=O)[C@]3(C[C@]2(C)[C@H]1C)O[C@]3(C)C=O,PubChem_only,5.2045825313052481,3.9267124999999998,0.25675675675675674,out_of_domain,True,False
3d7ae176834b0574527d,CC(=O)O[C@]1(C(C)=O)CC[C@H]2[C@@H]3C=C(Cl)C4=CC(=O)CC[C@]4(C)[C@H]3CC[C@@]21C,PubChem_only,2.130262988812047,2.1883105999999999,1,fingerprint_identical,False,True
336df0b48403c13e325e,CC(=O)O[C@]1(C(C)=O)CC[C@H]2[C@@H]3C=C(Cl)C4=CC(=O)OC[C@]4(C)[C@H]3CC[C@@]21C,PubChem_only,2.7606893927033731,2.7280373999999998,1,fingerprint_identical,False,True
6b1f11ac729e7de29991,CC(=O)O[C@]1(C(C)=O)CC[C@H]2[C@@H]3C=C(Cl)C4=CC(=O)[C@@H]5C[C@@H]5[C@]4(C)[C@H]3CC[C@@]21C,PubChem_only,2.1015648302712373,2.1026305999999999,1,fingerprint_identical,False,True
9b8b13ad9372429ce82b,CC(=O)O[C@]12CCC(C)=CC[C@]13CC[C@H]2[C@@](C)(/C=C/C=C(\C)C(=O)O)OC3=O,PubChem_only,2.9905557990671574,3.0016579999999999,1,fingerprint_identical,False,True
5188dc6669e9cef198c8,CC(=O)Oc1c(C)c(C)c2c(c1C)CC[C@@](C)(CCC[C@H](C)CCC[C@H](C)CCCC(C)C)O2,PubChem_only,1.975665207788311,1.8700804,0.67692307692307696,out_of_domain,True,False
7146ed3a92d10e2ca9f4,CC(=O)Oc1ccccc1C(=O)O,PubChem_only,3.0329394914126162,2.4805605000000002,0.69999999999999996,similarity_ge_0p70_lt_1,True,True
bbdb76e5c4cd89d36603,CC(=O)S,PubChem_only,3.0064375162232828,2.7876875000000001,0.55555555555555558,out_of_domain,True,False
2715b5e2910a211b3714,CC(=O)S[C@@H]1CC2=CC(=O)CC[C@]2(C)[C@H]2CC[C@@]3(C)[C@@H](CC[C@@]34CCC(=O)O4)[C@H]12,PubChem_only,3.2047281952289222,3.1738708,1,fingerprint_identical,False,True
ae0551c2763fc5582f77,CC(=O)[C@H]1CC[C@H]2[C@@H]3CC[C@H]4C[C@H](O)CC[C@]4(C)[C@H]3C(=O)C[C@]12C,PubChem_only,2.8883022951756185,2.8444704999999999,1,fingerprint_identical,False,True
c7886614fe7a3e7e8768,CC(=O)c1cccc(N[C@H]2[C@H](N)[C@@](NC(=O)N(C)C)([C@H](C)O)[C@@](C)(O)[C@@]2(O)COC(=O)c2c(C)cccc2O)c1,PubChem_only,4.6009977739992651,4.5374379999999999,1,fingerprint_identical,False,True
a86b69e50bf538d81612,CC(C)(C)C(O)/C=C/c1ccc2c(c1)OCO2,PubChem_only,2.2728530075753355,2.2311307999999999,1,fingerprint_identical,False,True
d57c248e0c34fd5f0fa4,CC(C)(C)C1CCC2OCCOCCOC3CC(C(C)(C)C)CCC3OCCOCCOC2C1,PubChem_only,4.2383311162029562,4.5763740000000004,0.4642857142857143,out_of_domain,True,False
f4dca098b7b58a9f96a5,CC(C)(C)N,PubChem_only,2.0190509780953589,2.2274381999999999,0.55555555555555558,out_of_domain,True,False
cdfadfae78e4a7c8dda8,CC(C)(C)NC(=O)[C@H]1CC[C@H]2[C@@H]3CC[C@H]4NC(=O)C=C[C@]4(C)[C@H]3CC[C@]12C,PubChem_only,3.0006451250418822,2.9913430000000001,1,fingerprint_identical,False,True
004c21f642fccce11368,CC(C)(C)NC[C@H](O)COc1nsnc1N1CCOCC1,PubChem_only,3.0231522790526357,3.0507111999999998,0.41818181818181815,out_of_domain,True,False
f991b1b93b952add2ec8,CC(C)(C)c1ccc(O)cc1,PubChem_only,3.2846360460004158,3.186877,0.68421052631578949,out_of_domain,True,False
465bb90546494cda983b,CC(C)(CO)[C@@H](O)C(=O)NCCC(=O)NCCS,PubChem_only,2.8011759934471976,2.7353939999999999,1,fingerprint_identical,False,True
0f073dd4119e7e23472d,CC(C)(CO)[C@@H](O)C(=O)NCCC(=O)NCCSSCCNC(=O)CCNC(=O)[C@H](O)C(C)(C)CO,PubChem_only,2.062841981725843,2.0978702999999999,1,fingerprint_identical,False,True
2aedaa1b9b71e2129bf0,CC(C)(CO)[C@@H](O)C(=O)NCCC(=O)O,PubChem_only,2.1816475195391081,2.1162671999999998,1,fingerprint_identical,False,True
8fcc2eef663f796dff7c,CC(C)(O)/C=C/C(=O)[C@](C)(O)[C@H]1[C@H](O)C[C@@]2(C)[C@@H]3CC=C4[C@@H](C[C@H](O)C(=O)C4(C)C)[C@]3(C)C(=O)C[C@]12C,PubChem_only,5.470179399457554,3.3542323000000001,0.24358974358974358,out_of_domain,True,False
394591d3ec47ec35a9fe,CC(C)(O)[C@H](O)COc1c2ccoc2cc2oc(=O)ccc12,PubChem_only,2.7429364084708303,2.7382360000000001,1,fingerprint_identical,False,True
27be09e6a0d42878406f,CC(C)(S)[C@@H](N)C(=O)O,PubChem_only,2.7776131361601042,2.7073767000000002,1,fingerprint_identical,False,True
2496b86bb2bad6ef353a,CC(C)/C=N/O,PubChem_only,2.9401278366627084,2.9014790000000001,1,fingerprint_identical,False,True
c1295a88b620d3ea340f,CC(C)=CCC/C(C)=C/CC/C(C)=C/CO,PubChem_only,2.7006763758819115,2.6943554999999999,1,fingerprint_identical,False,True
d52fb95fb6d4473f85a0,CC(C)=CCC[C@@](C)(O)[C@H]1CC=C(C)CC1,PubChem_only,2.5456763920876258,2.5605228000000002,1,fingerprint_identical,False,True
1e7bc6474676f649287e,CC(C)=CCC[C@](C)(O)[C@H]1CC[C@]2(C)[C@@H]1[C@H](O)C[C@@H]1[C@@]3(C)CC[C@H](O)C(C)(C)[C@@H]3[C@@H](O[C@@H]3O[C@H](CO)[C@@H](O)[C@H](O)[C@H]3O[C@@H]3O[C@@H](C)[C@H](O)[C@@H](O)[C@H]3O)C[C@]12C,PubChem_only,2.7677786891946661,2.8146005000000001,1,fingerprint_identical,False,True
1b72098f9c7c36309e00,CC(C)=CCC[C@](C)(O)[C@H]1CC[C@]2(C)[C@@H]1[C@H](O)C[C@@H]1[C@@]3(C)CC[C@H](O)C(C)(C)[C@@H]3[C@@H](O[C@@H]3O[C@H](CO)[C@@H](O)[C@H](O)[C@H]3O[C@@H]3O[C@H](CO)[C@@H](O)[C@H](O)[C@H]3O)C[C@]12C,PubChem_only,2.7765407300932354,2.8216025999999998,1,fingerprint_identical,False,True
af9cdb406c48e039ba1e,CC(C)=CCC[C@](C)(O)[C@H]1CC[C@]2(C)[C@@H]1[C@H](O)C[C@@H]1[C@@]3(C)CC[C@H](O[C@@H]4O[C@H](CO)[C@@H](O)[C@H](O)[C@H]4O[C@@H]4O[C@H](CO)[C@@H](O)[C@H](O)[C@H]4O)C(C)(C)[C@@H]3CC[C@]12C,PubChem_only,2.7979734745514171,2.8606973,1,fingerprint_identical,False,True
95fa4aa103629848894d,CC(C)=CCC[C@](C)(O[C@@H]1O[C@H](CO)[C@@H](O)[C@H](O)[C@H]1O)[C@H]1CC[C@]2(C)[C@@H]1[C@H](O)C[C@@H]1[C@@]3(C)CC[C@H](O)C(C)(C)[C@@H]3[C@@H](O[C@@H]3O[C@H](CO)[C@@H](O)[C@H](O)[C@H]3O)C[C@]12C,PubChem_only,3.2961905052433744,3.2871920000000001,1,fingerprint_identical,False,True
e960a609bd8f329e3fce,CC(C)=CCC[C@](C)(O[C@@H]1O[C@H](CO)[C@@H](O)[C@H](O)[C@H]1O)[C@H]1CC[C@]2(C)[C@@H]1[C@H](O)C[C@@H]1[C@@]3(C)CC[C@H](O)C(C)(C)[C@@H]3[C@@H](O[C@@H]3O[C@H](CO)[C@@H](O)[C@H](O)[C@H]3O[C@@H]3O[C@@H](C)[C@H](O)[C@@H](O)[C@H]3O)C[C@]12C,PubChem_only,3.3689710767665768,3.3617845000000002,1,fingerprint_identical,False,True
3238a8d8f4fb345836fc,CC(C)=CCC[C@](C)(O[C@@H]1O[C@H](CO)[C@@H](O)[C@H](O)[C@H]1O)[C@H]1CC[C@]2(C)[C@@H]1[C@H](O)C[C@@H]1[C@@]3(C)CC[C@H](O[C@@H]4O[C@H](CO)[C@@H](O)[C@H](O)[C@H]4O[C@@H]4O[C@H](CO)[C@@H](O)[C@H](O)[C@H]4O)C(C)(C)[C@@H]3CC[C@]12C,PubChem_only,3.4658810897746331,3.4283484999999998,1,fingerprint_identical,False,True
0a9aa04f481def77d8a0,CC(C)=CCC[C@](C)(O[C@@H]1O[C@H](CO[C@@H]2OC[C@@H](O)[C@H](O)[C@H]2O)[C@@H](O)[C@H](O)[C@H]1O)[C@H]1CC[C@]2(C)[C@@H]1[C@H](O)C[C@@H]1[C@@]3(C)CC[C@H](O[C@@H]4O[C@H](CO)[C@@H](O)[C@H](O)[C@H]4O[C@@H]4O[C@H](CO)[C@@H](O)[C@H](O)[C@H]4O)C(C)(C)[C@@H]3CC[C@]12C,PubChem_only,3.2289950993367933,3.522602,1,fingerprint_identical,False,True
05224a40c8d4d01f65ba,CC(C)=CCC[C@](C)(O[C@@H]1O[C@H](CO[C@@H]2OC[C@H](O)[C@H](O)[C@H]2O)[C@@H](O)[C@H](O)[C@H]1O)[C@H]1CC[C@]2(C)[C@@H]1[C@H](O)C[C@@H]1[C@@]3(C)CC[C@H](O[C@@H]4O[C@H](CO)[C@@H](O)[C@H](O)[C@H]4O[C@@H]4O[C@H](CO)[C@@H](O)[C@H](O)[C@H]4O)C(C)(C)[C@@H]3CC[C@]12C,PubChem_only,3.5488346923253578,3.522602,1,fingerprint_identical,False,True
be9ad09cba782f3290f7,CC(C)=CCC[C@](C)(O[C@@H]1O[C@H](CO[C@@H]2O[C@@H](CO)[C@H](O)[C@H]2O)[C@@H](O)[C@H](O)[C@H]1O)[C@H]1CC[C@]2(C)[C@@H]1[C@H](O)C[C@@H]1[C@@]3(C)CC[C@H](O[C@@H]4O[C@H](CO)[C@@H](O)[C@H](O)[C@H]4O[C@@H]4O[C@H](CO)[C@@H](O)[C@H](O)[C@H]4O)C(C)(C)[C@@H]3CC[C@]12C,PubChem_only,3.4203506749524082,3.3889746999999999,1,fingerprint_identical,False,True
da7659e390b791629e9e,CC(C)=CCC[C@](C)(O[C@@H]1O[C@H](CO[C@@H]2O[C@H](CO)[C@@H](O)[C@H](O)[C@H]2O)[C@@H](O)[C@H](O)[C@H]1O)[C@H]1CC[C@]2(C)[C@@H]1[C@H](O)C[C@@H]1[C@@]3(C)CC[C@H](O[C@@H]4O[C@H](CO)[C@@H](O)[C@H](O)[C@H]4O[C@@H]4O[C@H](CO)[C@@H](O)[C@H](O)[C@H]4O)C(C)(C)[C@@H]3CC[C@]12C,PubChem_only,2.999728774715944,3.1138499999999998,1,fingerprint_identical,False,True
014fed4bb15de35901b3,CC(C)=CCN1CC[C@@]2(C)c3cc(O)ccc3C[C@@H]1[C@@H]2C,PubChem_only,3.3836191317521558,3.4039394999999999,1,fingerprint_identical,False,True
6f91a1b0f7c566942fb4,CC(C)=CCSC[C@H](N)C(=O)O,PubChem_only,1.9569584411728007,2.0491247000000001,1,fingerprint_identical,False,True
da65ed5c3bdb3d2245d1,CC(C)=CC[C@@H](O)C1=CC(=O)c2c(O)ccc(O)c2C1=O,PubChem_only,4.1588131403238284,4.1318197000000003,1,fingerprint_identical,False,True
cb36b1d62d1c15421262,CC(C)=C[C@@H]1[C@@H](C(=O)O)C1(C)C,PubChem_only,3.2346928582690606,2.8701813,1,fingerprint_identical,False,True
fb24cc5d8f5b14988274,CC(C)=C[C@@H]1[C@@H](C(=O)OCN2C(=O)C3=C(CCCC3)C2=O)C1(C)C,PubChem_only,3.8971189392117611,2.9751189,1,fingerprint_identical,False,True
448dc7eab4e01c98d3b8,CC(C)=C[C@@H]1[C@H](C(=O)O)C1(C)C,PubChem_only,2.6131350772418203,2.8701813,1,fingerprint_identical,False,True
b93c13d73a1b62f18ff5,CC(C)=C[C@H]1C[C@H](C)[C@]2(CC[C@]3(C)C[C@H]4[C@H](C(=O)C[C@@]4(C)O)/C(C=O)=C\C[C@H]32)O1,PubChem_only,4.2804471994372815,4.2283773,1,fingerprint_identical,False,True
163c98474e73c475bfd2,CC(C)=C[C@H]1[C@@H](C(=O)OCc2coc(Cc3ccccc3)c2)C1(C)C,PubChem_only,3.0243406905367127,2.7147283999999998,1,fingerprint_identical,False,True
0442cae4b6c66a156d91,CC(C)=C[C@H]1[C@H](C(=O)O)C1(C)C,PubChem_only,2.5874296770069183,2.8701813,1,fingerprint_identical,False,True
e8cb7b26e6d4b42a82ef,CC(C)CC(=O)N[C@H](C(=O)N[C@H](C(=O)N[C@@H](CC(C)C)[C@@H](O)CC(=O)N[C@@H](C)C(=O)N[C@@H](CC(C)C)[C@@H](O)CC(=O)O)C(C)C)C(C)C,PubChem_only,2.7988368376090169,2.7914796000000002,1,fingerprint_identical,False,True
3c8f1de8a9bf5347e0e2,CC(C)CCC[C@@H](C)[C@H]1CC[C@H]2[C@@H]3C[C@@H](O)[C@@]4(O)C[C@@H](O)CC[C@]4(C)[C@H]3CC[C@]12C,PubChem_only,3.5100064482092552,3.4743735999999998,1,fingerprint_identical,False,True
8f10080620e3abdf254e,CC(C)CCO/N=C/c1ccccn1,PubChem_only,2.9828634600715991,2.9855122999999999,1,fingerprint_identical,False,True
6047153c84f5c350b91a,CC(C)CCO/N=C/c1cccnc1,PubChem_only,3.061176984587997,3.0051713000000002,1,fingerprint_identical,False,True
4af2054065d6f3f2379d,CC(C)C[C@@H](NC(=O)[C@H](C)NC(=O)CNC(=O)[C@@H](NC=O)C(C)C)C(=O)N[C@@H](C)C(=O)N[C@@H](C(=O)N[C@H](C(=O)N[C@@H](C(=O)N[C@@H](Cc1c[nH]c2ccccc12)C(=O)N[C@H](CC(C)C)C(=O)N[C@@H](Cc1c[nH]c2ccccc12)C(=O)N[C@H](CC(C)C)C(=O)N[C@@H](Cc1c[nH]c2ccccc12)C(=O)N[C@H](CC(C)C)C(=O)N[C@@H](Cc1c[nH]c2ccccc12)C(=O)NCCO)C(C)C)C(C)C)C(C)C,PubChem_only,4.4965449750050013,4.4487030000000001,1,fingerprint_identical,False,True
f8307bc10817d4e9eb4c,CC(C)C[C@@H]1NC(=O)[C@@H](Cc2ccccc2)NC(=O)[C@H](CCN)NC(=O)[C@@H](NC(=O)[C@H](CCN)NC(=O)[C@@H](NC(=O)[C@H](CCN)NC(=O)O)[C@@H](C)O)CCNC(=O)[C@H]([C@@H](C)O)NC(=O)[C@H](CCN)NC(=O)[C@H](CCN)NC1=O,PubChem_only,4.1577675148997848,4.1243239999999997,1,fingerprint_identical,False,True
3429ef2d6fbc39a471c3,CC(C)C[C@@H]1NC(=O)[C@H](C)NC(=O)[C@H]([C@@H](C)O)NC(=O)[C@H](CCC(=O)O)NC(=O)[C@@H]2CCCN2C(=O)[C@H](C)NC(=O)[C@H](CCCCN)NC(=O)[C@@H]2CSSC[C@@H](C(=O)N[C@@H](CCC(N)=O)C(=O)N[C@@H](CCC(N)=O)C(=O)N[C@@H](Cc3c[nH]cn3)C(N)=O)NC(=O)[C@H](CCCNC(=N)N)NC(=O)[C@H](CCCNC(=N)N)NC(=O)[C@H](C)NC(=O)[C@H](CSSC[C@H](N)C(=O)N[C@@H](CC(N)=O)C(=O)N2)NC1=O,PubChem_only,5.7271511328405156,4.3436940000000002,0.38775510204081631,out_of_domain,True,False
1d651e280f000ae1164e,CC(C)C[C@@H]1NC(=O)[C@H](CCCN)NC(=O)[C@H](C(C)C)NC(=O)[C@H](Cc2ccc(O)cc2)N[C@@H](CCC(=O)O)C(=O)N[C@@H](CC(N)=O)C(=O)[C@@H](Cc2ccccc2)NC(=O)[C@H](Cc2ccccc2)NC(=O)[C@@H]2CCCN2C(=O)[C@@H](Cc2ccccc2)NC1=O,PubChem_only,4.089360666415697,4.0667733999999998,1,fingerprint_identical,False,True
5b2c9475bc0a3e28c615,CC(C)C[C@H](NC(=O)[C@@H](O)[C@H](N)Cc1ccccc1)C(=O)O,PubChem_only,3.2103297865213989,3.1591467999999998,1,fingerprint_identical,False,True
aff720171073f4e0e05a,CC(C)NC1CCCCC1,PubChem_only,2.4096503635102948,3.0446544000000002,0.59090909090909094,out_of_domain,True,False
fbc6e44c6ac0c7fe06e9,CC(C)NCC(O)COc1cccc2ccccc12,PubChem_only,3.628554742765842,3.3813304999999998,0.72727272727272729,similarity_ge_0p70_lt_1,True,True
65c3f0178b2249a63175,CC(C)NC[C@H](O)c1ccc(O)c(O)c1,PubChem_only,2.9165793658716668,2.8540074999999998,1,fingerprint_identical,False,True
eb658e45d5736abf6c02,CC(C)O,PubChem_only,1.127858471866553,1.7665398999999999,0.625,out_of_domain,True,False
72184a774d150acd2810,CC(C)OP(=O)(F)OC(C)C,PubChem_only,4.8759985636482375,4.1195529999999998,0.5,out_of_domain,True,False
c1f8ba1b71ab09716c53,CC(C)[C@@H](C)/C=C/[C@@H](C)[C@H]1CC[C@H]2/C(=C/C=C3\C[C@@H](O)CC[C@@H]3C)CCC[C@]12C,PubChem_only,3.5835856636009842,3.5450656,1,fingerprint_identical,False,True
043eb7eb38472a0ca2d0,CC(C)[C@@]1(NC(=O)[C@@H]2C[C@@H]3c4cccc5[nH]cc(c45)C[C@H]3N(C)C2)O[C@@]2(O)[C@@H]3CCCN3C(=O)[C@H](Cc3ccccc3)N2C1=O,PubChem_only,3.7073877624972216,4.0590289999999998,0.39393939393939392,out_of_domain,True,False
34a7a6279811798d78aa,CC(C)[C@]12O[C@H]1[C@@H]1O[C@]13[C@]1(O[C@H]1C[C@H]1C4=C(CC[C@@]13C)C(=O)OC4)[C@@H]2O,PubChem_only,5.6025495030153172,5.5174785000000002,1,fingerprint_identical,False,True
fcd413cdc5b44175b394,CC(C)[N+](C)(CCC(C(N)=O)(c1ccccc1)c1ccccc1)C(C)C,PubChem_only,3.4692450271960098,3.7208953,0.52380952380952384,out_of_domain,True,False
8aa5c5c56fd1816084e7,CC(C)[N+](C)(CCOC(=O)C1c2ccccc2Oc2ccccc21)C(C)C,PubChem_only,3.7882827061567479,3.513881,0.58333333333333337,out_of_domain,True,False
102945ed3d3c31d0b882,CC(C)[N+]1(C)[C@@H]2CC[C@H]1CC(OC(=O)C(CO)c1ccccc1)C2,PubChem_only,3.6644121293047149,3.6358256,1,fingerprint_identical,False,True
e7084dc51877eb7bf091,CC(C)c1cccc(C(C)C)c1O,PubChem_only,3.0206415237416064,2.9348423000000001,0.61538461538461542,out_of_domain,True,False
13d13e86904f0aa348a0,CC(C)c1cccc(O)c(=O)c1,PubChem_only,3.2859648065866001,3.0629878000000001,0.7142857142857143,similarity_ge_0p70_lt_1,True,True
e23abe0ec4859bbced93,CC(CN1c2ccccc2Sc2ccccc21)[N+](C)(C)C,PubChem_only,3.6012819076124893,3.6872493999999998,0.61111111111111116,out_of_domain,True,False
55c51381789c54ade166,CC(C[N+](C)(C)C)OC(N)=O,PubChem_only,3.1282511395617547,2.6893003000000002,0.5357142857142857,out_of_domain,True,False
299295a51ba259467454,CC(Cc1ccc(C(C)(C)C)cc1)CN1C[C@@H](C)O[C@@H](C)C1,PubChem_only,2.4102623783312853,2.4676079999999998,1,fingerprint_identical,False,True
4e5dafdb25fa7935d7ce,CC(O)(C(=O)O)C(=O)O,PubChem_only,1.981258638504882,2.1608748000000002,0.5,out_of_domain,True,False
f384cf6cb9bb23ab960f,CC(OC(=O)OC1CCCCC1)OC(=O)C1=C(CSc2nnnn2CCN(C)C)CS[C@@H]2[C@H](NC(=O)Cc3csc(N)n3)C(=O)N12,PubChem_only,2.7818177912208291,2.7842622000000001,1,fingerprint_identical,False,True
a1aad8c34102f0e52a62,CC/C(=C(/CC)c1ccc(O)cc1)c1ccc(O)cc1,PubChem_only,2.6979290341774997,2.7563202000000002,1,fingerprint_identical,False,True
c42036a7bff55178d97a,CC/C(=C(\c1ccccc1)c1ccc(OCCN(C)C)cc1)c1ccccc1,PubChem_only,3.2315303802952187,2.8106775000000002,1,fingerprint_identical,False,True
ae68953cee7c1818eb46,CC/C(C)=N\O,PubChem_only,2.6390978409987271,2.600838,1,fingerprint_identical,False,True
584f05ced8b749007960,CC/C=C/C(=O)O,PubChem_only,1.8018507405682,1.7954994,1,fingerprint_identical,False,True
68253a28023e96ba5b7f,CC/C=C/C=O,PubChem_only,2.5374991119588448,2.5701736999999998,1,fingerprint_identical,False,True
96bc735b672fa9060f00,CC/C=C/CC(=O)O,PubChem_only,1.7926352646487234,1.8114669000000001,1,fingerprint_identical,False,True
536887df96bdb2d76287,CC/C=C\CCO,PubChem_only,2.3986386605239542,2.3962690000000002,1,fingerprint_identical,False,True
eeee24204159af6e2135,CC1(C)C(C=C(Cl)Cl)C1C(=O)OCc1cccc(Oc2ccccc2)c1,PubChem_only,2.7619145199084327,2.67021,0.83673469387755106,similarity_ge_0p70_lt_1,True,True
4773530eff0b658e1e8c,CC1(C)CC[C@]2(C(=O)O)CCC3=C([C@@H](CCl)C[C@@H]4[C@@]5(C)C[C@H](O)[C@H](O)[C@@](C)(C(=O)O)[C@@H]5CC[C@@]34C)[C@@H]2C1,PubChem_only,5.2529638145100082,3.3029613000000002,0.33333333333333331,out_of_domain,True,False
4fd81c857858dd1ae5da,CC1(C)CC[C@]2(C(=O)O)CC[C@]3(C)C(=CC[C@@H]4[C@@]5(C)CC[C@H](O)C(C)(C)[C@@H]5CC[C@]43C)[C@@H]2C1,PubChem_only,2.4835502127697779,2.5021727,1,fingerprint_identical,False,True
d2767c5e9cd12f8aea69,CC1(C)CC[C@]2(C(=O)O)CC[C@]3(C)C(=CC[C@@H]4[C@@]5(C)CC[C@H](O)[C@@](C)(CO)[C@@H]5CC[C@]43C)[C@@H]2C1,PubChem_only,2.8964435393507961,2.8781707000000001,1,fingerprint_identical,False,True
a43b81c93b56d20a6f47,CC1(C)CC[C@]2(C(=O)O[C@@H]3O[C@H](CO)[C@@H](O)[C@H](O)[C@H]3O)CC[C@]3(C)C(=CC[C@@H]4[C@@]5(C)CC[C@H](O[C@@H]6O[C@H](C(=O)O)[C@@H](O)[C@H](O)[C@H]6O[C@@H]6O[C@H](CO)[C@@H](O)[C@H](O)[C@H]6O)C(C)(C)[C@@H]5CC[C@]43C)[C@@H]2C1,PubChem_only,3.1640611907194129,3.1802318000000001,1,fingerprint_identical,False,True
3c98892becf8af0bdf10,CC1(C)NC(=O)N(c2ccc([N+](=O)[O-])c(C(F)(F)F)c2)C1=O,PubChem_only,3.3252734089056517,3.0426769999999999,0.48888888888888887,out_of_domain,True,False
465080dd4e4e36593ed9,CC1(C)O[C@@H]2C[C@H]3[C@@H]4CCC5=CC(=O)C=C[C@]5(C)[C@@]4(F)[C@@H](O)C[C@]3(C)[C@]2(C(=O)CO)O1,PubChem_only,3.6168044798043479,3.5992280000000001,1,fingerprint_identical,False,True
98fd015376790a95d99d,CC1(C)O[C@@H]2C[C@H]3[C@@H]4CCC5=CC(=O)CC[C@]5(C)[C@@]4(F)[C@@H](O)C[C@]3(C)[C@]2(C(=O)CCl)O1,PubChem_only,3.4818876836143779,3.4634716999999999,1,fingerprint_identical,False,True
63761d5a9718db8d75ef,CC1(C)O[C@@H]2C[C@H]3[C@@H]4C[C@H](F)C5=CC(=O)C=C[C@]5(C)[C@@]4(F)[C@@H](O)C[C@]3(C)[C@]2(C(=O)CO)O1,PubChem_only,3.6427756001970062,3.6446337999999998,1,fingerprint_identical,False,True
b222c3d3204cd31dc51e,CC1(C)S[C@@H]2[C@H](N=CN3CCCCCC3)C(=O)N2[C@H]1C(=O)O,PubChem_only,1.9683948799143991,2.0140834000000001,1,fingerprint_identical,False,True
1a31e78f9fd08b18d905,CC1(C)S[C@@H]2[C@H](NC(=O)COc3ccccc3)C(=O)N2[C@H]1C(=O)O,PubChem_only,2.4139037907461498,2.205152,0.6607142857142857,out_of_domain,True,False
c8472fe5c31023974702,CC1(C)S[C@@H]2[C@H](NC(=O)Cc3ccccc3)C(=O)N2[C@H]1C(=O)O,PubChem_only,1.9801943282166727,1.9521257999999999,0.7407407407407407,similarity_ge_0p70_lt_1,True,True
c15226d6d65c670b78eb,CC1(C)S[C@@H]2[C@H](NC(=O)[C@H](N)c3ccc(O)cc3)C(=O)N2[C@H]1C(=O)O,PubChem_only,2.0076871682405955,1.9228407999999999,1,fingerprint_identical,False,True
736948a473024a0042f3,CC1(C)S[C@@H]2[C@H](NC(=O)[C@H](N)c3ccccc3)C(=O)N2[C@H]1C(=O)O,PubChem_only,2.0314544550781437,1.9776472,1,fingerprint_identical,False,True
d987d099472bc6923bb1,CC1(C)S[C@@H]2[C@H](NC(=O)[C@H](N)c3ccccc3)C(=O)N2[C@H]1C(=O)OCOC(=O)[C@@H]1N2C(=O)C[C@H]2S(=O)(=O)C1(C)C,PubChem_only,2.40209928295873,3.7746238999999999,0.70833333333333337,similarity_ge_0p70_lt_1,True,True
3baa745abd21b312554e,CC1(C)[C@@H](C=C(Cl)Cl)[C@@H]1C(=O)O,PubChem_only,2.9980765790223547,2.9053116000000001,1,fingerprint_identical,False,True
9cf77f1ab78fe2489afd,CC1(C)[C@@H](O)CC[C@]2(C)[C@H]3C(=O)C=C4[C@@H]5C[C@@](C)(C(=O)O)CC[C@]5(C)CC[C@@]4(C)[C@]3(C)CC[C@@H]12,PubChem_only,3.1841879458310132,2.9920325000000001,1,fingerprint_identical,False,True
f2492a1b1eac0c09e98c,CC1(C)[C@@H](O)CC[C@]2(C)[C@H]3C(=O)C=C4[C@H]5C[C@@](C)(C(=O)O)CC[C@]5(C)CC[C@@]4(C)[C@]3(C)CC[C@@H]12,PubChem_only,3.0147272656743449,2.9920325000000001,1,fingerprint_identical,False,True
fa580fb345bf8b157ecd,CC1(C)[C@@H](O)C[C@H]2[C@](C)(O)[C@@H]3CC[C@@H]4[C@@H](O)[C@@]3(C[C@@H](O)[C@@]21O)C[C@@]4(C)O,PubChem_only,2.644492515355696,5.5034704000000003,0.69387755102040816,out_of_domain,True,False
2fb0f30b0973f0616d0c,CC1(C)[C@@H](OC(=O)CCC(=O)O)CC[C@]2(C)[C@H]3C(=O)C=C4[C@@H]5C[C@@](C)(C(=O)O)CC[C@]5(C)CC[C@@]4(C)[C@]3(C)CC[C@@H]12,PubChem_only,3.6772776095438937,3.611383,1,fingerprint_identical,False,True
51bc9f8e2bb9d2a88928,CC1(C)[C@@H]2CC[C@@]1(C)C(=O)C2,PubChem_only,1.7053989623861341,1.7730973000000001,1,fingerprint_identical,False,True
116b1fd4de053889faff,CC1(C)[C@@H]2CC[C@@]1(C)C(=O)[C@H]2Br,PubChem_only,3.1820183683294432,3.1173986999999999,1,fingerprint_identical,False,True
3142cccd2dfae3722ec1,CC1(C)[C@@H]2CC[C@@]1(C)[C@H](OC(=O)CSC#N)C2,PubChem_only,3.2576220134990752,3.2624179999999998,1,fingerprint_identical,False,True
41e4eaf94fb2ca7a9f16,CC1(C)[C@H](C(=O)OCc2coc(Cc3ccccc3)c2)[C@@H]1/C=C1\CCSC1=O,PubChem_only,4.7657430414210449,2.9282197999999999,0.65625,out_of_domain,True,False
214a8478529d07ed1f65,CC1(C)[C@H](C(=O)O[C@H](C#N)c2cccc(Oc3ccccc3)c2)[C@@H]1C=C(Br)Br,PubChem_only,4.7034684997443739,4.6627390000000002,1,fingerprint_identical,False,True
9d0d38aa6bfadae0756b,CC1(C)[C@H](C=C(Cl)Cl)[C@@H]1C(=O)O,PubChem_only,2.7520941496892788,2.9053116000000001,1,fingerprint_identical,False,True
41175da9c24aaba9672d,CC1=C(/C=C/C(C)=C/C=C/C(C)=C/C(=O)O)C(C)(C)CCC1,PubChem_only,3.1596973093921163,3.1429912999999998,1,fingerprint_identical,False,True
1b31923f08983157e7e5,CC1=C(/C=C/C(C)=C/C=C/C(C)=C/CO)C(C)(C)CCC1,PubChem_only,2.278085524218052,2.3072895999999998,1,fingerprint_identical,False,True
127760d3567932a9e89b,CC1=C(/C=C/C(C)=C/C=C/C(C)=C\C(=O)O)C(C)(C)CCC1,PubChem_only,3.3378815579536414,3.1429912999999998,1,fingerprint_identical,False,True
a4ddd8215a336e95dedc,CC1=C(C(=O)O)N2C(=O)[C@@H](NC(=O)[C@H](N)C3=CCC=CC3)[C@H]2SC1,PubChem_only,2.7314278356369188,2.6892176000000001,1,fingerprint_identical,False,True
e81ab2ecb5bf976acc26,CC1=C(C(=O)O)N2C(=O)[C@@H](NC(=O)[C@H](N)c3ccccc3)[C@H]2SC1,PubChem_only,2.9387648222421601,2.8321079999999998,1,fingerprint_identical,False,True
b8f9e3f2ecf1aae2d833,CC1=C(CC(=O)O)c2cc(F)ccc2/C1=C\c1ccc(S(C)=O)cc1,PubChem_only,3.0676597895289222,3.0711913000000002,1,fingerprint_identical,False,True
b2fced54cb02228b7e5e,CC1=C(CCC(=O)O)c2cc3nc(cc4[nH]c(cc5[nH]c(cc1n2)c(C)c5C(C)O)c(C)c4C(C)O)C(C)=C3CCC(=O)O,PubChem_only,3.5493225535320114,3.2784149999999999,0.5535714285714286,out_of_domain,True,False
80be97845aa82a20a55a,CC1=C(O)C(=O)[C@@H]2O[C@@H]2C1=O,PubChem_only,3.312800554838395,3.3339976999999998,1,fingerprint_identical,False,True
1cf706b66ade586ee961,CC1=C2C(=O)O[C@@H](c3ccoc3)[C@]2(C)CCC1,PubChem_only,2.8157815945997315,2.7936122000000001,1,fingerprint_identical,False,True
89f492ab14ec998e8896,CC1=C2C(=O)[C@H]3[C@@H](CC=C4C[C@@H](O)CC[C@@]43C)[C@@H]2CC[C@]12O[C@@H]1C[C@H](C)CN[C@H]1[C@H]2C,PubChem_only,4.4529236256026463,4.3937099999999996,1,fingerprint_identical,False,True
6fa7f4541e7c97fb2159,CC1=C2[C@H]3OC(=O)[C@@H](C)[C@@H]3CC[C@@]2(C)C=CC1=O,PubChem_only,3.2775316390497369,3.2569385,1,fingerprint_identical,False,True
5d8070134546fc388276,CC1=CC(=Nc2ccc(N(C)C)cc2)C=CC1=O,PubChem_only,3.9494008503168252,3.8986974000000001,1,fingerprint_identical,False,True
70b0795b1697742e16e5,CC1=CC(=O)O[C@@]2(C1)C[C@H]1CC[C@@H]2CN1C,PubChem_only,3.5668301635436142,3.5334783000000001,1,fingerprint_identical,False,True
4046f34c4a2ff4b65d8f,CC1=CC(=O)c2ccccc2C1=O,PubChem_only,3.5370202660647161,3.9384340999999998,0.55555555555555558,out_of_domain,True,False
5fdda94ceaaecb6e065f,CC1=C[C@@H]2c3cccc4[nH]cc(c34)C[C@H]2N(C)C1,PubChem_only,3.9792459932174209,3.9068252999999999,1,fingerprint_identical,False,True
c162dca6311bd93266b8,CC1=C[C@H]2Cc3[nH]c(=O)ccc3[C@]3(C1)NCCC[C@H]23,PubChem_only,4.0087255571979643,3.9692006000000002,1,fingerprint_identical,False,True
3fadeaeacaa54d058fd2,CC1=C[C@H]2O[C@@H]3C[C@H]4OC(=O)/C=C\C=C\C(=O)OCC[C@@H](C)[C@H](O)C(=O)OC[C@@]2(CC1)[C@]4(C)[C@]31CO1,PubChem_only,6.0022179147184112,5.899146,1,fingerprint_identical,False,True
11b0425f2327aa50df3b,CC1=C[C@H]2O[C@@H]3C[C@H]4OC(=O)/C=C\C=C\[C@H]([C@@H](C)O)OCC[C@@H](C)[C@H](O)C(=O)OC[C@@]2(CC1)[C@]4(C)[C@]31CO1,PubChem_only,6.0274556197787899,5.8662140000000003,1,fingerprint_identical,False,True
568889737b576a96e09b,CC1=C[C@H]2O[C@@H]3[C@H](O)C[C@](C)([C@@]2(CO)[C@H](O)C1=O)[C@]31CO1,PubChem_only,3.8382910437931534,3.8425212000000002,1,fingerprint_identical,False,True
966fa03df779fad5307e,CC1=C[C@H]2O[C@@H]3[C@H](O)[C@@H](O)[C@](C)([C@@]2(CO)C[C@@H]1O)[C@]31CO1,PubChem_only,4.4333115216574033,4.394304,1,fingerprint_identical,False,True
6571558df47066302df0,CC1=C[C@H]2O[C@@H]3[C@H](O)[C@@H](O)[C@](C)([C@@]2(CO)C[C@@H]1OC(=O)CC(C)C)[C@]31CO1,PubChem_only,3.5491543164345485,3.6383762000000002,1,fingerprint_identical,False,True
b0d92fef64ea72e5c47c,CC1=C[C@H]2O[C@@H]3[C@H](O)[C@@H](O)[C@](C)([C@@]2(CO)[C@H](O)C1=O)[C@]31CO1,PubChem_only,4.8925370235631407,4.8226022999999998,1,fingerprint_identical,False,True
eecb41e6b8bdee627596,CC1=NN(Cc2ccccc2)C(=O)C1,PubChem_only,1.980663748142236,2.5201696999999998,0.45714285714285713,out_of_domain,True,False
cd59b3f785afcf1eed24,CC1=NN(c2ccccc2)C(=O)C1,PubChem_only,1.9374276534624213,2.5641465000000001,0.47499999999999998,out_of_domain,True,False
0dda673ef9f5caf19191,CC1=NS(=O)(=O)c2cc(Cl)ccc2N1,PubChem_only,2.8497848119227451,2.6357460000000001,0.32000000000000001,out_of_domain,True,False
a7e8128d105952cfc166,CC1CC(C)C(=O)C(C(O)CC2CC(=O)NC(=O)C2)C1,PubChem_only,2.750280002361658,3.0310419999999998,0.55555555555555558,out_of_domain,True,False
372730dba244c774dcdd,CC1CN(C2CCCCCCCCCCC2)CC(C)O1,PubChem_only,3.4494537138971531,3.1561805999999999,0.5,out_of_domain,True,False
be5e1ca4c352cc6ab59c,CC1CNc2c(cccc2S(=O)(=O)N[C@@H](CCCN=C(N)N)C(=O)N2CC[C@@H](C)C[C@@H]2C(=O)O)C1,PubChem_only,3.0297211700983491,3.0530010000000001,0.34951456310679613,out_of_domain,True,False
f83b91c4d2c393d30dff,CC1S[C@H](C)N[C@H](C)S1,PubChem_only,2.789769564188771,2.720488,1,fingerprint_identical,False,True
1fb9e4e5c302d89470c7,CCC(=O)/C=C/Cl,PubChem_only,3.3335864902348198,3.3375618,1,fingerprint_identical,False,True
63b8e161d21e868865a3,CCC(=O)/C=N/O,PubChem_only,2.7495001284176173,2.7973170000000001,1,fingerprint_identical,False,True
3adcfdb1b0ebde315da9,CCC(=O)C(C[C@@H](C)N(C)C)(c1ccccc1)c1ccccc1,PubChem_only,3.9992330034938983,3.8807901999999999,1,fingerprint_identical,False,True
05121ec5ae4c7e33f171,CCC(=O)C(C[C@H](C)N(C)C)(c1ccccc1)c1ccccc1,PubChem_only,3.6213629775971952,3.8807901999999999,1,fingerprint_identical,False,True
0dce43483e788f5a60c6,CCC(=O)OCC(=O)[C@@]1(OC(=O)CC)[C@@H](C)C[C@H]2[C@@H]3CCC4=CC(=O)C=C[C@]4(C)[C@@]3(F)[C@@H](O)C[C@@]21C,PubChem_only,3.6901057181011008,3.4365806999999999,1,fingerprint_identical,False,True
c487dda36ef2f6787181,CCC(=O)OCC(=O)[C@@]1(OC(=O)CC)[C@H](C)C[C@H]2[C@@H]3CCC4=CC(=O)C=C[C@]4(C)[C@@]3(F)[C@@H](O)C[C@@]21C,PubChem_only,3.2620338607410551,3.4365806999999999,1,fingerprint_identical,False,True
9f42848e635432dea858,CCC(=O)O[C@@H]1CC(=O)O[C@H](C)C/C=C/C=C/[C@H](O)[C@H](C)C[C@H](CC=O)[C@H](O[C@@H]2O[C@H](C)[C@@H](O[C@H]3C[C@@](C)(O)[C@@H](OC(=O)CC)[C@H](C)O3)[C@H](N(C)C)[C@H]2O)[C@H]1OC,PubChem_only,2.9515718082661841,2.9290886,1,fingerprint_identical,False,True
341195e857cd77f18a11,CCC(=O)O[C@H]1CC[C@H]2[C@@H]3CCC4=CC(=O)CC[C@]4(C)[C@H]3CC[C@]12C,PubChem_only,2.5504111886735745,2.5176398999999998,1,fingerprint_identical,False,True
54fe5fa15f09b783d6fd,CCC(=O)O[C@](Cc1ccccc1)(c1ccccc1)[C@H](C)CN(C)C,PubChem_only,3.4894202290512291,3.5032302999999998,1,fingerprint_identical,False,True
e48fe0937d82d7d5f62d,CCC(=O)O[C@]1(C(=O)CCl)[C@@H](C)C[C@H]2[C@@H]3CCC4=CC(=O)C=C[C@]4(C)[C@@]3(F)[C@@H](O)C[C@@]21C,PubChem_only,3.5974134834975287,3.5453839999999999,1,fingerprint_identical,False,True
f9fb447e1c51e11a8c17,CCC(=O)O[C@]1(c2ccccc2)CCN(C)C[C@@H]1C,PubChem_only,3.5690583127543678,3.4751759,1,fingerprint_identical,False,True
2a783288f47933e6b4de,CCC(C)(C)C(=O)O[C@H]1C[C@@H](C)C=C2C=C[C@H](C)[C@H](CC[C@@H]3C[C@@H](O)CC(=O)O3)[C@H]21,PubChem_only,2.7197693570016361,2.7496128,1,fingerprint_identical,False,True
01b417b5142eafc592c4,CCC(C)C(C(=O)OC1CC[N+](C)(C)CC1)c1ccccc1,PubChem_only,3.7845516799718015,3.9442832000000001,0.51923076923076927,out_of_domain,True,False
423c72a8116e9962637f,CCC(C)C(C)(COC(N)=O)COC(N)=O,PubChem_only,2.7032539856797122,2.4709954000000001,0.78125,similarity_ge_0p70_lt_1,True,True
a49f87dee1728ca87ec4,CCC(C)C(NC(=O)CN)C(=O)NCC(=O)NC(C)C(=O)NC(C(=O)NC(CC(C)C)C(=O)NC(CCCCN)C(=O)NC(C(=O)NC(CC(C)C)C(=O)NC(C(=O)NC(C(=O)NCC(=O)NC(CC(C)C)C(=O)N1CCCC1C(=O)NC(C)C(=O)NC(CC(C)C)C(=O)NC(C(=O)NC(CO)C(=O)NC(Cc1c[nH]c2ccccc12)C(=O)NC(C(=O)NC(CCCCN)C(=O)NC(CCCNC(=N)N)C(=O)NC(CCCCN)C(=O)NC(CCCNC(=N)N)C(=O)NC(CCC(N)=O)C(=O)NC(CCC(N)=O)C(N)=O)C(C)CC)C(C)CC)C(C)O)C(C)O)C(C)C)C(C)C,PubChem_only,5.7553434723764738,4.3489846999999999,0.47142857142857142,out_of_domain,True,False
3da8a7aed6b09697c37f,CCC(C)CCCCCCC(=O)N[C@H]1[C@H](Oc2c3cc4cc2Oc2ccc(cc2Cl)[C@@H](O[C@@H]2O[C@H](CO)[C@@H](O)[C@H](O)[C@H]2NC(C)=O)[C@@H]2NC(=O)[C@H](NC(=O)[C@@H]4NC(=O)[C@H]4NC(=O)[C@@H](Cc5ccc(c(Cl)c5)O3)NC(=O)[C@H](N)c3ccc(O)c(c3)Oc3cc(O)cc4c3)c3ccc(O)c(c3)-c3c(O[C@H]4O[C@H](CO)[C@@H](O)[C@H](O)[C@@H]4O)cc(O)cc3[C@@H](C(=O)O)NC2=O)O[C@H](CO)[C@@H](O)[C@@H]1O,PubChem_only,3.5783427801903662,3.5441189999999998,1,fingerprint_identical,False,True
ca476badc5ced84a0b0f,CCC/C=C/C=O,PubChem_only,2.701833567991526,2.7538141999999999,1,fingerprint_identical,False,True
f5b96c16dee047a041f4,CCC/C=C\C=C/C(=O)N[C@@H](CC(N)=O)C(=O)NC(CC(N)=O)C(=O)N[C@@H](C(=O)N[C@H](CCCN)C(=O)N[C@@H](C(=O)N[C@@H](C(=O)N[C@@H](C(=O)N[C@H](C(=O)N[C@@H](Cc1ccccc1)C(=O)N[C@H](CCCN)C(=O)NC(C(=O)N[C@H](C(=O)NC(C(=O)NCC(=O)N[C@@H](CC(C)C)C(=O)N[C@H](C)C(=O)NC(C(=O)O)C1CCC(O)C(Cl)C1)C1CCC(O)CC1)[C@H](C)O)C1CCC(O)CC1)[C@H](C)O)C1CCC(O)CC1)C1CCC(O)CC1)[C@H](C)O)C1CCC(O)CC1,PubChem_only,3.6540024039944909,4.135516,0.33566433566433568,out_of_domain,True,False
6045e84d38edba9622bf,CCC1(C)CC(=O)NC1=O,PubChem_only,2.0275265364405777,2.8636439999999999,0.53846153846153844,out_of_domain,True,False
e133011ec4bc1d7bf099,CCC1(C)OC(=O)N(C)C1=O,PubChem_only,2.3213056265522432,2.5343919000000001,0.48484848484848486,out_of_domain,True,False
5da00c19ec350fd74d45,CCC1(CC)C(=O)NC(=O)N(C)C1=O,PubChem_only,2.5981818493872657,2.7243379999999999,0.69999999999999996,similarity_ge_0p70_lt_1,True,True
3a2555713b54ae7299a7,CCC1(CC)C(=O)NCC(C)C1=O,PubChem_only,2.5387704836621552,2.5867133,0.51724137931034486,out_of_domain,True,False
a791043e9393790c4b51,CCC1(c2ccc(N)cc2)CCC(=O)NC1=O,PubChem_only,2.5701374090882987,2.6558766,0.60526315789473684,out_of_domain,True,False
8c4ee1f4ed4fbe9a7369,CCC1(c2ccccc2)C(=O)NCNC1=O,PubChem_only,2.8178281078766592,2.6643994000000002,0.67741935483870963,out_of_domain,True,False
ee40c14ec01f011145df,CCC1(c2ccccc2)CCC(=O)NC1=O,PubChem_only,3.018932431639394,2.6828113,0.69230769230769229,out_of_domain,True,False
c1a2b5af9bf1a5abc66d,CCC1(c2ccccc2)NC(=O)N(C)C1=O,PubChem_only,2.8618449368610328,2.6013074,0.55555555555555558,out_of_domain,True,False
3b3ae1aa01c54fec9448,CCC1=C[C@@H]2CN(C1)Cc1c([nH]c3ccccc13)[C@@](C(=O)OC)(c1cc3c(cc1OC)N(C)[C@H]1[C@@](O)(C(=O)OC)[C@H](OC(C)=O)[C@]4(CC)C=CCN5CC[C@]31[C@@H]54)C2,PubChem_only,4.47653456106171,4.4400972999999997,1,fingerprint_identical,False,True
64ca1cf2cbf8b5448fa5,CCC1C(C)CC2C1C=CC1C3C/C=C/C(=O)NCCCC4NC(=O)/C(=C(O)/C=C/C3CC12)C4=O,PubChem_only,4.9018513879469126,4.5829268000000001,0.79710144927536231,similarity_ge_0p70_lt_1,True,True
43e3ad3cec1f8a43235b,CCCC(=O)O[C@]1(C(=O)CCl)[C@@H](C)C[C@H]2[C@@H]3CCC4=CC(=O)C=C[C@]4(C)[C@@]3(F)C(=O)C[C@@]21C,PubChem_only,2.981354628913484,3.0080732999999999,1,fingerprint_identical,False,True
1a0b1442588e9dddf617,CCCC(=O)O[C@]1(C(=O)CO)CC[C@H]2[C@@H]3CCC4=CC(=O)CC[C@]4(C)[C@H]3[C@@H](O)C[C@@]21C,PubChem_only,2.4457116463574127,2.4519438999999998,1,fingerprint_identical,False,True
506138bb3e8f6c229f87,CCCC(=O)O[C@]1(C(=O)COC(=O)CC)CC[C@H]2[C@@H]3CCC4=CC(=O)CC[C@]4(C)[C@H]3[C@@H](O)C[C@@]21C,PubChem_only,2.4688640401481883,2.4970517000000001,1,fingerprint_identical,False,True
e14060d2a2226f22c8fa,CCCC(=O)O[C@]1(C(=O)COC(C)=O)CC[C@H]2[C@@H]3C[C@H](F)C4=CC(=O)C=C[C@]4(C)[C@@]3(F)[C@@H](O)C[C@@]21C,PubChem_only,3.5419876346965768,3.4456886999999998,1,fingerprint_identical,False,True
cb9c0d39f576749288f1,CCCC(C)(COC(N)=O)COC(=O)NC(C)C,PubChem_only,2.5124409043140319,2.537738,0.84848484848484851,similarity_ge_0p70_lt_1,True,True
c13382d02677d159a9dc,CCCC(C)(COC(N)=O)COC(N)=O,PubChem_only,2.81913222824446,2.3437079999999999,0.77777777777777779,similarity_ge_0p70_lt_1,True,True
132e6b04047c130ad8b6,CCCC(C)C1(CC)C(=O)NC(=O)NC1=O,PubChem_only,3.4795772294922891,3.4842643999999998,0.66666666666666663,out_of_domain,True,False
52c7072feaf0c1a7d169,CCCC(CCC)C(=O)OC1C[C@H]2CC[C@@H](C1)[N+]2(C)C,PubChem_only,3.3403487935667275,3.3632255,1,fingerprint_identical,False,True
09c127a97786bb908ebc,CCCC/C=C/C(=O)O,PubChem_only,1.9036697900721973,1.9598922999999999,1,fingerprint_identical,False,True
78ef7e5fa43b6c8ea15d,CCCC1O[C@@H]2C[C@H]3[C@@H]4CCC5=CC(=O)C=C[C@]5(C)[C@H]4[C@@H](O)C[C@]3(C)[C@]2(C(=O)CO)O1,PubChem_only,3.381161484219545,3.3865246999999998,1,fingerprint_identical,False,True
931214de679e97b9333a,CCCCC(=O)OCC(=O)[C@H]1[C@H](C)C[C@H]2[C@@H]3C[C@H](F)C4=CC(=O)C=C[C@]4(C)[C@@]3(F)[C@@H](O)C[C@@]21C,PubChem_only,3.0444671686724663,3.0375242,1,fingerprint_identical,False,True
6989b847818907714a37,CCCCC(=O)OCC(=O)[C@]1(O)Cc2c(O)c3c(c(O)c2[C@@H](O[C@H]2C[C@H](NC(=O)C(F)(F)F)[C@H](O)[C@H](C)O2)C1)C(=O)c1c(OC)cccc1C3=O,PubChem_only,3.8221020685029532,3.8078232000000001,1,fingerprint_identical,False,True
ccbf9c358e18646ea8ba,CCCCC(=O)O[C@]1(C(=O)CO)[C@@H](C)C[C@H]2[C@@H]3CCC4=CC(=O)C=C[C@]4(C)[C@@]3(F)[C@@H](O)C[C@@]21C,PubChem_only,2.8774232909917021,2.9388453999999999,1,fingerprint_identical,False,True
7c3d34785c04b20155fc,CCCCC(=O)O[C@]1(C(=O)COC(C)=O)CC[C@H]2[C@@H]3CCC4=CC(=O)C=C[C@]4(C)[C@H]3[C@@H](O)C[C@@]21C,PubChem_only,2.5536376587425709,2.7601751999999999,0.59999999999999998,out_of_domain,True,False
c7f15e35f0710eca0ac5,CCCCC(C)(O)C/C=C/[C@H]1[C@H](O)CC(=O)[C@@H]1CCCCCCC(=O)OC,PubChem_only,3.7375799488074422,3.6917133,1,fingerprint_identical,False,True
b9c93be6fc668824a113,CCCCC(CC)COC(=O)/C=C/C(=O)OCC(CC)CCCC,PubChem_only,3.1341822093909339,2.8384109,1,fingerprint_identical,False,True
5fd0a333989840c5d19d,CCCCC(CC)CO[P+](=O)OCC(CC)CCCC,PubChem_only,2.692504361357337,2.82761,0.54838709677419351,out_of_domain,True,False
dacac8a298439ba577f4,CCCCC/C=C\C/C=C\CCCCCCCC(=O)N[C@H]1C[C@@H](O)[C@@H](O)NC(=O)[C@@H]2[C@@H](O)[C@@H](C)CN2C(=O)[C@H]([C@@H](C)O)NC(=O)[C@H]([C@H](O)[C@@H](O)c2ccc(O)cc2)NC(=O)[C@@H]2C[C@@H](O)CN2C(=O)[C@H]([C@@H](C)O)NC1=O,PubChem_only,3.4233495186475502,3.3887906000000001,1,fingerprint_identical,False,True
164b012f67f075c2f3f1,CCCCC/C=C\C/C=C\CCCCCCCC(=O)O,PubChem_only,3.0007005101181909,3.0187805000000001,1,fingerprint_identical,False,True
39b989c1acf235d4ede2,CCCCCCC(=O)CCCCCC/C=C/C[C@@H](O)[C@H](O)[C@@](N)(CO)C(=O)O,PubChem_only,4.9047631365868112,3.3559619999999999,0.44444444444444442,out_of_domain,True,False
719576ec8ba1bb1d1b0f,CCCCCCC(=O)O[C@H]1CC[C@H]2[C@@H]3CCC4=CC(=O)CC[C@]4(C)[C@H]3CC[C@]12C,PubChem_only,2.3547409309136924,2.4468144999999999,1,fingerprint_identical,False,True
ea8d4ceb403a618c5efd,CCCCCCC1C(=O)OC(C)C(NC(=O)c2cccc(NC=O)c2O)C(=O)OC(C)C1OC(=O)CC(C)C,PubChem_only,4.8584683343688191,5.0745243999999996,0.94117647058823528,similarity_ge_0p70_lt_1,True,True
bb1300efb17451e11061,CCCCCCCC/C=C\CCCCCCCC(=O)O,PubChem_only,3.000720146630464,2.9752114000000001,1,fingerprint_identical,False,True
e3e3a7ffcffe5393f81d,CCCCCCCC/C=C\CCCCCCCCN,PubChem_only,2.4789124441063848,2.657473,1,fingerprint_identical,False,True
0f47242e64b005de0a9d,CCCCCCCCCC/C=C/C1CC(=O)OC1=O,PubChem_only,2.9203532666174441,2.9310874999999998,1,fingerprint_identical,False,True
053b4514b4a70c43e62f,CCCCCCCCCCCCCCCC(=O)OC/C=C(C)/C=C/C=C(C)/C=C/C1=C(C)CCCC1(C)C,PubChem_only,2.0424481075001246,2.0385765999999998,1,fingerprint_identical,False,True
0e157c7ad5ea5380f81c,CCCCCCCCCCCCCCCCN,PubChem_only,3.2942786550830343,2.8011281000000001,1,fingerprint_identical,False,True
838178d3d6687357d3e6,CCCCCCCCCCCCCCCCO,PubChem_only,2.1804968319391262,2.2213020000000001,1,fingerprint_identical,False,True
14ffa3cb9f9fdb407cf2,CCCCCCCCCCCCCCCCSCC(COC)COP(=O)([O-])OCC[N+](C)(C)C,PubChem_only,3.6677231405852151,3.6311135000000001,0.75510204081632648,similarity_ge_0p70_lt_1,True,True
e70feab71f34be3751b7,CCCCCCCCCCCC[N+](C)(C)[O-],PubChem_only,2.7865772909782232,2.9891782,0.59999999999999998,out_of_domain,True,False
3f2ba855b99a4215606d,CCCCCC[C@H](O)C1C2=C(CC([C@H](O)C3CC=CC(=O)O3)CC3=C(C(=O)OC3=O)[C@H]1O)C(O)OC2=O,PubChem_only,4.8969026632961095,4.9045296,1,fingerprint_identical,False,True
8a06fc9a26d332768fcb,CCCCCC[C@H]1C(=O)O[C@H](C)[C@H](NC(=O)c2cccc(NC=O)c2O)C(=O)O[C@@H](C)[C@@H]1OC(=O)CC(C)C,PubChem_only,5.8254680742658937,5.0500059999999998,0.94117647058823528,similarity_ge_0p70_lt_1,True,True
91d69eb4177d2bfe542d,CCCCC[C@H](O)/C=C/[C@@H]1[C@@H](C/C=C\CCCC(=O)O)[C@@H](O)C[C@H]1O,PubChem_only,3.5452789392715984,3.8042349999999998,0.55000000000000004,out_of_domain,True,False
8ed040916b97d3b4c20d,CCCCC[C@H](O)/C=C/[C@H]1C=CC(=O)[C@@H]1C/C=C\CCCC(=O)O,PubChem_only,3.5558560428649848,3.5804106999999998,1,fingerprint_identical,False,True
cecd60a6070c813ae414,CCCCC[C@H](O)/C=C/[C@H]1[C@H](O)CC(=O)[C@@H]1CCCCCCC(=O)O,PubChem_only,4.2529351227927101,4.2112536,1,fingerprint_identical,False,True
5f0a6dda5b00bb35d9f2,CCCCC[C@H](O)CC(=O)CCc1ccc(O)c(OC)c1,PubChem_only,3.7047483964066408,3.6436272000000001,1,fingerprint_identical,False,True
784f324cb957dfaee7ae,CCCCCc1cc(O)c2c(c1)OC(C)(C)[C@@H]1CC=C(C)C[C@@H]21,PubChem_only,3.1753585448963122,3.1651410000000002,1,fingerprint_identical,False,True
01780ce9d09910788afe,CCCCCc1cc(O)c2c(c1)OC(C)(C)[C@@H]1CCC(C)=C[C@@H]21,PubChem_only,3.2722685579043684,3.2422040000000001,1,fingerprint_identical,False,True
cf9c5fd6e8fa17c40a1d,CCCCOC(=O)/C=C/C(=O)OCCCC,PubChem_only,2.9605430746502037,2.9756502999999999,1,fingerprint_identical,False,True
af08037b9e7824227f6e,CCCCOC(=O)/C=C\C(=O)OCCCC,PubChem_only,3.1823918242665599,2.9756502999999999,1,fingerprint_identical,False,True
84d9df3aeb2899036e99,CCCCSC1N=NC(=O)NC1=O,PubChem_only,2.4110870131422475,2.7197551999999998,0.32558139534883723,out_of_domain,True,False
07530338bc092a6745f0,CCCN(CCC)C(=O)C(CCC(=O)OCCCN1CCN(CCOC(=O)Cc2c(C)n(C(=O)c3ccc(Cl)cc3)c3ccc(OC)cc23)CC1)NC(=O)c1ccccc1,PubChem_only,3.5409676664342946,3.3627517,0.51578947368421058,out_of_domain,True,False
344c415ccd866806fdf0,CCCN1C[C@H](CSC)C[C@@H]2c3cccc4[nH]cc(c34)C[C@H]21,PubChem_only,3.497617887963401,3.343658,0.55000000000000004,out_of_domain,True,False
1e35b442d71dbdc33c50,CCCO/N=C/c1ccccn1,PubChem_only,2.5963009809339077,2.6301171999999999,1,fingerprint_identical,False,True
4dda711c1a4b2a1ca72f,CCCO/N=C/c1cccnc1,PubChem_only,2.9143643158966683,2.8486167999999998,1,fingerprint_identical,False,True
952ecf8c227a6234ac75,CCCOCC(=Nc1ccc(Cl)cc1C(F)(F)F)n1ccnc1,PubChem_only,2.8144888313611856,2.8308062999999999,1,fingerprint_identical,False,True
9bb2e0b18fdda4a94a9a,CCCS(=O)(=O)/C=C/S(=O)(=O)CCC,PubChem_only,4.3201390583499419,4.2632203000000004,1,fingerprint_identical,False,True
5a9bcb9784e3a5dca7ad,CCC[C@@H](O)/C=C/C=C/C=C/C#CC#CCCCO,PubChem_only,3.728279826082757,3.7376537000000001,1,fingerprint_identical,False,True
54a8fe38010bbdc196df,CCC[C@@H]1C[C@@H](C(=O)N[C@@H]([C@H]2O[C@H](SC)[C@H](O)[C@@H](O)[C@H]2O)[C@@H](C)O)N(C)C1,PubChem_only,2.6671005711268041,2.6775126,1,fingerprint_identical,False,True
b95631ced84c26f5851d,CCC[C@@H]1C[C@@H](C(=O)N[C@@H]([C@H]2O[C@H](SC)[C@H](O)[C@@H](O)[C@H]2O)[C@H](C)Cl)N(C)C1,PubChem_only,3.0708725312229515,3.1017945,1,fingerprint_identical,False,True
06c88caa8a095f356952,CCC[C@@H]1C[C@@H](C(=O)N[C@@H]([C@H]2O[C@H](SC)[C@H](OP(=O)(O)O)[C@@H](O)[C@H]2O)[C@H](C)Cl)N(C)C1,PubChem_only,2.8089495149956734,2.8321551999999999,1,fingerprint_identical,False,True
5489641cbb6163d468d2,CCC[C@@](C)(O)[C@H]1C[C@@]23C=C[C@]1(OC)[C@@H]1Oc4c(O)ccc5c4[C@@]12CCN(C)[C@@H]3C5,PubChem_only,3.4988036521448178,3.5495247999999999,1,fingerprint_identical,False,True
8525711a94c133b2b24d,CCC[C@@](C)(O)[C@H]1C[C@@]23C=C[C@]1(OC)[C@@H]1Oc4c(OC(C)=O)ccc5c4[C@@]12CCN(C)[C@@H]3C5,PubChem_only,3.3556229435294189,3.4489207,1,fingerprint_identical,False,True
259baaced6681ad085aa,CCC[N@+]12[C@H](O)[C@@H](CC)[C@@H]3C[C@H]1[C@@H]1N(C)c4ccccc4[C@]14C[C@H]2[C@H]3[C@H]4O,PubChem_only,4.2399831397018133,4.218305,1,fingerprint_identical,False,True
3211b2932f75d38b6615,CCN(CC)C(=O)C1CCCNC1,PubChem_only,2.3570002547738427,2.5600182999999999,0.5,out_of_domain,True,False
82999ce1fa359f962088,CCN(CC)C(=O)COc1cc2c(O)c3c(O)c(C)c4c(c13)C(=O)[C@@](C)(O/C=C/[C@H](OC)[C@@H](C)[C@@H](OC(C)=O)[C@H](C)[C@H](O)[C@H](C)[C@@H](O)[C@@H](C)/C=C/C=C(/C)C(=O)N2)O4,PubChem_only,3.4038376733176734,3.3410568,1,fingerprint_identical,False,True
ad6b9dac21a4b6987fec,CCN(CC)C(=O)N[C@H]1C[C@@H]2c3cccc4[nH]cc(c34)C[C@H]2N(C)C1,PubChem_only,3.0975112222694161,3.1428265999999998,1,fingerprint_identical,False,True
4462c889b71e86195511,CCN(CC)C(=O)[C@@H]1C=C2c3cccc4[nH]c(Br)c(c34)C[C@H]2N(C)C1,PubChem_only,4.2066488852013757,4.1560283,1,fingerprint_identical,False,True
d4f67bbc322d0b59233a,CCN(CC)C(=O)[C@@H]1C=C2c3cccc4[nH]cc(c34)C[C@H]2N(C)C1,PubChem_only,3.810823723989599,3.8147426000000002,1,fingerprint_identical,False,True
172c3da4b47f05eec35a,CCN(CC)C(=S)SSC(=S)N(CC)CC,PubChem_only,3.5970395939475908,2.7661793000000001,0.68421052631578949,out_of_domain,True,False
bc3edf6f2eadc658116e,CCN(CC)CC(=O)Nc1c(C)cccc1C,PubChem_only,3.4533980368003201,3.2213826000000001,0.82352941176470584,similarity_ge_0p70_lt_1,True,True
441a9db1e596b98b29d3,CCN(CC)CCNc1ccc(CO)c2sc3ccccc3c(=O)c12,PubChem_only,3.1506480293118782,3.2866453999999998,0.76470588235294112,similarity_ge_0p70_lt_1,True,True
8485a579de9568b1d07e,CCN(CC)CCO,PubChem_only,2.7855967372921802,2.5911973000000001,0.65000000000000002,out_of_domain,True,False
6aa224d75459ae2d5afe,CCN(CC)c1ccc(C(=C2C=CC(=[N+](CC)CC)C=C2)c2cc(S(=O)(=O)[O-])cc3cc(S(=O)(=O)O)ccc23)cc1,PubChem_only,2.8239732473853572,3.5818584000000002,0.46153846153846156,out_of_domain,True,False
62d0575f189eaa89f026,CCN(CC)c1ccc(C(=C2C=CC(=[N+](CC)CC)C=C2)c2ccc(S(=O)(=O)O)cc2S(=O)(=O)[O-])cc1,PubChem_only,2.2590321339876978,3.4835706000000002,0.43548387096774194,out_of_domain,True,False
2a4db1481ceb6444b4f3,CCN(CC)c1ccc2c(-c3ccc(C(=O)O)cc3C(=O)[O-])c3ccc(=[N+](CC)CC)cc-3oc2c1,PubChem_only,3.022501567837677,3.0590137999999998,0.47761194029850745,out_of_domain,True,False
8158a514092e99130111,CCN(CC)c1ccc2c(-c3ccccc3C(=O)O)c3ccc(=[N+](CC)CC)cc-3oc2c1,PubChem_only,3.4885967364300985,3.2137294000000001,0.52459016393442626,out_of_domain,True,False
a6d81996827637962758,CCN(CC)c1ccc2cc3ccc(=[N+](CC)CC)cc-3oc2c1,PubChem_only,4.3308436349191108,3.1704167999999999,0.36170212765957449,out_of_domain,True,False
77c260f677e0bd9ff75e,CCN(Cc1ccccc1)c1ccc(C(=C2C=CC(=[N+](CC)Cc3ccccc3)C=C2)c2ccc(S(=O)(=O)O)cc2S(=O)(=O)[O-])cc1,PubChem_only,3.184838853255032,3.6543204999999999,0.47945205479452052,out_of_domain,True,False
b09d53bc9e3c748b694c,CCN(Cc1ccncc1)C(=O)C(CO)c1ccccc1,PubChem_only,2.6118821736934543,2.7904960000000001,0.59183673469387754,out_of_domain,True,False
44c0585e247d19215bec,CCN1C(=O)NC(c2ccccc2)C1=O,PubChem_only,2.3449157098186939,2.5682212999999998,0.54054054054054057,out_of_domain,True,False
343ca29d116b880f7526,CCN1CCC[C@H]1CNC(=O)c1cc(S(N)(=O)=O)ccc1OC,PubChem_only,3.3028565726274173,3.2379441,1,fingerprint_identical,False,True
45807704118092dc6d3a,CCN=c1cc2oc3cc(NCC)c(C)cc3c(-c3ccccc3C(=O)OCC)c-2cc1C,PubChem_only,4.8570960613292957,2.8804934000000002,0.33898305084745761,out_of_domain,True,False
d119da218e3e04bdeb58,CCNC(=O)/C=C/c1cccc(Br)c1,PubChem_only,2.5855068740502998,2.5976080000000001,1,fingerprint_identical,False,True
c01548f5e5b4a184eef1,CCNC(=O)[C@H]1O[C@@H](n2cnc3c(N)ncnc32)[C@H](O)[C@@H]1O,PubChem_only,5.7900007030314846,5.6401652999999996,1,fingerprint_identical,False,True
1ace32d5c957b368527f,CCNN,PubChem_only,2.632746436324501,2.3998191000000002,0.5,out_of_domain,True,False
d007796c2c8aeef1377f,CCN[C@@H](C)Cc1cccc(C(F)(F)F)c1,PubChem_only,3.8455884593739769,3.5288423999999998,1,fingerprint_identical,False,True
93765faa43344cb866d8,CCN[C@H](C)Cc1cccc(C(F)(F)F)c1,PubChem_only,3.4776116740793825,3.5288423999999998,1,fingerprint_identical,False,True
c7f9f6c0c9107f692b50,CCO/C=C/C#N,PubChem_only,2.9872952583319967,2.9474429999999998,1,fingerprint_identical,False,True
1ce73824f29007ca785a,CCOC(=O)/C=C(C)/C=C/C=C(C)/C=C/c1c(C)cc(OC)c(C)c1C,PubChem_only,2.5496039884441211,2.5377779999999999,1,fingerprint_identical,False,True
7e9a68816178583c56c8,CCOC(=O)/C=C/CF,PubChem_only,5.0241045692731392,3.6350856,0.51724137931034486,out_of_domain,True,False
b93c38b8491faaffa1ed,CCOC(=O)C(C)(C)Oc1ccc(Cl)cc1,PubChem_only,2.6526795953527444,2.6137169999999998,0.75757575757575757,similarity_ge_0p70_lt_1,True,True
9d746e794acc9a0b7c6c,CCOC(=O)C1=C(C)NC(C)=C(C(=O)OC)C1c1cccc(Cl)c1Cl,PubChem_only,3.703810455926289,2.9749758000000002,0.62068965517241381,out_of_domain,True,False
ffa735e4efb2181e397f,CCOC(=O)C1=C(COCCN)NC(C)=C(C(=O)OC)C1c1ccccc1Cl,PubChem_only,4.1202362984203811,3.1558926,0.52941176470588236,out_of_domain,True,False
38a7899efa296f12dcab,CCOC(=O)C1=C[C@]2(CC)CCCN3CCc4c(n1c1ccccc41)[C@@H]32,PubChem_only,3.4764550732954982,3.3748860000000001,1,fingerprint_identical,False,True
7b8b620547298d1c0838,CCOC(=O)CC(SP(=S)(OC)OC)C(=O)OCC,PubChem_only,3.2334354068404063,3.2203879999999998,0.69444444444444442,out_of_domain,True,False
c4e0adb2b719e4169fc5,CCOC(=O)[C@@H](N)CS,PubChem_only,2.2423546125668348,2.2483602,1,fingerprint_identical,False,True
52c40dc9e99ced6be0b8,CCOC(=O)[C@H](CCc1ccccc1)N[C@@H](C)C(=O)N(CC(=O)O)C1Cc2ccccc2C1,PubChem_only,3.4408236808426822,3.4004626,1,fingerprint_identical,False,True
d1cc534884ab727ded16,CCOC(=O)[C@H](CCc1ccccc1)N[C@@H](C)C(=O)N1[C@H](C(=O)O)C[C@H]2CCCC[C@@H]21,PubChem_only,2.5251154223856185,2.5738384999999999,1,fingerprint_identical,False,True
56c0b347d46552ddbe38,CCOC(=O)[C@H](CCc1ccccc1)N[C@H]1CCCN2CCC[C@@H](C(=O)O)N2C1=O,PubChem_only,2.5067193688257605,2.5559191999999999,1,fingerprint_identical,False,True
abf17bc00d0fe9190ee0,CCOC(=O)[C@H]1O[C@@H]1C(=O)N[C@@H](CC(C)C)C(=O)NCCC(C)C,PubChem_only,2.0200316627475563,2.0487041000000001,1,fingerprint_identical,False,True
f912e654401d551bd5a8,CCOC(=O)[C@H]1[C@@H](OC(=O)c2ccccc2)C[C@@H]2CC[C@H]1N2C,PubChem_only,3.718397706544688,3.7033125999999998,1,fingerprint_identical,False,True
f845c6f2f8d4259261f1,CCOC(=O)c1ncn2c1CN(C)C(=O)c1cc(F)ccc1-2,PubChem_only,1.8798023955852223,2.8043697000000001,0.32203389830508472,out_of_domain,True,False
d8580aa11a227b3567e9,CCOC1O[C@H]([C@@H](COCc2ccccc2)OCc2ccccc2)[C@H](OCc2ccccc2)[C@H]1O,PubChem_only,2.1614451427837431,2.1843599999999999,1,fingerprint_identical,False,True
f5ace80b92da8eef7198,CCOc1cc(N)c(Cl)cc1C(=O)NCC1CN(Cc2ccc(F)cc2)CCO1,PubChem_only,2.6642633296480498,3.0877539999999999,0.46153846153846156,out_of_domain,True,False
f93003c06ec6121f1910,CCOc1ccc2c3c1O[C@H]1[C@@H](O)C=C[C@H]4[C@@H](C2)N(C)CC[C@@]341,PubChem_only,3.4169135888109148,3.3919728,1,fingerprint_identical,False,True
ba40e5f7468146daeed9,CCOc1ccc2nc3cc(N)ccc3c(N)c2c1,PubChem_only,3.5585457224212891,3.1361184,0.45945945945945948,out_of_domain,True,False
6dd4db04bbf5159be471,CCS(=O)(=O)CCn1c([N+](=O)[O-])cnc1C,PubChem_only,1.9570193198123813,2.4745884,0.55813953488372092,out_of_domain,True,False
0f6edcef6d004b98398a,CCSCC[C@@H](N)C(=O)O,PubChem_only,2.9456601785977718,2.5010970000000001,0.6428571428571429,out_of_domain,True,False
aa97478d58cb04f18b17,CCSc1ccc2c(c1)N(CCCN1CCN(C)CC1)c1ccccc1S2,PubChem_only,3.2651972624296102,3.3815727,0.71999999999999997,similarity_ge_0p70_lt_1,True,True
e2adabd1ce5de626a2c0,CC[C@@H](C(=O)O)[C@@H]1O[C@@H]([C@@H](C)[C@H](O)[C@H](C)C(=O)[C@H](CC)[C@H]2O[C@]3(C=C[C@@H](O)[C@]4(CC[C@@](C)([C@H]5CC[C@](O)(CC)[C@H](C)O5)O4)O3)[C@H](C)C[C@@H]2C)[C@@H](C)C[C@@H]1C,PubChem_only,5.0385849674013778,4.9496511999999999,1,fingerprint_identical,False,True
cb522f9cb6100bae3d1f,CC[C@@H](C(=O)[C@@H](C)[C@@H](O)[C@H](C)CCc1ccc(C)c(O)c1C(=O)O)[C@H]1O[C@](CC)([C@H]2CC[C@](O)(CC)[C@H](C)O2)C[C@@H]1C,PubChem_only,4.05543567281142,3.9877365,1,fingerprint_identical,False,True
f0a55fb73bdf44baa1eb,CC[C@@H](C(=O)[C@@H](C)[C@@H](O)[C@H](C)[C@@H]1O[C@@H]([C@@H](CC)C(=O)O)CC[C@@H]1C)[C@H]1O[C@]2(C=C[C@@H](O)[C@]3(CC[C@@](C)([C@H]4CC[C@](O)(CC)[C@H](C)O4)O3)O2)[C@H](C)C[C@@H]1C,PubChem_only,5.0305482581141661,5.0181190000000004,1,fingerprint_identical,False,True
f68f74a32510afd7d43e,CC[C@@H](CO)NC(=O)[C@@H]1C=C2c3cccc4[nH]cc(c34)C[C@H]2N(C)C1,PubChem_only,4.7526104889290002,3.4860883,0.66153846153846152,out_of_domain,True,False
4d40197bd398b8f73c1e,CC[C@@H](CO)NCCN[C@@H](CC)CO,PubChem_only,2.3102981263702391,2.3318051999999998,1,fingerprint_identical,False,True
c9c22351c92665497348,CC[C@@H](NC(C)C)[C@@H](O)c1ccc(O)c2[nH]c(=O)ccc12,PubChem_only,2.9444273349614973,2.9474391999999998,1,fingerprint_identical,False,True
b0dcfcc3a554f0ecfe3d,CC[C@@H](O)C(C[C@@H](C)N(C)C)(c1ccccc1)c1ccccc1,PubChem_only,3.4934148285268147,3.5593162,1,fingerprint_identical,False,True
0ac5243d0b4aed1534af,CC[C@@H]1C(=O)OC[C@@H]1Cc1cncn1C,PubChem_only,3.045606677333867,3.0156177999999998,1,fingerprint_identical,False,True
d2a0ff85fb335907fdb1,CC[C@@]1(O)C(=O)OCc2c1cc1n(c2=O)Cc2cc3cc(O)ccc3nc2-1,PubChem_only,3.5444937782759616,3.5318520000000002,1,fingerprint_identical,False,True
b8085f52b22eab8cbd7a,CC[C@@]1(O)C(=O)OCc2c1cc1n(c2=O)Cc2cc3ccccc3nc2-1,PubChem_only,3.7358458145223001,3.441951,1,fingerprint_identical,False,True
d995a5fb5e3bd350554f,CC[C@@]1(O)C[C@H](O[C@H]2C[C@H](N(C)C)[C@H](O[C@H]3C[C@H](O)[C@H](O[C@H]4CCC(=O)[C@H](C)O4)[C@H](C)O3)[C@H](C)O2)c2c(cc3c(c2O)C(=O)c2c(O)cccc2C3=O)[C@H]1C(=O)OC,PubChem_only,4.5522231185532345,4.4274592000000004,1,fingerprint_identical,False,True
e647eef94dfa7e05775a,CC[C@@]1([C@@H]2O[C@@H]([C@H]3O[C@@](O)(CO)[C@H](C)C[C@@H]3C)C[C@@H]2C)CC[C@H]([C@]2(C)CC[C@]3(C[C@H](O)[C@@H](C)[C@@H]([C@@H](C)[C@@H](OC)[C@H](C)C(=O)O)O3)O2)O1,PubChem_only,4.8266454924094786,4.7722907000000001,1,fingerprint_identical,False,True
be3ea5a7ae23dcd693ed,CC[C@H](C)C(=O)O[C@H]1CCC=C2C=C[C@H](C)[C@H](CC[C@@H]3C[C@@H](O)CC(=O)O3)[C@H]21,PubChem_only,2.8926732763029488,2.8754710000000001,1,fingerprint_identical,False,True
18b228727aa6708c91f8,CC[C@H](C)[C@@H]1NC(=O)CNC(=O)[C@@H]2Cc3c([nH]c4ccccc34)S(=O)C[C@@H](NC(=O)CNC1=O)C(=O)N[C@@H](CC(=O)O)C(=O)N1C[C@H](O)C[C@H]1C(=O)N[C@@H]([C@@H](C)[C@@H](O)CO)C(=O)N2,PubChem_only,6.2571835330422392,6.1209563999999999,1,fingerprint_identical,False,True
8581b7b8688ef7eec108,CC[C@H](C)[C@@H]1NC(=O)[C@@H](CC(C)C)NC(=O)[C@H](CCN)NC(=O)[C@@H](NC(=O)[C@H](CCN)NC(=O)[C@@H](NC(=O)[C@H](CCN)NC=O)[C@@H](C)O)CCNC(=O)[C@H]([C@@H](C)O)NC(=O)[C@H](CCN)NC(=O)[C@H](CCN)NC1=O,PubChem_only,4.9450030201611277,4.8411702999999999,1,fingerprint_identical,False,True
41edd999059d971410fa,CC[C@H](C)[C@@H]1NC(=O)[C@@H](NC(=O)c2c3nc4c(C(=O)N[C@@H]5C(=O)N[C@@H](C(C)C)C(=O)N6CCC[C@H]6C(=O)N(C)CC(=O)N(C)[C@@H](C(C)C)C(=O)O[C@@H]5C)ccc(C)c4oc-3c(C)c(=O)c2N)[C@@H](C)OC(=O)[C@H](C(C)C)N(C)C(=O)CN(C)C(=O)[C@@H]2CCCN2C1=O,PubChem_only,6.0582977527985022,5.9406033000000003,0.97916666666666663,similarity_ge_0p70_lt_1,True,True
95bfac61e31b91de2096,CC[C@H](C)[C@H](N)C1=N[C@H](C(=O)N[C@@H](CC(C)C)C(=O)N[C@H](CCC(=O)O)C(=O)N[C@H](C(=O)N[C@H]2CCCCNC(=O)[C@H](CC(N)=O)NC(=O)[C@@H](CC(=O)O)NC(=O)[C@H](Cc3cnc[nH]3)NC(=O)[C@@H](Cc3ccccc3)NC(=O)[C@H]([C@@H](C)CC)NC(=O)[C@@H](CCCN)NC2=O)[C@@H](C)CC)CS1,PubChem_only,3.6759981819632159,3.6492743000000001,1,fingerprint_identical,False,True
9c38f4dbb7b84d44a96c,CC[C@H](C)[C@H](NC(=O)CN)C(=O)NCC(=O)N[C@@H](C)C(=O)N[C@H](C(=O)N[C@@H](CC(C)C)C(=O)N[C@@H](CCCCN)C(=O)N[C@H](C(=O)N[C@@H](CC(C)C)C(=O)N[C@H](C(=O)N[C@H](C(=O)NCC(=O)N[C@@H](CC(C)C)C(=O)N1CCC[C@H]1C(=O)N[C@@H](C)C(=O)N[C@@H](CC(C)C)C(=O)N[C@H](C(=O)N[C@@H](CO)C(=O)N[C@@H](Cc1c[nH]c2ccccc12)C(=O)N[C@H](C(=O)N[C@@H](CCCCN)C(=O)N[C@@H](CCCNC(=N)N)C(=O)N[C@@H](CCCCN)C(=O)N[C@@H](CCCNC(=N)N)C(=O)N[C@@H](CCC(N)=O)C(=O)N[C@@H](CCC(N)=O)C(N)=O)[C@@H](C)CC)[C@@H](C)CC)[C@@H](C)O)[C@@H](C)O)C(C)C)C(C)C,PubChem_only,5.5850817569815163,4.2946609999999996,0.47142857142857142,out_of_domain,True,False
f751901fdf3219614e6f,CC[C@H](CC[C@@H](C)[C@H]1CC[C@H]2[C@@H]3CC=C4C[C@@H](O[C@@H]5O[C@H](CO)[C@@H](O)[C@H](O)[C@H]5O)CC[C@]4(C)[C@H]3CC[C@]12C)C(C)C,PubChem_only,3.9686779832672689,3.9193177000000001,1,fingerprint_identical,False,True
1c15c74509807d9c56e8,CC[C@H](OC(C)=O)C(C[C@H](C)N(C)C)(c1ccccc1)c1ccccc1,PubChem_only,3.8002087623990728,4.0453495999999998,1,fingerprint_identical,False,True
3a5dd0d8a5af13e8beb6,CC[C@H](c1ccc(O)cc1)[C@@H](CC)c1ccc(O)cc1,PubChem_only,3.1309317179549687,3.0729845,1,fingerprint_identical,False,True
4eed9e247faaa505994f,CC[C@H]1/C=C/C=C/C[C@@H](C)[C@H](O)[C@@](C)(O)C(=O)[C@@H](C)[C@H](O)[C@@H](C)C(=O)[C@@H](C)[C@H](O)[C@@H](C)/C=C/C(=O)O[C@@H]2[C@H](C)[C@H](CC1)O[C@@]1(O[C@@H](C[C@@H](C)O)[C@@H](C)CC1=O)[C@H]2C,PubChem_only,5.4434297115813157,5.4114412999999999,1,fingerprint_identical,False,True
c558ac8f7765c7e56289,CC[C@H]1/C=C/C=C/C[C@@H](C)[C@H](O)[C@@](C)(O)C(=O)[C@@H](C)[C@H](O)[C@@H](C)C(=O)[C@@H](C)[C@H](O)[C@@H](C)/C=C/C(=O)O[C@@H]2[C@H](C)[C@H](CC1)O[C@]1(CC[C@H](C)[C@H](C[C@@H](C)O)O1)[C@H]2C,PubChem_only,5.7221269498466532,5.5904913000000001,1,fingerprint_identical,False,True
32b9be8d0dff7553db1c,CC[C@H]1/C=C/C=C/C[C@@H](C)[C@H](O)[C@H](C)C(=O)[C@@H](C)[C@H](O)[C@@H](C)C(=O)[C@@H](C)[C@H](O)[C@@H](C)/C=C/C(=O)O[C@@H]2[C@H](C)[C@H](CC1)O[C@]1(CC[C@H](C)[C@H](C[C@@H](C)O)O1)[C@H]2C,PubChem_only,4.9702667572450361,4.9572820000000002,1,fingerprint_identical,False,True
d544ff275341df40cd97,CC[C@H]1CN2CC[C@@]3(C(=O)Nc4ccccc43)[C@@H]2C[C@@H]1/C(=C\OC)C(=O)OC,PubChem_only,3.248409501334756,3.3394303000000001,1,fingerprint_identical,False,True
19645561f519d2faf671,CC[C@H]1CN2CC[C@]3(C(=O)Nc4ccccc43)[C@@H]2C[C@@H]1/C(=C\OC)C(=O)OC,PubChem_only,3.457764436818477,3.3394303000000001,1,fingerprint_identical,False,True
45f5a67dc9b62c96e4ed,CC[C@H]1CN2CCc3cc(OC)c(OC)cc3[C@@H]2C[C@@H]1C[C@H]1NCCc2cc(O)c(OC)cc21,PubChem_only,4.3565762614123971,4.3065170000000004,1,fingerprint_identical,False,True
c8e596ef31657b9cc5c9,CC[C@H]1OC(=O)/C=C/[C@H](C)[C@@H](O[C@@H]2O[C@H](C)C[C@H](N(C)C)[C@H]2O)[C@@H](C)C[C@@H](C)C(=O)/C=C/[C@@H]2O[C@H]2[C@]1(O)CO[C@@H]1O[C@H](C)[C@@H](O)[C@@H](OC)[C@H]1OC,PubChem_only,3.302158531250877,3.3122615999999998,1,fingerprint_identical,False,True
0d6db277375b7bd25587,CC[C@H]1OC(=O)C[C@@H](O)[C@H](C)[C@@H](O[C@@H]2O[C@H](C)C[C@H](N(C)C)[C@H]2O)[C@@H](CC=O)C[C@@H](C)C(=O)/C=C/[C@]2(C)O[C@H]2[C@@H]1C,PubChem_only,3.3175761210173991,3.3131279999999999,1,fingerprint_identical,False,True
4f0f3215ad383ce752b4,CC[C@H]1OC(=O)C[C@@H](O)[C@H](C)[C@@H](O[C@@H]2O[C@H](C)[C@@H](O[C@H]3C[C@@](C)(O)[C@@H](O)[C@H](C)O3)[C@H](N(C)C)[C@H]2O)[C@@H](CC=O)C[C@@H](C)C(=O)/C=C/C(C)=C/[C@@H]1CO[C@@H]1O[C@H](C)[C@@H](O)[C@@H](OC)[C@H]1OC,PubChem_only,3.1881621269492451,3.1628847000000002,1,fingerprint_identical,False,True
e66e6450fe194a284f16,CC[C@H]1OC(=O)[C@H](C)[C@@H](O[C@H]2C[C@@](C)(OC)[C@@H](O)[C@H](C)O2)[C@H](C)[C@@H](O[C@@H]2O[C@H](C)C[C@H](N(C)C)[C@H]2O)[C@](C)(O)C[C@@H](C)/C(=N\OCOCCOC)[C@H](C)[C@@H](O)[C@]1(C)O,PubChem_only,3.7524938360358782,3.7274907000000002,1,fingerprint_identical,False,True
d666b2135350c2144a49,CC[C@H]1OC(=O)[C@H](C)[C@@H](O[C@H]2C[C@@](C)(OC)[C@@H](O)[C@H](C)O2)[C@H](C)[C@@H](O[C@@H]2O[C@H](C)C[C@H](N(C)C)[C@H]2O)[C@](C)(O)C[C@@H](C)C(=O)[C@H](C)[C@@H](O)[C@]1(C)O,PubChem_only,3.1602227357741177,3.2598069000000001,1,fingerprint_identical,False,True
44cab383dc7acc76f9fb,CC[C@H]1OC(=O)[C@H](C)[C@@H](O[C@H]2C[C@@](C)(OC)[C@@H](O)[C@H](C)O2)[C@H](C)[C@@H](O[C@@H]2O[C@H](C)C[C@H](N(C)C)[C@H]2O)[C@](C)(O)C[C@@H](C)[C@H](N)[C@H](C)[C@@H](O)[C@]1(C)O,PubChem_only,3.787087775468049,3.7142605999999998,1,fingerprint_identical,False,True
5df6414f51c7b0673256,CC[C@H]1OC(=O)[C@H](C)[C@@H](O[C@H]2C[C@@](C)(OC)[C@@H](O)[C@H](C)O2)[C@H](C)[C@@H](O[C@@H]2O[C@H](C)C[C@H](N(C)C)[C@H]2O)[C@](C)(OC)C[C@@H](C)C(=O)[C@H](C)[C@@H](O)[C@]1(C)O,PubChem_only,2.9444617697737057,2.9798265000000002,1,fingerprint_identical,False,True
0dd6be4859e035cd9e72,CC[C@]1(O)C[C@@H]2CN(CCc3c([nH]c4ccccc34)[C@@](C(=O)OC)(c3cc4c(cc3OC)N(C)[C@H]3[C@@](O)(C(=O)OC)[C@H](OC(C)=O)[C@]5(CC)C=CCN6CC[C@]43[C@@H]65)C2)C1,PubChem_only,5.4451219746312924,4.2565629999999999,0.89320388349514568,similarity_ge_0p70_lt_1,True,True
6bfeab3dc9a039f7d493,CC[C@]1(O)C[C@H]2CN(CCc3c([nH]c4ccccc34)[C@@](C(=O)OC)(c3cc4c(cc3OC)N(C)[C@@H]3C45CCN4CC=C[C@](CC)([C@H]45)[C@@H](O)[C@]3(O)C(=O)OC)C2)C1,PubChem_only,5.1150472192051213,5.023746,1,fingerprint_identical,False,True
80ad165eaa5d94dba267,CC[C@]1(c2ccccc2)NC(=O)NC1=O,PubChem_only,2.6111474065085871,2.5370927000000001,1,fingerprint_identical,False,True
6556da5cea01d2e72db7,CC[C@]12CCCN3CCc4c(n(c5ccccc45)C(=O)C1)[C@@H]32,PubChem_only,3.0456889813485102,3.0668657000000001,1,fingerprint_identical,False,True
68266ec91199f7e8a4d3,CC[C@]12CCCN3CCc4c(n(c5ccccc45)[C@@](O)(C(=O)OC)C1)[C@@H]32,PubChem_only,3.259520369325533,3.1957692999999998,1,fingerprint_identical,False,True
3f93773491bf7f9d1a7d,CC[C@]12CN3CCc4c([nH]c5ccccc45)[C@@](C(=O)OC)(c4cc5c(cc4OC)N(C)[C@H]4[C@@](O)(C(=O)OC)[C@H](OC(C)=O)[C@]6(CC)C=CCN7CC[C@]54[C@@H]76)C[C@@H](C3)[C@H]1O2,PubChem_only,4.0048440400014291,3.9914499999999999,1,fingerprint_identical,False,True
b51f011e9f2f3fd9a21f,CC[N+](C)(C)c1cccc(O)c1,PubChem_only,3.743624725186824,3.573928,0.7142857142857143,similarity_ge_0p70_lt_1,True,True
e30ac644197c9ed507be,CC[N+](C)(CC)CCOC(=O)C(O)(c1ccccc1)C1CCCCC1,PubChem_only,3.5644879003326766,3.7550488,0.63829787234042556,out_of_domain,True,False
a2702ce473d2b7533151,CC[N+](C)(CC)CCOC(=O)C1c2ccccc2Oc2ccccc21,PubChem_only,3.8692865772025127,3.5692759999999999,0.63043478260869568,out_of_domain,True,False
9fb4412e0cee91b3c879,CC[N+](CC)(CC)CCOc1cccc(OCC[N+](CC)(CC)CC)c1OCC[N+](CC)(CC)CC,PubChem_only,4.7082746942143574,5.1321130000000004,0.51351351351351349,out_of_domain,True,False
aff48b51032ae5a3ba68,CC[N+](CC)(CCNC(=O)C(=O)NCC[N+](CC)(CC)Cc1ccccc1Cl)Cc1ccccc1Cl,PubChem_only,4.9310993220128898,4.4407699999999997,0.54285714285714282,out_of_domain,True,False
69eb0c087c3feccabdfe,CC[n+]1c(-c2ccccc2)c2cc(N=NNc3cccc(C(=N)N)c3)ccc2c2ccc(N)cc21,PubChem_only,4.1776404737411914,4.1706861999999996,1,fingerprint_identical,False,True
bc35adcaccfe81d6fdbc,CCc1c(Cl)c(O)c(Cl)c(O)c1C(=O)O[C@H]1[C@H](O)[C@H](OC)[C@H](OC/C2=C\C=C\C[C@H](O)/C(C)=C/[C@H](CC)[C@@H](O[C@@H]3OC(C)(C)[C@@H](OC(=O)C(C)C)[C@H](O)[C@@H]3O)/C(C)=C/C(C)=C/C[C@@H]([C@@H](C)O)OC2=O)O[C@@H]1C,PubChem_only,3.3255370081250573,3.3149000000000002,1,fingerprint_identical,False,True
243031ef1fd374bf342d,CCc1c2c(nc3ccc(OC(=O)N4CCC(N5CCCCC5)CC4)cc13)-c1cc3c(c(=O)n1C2)COC(=O)[C@]3(O)CC,PubChem_only,3.520434679219302,3.5184669999999998,1,fingerprint_identical,False,True
4cf1c3de69ae563f3938,CCc1cc(Cc2cc(CC)cc(C(C)(C)C)c2O)c(O)c(C(C)(C)C)c1,PubChem_only,3.8675393732619057,3.113032,0.41935483870967744,out_of_domain,True,False
4669d4788d6a6045c894,CCc1nc(N)nc(N)c1-c1ccc(Cl)cc1,PubChem_only,3.5264737509184112,2.9907927999999999,0.32608695652173914,out_of_domain,True,False
723fe736ed9112571723,CN(C)/N=N/c1nc[nH]c1C(N)=O,PubChem_only,2.5069343256557648,2.5818992000000001,0.71052631578947367,similarity_ge_0p70_lt_1,True,True
f9ef0bca1b6d3c5b4515,CN(C)C(=O)Oc1ccc[n+](C)c1,PubChem_only,5.2581941433827764,3.2163856000000002,0.47499999999999998,out_of_domain,True,False
9a7a9a6a004f5163cb6a,CN(C)C/C=C(/c1ccc(Br)cc1)c1cccnc1,PubChem_only,3.575031804587308,3.5242152,1,fingerprint_identical,False,True
2bcae598fa6255bd10d4,CN(C)CC/C=C1/c2ccccc2Sc2ccc(Cl)cc21,PubChem_only,3.508280929796173,3.5164076999999998,1,fingerprint_identical,False,True
be871bc116a85a0d3ae1,CN(C)CC/C=C1\c2ccccc2COc2ccccc21,PubChem_only,3.5485728851806,3.537722,1,fingerprint_identical,False,True
4de5b957ec4e601372e8,CN(C)CCCCCCN(C)C,PubChem_only,3.7592043500011294,2.4859488000000001,0.73333333333333328,similarity_ge_0p70_lt_1,True,True
42281c78d03b16910d79,CN(C)CCCOC1(Cc2ccccc2)CCCCCC1,PubChem_only,3.3410191276252283,3.2691013999999998,0.4358974358974359,out_of_domain,True,False
30456259dcab10e810b6,CN(C)CCOC(c1ccc(Cl)cc1)c1ccccn1,PubChem_only,3.2874941823549304,3.4269813999999998,0.68292682926829273,out_of_domain,True,False
85323ffb5b37bd33ee14,CN(C)CC[C@@H](c1ccc(Br)cc1)c1ccccn1,PubChem_only,3.478819599202208,3.4242845000000002,0.80555555555555558,similarity_ge_0p70_lt_1,True,True
43e6cdedcb9313aed4fe,CN(C)CC[C@@H](c1ccc(Cl)cc1)c1ccccn1,PubChem_only,3.5251949739216828,3.3664339999999999,1,fingerprint_identical,False,True
e5368d64ab82bd5a625c,CN(C)Cc1ccccc1,PubChem_only,2.8299788171266584,2.9660597000000002,0.63636363636363635,out_of_domain,True,False
8bf7f3ac429f426e8c78,CN(C)[C@@H]1C(=O)C(C(N)=O)=C(O)[C@@]2(O)C(=O)C3=C(O)c4c(O)ccc(Cl)c4[C@@](C)(O)[C@H]3C[C@@H]12,PubChem_only,3.3857650077921608,3.5302072,0.44303797468354428,out_of_domain,True,False
29562876eef2cebcbfdd,CN(C)c1ccc(C(=C2C=CC(=[N+](C)C)C=C2)c2ccc(N(C)C)cc2)cc1,PubChem_only,4.8635980710424818,4.5503697000000001,0.44444444444444442,out_of_domain,True,False
b5e5855fd54f445d3a8c,CN(C)c1ccc(C(=C2C=CC(=[N+](C)C)C=C2)c2ccccc2)cc1,PubChem_only,4.8945626310036792,4.2159300000000002,0.40000000000000002,out_of_domain,True,False
0c2e202c6780aed4e6c4,CN(C)c1ccc(N=Nc2n(C)nc[n+]2C)cc1,PubChem_only,3.3940800578742181,3.4997444,0.45945945945945948,out_of_domain,True,False
7872a0c076277c8fafe9,CN(C)c1ccc2nc3ccc(=[N+](C)C)cc-3sc2c1,PubChem_only,3.2778505492713528,3.5142837,0.44680851063829785,out_of_domain,True,False
0252e201c4fd0e274736,CN(CC[C@H](N)CC(=O)N[C@@H]1C=C[C@@H](n2ccc(N)nc2=O)O[C@H]1C(=O)O)C(=N)N,PubChem_only,4.6257712022777779,2.7159176,0.76712328767123283,similarity_ge_0p70_lt_1,True,True
c7b788a1cda627eaef9b,CN(Cc1cnc2nc(N)nc(N)c2n1)c1c(Cl)cc(C(=O)N[C@@H](CCC(=O)O)C(=O)O)cc1Cl,PubChem_only,2.9025401405147093,2.9365819000000002,1,fingerprint_identical,False,True
bf1784b225648b98e71d,CN1C(=O)C(O)N=C(c2ccccc2)c2cc(Cl)ccc21,PubChem_only,3.5487794900466829,2.70417,0.76086956521739135,similarity_ge_0p70_lt_1,True,True
0c0b9a638918dd9ed747,CN1C(=O)CC(c2ccccc2)C1=O,PubChem_only,2.5912115282299277,2.7186205000000001,0.70967741935483875,similarity_ge_0p70_lt_1,True,True
9d8f3c06d55520c444d3,CN1C(=O)CCS(=O)(=O)C1c1ccc(Cl)cc1,PubChem_only,2.7263767304434365,2.4404599999999999,0.72222222222222221,similarity_ge_0p70_lt_1,True,True
6db0f1c060d1705b4ef2,CN1C(=O)CC[C@H]1c1cccnc1,PubChem_only,2.2775697838438602,2.3147761999999998,1,fingerprint_identical,False,True
405fe135f92f7ff8e3f4,CN1C(=O)CN=C(c2ccccc2)c2cc(Cl)ccc21,PubChem_only,3.886255907928641,3.0072999999999999,0.73333333333333328,similarity_ge_0p70_lt_1,True,True
421b3316be3db35a90a4,CN1C(=O)OC(C)(C)C1=O,PubChem_only,1.8547370852794427,2.5237582000000001,0.46666666666666667,out_of_domain,True,False
a118690369095510a12f,CN1C(=O)[C@@H](NC(=O)c2cc3ccccc3[nH]2)N=C(c2ccccc2)c2ccccc21,PubChem_only,5.6111505962579891,2.7306859999999999,0.38356164383561642,out_of_domain,True,False
b3648f90220496b77c10,CN1C(=O)[C@]23CC4=CC=C[C@H](O)[C@H]4N2C(=O)[C@@]1(CO)SS3,PubChem_only,4.0085988412008051,4.0107106999999997,1,fingerprint_identical,False,True
347ac5e845f9e6eac3eb,CN1C(C(=O)Nc2ccccn2)=C(O)c2ccccc2S1(=O)=O,PubChem_only,3.0578929090563709,2.8661468000000001,0.59677419354838712,out_of_domain,True,False
c91962edb4ec540ee121,CN1C(C(=O)Nc2ccccn2)=C(O)c2sccc2S1(=O)=O,PubChem_only,2.8787870496855859,2.8569404999999999,0.55737704918032782,out_of_domain,True,False
3724a4163cfd1e1b79f6,CN1C(CCl)Nc2cc(Cl)c(S(N)(=O)=O)cc2S1(=O)=O,PubChem_only,2.617077503588876,2.4383944999999998,0.45000000000000001,out_of_domain,True,False
bde8bfd2890f51b7e883,CN1CCC(=C2c3ccccc3CC(=O)c3sccc32)CC1,PubChem_only,3.4571442759226976,3.404242,0.57999999999999996,out_of_domain,True,False
52f46daed49eeca6b270,CN1CCC(=C2c3ccccc3CCc3cccnc32)CC1,PubChem_only,3.4418222677447763,3.5733131999999999,0.58695652173913049,out_of_domain,True,False
f64af046bc954bc1fa35,CN1CCC/C1=N/S(=O)(=O)c1ccc(N)cc1,PubChem_only,2.570534368150577,2.5041742,1,fingerprint_identical,False,True
a6d1124e1291d41ac9e9,CN1CCC[C@H]1c1cccnc1,PubChem_only,4.43929521842146,3.2500165000000001,0.65789473684210531,out_of_domain,True,False
2e15e6e95e6fb5372e79,CN1CCN(CC/C=C2/c3ccccc3Sc3ccc(S(=O)(=O)N(C)C)cc32)CC1,PubChem_only,3.621722873482637,3.5761780000000001,1,fingerprint_identical,False,True
1dc927b5078ef0755091,CN1CC[C@]23c4c5ccc(O)c4O[C@H]2C(=O)CC[C@@]3(O)[C@H]1C5,PubChem_only,3.0802519361433132,3.0768578,1,fingerprint_identical,False,True
e7e49e67d338da52883d,CN1CC[C@]23c4c5ccc(O)c4O[C@H]2[C@@H](O)C=C[C@H]3[C@H]1C5,PubChem_only,3.2851055075609423,3.1923968999999999,1,fingerprint_identical,False,True
2ebe233a04df9fb49ad5,CN1CC[C@]23c4c5ccc(OC(=O)c6cccnc6)c4O[C@H]2[C@@H](OC(=O)c2cccnc2)C=C[C@H]3[C@H]1C5,PubChem_only,3.6231923271358544,3.613435,1,fingerprint_identical,False,True
14a8ac496f56f3545130,CN1CC[C@]23c4c5ccc(OCCN6CCOCC6)c4O[C@H]2[C@@H](O)C=C[C@H]3[C@H]1C5,PubChem_only,2.9983716038609858,3.0130686999999998,1,fingerprint_identical,False,True
df71aeadc564a65cb7a9,CN1CCc2cc3c(cc2C(=O)Cc2ccc4c(c2C1)OCO4)OCO3,PubChem_only,3.0828517410570209,3.2694804999999998,0.69090909090909092,out_of_domain,True,False
ed9d697670a60b0e43a7,CN1CCc2cc3c(cc2[C@H]1[C@@H]1OC(=O)c2c1ccc1c2OCO1)OCO3,PubChem_only,4.6366924674984986,3.0284795999999998,0.578125,out_of_domain,True,False
e058f489f7fdb3ebffcd,CN1C[C@H](CNC(=O)OCc2ccccc2)C[C@@H]2c3cccc4c3c(cn4C)C[C@H]21,PubChem_only,3.676452596721119,3.6321773999999998,1,fingerprint_identical,False,True
aee35522e1f21310ae10,CN1Cc2c(ccc3c2OCO3)[C@@H]2[C@H]1c1cc3c(cc1C[C@@H]2O)OCO3,PubChem_only,2.4342912401986023,2.4716274999999999,1,fingerprint_identical,False,True
221f0616cb88b04e8ba3,CN1[C@@H](CC(=O)c2ccccc2)CCC[C@H]1C[C@H](O)c1ccccc1,PubChem_only,3.9080901080400761,3.9246135,1,fingerprint_identical,False,True
47f7b8fc00d570fc3088,CN1[C@@H]2CC(OC(=O)[C@H](CO)c3ccccc3)C[C@H]1[C@@H]1O[C@@H]12,PubChem_only,3.0805549116386017,3.0570455000000001,1,fingerprint_identical,False,True
1b094cd5a49ca612bd0a,CN1[C@@H]2CC[C@H]1CC(=C1c3ccccc3CSc3ccccc31)C2,PubChem_only,3.5453722329637203,3.6075058000000002,1,fingerprint_identical,False,True
ffc30aa797ca96593476,CN1[C@@H]2CC[C@H]1CC(O)C2,PubChem_only,2.8286937276382869,2.6668668000000002,1,fingerprint_identical,False,True
c6da0cd37233931bb49e,CN1[C@@H]2CC[C@H]1CC(OC(c1ccccc1)c1ccccc1)C2,PubChem_only,3.6748427769465279,3.7532272,0.82857142857142863,similarity_ge_0p70_lt_1,True,True
e2f14f6cde683fbb96f8,CN1[C@H]2C[C@H](OC(=O)[C@H](CO)c3ccccc3)C[C@@H]1[C@@H](O)C2,PubChem_only,2.9407640134611217,2.9948139999999999,1,fingerprint_identical,False,True
02c0794e319f9852ab45,CN=C(NC#N)NCCSCc1nc[nH]c1C,PubChem_only,2.9162767195558668,2.9283936000000002,0.33333333333333331,out_of_domain,True,False
1e33304b9d23a08eacf4,CNC(=C[N+](=O)[O-])NCCSCc1ccc(CN(C)C)o1,PubChem_only,3.0203764771633934,3.318784,0.89130434782608692,similarity_ge_0p70_lt_1,True,True
3274d65968c3fa90ec49,CNC(=O)/C=C(\C)OP(=O)(OC)OC,PubChem_only,4.768842486575382,4.7469549999999998,1,fingerprint_identical,False,True
850d990722fc290bc5a0,CNC(=O)Oc1ccc2c(c1)[C@]1(C)CCN(C)[C@@H]1N2C,PubChem_only,5.6310023679365502,3.9600244,0.70175438596491224,similarity_ge_0p70_lt_1,True,True
4ad716e2ac37a6be61b6,CNC(=O)[C@@H](C)[C@H]1C(=O)/C(=C(O)/C=C/C(C)=C/[C@@H](C)[C@H]2O[C@@]3(C)O[C@H](C=C[C@@]34CO4)[C@@H]2C)C(=O)N1[C@@H]1CC[C@H](O)[C@H](C)O1,PubChem_only,3.051936929697971,4.9312468000000003,0.27826086956521739,out_of_domain,True,False
06fdb307e8a86ab3a23d,CNC[C@H](O)c1ccc(O)c(O)c1,PubChem_only,4.6262536152829981,3.1933956000000001,0.6875,out_of_domain,True,False
27354bf82052ac1499f2,CNNCc1ccc(C(=O)NC(C)C)cc1,PubChem_only,2.5277545333084839,2.9286417999999999,0.44186046511627908,out_of_domain,True,False
47dd486a032aa62e6aa9,CN[C@@H](C)CC1CCCCC1,PubChem_only,3.3460314663784767,3.3100266,1,fingerprint_identical,False,True
2c65b544144ee76276f1,CN[C@@H](C)Cc1ccccc1,PubChem_only,3.5454875801084755,3.5266723999999998,0.77272727272727271,similarity_ge_0p70_lt_1,True,True
64764b437e3b08050aa5,CN[C@@H](C)[C@@H](O)c1ccccc1,PubChem_only,2.9127533036713231,2.9012207999999999,1,fingerprint_identical,False,True
54db1c6d35aaca941c29,CN[C@@H](C)[C@H](O)c1ccccc1,PubChem_only,2.7468129620590083,2.9012207999999999,1,fingerprint_identical,False,True
b31f1b05e685d3185b0b,CN[C@@H](C)[C@H]1[C@H](O)C[C@@]2(C)[C@@H]3CC[C@H]4C(C)(C)[C@@H](NC)CC[C@@]45C[C@@]35CC[C@]12C,PubChem_only,4.6411582117350463,4.5904309999999997,1,fingerprint_identical,False,True
0fac33ed764ad72e7651,CN[C@@H]1[C@@H](O)[C@@H](O[C@@H]2[C@@H](O)[C@H](O[C@H]3OC(CN)=CC[C@H]3N)[C@@H](N)C[C@H]2N)OC[C@]1(C)O,PubChem_only,3.3064327909712823,3.2390156000000001,1,fingerprint_identical,False,True
a1b5987973a6c1d60dbd,CN[C@@H]1[C@H](O)[C@H](NC)[C@H]2O[C@@]3(O)C(=O)C[C@@H](C)O[C@H]3O[C@@H]2[C@H]1O,PubChem_only,2.0290487316032637,3.2793648000000002,0.27906976744186046,out_of_domain,True,False
ac176184f68c119ee732,CN[C@@H]1[C@H](O[C@H]2[C@H](O[C@H]3[C@H](O)[C@@H](O)[C@H](N=C(N)N)[C@@H](O)[C@@H]3N=C(N)N)O[C@@H](C)[C@]2(O)C=O)O[C@@H](CO)[C@H](O)[C@H]1O,PubChem_only,3.0444501597149936,2.8648844000000002,0.53424657534246578,out_of_domain,True,False
1426bca17813921ca491,CN[C@@H]1[C@H](O[C@H]2[C@H](O[C@H]3[C@H](O)[C@@H](O)[C@H](N=C(N)N)[C@@H](O)[C@@H]3N=C(N)N)O[C@@H](C)[C@]2(O)CO)O[C@@H](CO)[C@H](O)[C@H]1O,PubChem_only,3.0393850975260945,2.9085143000000002,0.6875,out_of_domain,True,False
821de7513e19971651c8,CN[C@H](C)[C@@H](O)c1ccccc1,PubChem_only,2.8132709564980085,2.9012207999999999,1,fingerprint_identical,False,True
1abb186afad138208dad,CN[C@H](C)[C@H](O)c1ccccc1,PubChem_only,2.7932230364868795,2.9012207999999999,1,fingerprint_identical,False,True
fdc4fcf600e1246a74c4,CN[C@H](CC(C)C)C(=O)N[C@H]1C(=O)N[C@@H](CC(N)=O)C(=O)N[C@H]2C(=O)N[C@H]3C(=O)N[C@H](C(=O)N[C@H](C(=O)O)c4cc(O)cc(O)c4-c4cc3ccc4O)[C@H](O)c3ccc(c(Cl)c3)Oc3cc2cc(c3O[C@@H]2O[C@H](CO)[C@@H](O)[C@H](O)[C@H]2O[C@H]2C[C@](C)(N)[C@H](O)[C@H](C)O2)Oc2ccc(cc2Cl)[C@H]1O,PubChem_only,2.922100508894196,2.9386038999999999,1,fingerprint_identical,False,True
9dab09ade38fc1f62e9d,CN[C@H]1CCc2cc(OC)c(OC)c(OC)c2-c2ccc(OC)c(=O)cc21,PubChem_only,4.0258124417019312,4.0568786000000001,1,fingerprint_identical,False,True
3d39fb68639b28cae1d3,CN[N+](=O)[O-],PubChem_only,2.1821577663347811,2.4119592000000001,0.46153846153846156,out_of_domain,True,False
9f0ac6cc4755a676445d,CNc1ccc2oc(C[C@H]3O[C@@]4(CC[C@H]3C)O[C@H]([C@H](C)C(=O)c3ccc[nH]3)[C@H](C)C[C@H]4C)nc2c1C(=O)O,PubChem_only,4.7190245203485874,4.6353464000000004,1,fingerprint_identical,False,True
09bbc499f5faa32b9dcf,CO/N=C(\C(=O)N[C@@H]1C(=O)N2C(C(=O)OC(C)OC(C)=O)=C(COC(N)=O)CS[C@H]12)c1ccco1,PubChem_only,3.0004094062726607,2.9730458,1,fingerprint_identical,False,True
e864947d6cb25f973b8f,CO/N=C(\C(=O)N[C@@H]1C(=O)N2C(C(=O)OCOC(=O)C(C)(C)C)=C(/C=C\c3scnc3C)CS[C@H]12)c1csc(N)n1,PubChem_only,2.0939362293340982,2.1188077999999999,1,fingerprint_identical,False,True
e3d11cd26399b0f5b17e,CO/N=C(\C(=O)Sc1nc2ccccc2s1)c1csc(N)n1,PubChem_only,3.1415055431437451,3.1143755999999998,1,fingerprint_identical,False,True
20425ab2a863d604d4d9,COC(=O)/C(=C1\OC(=O)C(c2ccccc2)=C1O)c1ccccc1,PubChem_only,3.6332206013488011,3.554729,1,fingerprint_identical,False,True
c173d4cb6e0c2d74a8da,COC(=O)/C=C(/C)OP(=O)(OC)OC,PubChem_only,3.6973242919049381,4.3323739999999997,0.66666666666666663,out_of_domain,True,False
097ebd334d64649568c5,COC(=O)/C=C(\C)OP(=O)(OC)OC,PubChem_only,5.0495068100163003,4.3323739999999997,0.66666666666666663,out_of_domain,True,False
e1e7d73ff3725567dd57,COC(=O)/C=C/c1ccc(O)c(OC)c1,PubChem_only,2.2433259870400208,2.3212666999999998,1,fingerprint_identical,False,True
cb81aed68cb58df9e0d4,COC(=O)C1=C(C)NC(C)=C(C(=O)OC)C1c1ccccc1[N+](=O)[O-],PubChem_only,3.2723296702533591,2.6709546999999998,0.67307692307692313,out_of_domain,True,False
fcb9ee03e92bbf4c79e0,COC(=O)C1=C(C)NC(C)=C(C(=O)O[C@@H]2CCCN(Cc3ccccc3)C2)[C@@H]1c1cccc([N+](=O)[O-])c1,PubChem_only,4.3713436945573285,4.3282002999999998,1,fingerprint_identical,False,True
32da06c657fe8733b5c0,COC(=O)C1=CO[C@@H](C)[C@H]2CN3CCc4c([nH]c5ccccc45)[C@@H]3C[C@H]12,PubChem_only,3.3295938547886146,3.3185419999999999,1,fingerprint_identical,False,True
3c2bb1bc712561654ca8,COC(=O)C1=CO[C@@H](O)[C@@H]2C(CO)=CC[C@H]12,PubChem_only,3.0757927551314435,3.0611272,1,fingerprint_identical,False,True
1cd638948a4f763cdea1,COC(=O)C[C@](O)(CCC(C)(C)O)C(=O)O[C@@H]1C(OC)=C[C@]23CCCN2CCc2cc4c(cc2[C@H]13)OCO4,PubChem_only,5.105450551208393,5.0799000000000003,1,fingerprint_identical,False,True
cdabd6868060bdfb4b2e,COC(=O)C[C@](O)(CCCC(C)(C)O)C(=O)O[C@@H]1C(OC)=C[C@]23CCCN2CCc2cc4c(cc2[C@H]13)OCO4,PubChem_only,5.2358381826514764,5.176482,1,fingerprint_identical,False,True
d1dc562fec303c09187e,COC(=O)Nc1nc2ccc(C(=O)c3ccccc3)cc2[nH]1,PubChem_only,2.6177805119401247,3.3334812999999999,0.69999999999999996,similarity_ge_0p70_lt_1,True,True
60dfe00791f29a160f3e,COC(=O)[C@@H](N)CS,PubChem_only,2.0038333446825431,2.0471680000000001,1,fingerprint_identical,False,True
f367007db381eba76a69,COC(=O)[C@@H]1[C@H](O)[C@H](C)[C@H](O)[C@H](C)/C=C\C=C(/C)C(=O)Nc2c(C)c(OC(C)=O)c3c(c2O)C(=O)C(C)=C2OCOC(=C23)/C(C)=C/[C@@](C)(O)[C@H](O)[C@@H](C)[C@H]1O,PubChem_only,3.4035274533129698,3.5229392000000002,0.65625,out_of_domain,True,False
14859e3479c90bb935c0,COC(=O)[C@@H]1[C@H]2CC[C@@H](C[C@@H]1O)N2C,PubChem_only,2.2993983300681502,2.3583522000000001,1,fingerprint_identical,False,True
599e249a4864e9fd8b0e,COC(=O)[C@@H]1[C@H]2C[C@H]3c4[nH]c5ccccc5c4CCN3C[C@@H]2CC[C@@H]1O,PubChem_only,4.0652551413412645,3.9760814,1,fingerprint_identical,False,True
e6036b8fb1e44538485d,COC(=O)[C@@H]1c2cc3c(c(O)c2[C@@H](O[C@@H]2O[C@@H](C)[C@H](OC)[C@@](C)(OC)[C@H]2OC)C[C@]1(C)O)C(=O)c1c(O)cc2c(c1C3=O)O[C@@H]1O[C@@]2(C)[C@H](O)[C@@H](N(C)C)[C@@H]1O,PubChem_only,4.758119893557021,4.6713667000000001,1,fingerprint_identical,False,True
20fa3227236d8c4ab043,COC(=O)[C@@](C)(N)Cc1ccc(O)c(O)c1,PubChem_only,2.1096151824782488,2.2139000000000002,1,fingerprint_identical,False,True
6c3d403310505738b0e7,COC(=O)[C@H]1[C@@H](OC(=O)c2ccccc2)C[C@@H]2CC[C@H]1N2,PubChem_only,3.672519852292436,3.6195729999999999,1,fingerprint_identical,False,True
5ae1393e7ab758d6028c,COC(=O)[C@H]1[C@@H](OC(=O)c2ccccc2)C[C@@H]2CC[C@H]1N2C,PubChem_only,3.6791817271281695,3.6236891999999998,1,fingerprint_identical,False,True
c1e1e27b29b93919415f,COC(=O)[C@H]1[C@H]2C[C@@H]3c4[nH]c5cc(OC)ccc5c4CCN3C[C@H]2C[C@@H](OC(=O)/C=C/c2cc(OC)c(OC)c(OC)c2)[C@@H]1OC,PubChem_only,3.98967293184797,3.9910456999999999,1,fingerprint_identical,False,True
25bd469409972ece1ea2,COC(=O)[C@H]1[C@H]2C[C@@H]3c4[nH]c5cc(OC)ccc5c4CCN3C[C@H]2C[C@@H](OC(=O)c2cc(OC)c(OC)c(OC)c2)[C@@H]1OC,PubChem_only,5.0854247355882505,4.9171056999999996,1,fingerprint_identical,False,True
f5b73e98d06032fa8c62,COC12C[C@@H](CO)CN(C)[C@@H]1Cc1cn(C)c3cccc2c13,PubChem_only,3.2421743728562475,3.2598877000000002,1,fingerprint_identical,False,True
29dd6ab9bd7bf157eb5f,COC1=C(C)C(=O)C2=C(C1=O)[C@@H](COC(N)=O)[C@@]1(OC)[C@H]3N[C@H]3CN21,PubChem_only,5.2210327507186696,5.1926930000000002,1,fingerprint_identical,False,True
b1648dca381f21d3cb7d,COC1=C(C)C(=O)C2=C(C1=O)[C@H](CNC(=O)[C@H](C)N)N1[C@@H](O)[C@H]3Cc4cc(C)c(OC)c(O)c4[C@@H]([C@@H]1C2)N3C,PubChem_only,5.1838864361813695,5.1047099999999999,1,fingerprint_identical,False,True
69e14ff1b67ea1f50e80,COC1=C(C)C(=O)C2=C(C1=O)[C@H](COC(N)=O)[C@@]1(O)[C@@H]3[C@H](CN21)N3C,PubChem_only,4.8900395316772451,4.6994670000000003,1,fingerprint_identical,False,True
dab9e85aed0d6a060461,COC1=C2C[C@@H](C)C[C@H](OC)[C@H](O)[C@@H](C)/C=C(\C)[C@H](OC(N)=O)[C@@H](OC)/C=C\C=C(/C)C(=O)NC(=CC1=O)C2=O,PubChem_only,5.7486871787031424,3.8741645999999998,0.56976744186046513,out_of_domain,True,False
9e8554636744baddd107,COC1=CC(=O)C[C@@H](C)[C@]12Oc1c(Cl)c(OC)cc(OC)c1C2=O,PubChem_only,3.246461649422685,3.2406754000000002,1,fingerprint_identical,False,True
b6c723e3fd52930cf4ce,COC1=CC(=O)O[C@@H](/C=C/c2ccccc2)C1,PubChem_only,2.7389748682055699,2.7214592,1,fingerprint_identical,False,True
e8b664aa115d980b2478,COC1=CC(=O)O[C@@H](CCc2ccc3c(c2)OCO3)C1,PubChem_only,2.8181127322422546,2.8024429999999998,1,fingerprint_identical,False,True
78c20d401816bceefd5c,COC1=CC(=O)O[C@@H](CCc2ccccc2)C1,PubChem_only,2.8541265866759518,2.7908707000000001,1,fingerprint_identical,False,True
ebc1aadd68f01ca34a96,COC1=CC(=O)c2c(O)c(C)c(CC(C)=O)c(O)c2C1=O,PubChem_only,2.7638336447609206,2.9637031999999999,0.47826086956521741,out_of_domain,True,False
15aec5efb83291d51a93,COC1=CC=C2[C@H]3Cc4ccc(O)c5c4[C@@]2(CCN3C)[C@H]1O5,PubChem_only,4.0566332776569052,4.0499409999999996,1,fingerprint_identical,False,True
844b81b91779a81f3349,COC1=CC=C2[C@H]3Cc4ccc(OC)c5c4[C@@]2(CCN3C)[C@H]1O5,PubChem_only,4.1922621133808979,4.1019964,1,fingerprint_identical,False,True
fc9986696803cc6ee56d,COC1=C[C@@H]2[C@@H]3Cc4ccc(OC)c(O)c4[C@]2(CCN3C)CC1=O,PubChem_only,3.0628734610290045,3.1059649999999999,1,fingerprint_identical,False,True
a766e4f2c3253a3bc2ec,COCC1=C(C(=O)OC(C)OC(=O)OC(C)C)N2C(=O)[C@@H](NC(=O)/C(=N\OC)c3csc(N)n3)[C@H]2SC1,PubChem_only,2.3423502534333158,2.3653404999999998,1,fingerprint_identical,False,True
8cb74fd5a40d5f942d16,COCCO,PubChem_only,1.5495240769368368,1.8896195,0.6470588235294118,out_of_domain,True,False
9fb273bfa8f6567d8ec2,COCCOC(=O)C1=C(C)NC(C)=C(C(=O)OC/C=C/c2ccccc2)C1c1cccc([N+](=O)[O-])c1,PubChem_only,2.4264345544905002,2.5317042000000001,1,fingerprint_identical,False,True
f05f99a3f39a9007a0c3,COC[C@@]12CC[C@H](OC)[C@@]34[C@@H]5C[C@@]6(O)[C@H](OC(=O)c7ccccc7)[C@@H]5[C@@](OC(C)=O)([C@@H]([C@H](OC)[C@H]13)[C@H]4N(C)C2)[C@@H](O)[C@@H]6OC,PubChem_only,5.7850618869203672,5.6499189999999997,1,fingerprint_identical,False,True
4082dfc5260d6d7b469a,COC[C@H]1OC(=O)c2coc3c2[C@@]1(C)C1=C(C3=O)[C@@H]2CCC(=O)[C@@]2(C)C[C@H]1OC(C)=O,PubChem_only,4.3766144645307232,4.3459409999999998,1,fingerprint_identical,False,True
0a5b3464a10ce8722d15,COP(=O)(OC)O/C(C)=C/C(=O)N(C)C,PubChem_only,4.3973764317876691,4.4254360000000004,1,fingerprint_identical,False,True
60af5311c0538a22cf91,COP(=O)(OC)O/C(C)=C/C(=O)OC(C)c1ccccc1,PubChem_only,3.6460501044474136,3.6609343999999999,1,fingerprint_identical,False,True
52c79ec567a76f5f2dab,CO[C@@H]1C[C@@H](C[C@H]2CC[C@H](C)[C@H]([C@@H](C)C(=O)O)O2)O[C@]2(O[C@](C)([C@H]3CC[C@@](C)([C@@H]4O[C@@H]([C@H]5O[C@@](O)(CO)[C@H](C)C[C@@H]5C)C[C@@H]4C)O3)C[C@H]2C)[C@@H]1C,PubChem_only,5.4623818238722501,4.7951436000000003,0.48076923076923078,out_of_domain,True,False
747feabfbff34f0f1db8,CO[C@@H]1[C@@H](OC(=O)c2ccc(C)[nH]2)[C@@H](O)[C@H](Oc2ccc3c(O)c(NC(=O)c4c[nH]c(C(=O)Nc5c(O)c6ccc(O[C@@H]7OC(C)(C)[C@H](OC)[C@@H](OC(=O)c8ccc(C)[nH]8)[C@H]7O)c(C)c6oc5=O)c4C)c(=O)oc3c2C)OC1(C)C,PubChem_only,3.8439618485532598,3.8378540000000001,1,fingerprint_identical,False,True
e634a1910e55897dec6f,CO[C@@H]1[C@@H](OC(N)=O)[C@@H](O)[C@H](Oc2ccc3c(O)c(NC(=O)c4ccc(O)c(CC=C(C)C)c4)c(=O)oc3c2C)OC1(C)C,PubChem_only,3.3688983865253728,3.2772589999999999,0.59999999999999998,out_of_domain,True,False
badd8fca712ee36ababa,CO[C@@H]1[C@@H](O[C@@H]2O[C@H](C)[C@@H](O[C@@H]3CC(C)(C)[C@H](O)[C@@H](C)O3)[C@H](N(C)C)[C@H]2O)[C@@H](CC=O)C[C@@H](C)[C@@H](O)/C=C/C=C/C[C@@H](C)OC(=O)C[C@H]1O,PubChem_only,3.1360075456498206,3.0581993999999999,0.8928571428571429,similarity_ge_0p70_lt_1,True,True
7ebb7ee40cfa289406c9,CO[C@@H]1[C@@H](O[C@@H]2O[C@H](C)[C@@H](O[C@H]3C[C@@](C)(O)[C@@H](O)[C@H](C)O3)[C@H](N(C)C)[C@H]2O)[C@@H](CC=O)C[C@@H](C)[C@@H](O)/C=C/C=C/C[C@@H](C)OC(=O)C[C@H]1O,PubChem_only,3.0214684605572022,3.0531117999999999,1,fingerprint_identical,False,True
4402deca7f224e0c6b88,CO[C@@H]1[C@@H](O[C@@H]2O[C@H](C)[C@@H](O[C@H]3C[C@@](C)(O)[C@@H](OC(=O)CC(C)C)[C@H](C)O3)[C@H](N(C)C)[C@H]2O)[C@@H](CC=O)C[C@@H](C)[C@@H](O)/C=C/C=C/C[C@@H](C)OC(=O)C[C@H]1OC(C)=O,PubChem_only,3.0259388811444605,3.0609009999999999,1,fingerprint_identical,False,True
f90c5e425c425157a280,CO[C@@H]1[C@H](C)[C@H]([C@]2(C)CC[C@H]([C@]3(C)CC[C@]4(C[C@H](OC)[C@@H](C)[C@@H]([C@@H](C)[C@H]5O[C@@](O)([C@H](C)C(=O)O)[C@H](C)[C@@H](OC)[C@H]5C)O4)O3)O2)O[C@H]1[C@H]1O[C@](C)(O)[C@H](C)[C@@H](OC)[C@@H]1C,PubChem_only,4.8046520387694356,4.809158,1,fingerprint_identical,False,True
5a26fb3b556c4b8b8e5c,CO[C@@H]1[C@H](O)C[C@@H](O[C@@H]2C[C@H](Oc3cc4cc5c(c(O)c4c(O)c3C)C(=O)[C@@H](O[C@H]3C[C@@H](O[C@H]4C[C@@H](O[C@H]6C[C@](C)(O)[C@@H](OC(C)=O)[C@H](C)O6)[C@H](O)[C@@H](C)O4)[C@H](O)[C@@H](C)O3)[C@H]([C@H](OC)C(=O)[C@@H](O)[C@@H](C)O)C5)O[C@H](C)[C@@H]2OC(C)=O)O[C@@H]1C,PubChem_only,6.1699890953873702,5.9553713999999998,1,fingerprint_identical,False,True
c8a6d0c08c69a06e9ffa,CO[C@@]12[C@H](COC(N)=O)C3=C(C(=O)C(C)=C(N)C3=O)N1C[C@@H]1N[C@@H]12,PubChem_only,4.9221179549873577,4.8433419999999998,1,fingerprint_identical,False,True
f972aa57b88ca0975093,CO[C@H](C(=O)[C@@H](O)[C@@H](C)O)[C@@H]1Cc2cc3cc(O[C@H]4C[C@@H](O[C@H]5C[C@@H](O)[C@H](O)[C@@H](C)O5)[C@H](O)[C@@H](C)O4)c(C)c(O)c3c(O)c2C(=O)[C@H]1O[C@H]1C[C@@H](O[C@H]2C[C@@H](O[C@H]3C[C@](C)(O)[C@H](O)[C@@H](C)O3)[C@@H](O)[C@@H](C)O2)[C@H](O)[C@@H](C)O1,PubChem_only,5.998065678095668,5.8853964999999997,1,fingerprint_identical,False,True
c5c9871c21a9bc1c6cc3,CO[C@H]1/C=C/O[C@@]2(C)Oc3c(C)c(O)c4c(O)c(c(/C=N/N5CCN(C)CC5)c(O)c4c3C2=O)NC(=O)/C(C)=C\C=C\[C@H](C)[C@H](O)[C@@H](C)[C@@H](O)[C@@H](C)[C@H](OC(C)=O)[C@@H]1C,PubChem_only,3.2962817021268238,3.0719094,0.89583333333333337,similarity_ge_0p70_lt_1,True,True
d8813cdda2dd8fcdf830,CO[C@H]1/C=C/O[C@@]2(C)Oc3c(C)c(O)c4c(O)c(c(/C=N/N5CCN(C6CCCC6)CC5)c(O)c4c3C2=O)NC(=O)/C(C)=C\C=C\[C@H](C)[C@H](O)[C@@H](C)[C@@H](O)[C@@H](C)[C@H](OC(C)=O)[C@@H]1C,PubChem_only,3.0917635282847171,3.185162,0.85148514851485146,similarity_ge_0p70_lt_1,True,True
e4fd83f2933e1ecea8ae,CO[C@H]1/C=C/O[C@@]2(C)Oc3c(C)c(O)c4c(O)c(c(C=O)c(O)c4c3C2=O)NC(=O)/C(C)=C\C=C\[C@H](C)[C@H](O)[C@@H](C)[C@@H](O)[C@@H](C)[C@H](OC(C)=O)[C@@H]1C,PubChem_only,3.2417164527791762,3.0889084000000002,0.80000000000000004,similarity_ge_0p70_lt_1,True,True
fa7402e1191b59f6169b,CO[C@H]1/C=C/O[C@@]2(C)Oc3c(C)c(O)c4c(O)c(cc(O)c4c3C2=O)NC(=O)/C(C)=C\C=C\[C@H](C)[C@H](O)[C@@H](C)[C@@H](O)[C@@H](C)[C@H](OC(C)=O)[C@@H]1C,PubChem_only,3.0478372552641182,3.0001633000000001,1,fingerprint_identical,False,True
17e394f47abb1ea67bb7,CO[C@H]1/C=C/O[C@@]2(C)Oc3c(C)c(O)c4c(c3C2=O)C(=O)C=C(NC(=O)/C(C)=C\C=C\[C@H](C)[C@H](O)[C@@H](C)[C@@H](O)[C@@H](C)[C@H](OC(C)=O)[C@@H]1C)C4=O,PubChem_only,3.4308409995047122,3.392099,1,fingerprint_identical,False,True
b05e13b53ffdf4491b7a,CO[C@H]1/C=C/[C@@](C)(O)/C=C/C(=O)O[C@H](C)[C@@H](C)CC/C=C/1C,PubChem_only,2.3130484575105008,2.4151804000000001,1,fingerprint_identical,False,True
a23cf26679ce8ebe9b65,CO[C@H]1C=CC2=CCN3CCC4=C(CC(=O)OC4)[C@]23C1,PubChem_only,4.0564792374376131,4.0803430000000001,1,fingerprint_identical,False,True
4605848e424aa5ac6615,CO[C@H]1C[C@@H]2CC[C@@H](C)[C@@](O)(O2)C(=O)C(=O)N2CCCC[C@H]2C(=O)O[C@H]([C@H](C)C[C@@H]2CC[C@@H](O)[C@H](OC)C2)CC(=O)[C@H](C)/C=C(\C)[C@@H](O)[C@@H](OC)C(=O)[C@H](C)C[C@H](C)/C=C/C=C/C=C/1C,PubChem_only,3.1850607100763964,3.1824488999999998,1,fingerprint_identical,False,True
69a94196ab7b5cce977b,CO[C@H]1C[C@H](O[C@H]2CC[C@]3(C=O)[C@H]4CC[C@]5(C)[C@@H](C6=CC(=O)OC6)CC[C@]5(O)[C@@H]4CC[C@]3(O)C2)O[C@H](C)[C@H]1O,PubChem_only,4.6601323431998098,4.6098986000000002,1,fingerprint_identical,False,True
4f79f58e22aa51575047,CO[C@H]1[C@@H](O)C[C@H](O[C@H]2[C@@H](O)C[C@H](O[C@H]3[C@@H](O)C[C@H](O[C@H]4CC[C@@]5(C)[C@H](CC[C@@H]6[C@@H]5C[C@@H](O)[C@]5(C)[C@@H](C7=CC(=O)OC7)CC[C@]65O)C4)O[C@@H]3C)O[C@@H]2C)O[C@@H]1C,PubChem_only,5.219112780306169,5.141006,1,fingerprint_identical,False,True
b19103d353b8699e25c1,CO[C@H]1[C@@H](O)[C@@H](C)O[C@H](O[C@H]2[C@H](Oc3cccc4c(O)c5c(=O)oc6ccc(C)c7c(=O)oc(c34)c5c67)O[C@H](C)[C@H](O)[C@@H]2O)[C@@H]1O,PubChem_only,3.3294616118917899,3.2478611000000002,1,fingerprint_identical,False,True
96270a48504ff13ee305,CO[C@]12CC[C@@]3(C[C@@H]1[C@](C)(O)C(C)(C)C)[C@H]1Cc4ccc(O)c5c4[C@@]3(CCN1CC1CC1)[C@H]2O5,PubChem_only,3.7156784292421183,3.6953079999999998,1,fingerprint_identical,False,True
60a5dc0a368c641eff8c,CO[C@]12C[C@@H](COC(=O)c3cncc(Br)c3)CN(C)[C@@H]1Cc1cn(C)c3cccc2c13,PubChem_only,3.3885335648060368,3.4054088999999998,1,fingerprint_identical,False,True
e090292197c87bf6c9d7,CO[C@]12C[C@@H](COC(=O)c3cncc(Cl)c3)CN(C)[C@@H]1Cc1cn(C)c3cccc2c13,PubChem_only,3.3359003740524247,3.3388971999999999,1,fingerprint_identical,False,True
c0364d0a2322ca7d8376,COc1c(C)c2c(c(O)c1C/C=C(\C)CCC(=O)O)C(=O)OC2,PubChem_only,2.8023211488505679,2.7088122000000001,1,fingerprint_identical,False,True
a77c9140e2ed45518f09,COc1c(O)cc2c(c1OC)-c1ccc(OC)c(=O)cc1[C@@H](NC(C)=O)CC2,PubChem_only,5.8300548841422088,4.4078454999999996,0.87037037037037035,similarity_ge_0p70_lt_1,True,True
0b24ffcdbfd2d6902850,COc1c(O)cc2c(c1OC)-c1ccc(SC)c(=O)cc1[C@@H](NC(C)=O)CC2,PubChem_only,4.5505897989079447,4.5189104000000002,1,fingerprint_identical,False,True
1c3390e9d55187bc0f64,COc1c(O[C@@H]2O[C@H](CO)[C@@H](O)[C@H](O)[C@H]2O)cc2c(c1OC)-c1ccc(OC)c(=O)cc1[C@@H](NC(C)=O)CC2,PubChem_only,3.2912713040365169,3.844373,0.71212121212121215,similarity_ge_0p70_lt_1,True,True
5bbc7012ec591fe81630,COc1c(O[C@@H]2O[C@H](CO)[C@@H](O)[C@H](O)[C@H]2O)cc2c(c1OC)-c1ccc(SC)c(=O)cc1[C@@H](NC(C)=O)CC2,PubChem_only,5.7509902483146274,3.899238,0.71830985915492962,similarity_ge_0p70_lt_1,True,True
4909e5663cd53e427533,COc1c(O[C@@H]2O[C@H](CO)[C@@H](O)[C@H](O)[C@H]2O)cc2occ(-c3ccc(O)cc3)c(=O)c2c1O,PubChem_only,2.0417751094920003,2.0764909,1,fingerprint_identical,False,True
a0fe2b8dceedf2f959ff,COc1c2occc2cc2ccc(=O)oc12,PubChem_only,2.9368996105468392,2.7338252000000001,0.61363636363636365,out_of_domain,True,False
2758f0e9de5cda4486bd,COc1cc(/C=C/C(=O)CC(=O)/C=C/c2ccc(O)c(OC)c2)ccc1O,PubChem_only,2.3902106791090469,2.8863458999999998,0.77142857142857146,similarity_ge_0p70_lt_1,True,True
f077d25a3601cbf53769,COc1cc(/C=C/C(C)=O)ccc1O,PubChem_only,2.4984551815232003,2.5046667999999999,1,fingerprint_identical,False,True
a9a806435c8fdf9e3f9a,COc1cc(=O)oc(/C=C/C=C/C=C/C(C)=C/[C@]2(C)O[C@H](C)[C@](C)(O)[C@H]2O)c1C,PubChem_only,4.7474193611435718,4.7227940000000004,1,fingerprint_identical,False,True
70639ab9132a8f78e777,COc1cc(C)c(/C=C/C(C)=C/C=C/C(C)=C/C(=O)O)c(C)c1C,PubChem_only,2.6687000075528906,2.6953505999999998,1,fingerprint_identical,False,True
e72090c29d57d6c23520,COc1cc(CNC(=O)CCCC/C=C/C(C)C)ccc1O,PubChem_only,4.6719812722475238,4.3230040000000001,1,fingerprint_identical,False,True
6844301eb4429ce6c709,COc1cc(CNC(=O)CCCC/C=C\C(C)C)ccc1O,PubChem_only,4.086954620218342,4.3230040000000001,1,fingerprint_identical,False,True
962025d436a5f451892a,COc1cc(Cc2cnc(N)nc2N)cc(OC)c1OC,PubChem_only,2.8608214515908883,2.3207260000000001,0.78048780487804881,similarity_ge_0p70_lt_1,True,True
781a4ce9d8f6aad53f09,COc1cc([C@@H]2c3cc4c(cc3[C@@H](O[C@@H]3O[C@@H]5CO[C@@H](C)O[C@H]5[C@H](O)[C@H]3O)[C@H]3COC(=O)[C@H]23)OCO4)cc(OC)c1O,PubChem_only,3.9636122448346529,3.9575619999999998,1,fingerprint_identical,False,True
2272ced529a85e9a8c33,COc1cc([C@@H]2c3cc4c(cc3[C@@H](O[C@@H]3O[C@@H]5CO[C@@H](c6cccs6)O[C@H]5[C@H](O)[C@H]3O)[C@H]3COC(=O)[C@H]23)OCO4)cc(OC)c1O,PubChem_only,4.3464905605481219,4.2940740000000002,1,fingerprint_identical,False,True
c9486d76ee0e23ee4736,COc1cc([C@@H]2c3cc4c(cc3[C@H](O)[C@H]3COC(=O)[C@@H]23)OCO4)cc(OC)c1OC,PubChem_only,3.1702721953477071,3.3107991000000001,0.63636363636363635,out_of_domain,True,False
9aa5c44d848f893406fd,COc1cc([C@@H]2c3cc4c(cc3[C@H](O)[C@H]3COC(=O)[C@H]23)OCO4)cc(OC)c1OC,PubChem_only,4.1403089719702644,3.3107991000000001,0.63636363636363635,out_of_domain,True,False
97e21b317b600a5cee8a,COc1cc2c(c(OC)c1OC)-c1c(cc(OC)c(OC)c1OC)C[C@](C)(O)[C@@H](C)C2,PubChem_only,2.9216694057976023,2.9373238000000002,1,fingerprint_identical,False,True
3f8c8f123c50a0f6be0b,COc1cc2c(c(OC)c1OC)-c1ccc(O)c(=O)cc1[C@@H](N)CC2,PubChem_only,3.234743735862736,3.2751402999999999,1,fingerprint_identical,False,True
77133233986474e5f26e,COc1cc2c(c(OC)c1OC)-c1ccc(O)c(=O)cc1[C@@H](NC(C)=O)CC2,PubChem_only,3.6616504537528183,3.7699676000000002,1,fingerprint_identical,False,True
d02a14810050f9a285ed,COc1cc2c(c(OC)c1OC)-c1ccc(OC)c(=O)cc1[C@@H](N)CC2,PubChem_only,3.8904040073247024,3.8709118,1,fingerprint_identical,False,True
e57464f4d7ef8c36cc8d,COc1cc2c(c(OC)c1OC)-c1ccc(OC)c(=O)cc1[C@@H](NC(C)=O)CC2,PubChem_only,5.3973348321539794,5.286168,1,fingerprint_identical,False,True
98572aaa1403e84e9b4f,COc1cc2c(c(OC)c1OC)-c1ccc(OC)c(=O)cc1[C@@H](NC=O)CC2,PubChem_only,5.1600695947368598,4.3463989999999999,0.80000000000000004,similarity_ge_0p70_lt_1,True,True
4164b200a7ab3161b377,COc1cc2c(c(OC)c1OC)-c1ccc(SC)c(=O)cc1[C@@H](N)CC2,PubChem_only,3.752716437545121,3.7250247000000001,1,fingerprint_identical,False,True
f1cfb3a1698040706ee3,COc1cc2c(c(OC)c1OC)-c1ccc(SC)c(=O)cc1[C@@H](NC(C)=O)CC2,PubChem_only,5.6198873672237939,5.4668755999999998,1,fingerprint_identical,False,True
c740051e8c6db2bf43f1,COc1cc2c(c(OC)c1OC)-c1ccc(SC)c(=O)cc1[C@@H](NC=O)CC2,PubChem_only,3.838745257741476,3.9288812000000002,1,fingerprint_identical,False,True
6f18b04aca6ef3b53361,COc1cc2c(c3oc(=O)c4c(c13)CCC4=O)[C@@H]1C=CO[C@@H]1O2,PubChem_only,4.516816393219532,2.9933035000000001,0.24390243902439024,out_of_domain,True,False
eb85996276ee593432dc,COc1cc2c(cc1O)C[C@H]1c3c(cc(O)c(OC)c3-2)CCN1C,PubChem_only,3.3536841421294392,3.3798686999999998,1,fingerprint_identical,False,True
24ed88e330c8237b7b36,COc1cc2c(cc1O)C[C@H]1c3cc(O)c(OC)cc3CC[N+]1(C)C2,PubChem_only,3.6925679767495216,3.7221084000000002,1,fingerprint_identical,False,True
88a697a9986c5cabc9ee,COc1cc2c(cc1OC)-c1c(OC)c(OC)cc3c1[C@H](C2)N(C)CC3,PubChem_only,3.3280424979213641,3.3435302,1,fingerprint_identical,False,True
29dac24af38e2b55d09a,COc1cc2c(cc1OC)[C@@H](Cc1ccc(Oc3cc(C[C@@H]4c5cc(OC)c(OC)cc5CCN4C)ccc3O)cc1)N(C)CC2,PubChem_only,3.5285540001377762,3.5620772999999999,1,fingerprint_identical,False,True
d20363e669d9757434ac,COc1cc2c(cc1OC)[C@@H]1Cc3ccc(OC)c(OC)c3CN1CC2,PubChem_only,3.5507589690689474,3.6540127,0.76595744680851063,similarity_ge_0p70_lt_1,True,True
4866086276cae24616d8,COc1cc2c(cc1OC)[C@@]13CCN4CC5=CCO[C@H]6CC(=O)N2[C@H]1[C@H]6[C@H]5C[C@H]43,PubChem_only,3.8036233915505688,3.7721328999999999,1,fingerprint_identical,False,True
170fe278662943b43664,COc1cc2c3c(c1OC)-c1ccccc1C[C@H]3N(C)CC2,PubChem_only,3.551305934351872,3.6659160000000002,1,fingerprint_identical,False,True
9583acf3d996de6a444c,COc1cc2nc(N3CCN(C(=O)C4COc5ccccc5O4)CC3)nc(N)c2cc1OC,PubChem_only,3.2619444489088201,3.3961480000000002,0.58823529411764708,out_of_domain,True,False
4ecf9a2e17b225ed5fe6,COc1ccc(/C(Cl)=C/C=O)cc1,PubChem_only,3.0218147986952371,2.9884559999999998,1,fingerprint_identical,False,True
dcd1b168e02bf09f7e72,COc1ccc(/C=C/C#N)cc1,PubChem_only,2.8634538327982559,2.7744095,1,fingerprint_identical,False,True
be6344a19bc43a23e6a6,COc1ccc(/C=C/C(=O)Nc2ccccc2C(=O)O)cc1OC,PubChem_only,2.929533041584961,2.8604310000000002,1,fingerprint_identical,False,True
58b594945700e8fa7457,COc1ccc(/C=C/C(=O)c2ccc(O)c(C(=O)O)c2)cc1,PubChem_only,2.6753039684304456,2.6788150000000002,1,fingerprint_identical,False,True
638f7563c283d923e0a3,COc1ccc(/C=C2/SC(=S)N(NC(=O)c3ccncc3)C2=O)cc1,PubChem_only,2.7247941382848917,2.6556446999999999,1,fingerprint_identical,False,True
346cc368bbde5f05f0b4,COc1ccc(/C=N/NC(=O)CSc2nc3ccccc3s2)cc1,PubChem_only,2.1914996150112649,2.2302737000000001,1,fingerprint_identical,False,True
bdcb38b1ec7d268eea86,COc1ccc(C(=O)O[C@H]2CC[C@@]3(C)[C@@H]4CC[C@H]5[C@]6(O)C[C@H](O)[C@@]7(O)[C@@H](CN8C[C@@H](C)CC[C@H]8[C@@]7(C)O)[C@]6(O)C[C@@]53O[C@]24O)cc1OC,PubChem_only,5.6981972381500956,5.5742434999999997,1,fingerprint_identical,False,True
d81667e5424454052e2d,COc1ccc(C(=O)c2ccccc2)c(O)c1,PubChem_only,2.8812838233070122,2.6203983000000002,0.76470588235294112,similarity_ge_0p70_lt_1,True,True
b69d0f57ef7efb6a0352,COc1ccc(C2C(=O)c3ccccc3C2=O)cc1,PubChem_only,3.1008338899859305,2.8048202999999998,0.6333333333333333,out_of_domain,True,False
8f4bfe5d9a9df3fb9503,COc1ccc(CCNC[C@H](O)c2ccc(O)cc2)cc1OC,PubChem_only,2.2838393243571522,2.4182959999999998,1,fingerprint_identical,False,True
027bbd46894cf7da62a5,COc1ccc(C[C@H](N)C(=O)N[C@H]2[C@@H](O)[C@H](n3cnc4c(N(C)C)ncnc43)O[C@@H]2CO)cc1,PubChem_only,2.9100702828348242,3.1583416,0.41463414634146339,out_of_domain,True,False
d9358ef2bee16ad7aac6,COc1ccc(C[C@H]2NC[C@H](O)[C@H]2OC(C)=O)cc1,PubChem_only,2.821691991349581,2.7387614,1,fingerprint_identical,False,True
b3511e0b7913b04d9f40,COc1ccc(C[C@H]2c3cc(O)c(OC)cc3CCN2C)cc1O,PubChem_only,3.769530294031314,3.7209287,1,fingerprint_identical,False,True
8b268b7299a0125cf35b,COc1ccc(O)cc1,PubChem_only,2.6959682339382303,2.5611261999999999,0.6875,out_of_domain,True,False
797be36f27e66bd06132,COc1ccc(OC)c([C@@H](O)[C@H](C)N)c1,PubChem_only,3.3610315038379608,3.3666507999999999,1,fingerprint_identical,False,True
4bf64298de501def050d,COc1ccc([C@@H]2CC(=O)c3c(O)cc(O[C@@H]4O[C@H](CO[C@@H]5O[C@@H](C)[C@H](O)[C@@H](O)[C@H]5O)[C@@H](O)[C@H](O)[C@H]4O)cc3O2)cc1O,PubChem_only,2.7857319051992482,2.7828857999999999,1,fingerprint_identical,False,True
cf9b036170775d8fffd2,COc1ccc([C@@H]2Sc3ccccc3N(CCN(C)C)C(=O)[C@@H]2OC(C)=O)cc1,PubChem_only,3.3695795569903995,3.3359253,1,fingerprint_identical,False,True
3e2404c3f14ec30ebf00,COc1ccc2c(c1)N(C[C@H](C)CN(C)C)c1ccccc1S2,PubChem_only,3.530859280467268,3.5233371,1,fingerprint_identical,False,True
5d784c48cf2417660e8b,COc1ccc2c(c1)c(CC(=O)OC/C=C(\C)CC/C=C(\C)CCC=C(C)C)c(C)n2C(=O)c1ccc(Cl)cc1,PubChem_only,2.6342417033257486,2.665,1,fingerprint_identical,False,True
491b85411a1d6a59c79e,COc1ccc2c(c1O)-c1c(O)c(OC)cc3c1[C@H](C2)[N+](C)(C)CC3,PubChem_only,4.2422967099831599,4.2458660000000004,1,fingerprint_identical,False,True
ee6aad7a638c66009a1b,COc1ccc2c(c1O)-c1c(OC)c(OC)cc3c1[C@H](C2)N(C)CC3,PubChem_only,3.8172690777432341,3.5635731000000002,1,fingerprint_identical,False,True
de6fdb689cb308d076dd,COc1ccc2c(c1O)-c1c3c(cc4c1[C@H](C2)N(C)CC4)OCO3,PubChem_only,3.251106629819827,3.3166497000000001,1,fingerprint_identical,False,True
0b0b8b605d2cc22f4371,COc1ccc2c(c1OC)C(=O)O[C@@H]2[C@H]1c2c(cc3c(c2OC)OCO3)CCN1C,PubChem_only,2.7296251424962921,2.9455037000000002,1,fingerprint_identical,False,True
397a3fcbd8b4a154cb68,COc1ccc2c(c1OC)C(=O)O[C@H]2[C@H]1c2c(cc3c(c2OC)OCO3)CCN1C,PubChem_only,3.2098576051167749,2.9455037000000002,1,fingerprint_identical,False,True
fd8ed7c15dc178c159b5,COc1ccc2c3c1O[C@H]1C(=O)CC[C@@]4(O)[C@@H](C2)N(C)CC[C@]314,PubChem_only,2.99366902268752,3.0240478999999998,1,fingerprint_identical,False,True
d88fe285b9e17da825c5,COc1ccc2c3c1O[C@H]1C[C@@H](O)C=C[C@@]31CCN(C)C2,PubChem_only,4.4584248036591285,4.4140987000000003,1,fingerprint_identical,False,True
94d0a4a1bb31c8de5d7f,COc1ccc2c3c1O[C@H]1[C@@H](O)C=C[C@H]4[C@@H](C2)N(C)CC[C@@]341,PubChem_only,3.4348155921873258,3.4432254000000002,1,fingerprint_identical,False,True
9e1f812888b9871f7f67,COc1ccc2c3c1O[C@H]1[C@@H](O)C=C[C@H]4[C@@H](C2)NCC[C@@]341,PubChem_only,2.8930743584994252,2.9637756,1,fingerprint_identical,False,True
c37c4d5f6690d8370d64,COc1ccc2c3c1O[C@H]1[C@@H](O)CC[C@H]4[C@@H](C2)N(C)CC[C@@]341,PubChem_only,3.0777225337930822,3.3725803000000001,0.66101694915254239,out_of_domain,True,False
42602cc96507d9103808,COc1ccc2c3c1O[C@H]1[C@@H](OC(=O)c4cccnc4)C=C[C@H]4[C@@H](C2)N(C)CC[C@@]341,PubChem_only,3.9256407826814961,3.8654655999999998,1,fingerprint_identical,False,True
9fbcae180d1b7f33e690,COc1ccc2c3c4n(c2c1)[C@@H](C=C(C)C)OOC(C)(C)C[C@@H]4N1C(=O)[C@@H]2CCCN2C(=O)[C@]1(O)[C@H]3O,PubChem_only,5.3286980712112424,3.6388497000000002,0.26373626373626374,out_of_domain,True,False
3e82d20d791ad7eca92a,COc1ccc2cc(CCC(C)=O)ccc2c1,PubChem_only,1.9819118334202224,2.7910396999999998,0.61111111111111116,out_of_domain,True,False
6400755f971690cc6880,COc1ccc2cc([C@H](C)C(=O)O)ccc2c1,PubChem_only,2.6632541542674515,2.7098289000000002,1,fingerprint_identical,False,True
88d6a62828e133807261,COc1ccc2cc1Oc1ccc(cc1)C[C@H]1c3c(cc4c(c3Oc3cc5c(cc3OC)CCN(C)[C@@H]5C2)OCO4)CCN1C,PubChem_only,3.6860775825062095,3.6940750000000002,1,fingerprint_identical,False,True
fc721e590c2c6d36fa4a,COc1ccc2cc1Oc1ccc(cc1)C[C@H]1c3cc(c(OC)cc3CCN1C)Oc1c(OC)c(OC)cc3c1[C@H](C2)N(C)CC3,PubChem_only,4.1783720530524597,3.8601070000000002,1,fingerprint_identical,False,True
d3ca4ef820943ccc77ee,COc1cccc2c1C(=O)c1c(O)c3c(c(O)c1C2=O)C[C@@](O)(C(=O)CO)C[C@@H]3O[C@H]1C[C@H](N)[C@H](O)[C@H](C)O1,PubChem_only,4.696599362760276,4.5228953000000001,1,fingerprint_identical,False,True
730961d477fd7af46d3c,COc1cccc2c1C(=O)c1c(O)c3c(c(O)c1C2=O)C[C@@](O)(C(C)=NNC(=O)c1ccccc1)C[C@@H]3O[C@H]1C[C@H](N)[C@H](O)[C@H](C)O1,PubChem_only,4.3519740524522392,4.3085164999999996,1,fingerprint_identical,False,True
00220fcf3e071b8b5a5d,COc1cccc2c1C(=O)c1c(O)c3c(c(O)c1C2=O)C[C@@](O)(C(C)=O)C[C@@H]3O[C@H]1C[C@H](N)[C@H](O)[C@H](C)O1,PubChem_only,5.2789808819674544,5.1890663999999997,1,fingerprint_identical,False,True
5efe3be721530991cc20,COc1cccc2c1C(=O)c1c(O)c3c(c(O)c1C2=O)C[C@@](O)([C@H](C)O)C[C@@H]3O[C@H]1C[C@H](N)[C@H](O)[C@H](C)O1,PubChem_only,4.9109870547220158,4.9630675000000002,1,fingerprint_identical,False,True
fadfa0ae6ee16613de14,COc1ccccc1/C=C\C(=O)O,PubChem_only,2.0747847569515088,2.1824338000000001,1,fingerprint_identical,False,True
4795b560fd3e199837c8,COc1ccccc1OCC(O)CO,PubChem_only,2.602537890901472,2.2234463999999998,0.8214285714285714,similarity_ge_0p70_lt_1,True,True
74b24cda5c9db61a0739,COc1ccccc1OCC(O)COC(N)=O,PubChem_only,2.404731115253496,2.4887624000000002,0.7567567567567568,similarity_ge_0p70_lt_1,True,True
e51121af9c67ff53a2cb,CS(=O)(=O)NC(=O)CCC/C=C\C[C@H]1C(=O)C[C@@H](O)[C@@H]1/C=C/[C@@H](O)COc1ccccc1,PubChem_only,4.4127106170947599,4.3659124,1,fingerprint_identical,False,True
548e36598c88e6679fd9,CS(=O)(=O)c1ccc([C@@H](O)[C@@H](COC(=O)CN)NC(=O)C(Cl)Cl)cc1,PubChem_only,2.4278774119167728,2.4024975,1,fingerprint_identical,False,True
dc82f362673aedfab81f,CS(C)=O,PubChem_only,1.4949111660386842,1.8029474000000001,0.45454545454545453,out_of_domain,True,False
6e3c69c3d897d7825c91,CSc1nc(N=[N+]=[N-])nc(NC(C)C)n1,PubChem_only,2.9294786913195909,2.8496744999999999,0.5,out_of_domain,True,False
b52b757ff5d7c8fa2567,CSc1ncnc2c1ncn2[C@@H]1O[C@H](CO)[C@@H](O)[C@H]1O,PubChem_only,3.3379676263608333,3.3003209999999998,1,fingerprint_identical,False,True
3d36bbe8b92e5ab23779,CSc1nsc(N)n1,PubChem_only,2.5939591447811989,2.4894772000000001,0.37931034482758619,out_of_domain,True,False
35ff48ab1dba185f6cde,C[C@@H](Cc1ccccc1)N(C)Cc1ccccc1,PubChem_only,3.5529804022658564,3.6352229999999999,1,fingerprint_identical,False,True
93c1b58da87de57ef832,C[C@@H](Cc1ccccc1)NCc1ccccc1Cl,PubChem_only,3.401768487759377,3.4264215999999998,1,fingerprint_identical,False,True
1a86f3c8891a76b7b1c9,C[C@@H](N)[C@@H](O)c1ccccc1,PubChem_only,2.6032362910520725,2.8032314999999999,1,fingerprint_identical,False,True
b292a8d0faadcb4deaf2,C[C@@H](NCCc1ccc(O)cc1)[C@@H](O)c1ccc(O)cc1,PubChem_only,3.0089464044717635,3.0475322999999999,1,fingerprint_identical,False,True
359c2a14907c512ae29a,C[C@@H]([C@H](O)c1ccccc1)N(C)C,PubChem_only,2.9190369089966861,2.9878087,1,fingerprint_identical,False,True
0ac9219f0f0e359e1f32,C[C@@H]1C/C=C/C=C/C=C/C=C/[C@H](O[C@@H]2O[C@H](C)[C@@H](O)[C@H](N)[C@@H]2O)C[C@@H]2O[C@](O)(C[C@@H](O)C[C@H]3O[C@@H]3/C=C/C(=O)O1)C[C@H](O)[C@H]2C(=O)O,PubChem_only,4.2212400938837202,4.1767050000000001,1,fingerprint_identical,False,True
7d047189e7706e089733,C[C@@H]1CCN(C(=O)[C@H](CCCN=C(N)N)NS(=O)(=O)c2cccc3c2NC[C@H](C)C3)[C@@H](C(=O)O)C1,PubChem_only,3.0297211700983491,3.0527148,0.34951456310679613,out_of_domain,True,False
7f823bda23b2b440bb96,C[C@@H]1CC[C@@]2(NC1)O[C@H]1C[C@H]3[C@@H]4CC=C5C[C@@H](O)CC[C@]5(C)[C@H]4CC[C@]3(C)[C@H]1[C@@H]2C,PubChem_only,2.6628691372774957,2.6632125000000002,1,fingerprint_identical,False,True
c78b1bf0043a194a0053,C[C@@H]1CC[C@@]2(NC1)O[C@H]1C[C@H]3[C@@H]4CC=C5C[C@@H](O[C@@H]6O[C@H](CO)[C@H](O)[C@H](O[C@@H]7O[C@H](CO)[C@@H](O)[C@H](O)[C@H]7O)[C@H]6O[C@@H]6O[C@@H](C)[C@H](O)[C@@H](O)[C@H]6O)CC[C@]5(C)[C@H]4CC[C@]3(C)[C@H]1[C@@H]2C,PubChem_only,4.0583071595677724,4.0558405000000004,1,fingerprint_identical,False,True
4c74fb02d03ba6257549,C[C@@H]1CC[C@@]2(OC1)O[C@H]1C[C@H]3[C@@H]4CC=C5C[C@@H](O)CC[C@]5(C)[C@H]4CC[C@]3(C)[C@H]1[C@@H]2C,PubChem_only,2.0657230263271682,2.1437306,1,fingerprint_identical,False,True
d98721e6fd89524c99f8,C[C@@H]1CC[C@H]2[C@@H](C)C(=O)O[C@@H]3O[C@@]4(C)CC[C@@H]1[C@]32OO4,PubChem_only,2.258198804210092,3.6345165000000001,0.2711864406779661,out_of_domain,True,False
32bcc453c15d4562f0be,C[C@@H]1CN(CCCn2c3ccccc3c3ccccc32)C[C@H](C)N1,PubChem_only,3.2399660198833677,3.226375,1,fingerprint_identical,False,True
b3a1c958d3071beb68e1,C[C@@H]1C[C@@H](O)[C@@]2(O)[C@@]13C[C@@H](OC(=O)[C@@H]3O)[C@](C)(O)[C@@]21COC1=O,PubChem_only,5.6711953307292351,4.2819433,0.68627450980392157,out_of_domain,True,False
7680b5b1f6b1e0f4075b,C[C@@H]1C[C@@H]([C@H](O)CC2CC(=O)NC(=O)C2)C(=O)[C@@H](C)C1,PubChem_only,3.4492500066976768,3.0173584999999998,0.55555555555555558,out_of_domain,True,False
e644038086428ef3a6d4,C[C@@H]1C[C@@]2(O[C@H]2C)C(=O)O[C@@H]2CCN(C)C/C=C(/COC(=O)[C@]1(C)O)C2=O,PubChem_only,2.7820686054499659,2.7929263,1,fingerprint_identical,False,True
e298849c77c230fed804,C[C@@H]1C[C@H](O)[C@]2(O)O[C@@H]3C[C@@]4(C=O)[C@@H](CC[C@@H]5[C@@H]4CC[C@]4(C)[C@@H](C6=CC(=O)OC6)CC[C@]54O)C[C@H]3O[C@@H]2O1,PubChem_only,4.7351995484223135,4.6937670000000002,1,fingerprint_identical,False,True
8c76e1d56fe107a23b1f,C[C@@H]1C[C@H]2[C@@H]3CCC4=CC(=O)C=C[C@]4(C)[C@@]3(F)[C@@H](O)C[C@]2(C)[C@@]1(O)C(=O)CO,PubChem_only,2.9810192888955069,3.0269162999999999,1,fingerprint_identical,False,True
2e8b825e53dbaf98cc89,C[C@@H]1C[C@H]2[C@@H]3CCC4=CC(=O)C=C[C@]4(C)[C@@]3(F)[C@@H](O)C[C@]2(C)[C@@]1(O)C(=O)COC(=O)c1ccncc1,PubChem_only,3.2481417577799401,3.2072970000000001,1,fingerprint_identical,False,True
3202b8e5f0b03d6add5a,C[C@@H]1C[C@H]2[C@@H]3CCC4=CC(=O)C=C[C@]4(C)[C@@]3(F)[C@@H](O)C[C@]2(C)[C@@]1(O)C(=O)COP(=O)(O)O,PubChem_only,2.9339894868595384,2.8240069999999999,1,fingerprint_identical,False,True
4f308b8e95e9b1358017,C[C@@H]1NC(=O)[C@H](C[C@@](C)(O)CO)NC(=O)[C@@H]2Cc3c([nH]c4ccccc34)SC[C@H](NC(=O)[C@@H]([C@H](C)O)NC1=O)C(=O)N1C[C@@H](O)C[C@H]1C(=O)N[C@@H](C)C(=O)N2,PubChem_only,5.5959815006492351,5.4337353999999998,1,fingerprint_identical,False,True
83ed38810381a3b997aa,C[C@@H]1O[C@@H](CC(=O)O)CC2=C1C(=O)c1c(O)cccc1C2=O,PubChem_only,4.0301631786751342,3.9662578000000002,1,fingerprint_identical,False,True
c1fafe1cd4bdd66ef023,C[C@@H]1O[C@@H](OC[C@H]2O[C@@H](Oc3c(-c4ccc(O)c(O)c4)oc4cc(O)cc(O)c4c3=O)[C@H](O)[C@@H](O)[C@@H]2O)[C@H](O)[C@H](O)[C@H]1O,PubChem_only,3.48467061123652,3.4183102000000001,1,fingerprint_identical,False,True
6666f54a908462747fc9,C[C@@H]1O[C@@H](O[C@H]2CC[C@H](O[C@H]3[C@H](O)C[C@H](c4ccc5c(c4O)C(=O)C4=C(C5=O)[C@@]5(O)C(=O)C[C@](C)(O[C@H]6CC[C@H](O[C@H]7C=CC(=O)[C@H](C)O7)[C@H](C)O6)C[C@@]5(O)C=C4)O[C@@H]3C)O[C@H]2C)C=CC1=O,PubChem_only,3.9708046435254758,4.7184549999999996,0.43220338983050849,out_of_domain,True,False
6ead8260b830b0cd43b5,C[C@@H]1O[C@@H](O[C@H]2CC[C@]3(C=O)[C@H]4CC[C@]5(C)[C@@H](C6=CC(=O)OC6)CC[C@]5(O)[C@@H]4CC[C@]3(O)C2)[C@H](O)[C@H](O)[C@H]1O,PubChem_only,4.7408717000705769,4.6660240000000002,1,fingerprint_identical,False,True
0ddc04d17ac5835a17b3,C[C@@H]1O[C@@H](O[C@H]2CC[C@]3(C=O)[C@H]4CC[C@]5(C)[C@@H](c6ccc(=O)oc6)CC[C@]5(O)[C@@H]4CC[C@]3(O)C2)[C@H](O)[C@H](O)[C@H]1O[C@@H]1O[C@H](CO)[C@@H](O)[C@H](O)[C@H]1O,PubChem_only,4.9359371010266573,4.1712420000000003,0.59999999999999998,out_of_domain,True,False
d1cc930fadd5509c1f51,C[C@@H]1O[C@@H](O[C@H]2[C@H](O[C@H]3CC[C@@]4(C)[C@@H](CC[C@]5(C)[C@@H]4CC=C4[C@@H]6CC(C)(C)CC[C@]6(C(=O)O)CC[C@]45C)[C@]3(C)CO)OC[C@H](O)[C@@H]2O)[C@H](O)[C@H](O)[C@H]1O,PubChem_only,2.6203483479690521,2.6804036999999998,1,fingerprint_identical,False,True
e5801b1275dfe43d40dd,C[C@@H]1O[C@@H](Oc2c(-c3ccc(O)c(O)c3)oc3cc(O)cc(O)c3c2=O)[C@H](O)[C@H](O)[C@H]1O,PubChem_only,3.3506162369758314,3.2620988,1,fingerprint_identical,False,True
1ad3868bbe8248c995d3,C[C@@H]1O[C@@H]1P(=O)(O)O,PubChem_only,1.802605462056468,1.8285354,1,fingerprint_identical,False,True
ba50ae0d3fbbb4f19964,C[C@@H]1[C@H](O)[C@@H](C)/C=C/C=C/C=C/C=C/C=C/C=C/C=C/[C@H](O[C@@H]2O[C@H](C)[C@@H](O)[C@H](N)[C@@H]2O)C[C@@H]2O[C@](O)(C[C@@H](O)C[C@@H](O)[C@H](O)CC[C@@H](O)C[C@@H](O)CC(=O)O[C@H]1C)C[C@H](O)[C@H]2C(=O)O,PubChem_only,4.5226082838030583,4.5011489999999998,1,fingerprint_identical,False,True
07d9675c1116d3f9137b,C[C@@H]1[C@H](O)[C@@H](C)/C=C/C=C/CC/C=C/C=C/C=C/C=C/C(O[C@H]2O[C@H](C)[C@@H](O)[C@H](N)[C@@H]2O)CC2O[C@](O)(CC(O)C(O)CCC(O)CC(O)CC(O)CC(=O)O[C@H]1C)CC(O)C2C(=O)O,PubChem_only,5.3232084903523091,4.6497529999999996,0.87058823529411766,similarity_ge_0p70_lt_1,True,True
b5620c97457ffa797c46,C[C@@](Cc1ccc(O)c(O)c1)(NN)C(=O)O,PubChem_only,2.8660033183971052,2.8873509999999998,1,fingerprint_identical,False,True
50f30780a2741f1c67d4,C[C@@]12C(=O)OC(=O)[C@]1(C)[C@H]1CC[C@@H]2O1,PubChem_only,5.2927034300803051,5.2303100000000002,1,fingerprint_identical,False,True
5d4f210d65fee49bc65d,C[C@@]12CC[C@@H]3[C@@](CC[C@H]4[C@@]3(C)CCC[C@@]4(C)C(=O)O)(CC1=O)C2,PubChem_only,2.4736670218638728,2.5184953000000001,1,fingerprint_identical,False,True
e02159bf8b73215d08f3,C[C@@]12C[C@@]3(O)O[C@@H](O1)[C@]1(COC(=O)c4ccccc4)[C@H]3C[C@@]12O[C@@H]1O[C@H](CO)[C@@H](O)[C@H](O)[C@H]1O,PubChem_only,2.1338879550146022,3.5925395,0.35294117647058826,out_of_domain,True,False
f40b5c230d37bd1f4a8a,C[C@H](CCC(=O)O)C[C@H](C)C[C@H](C)C(=O)/C=C(\O)[C@H](C)C[C@H](C)C/C=C/[C@@H](C)[C@@H](O)[C@@H](C)[C@@H](O)C[C@@H]1CC[C@@](C)([C@H]2CC[C@@](C)([C@@H](C)O)O2)O1,PubChem_only,4.7714760148074351,4.7132883000000003,1,fingerprint_identical,False,True
103a27f4febddc8db93c,C[C@H](CCC(=O)O)[C@H]1CC[C@H]2[C@@H]3[C@@H](O)C[C@@H]4C[C@H](O)CC[C@]4(C)[C@H]3CC[C@]12C,PubChem_only,2.5147469246343817,3.5099005999999999,0.77777777777777779,similarity_ge_0p70_lt_1,True,True
35032e3c9163d2f3e06f,C[C@H](CCC(=O)O)[C@H]1CC[C@H]2[C@@H]3[C@H](O)C[C@@H]4C[C@H](O)CC[C@]4(C)[C@H]3CC[C@]12C,PubChem_only,3.6594297194384389,3.5099005999999999,0.77777777777777779,similarity_ge_0p70_lt_1,True,True
7fef573907872d640620,C[C@H](COc1ccccc1)N[C@H](C)[C@@H](O)c1ccc(O)cc1,PubChem_only,3.407241067268501,3.2626716999999998,1,fingerprint_identical,False,True
07293f876ba600d216b0,C[C@H](N)Cc1ccccc1,PubChem_only,4.4875561363044527,3.2773995,0.75,similarity_ge_0p70_lt_1,True,True
0ca484205db309846450,C[C@H](N)[C@@H](O)c1ccccc1,PubChem_only,2.972751765226016,2.8032314999999999,1,fingerprint_identical,False,True
a3ce5f081d16d651485e,C[C@H](N)[C@H](O)c1ccccc1,PubChem_only,2.7119695356742319,2.8032314999999999,1,fingerprint_identical,False,True
5f8e5444144feeb3d0f6,C[C@H](NCCn1cnc2c1c(=O)n(C)c(=O)n2C)[C@H](O)c1ccccc1,PubChem_only,2.8330122565254623,2.8826282000000001,1,fingerprint_identical,False,True
5096661e6081d0bcc3d7,C[C@H](O)C(=O)O,PubChem_only,1.4502838231803137,1.5234213000000001,1,fingerprint_identical,False,True
7348fcf2b69bc97ec084,C[C@H]1C(=O)O[C@@H]2CCN3CC=C(COC(=O)[C@](C)(O)[C@]1(C)O)[C@H]23,PubChem_only,3.099065730125381,3.0970510999999998,1,fingerprint_identical,False,True
0d709cc7ffda5f0c2597,C[C@H]1C/C=C/[C@H]2[C@@H]3O[C@]3(C)[C@@H](C)[C@H]3[C@H](Cc4ccccc4)NC(=O)[C@]32OC(=O)O/C=C/[C@@](C)(O)C1=O,PubChem_only,5.2637429964404863,5.1695833000000002,1,fingerprint_identical,False,True
a1197a471da5f545d5e4,C[C@H]1CCC/C=C/[C@@H]2C[C@H](O)C[C@H]2[C@H](O)/C=C/C(=O)O1,PubChem_only,3.0497822388355571,3.0299610000000001,1,fingerprint_identical,False,True
2db40b1febcdf9de2237,C[C@H]1CCCC(=O)CCC/C=C/c2cc(O)cc(O)c2C(=O)O1,PubChem_only,4.8039607689746537,2.9999760000000002,0.4098360655737705,out_of_domain,True,False
e944488de855b92a993e,C[C@H]1CC[C@@H]2[C@@H](C)[C@H]3[C@H](C[C@H]4[C@@H]5CC=C6C[C@@H](O[C@@H]7O[C@H](CO)[C@@H](O[C@@H]8O[C@@H](C)[C@H](O)[C@@H](O)[C@H]8O)[C@H](O)[C@H]7O[C@@H]7O[C@@H](C)[C@H](O)[C@@H](O)[C@H]7O)CC[C@]6(C)[C@H]5CC[C@]34C)N2C1,PubChem_only,4.6517226932053468,4.5750685000000004,1,fingerprint_identical,False,True
a433423182e8a949c5c1,C[C@H]1CC[C@@H]2[C@@H](C)[C@H]3[C@H](C[C@H]4[C@@H]5CC=C6C[C@@H](O[C@@H]7O[C@H](CO)[C@H](O)[C@H](O[C@@H]8O[C@H](CO)[C@@H](O)[C@H](O)[C@H]8O)[C@H]7O[C@H]7O[C@@H](C)[C@H](O)[C@@H](O)[C@H]7O)CC[C@]6(C)[C@H]5CC[C@]34C)N2C1,PubChem_only,4.4334052694915842,4.3751388000000002,1,fingerprint_identical,False,True
564bf00b453f82266556,C[C@H]1CC[C@]2(NC1)O[C@H]1C[C@H]3[C@@H]4CC[C@H]5C[C@@H](O[C@@H]6O[C@H](CO)[C@H](O[C@@H]7O[C@H](CO)[C@@H](O)[C@H](O[C@@H]8OC[C@@H](O)[C@H](O)[C@H]8O)[C@H]7O[C@@H]7O[C@H](CO)[C@@H](O)[C@H](O)[C@H]7O)[C@H](O)[C@H]6O)CC[C@]5(C)[C@H]4CC[C@]3(C)[C@H]1[C@@H]2C,PubChem_only,4.6166645247640137,4.5840630000000004,1,fingerprint_identical,False,True
42cf3c2f172577b09b7c,C[C@H]1C[C@@H]2[C@H]([C@@H](O)C[C@@]3(C)[C@H]2CC[C@]3(O)C(=O)CO)[C@@]2(C)C=CC(=O)C=C12,PubChem_only,2.2132105356297789,2.339159,1,fingerprint_identical,False,True
04a69dec2340ab8b65c3,C[C@H]1C[C@H]2[C@@H]3CCC4=CC(=O)C=C[C@]4(C)[C@@]3(F)[C@@H](O)C[C@]2(C)[C@@]1(O)C(=O)COP(=O)(O)O,PubChem_only,2.7044705326072824,2.8240069999999999,1,fingerprint_identical,False,True
9b2500a054af3f644725,C[C@H]1O[C@@H](O[C@H]2CC[C@@]3(C)[C@@H](CC[C@]4(C)[C@@H]3C=C[C@]35OC[C@@]6(CCC(C)(C)C[C@H]63)[C@H](O)C[C@]54C)[C@]2(C)CO)[C@H](O)[C@@H](O[C@@H]2O[C@H](CO)[C@@H](O)[C@H](O)[C@H]2O)[C@H]1O,PubChem_only,2.7079557105180925,2.7213224999999999,1,fingerprint_identical,False,True
00d45177ff5e75552212,C[C@H]1O[C@@H](O[C@H]2CC[C@@]3(C)[C@H](CC[C@@H]4[C@@H]3C[C@@H](O)[C@]3(C)[C@@H](C5=CC(=O)OC5)CC[C@]43O)C2)C[C@H](O)[C@@H]1O[C@H]1C[C@H](O)[C@H](O[C@H]2C[C@H](O)[C@H](O[C@@H]3O[C@H](CO)[C@@H](O)[C@H](O)[C@H]3O)[C@@H](C)O2)[C@@H](C)O1,PubChem_only,4.959193384452484,4.9394460000000002,1,fingerprint_identical,False,True
dea2e31739110a7ce7d6,C[C@H]1O[C@@H](O[C@H]2CC[C@]3(C=O)[C@H]4CC[C@]5(C)[C@@H](C6=CC(=O)OC6)CC[C@]5(O)[C@@H]4CC[C@]3(O)C2)C[C@H](O)[C@@H]1O,PubChem_only,4.835971719269744,4.7651643999999997,1,fingerprint_identical,False,True
4201c2a5cba9b1d11b64,C[C@H]1O[C@@H](O[C@H]2[C@@H](O)C[C@H](O[C@H]3[C@@H](O)C[C@H](O[C@H]4CC[C@@]5(C)[C@H](CC[C@@H]6[C@@H]5CC[C@]5(C)[C@@H](C7=CC(=O)OC7)CC[C@]65O)C4)O[C@@H]3C)O[C@@H]2C)C[C@H](O)[C@@H]1O,PubChem_only,5.2925684419392001,5.2384776999999998,1,fingerprint_identical,False,True
3cfb7c18d701fb74290d,C[C@H]1O[C@@H](O[C@H]2[C@@H](O)C[C@H](O[C@H]3[C@@H](O)C[C@H](O[C@H]4CC[C@@]5(C)[C@H](CC[C@@H]6[C@@H]5C[C@@H](O)[C@]5(C)[C@@H](C7=CC(=O)OC7)CC[C@]65O)C4)O[C@@H]3C)O[C@@H]2C)C[C@H](O)[C@@H]1O,PubChem_only,5.2944890273191412,5.2260999999999997,1,fingerprint_identical,False,True
50aeac3e0f9dcf654b36,C[C@H]1c2cccc(O)c2C(O)=C2C(=O)[C@]3(O)C(O)=C(C(N)=O)C(=O)[C@@H](N(C)C)[C@@H]3[C@@H](O)[C@@H]21,PubChem_only,3.1787278397989835,3.6167634,0.57746478873239437,out_of_domain,True,False
00f904aab3ffece05515,C[C@](N)(Cc1ccc(O)c(O)c1)C(=O)O,PubChem_only,3.1486376108149488,2.6233409999999999,1,fingerprint_identical,False,True
c52602d1b3b6e2c1db59,C[C@]1(O)CC[C@H]2[C@@H]3CCC4=CC(=O)CC[C@]4(C)[C@@]3(F)[C@@H](O)C[C@@]21C,PubChem_only,2.155848797906653,2.25685,1,fingerprint_identical,False,True
82ccb6a7977249e3bb57,C[C@]12C=C(C=O)C(=O)C=C1CC[C@@H]1[C@@H]2[C@H](O)C[C@@]2(C)[C@H]1CC[C@]2(C)O,PubChem_only,3.2652858433844489,3.25224,1,fingerprint_identical,False,True
fa7c05533d10f897ce3d,C[C@]12C=CC(=O)C=C1CC[C@@H]1[C@@H]2C(=O)C[C@@]2(C)[C@H]1CC[C@]2(O)C(=O)CO,PubChem_only,3.4240754303523144,3.4354243000000002,1,fingerprint_identical,False,True
e1ab332a69bf4d8cf12f,C[C@]12C=CC(=O)C=C1CC[C@@H]1[C@@H]2[C@@H](O)C[C@@]2(C)[C@H]1CC[C@]2(O)C(=O)CO,PubChem_only,3.7439316732167258,3.6111580000000001,1,fingerprint_identical,False,True
f7cdb75d0056159726f6,C[C@]12CCC(=O)C=C1CC[C@@H]1[C@@H]2CC[C@@]2(C)[C@H]1CC[C@@]21CCC(=O)O1,PubChem_only,2.8444378667087533,2.8150604000000001,1,fingerprint_identical,False,True
b881d55ca9bca4c3d296,C[C@]12CCC(=O)C=C1CC[C@@H]1[C@@H]2CC[C@@]2(C)[C@H]1CC[C@]2(C)O,PubChem_only,2.8786050847361264,2.7994222999999998,1,fingerprint_identical,False,True
e78728ee35adfc80f722,C[C@]12CCC(=O)C=C1CC[C@@H]1[C@@H]2[C@@H](O)C[C@@]2(C)[C@H]1CC[C@]2(O)C(=O)COP(=O)(O)O,PubChem_only,2.7766275718427997,2.7670382999999998,1,fingerprint_identical,False,True
c1108c4f65eacb5cac91,C[C@]12CCC(=O)C=C1CC[C@H]1[C@@H]3CC[C@](O)(C(=O)CO)[C@@]3(C)C[C@H](O)[C@@]12F,PubChem_only,3.3498555161747219,3.3152745000000001,1,fingerprint_identical,False,True
b14a70ae5f5c4ac51d84,C[C@]12CCC(=O)C[C@@H]1CC[C@@H]1[C@@H]2CC[C@@]2(C)[C@H]1CC[C@]2(C)O,PubChem_only,2.3901285276075428,2.4405670000000002,1,fingerprint_identical,False,True
14f1aac0227490caee62,C[C@]12CC[C@H](O)C[C@H]1CC[C@@H]1[C@@H]2CC[C@]2(C)[C@@H](c3ccc(=O)oc3)C[C@H]3O[C@]132,PubChem_only,4.4387863801552792,2.8524120000000002,0.38095238095238093,out_of_domain,True,False
aa963a0b319e49020fbe,C[C@]12CC[C@H]3[C@@H](CC[C@@]45O[C@@H]4C(O)=C(C#N)C[C@]35C)[C@@H]1CC[C@@H]2O,PubChem_only,2.436789282363069,2.9632293999999999,0.60344827586206895,out_of_domain,True,False
e0684e9cb54a18c545e2,C[C@]12COC(=O)C[C@@H]1CC[C@@H]1[C@@H]2CC[C@@]2(C)[C@H]1CC[C@]2(C)O,PubChem_only,2.5216230358817988,2.5412089999999998,1,fingerprint_identical,False,True
e2515c55c81c0f1f9ccd,C[C@]12Cc3nonc3C[C@@H]1CC[C@@H]1[C@@H]2CC[C@@]2(C)[C@H]1CC[C@]2(C)O,PubChem_only,2.8254077198582812,2.8051398000000001,1,fingerprint_identical,False,True
962aeb51b7a2e6bbd9ec,C[N+](C)(C)CCCCCCCCCC[N+](C)(C)C,PubChem_only,5.4582079575375113,3.6632953000000001,1,fingerprint_identical,False,True
abde73574e4bffdd7a9b,C[N+](C)(C)CCOC(=O)CCC(=O)OCC[N+](C)(C)C,PubChem_only,5.233832891465414,3.3992412000000001,0.64000000000000001,out_of_domain,True,False
f58924e94947d3a46931,C[N+](C)(C)C[C@H](O)CC(=O)O,PubChem_only,1.9821882423138768,2.1854928,1,fingerprint_identical,False,True
c68ea5e978620c66c3c4,C[N+](C)(C)C[C@H](O)CC(=O)[O-],PubChem_only,2.3323064682035182,2.2406012999999998,0.625,out_of_domain,True,False
21e59131dbeb6594a997,C[N+](C)([O-])CCC=C1c2ccccc2CCc2ccccc21,PubChem_only,2.9623249330646928,3.4898484000000001,0.57894736842105265,out_of_domain,True,False
ee894ffc758697663475,C[N+]1(C)CCC(=C(c2ccccc2)c2ccccc2)CC1,PubChem_only,3.77260101134187,3.8192317,0.54838709677419351,out_of_domain,True,False
32d06f7b050667f3cabc,C[N+]1(C)CCC(OC(=O)C(O)(c2ccccc2)C2CCCC2)C1,PubChem_only,3.5487810143318703,3.5922103000000001,0.97560975609756095,similarity_ge_0p70_lt_1,True,True
e1210123ae23fab9886e,C[N+]1(C)CCCC(OC(=O)C(O)(c2ccccc2)c2ccccc2)C1,PubChem_only,3.5875617367339183,3.6876628,0.84615384615384615,similarity_ge_0p70_lt_1,True,True
fd5abe1ecaafc8cb69f3,C[N+]1(C)CCCCC1COC(=O)C(O)(c1ccccc1)c1ccccc1,PubChem_only,3.5003614625871866,3.8202758000000001,0.58333333333333337,out_of_domain,True,False
846f9f467e3c19234437,C[N+]1(C)[C@@H]2CC(OC(=O)[C@H](CO)c3ccccc3)C[C@H]1[C@@H]1O[C@@H]12,PubChem_only,3.3268722519735445,3.3372638000000001,1,fingerprint_identical,False,True
23c0ced8d4dc8390dc1b,C[N+]12CCC(CC1)C(OC(=O)C(O)(c1ccccc1)c1ccccc1)C2,PubChem_only,3.8147086839164199,3.8466716000000001,0.71739130434782605,similarity_ge_0p70_lt_1,True,True
1030390b01bc806a47bf,Cc1[nH]c2ccccc2[n+]1Cc1ccc(Cl)cc1,PubChem_only,3.4569460547306972,3.2606970999999998,0.3728813559322034,out_of_domain,True,False
52c7e355c93f9f4036de,Cc1[nH]cnc1CCN,PubChem_only,2.0994763357075183,2.3577385,0.53333333333333333,out_of_domain,True,False
ecc36a0e3dff927adda7,Cc1c(N)nc([C@H](CC(N)=O)NC[C@H](N)C(N)=O)nc1C(=O)N[C@H](C(=O)N[C@H](C)[C@@H](O)[C@H](C)C(=O)N[C@H](C(=O)NCCc1nc(-c2nc(C(=O)NCCC[S+](C)C)cs2)cs1)[C@@H](C)O)[C@@H](OC1OC(CO)C(O)C(O)C1OC1OC(CO)C(O)C(OC(N)=O)C1O)c1cnc[nH]1,PubChem_only,4.6068651465494188,4.1032405000000001,1,fingerprint_identical,False,True
b208883b909f7d5c1d95,Cc1c2oc3c(C)ccc(C(=O)N[C@@H]4C(=O)N[C@H](C(C)C)C(=O)N5CCC[C@H]5C(=O)N(C)CC(=O)N(C)[C@@H](C(C)C)C(=O)O[C@@H]4C)c3nc-2c(C(=O)N[C@@H]2C(=O)N[C@H](C(C)C)C(=O)N3CCC[C@H]3C(=O)N(C)CC(=O)N(C)[C@@H](C(C)C)C(=O)O[C@@H]2C)c(N)c1=O,PubChem_only,6.2237340064865956,6.0019340000000003,0.9375,similarity_ge_0p70_lt_1,True,True
fbd68ad39b52ace5398f,Cc1cc(-c2ccc(N=Nc3ccc4c(S(=O)(=O)O)cc(S(=O)(=O)O)c(N)c4c3O)c(C)c2)ccc1N=Nc1ccc2c(S(=O)(=O)O)cc(S(=O)(=O)O)c(N)c2c1O,PubChem_only,3.4094825912565394,3.1322741999999999,0.43333333333333335,out_of_domain,True,False
4cab90069989cfc3417a,Cc1cc(C(=C2C=CC(=O)C=C2)c2ccc(O)cc2)ccc1O,PubChem_only,3.793170091214952,3.1760804999999999,0.51282051282051277,out_of_domain,True,False
9c731c773045b2123715,Cc1cc(C(=O)NNCc2ccccc2)no1,PubChem_only,3.2242120450592799,3.0483153000000001,0.75609756097560976,similarity_ge_0p70_lt_1,True,True
80fba158e0361a37071a,Cc1cc(C)cc(OCC2CNC(=O)O2)c1,PubChem_only,2.6546989766591329,2.4930043,0.54545454545454541,out_of_domain,True,False
313ef7a480c2ed47d22a,Cc1cc(C2CCCCC2)n(O)c(=O)c1,PubChem_only,3.3974646409058864,2.814775,0.34883720930232559,out_of_domain,True,False
0054fee6325db5364d62,Cc1cc(Cl)ccc1N=CN(C)C,PubChem_only,3.3617962930116607,2.9120083000000001,0.42424242424242425,out_of_domain,True,False
a9d1b337912492cc9351,Cc1cc(N)c2ccccc2[n+]1CCCCCCCCCC[n+]1c(C)cc(N)c2ccccc21,PubChem_only,4.3662475357027883,4.8745500000000002,0.35897435897435898,out_of_domain,True,False
52a1a85d4a0299483beb,Cc1cc(O)c2c(c1O)C(=O)[C@]13C(=C2O)C(=O)[C@@H]2[C@H](O)[C@H]1[C@@H]1[C@@H](O)[C@H]3C(=O)C3=C(O)c4c(O)cc(C)c(O)c4C(=O)[C@]312,PubChem_only,4.1465016405682782,4.3067979999999997,0.68888888888888888,out_of_domain,True,False
6c19552de7c376f6cf0c,Cc1cc[n+]([O-])cc1,PubChem_only,1.9438146000761527,2.3293653000000001,0.5,out_of_domain,True,False
566758507cfb955ada7e,Cc1ccc(/C=C/C#N)cc1,PubChem_only,2.2750960638000279,2.3492025999999999,1,fingerprint_identical,False,True
e8803c137b0dfd2fa557,Cc1ccc(O[C@@H]2O[C@H](CO)[C@@H](O)[C@H](O)[C@H]2O)cc1,PubChem_only,2.3246055474338339,2.4303189999999999,1,fingerprint_identical,False,True
aae4e0d94ac561024582,Cc1ccc([P+](=O)O)cc1,PubChem_only,3.0937381844939442,3.1914964000000001,0.40909090909090912,out_of_domain,True,False
2ddf92a79b0a76d61912,Cc1ccc[n+]([O-])c1,PubChem_only,1.8103065463457051,2.2346115000000002,0.52000000000000002,out_of_domain,True,False
5f9c973abdd902635485,Cc1cccc(CN2CCNCC2)c1,PubChem_only,3.279415966117126,3.2149779999999999,0.53846153846153844,out_of_domain,True,False
3d9be40e8ffcf25ebb8d,Cc1cccc(N)c1N,PubChem_only,2.6306020955708327,2.9209770000000002,0.59999999999999998,out_of_domain,True,False
f9703a3bd2cc5c5e010b,Cc1ccccc1N=C(N)Nc1ccccc1C,PubChem_only,3.9810426148868001,3.4151280000000002,0.54545454545454541,out_of_domain,True,False
9b0bc5294965c2bd9df4,Cc1cn([C@H]2C[C@H](O)[C@@H](CO)O2)c(=O)[nH]c1=O,PubChem_only,1.9842100870094916,2.0636891999999998,1,fingerprint_identical,False,True
7732e8a4f2478f08cdd7,Cc1cnc[nH]c1=O,PubChem_only,2.7134708236788589,2.4816341,0.5,out_of_domain,True,False
21e14d2236ebd1f30812,Cc1cnccn1,PubChem_only,1.7135966875077493,2.1494327000000002,0.5,out_of_domain,True,False
88ecf8f9af0f61fc5496,Cc1ncc(CO)c(CO)c1O,PubChem_only,2.2433718942081442,2.8186952999999999,0.75862068965517238,similarity_ge_0p70_lt_1,True,True
45c4fe5f0bdf36474399,Cc1ncc(C[n+]2csc(CCO)c2C)c(N)n1,PubChem_only,2.9562306261629847,2.9382613000000002,0.69230769230769229,out_of_domain,True,False
b02660ca71859025fdd4,Cc1ncc([N+](=O)[O-])n1CCO,PubChem_only,2.2938728756359805,2.2971423,0.58536585365853655,out_of_domain,True,False
6687ddd59bbd9d97341d,Cc1nnc2n1-c1ccc(Cl)cc1C(c1ccccc1)=NC2,PubChem_only,2.909854314228129,2.8068726000000002,0.57999999999999996,out_of_domain,True,False
b0c96bd821633227d54a,Cc1nnc2n1-c1ccc(Cl)cc1C(c1ccccc1Cl)=NC2,PubChem_only,2.324715425584805,2.8721097000000002,0.62264150943396224,out_of_domain,True,False
aa9d4823b28df398b847,Cc1oncc1C(=O)Nc1ccc(C(F)(F)F)cc1,PubChem_only,3.164529689060406,2.6169416999999999,0.45098039215686275,out_of_domain,True,False
872842e2535d4bfe36de,Cl/C=C/Cl,PubChem_only,1.3897039992368641,1.6622448000000001,1,fingerprint_identical,False,True
fd1b0659cf1b03b284ca,ClC1=C(Cl)[C@]2(Cl)[C@@H]3[C@H]4C[C@H]([C@@H]5O[C@H]45)[C@@H]3[C@@]1(Cl)C2(Cl)Cl,PubChem_only,4.8818557904092588,4.8090242999999999,1,fingerprint_identical,False,True
5bd59a9702e9d4a55283,ClC1=C(Cl)[C@]2(Cl)[C@H]3[C@H]([C@@H]4C=C[C@H]3C4)[C@@]1(Cl)C2(Cl)Cl,PubChem_only,3.8632205211445858,3.8599060000000001,1,fingerprint_identical,False,True
e8e3adb01afd914b616e,ClCC1CO1,PubChem_only,2.7358101723888755,2.6283615,0.52173913043478259,out_of_domain,True,False
88073cb81d4b20818187,ClCCN(Cc1ccccc1)Cc1ccccc1,PubChem_only,3.5395444490728494,3.1908940000000001,0.95238095238095233,similarity_ge_0p70_lt_1,True,True
e14c4259757420268182,Clc1cc(Cl)c(OCC#CI)cc1Cl,PubChem_only,3.6085897295965599,3.0046086000000001,0.35294117647058826,out_of_domain,True,False
59cf4e1417520d870b6c,Clc1ccc(C(Cn2ccnc2)OCc2ccsc2Cl)c(Cl)c1,PubChem_only,2.8826533716558931,2.941014,0.70370370370370372,similarity_ge_0p70_lt_1,True,True
4aa68a60c46a942f11ef,Clc1ccc(CO/N=C(\Cn2ccnc2)c2ccc(Cl)cc2Cl)c(Cl)c1,PubChem_only,2.8580759590288221,2.8706163999999998,1,fingerprint_identical,False,True
69d25430bdb494cbd2df,Clc1ccc(COC(Cn2ccnc2)c2ccc(Cl)cc2Cl)c(Cl)c1,PubChem_only,3.0751662003242397,2.9541826000000002,0.75510204081632648,similarity_ge_0p70_lt_1,True,True
68755c0f33edafb79a9e,Clc1ccc(COC(Cn2ccnc2)c2ccc(Cl)cc2Cl)cc1,PubChem_only,3.326438276795729,2.8703215000000002,0.78846153846153844,similarity_ge_0p70_lt_1,True,True
24a3b3b436a2c6a83ba9,Clc1ccc(CSC(Cn2ccnc2)c2ccc(Cl)cc2Cl)cc1,PubChem_only,2.691133904376275,2.9253325000000001,0.60416666666666663,out_of_domain,True,False
95d1e9467681ce3e3591,Clc1ccc(OC[C@H]2CCN2)cn1,PubChem_only,4.7189978014775891,2.9471702999999998,0.34285714285714286,out_of_domain,True,False
f39bf784048af72fedb7,Clc1ccc2c(c1)C(c1ccccc1)=NCc1nncn1-2,PubChem_only,2.8279723360337563,2.8505440000000002,0.56000000000000005,out_of_domain,True,False
e95627bf8235ac95dace,Clc1ccccc1C(c1ccccc1)(c1ccccc1)n1ccnc1,PubChem_only,3.5042001779316694,2.7758565000000002,0.65853658536585369,out_of_domain,True,False
9a4a22c6d83966cf7ad7,Cn1c(=O)c2[nH]cnc2n(C)c1=O,PubChem_only,3.4105772070597209,2.876309,0.65714285714285714,out_of_domain,True,False
7bb499d940f180c03ab8,Cn1c(=O)c2c(ncn2C)n(C)c1=O,PubChem_only,3.062926525683682,2.7924001000000001,0.59999999999999998,out_of_domain,True,False
54ca70ed39c27e6ae57d,Cn1c(=O)c2c(ncn2CC(O)CO)n(C)c1=O,PubChem_only,3.1152195176202961,2.5349205000000001,0.80000000000000004,similarity_ge_0p70_lt_1,True,True
af2f4855c3a127c8fc83,Cn1c(=O)c2n[nH]nc2n(C)c1=O,PubChem_only,2.5462430963149689,2.5880291,0.5,out_of_domain,True,False
ce7e833b58c2e3d73362,Cn1c2ncnc-2c(O)n(C)c1=O,PubChem_only,2.990857424064441,2.7014212999999998,0.35294117647058826,out_of_domain,True,False
1cb85327a70c8ce2dc48,Cn1cnc([N+](=O)[O-])c1Sc1ncnc2nc[nH]c12,PubChem_only,3.0067386690515949,3.0602665,0.70588235294117652,similarity_ge_0p70_lt_1,True,True
4ce881a81ce2c009deec,FC(F)(F)c1nc2c(Cl)c(Cl)ccc2[nH]1,PubChem_only,4.2604564235044053,4.0718246000000002,0.58823529411764708,out_of_domain,True,False
8162f027a6a5391d180d,Fc1ccc(C(c2ccc(F)cc2)N2CCN(C/C=C/c3ccccc3)CC2)cc1,PubChem_only,3.028283610589213,3.0038998000000001,1,fingerprint_identical,False,True
27f27c5b3c2acd2874f5,Fc1ccccc1C1=NCC(=S)N(CC(F)(F)F)c2ccc(Cl)cc21,PubChem_only,2.6606308792480364,3.0445484999999999,0.57627118644067798,out_of_domain,True,False
851f46f77af290b1fbde,N#C/C(=C/c1ccccc1)c1ccccc1,PubChem_only,3.3123043245687063,3.2551722999999999,1,fingerprint_identical,False,True
ae448b80b4014cc8c551,N#C/C(=C1/SCC(c2ccccc2Cl)S1)n1ccnc1,PubChem_only,2.2636381053539187,2.3013775000000001,1,fingerprint_identical,False,True
1c2a6d9111852f00518c,N#C/C=C/C#N,PubChem_only,3.3127228337204162,3.4622299999999999,1,fingerprint_identical,False,True
41745ce70f7f590ba04c,N#C/C=C/c1ccc(C(=O)O)cc1,PubChem_only,2.428915450214157,2.4587069000000001,1,fingerprint_identical,False,True
cc1d5cfe209e66d4f7e8,N#C/C=C/c1ccc(Cl)cc1,PubChem_only,3.3217072785295256,3.2392056,1,fingerprint_identical,False,True
1a7c1834da1e3c58801d,N#[N+]c1ccc2c(S(=O)(=O)Cl)cccc2c1[O-],PubChem_only,3.1282069603601488,3.0839972000000002,0.30612244897959184,out_of_domain,True,False
cec172e07ec4fb16b835,N=C(N)c1ccc(/C=C/c2ccc(C(=N)N)cc2)cc1,PubChem_only,3.3614519015982909,3.4339358999999998,1,fingerprint_identical,False,True
65a4675715b34d8a54ad,N=Nc1c(O)[nH]c2ccccc12,PubChem_only,2.2662537940897574,3.0661239999999998,0.44444444444444442,out_of_domain,True,False
53f41bc296e87b4f7708,N=c1ccn2c(n1)O[C@H]1[C@H](O)[C@@H](CO)O[C@H]12,PubChem_only,1.9497990304344135,2.0355059999999998,1,fingerprint_identical,False,True
59b9338cb9f479e65acd,N=c1nc2n3c(nc(N)nc3n1)NC(N)=N2,PubChem_only,2.0382274155865221,2.7748284000000001,0.21276595744680851,out_of_domain,True,False
3de4d42c29f764ea4e5d,NC(=Nc1ccccc1)Nc1ccccc1,PubChem_only,3.9268937123468448,3.5272242999999999,0.5,out_of_domain,True,False
4d0b365ece8eafcd491b,NC(=O)CC[C@H](NC(=O)Cc1ccccc1)C(=O)O,PubChem_only,2.2759379057668823,2.151538,1,fingerprint_identical,False,True
1c1d0ffcc0a6ce86ac65,NC(=O)N(CC(=O)O)/N=C/c1ccc([N+](=O)[O-])o1,PubChem_only,2.4947211971876162,2.5152313999999998,1,fingerprint_identical,False,True
18218c6a7cc69ec46612,NC(=O)N/N=C/c1ccc([N+](=O)[O-])o1,PubChem_only,3.3146965418814851,2.8205285,0.76923076923076927,similarity_ge_0p70_lt_1,True,True
e0be67c71236645edb9e,NC(=O)N1c2ccccc2C=Cc2ccccc21,PubChem_only,3.3165110824085358,2.6496327000000002,0.56666666666666665,out_of_domain,True,False
a93feb0f9873fe12ca76,NC(=O)NC(=O)/C=C\C(=O)O,PubChem_only,2.3538695389385675,2.3604243,1,fingerprint_identical,False,True
952b50c28809ce338d84,NC(=O)NC(=O)Cc1ccccc1,PubChem_only,2.0605540669119127,2.3176893999999999,0.65625,out_of_domain,True,False
62364682a145e1257b51,NC(=O)NC1CCCCC1,PubChem_only,2.0161851374149471,2.4241855000000001,0.58333333333333337,out_of_domain,True,False
bfe96cd28d8aa29aa7d5,NC(=O)SC[C@H](N)C(=O)O,PubChem_only,2.1859523447573919,2.1906533000000001,1,fingerprint_identical,False,True
0abd327e86468b89e110,NC(=O)c1ccc[n+]([C@@H]2O[C@H](COP(=O)([O-])OP(=O)(O)OC[C@H]3O[C@@H](n4cnc5c(N)ncnc54)[C@H](O)[C@@H]3O)[C@@H](O)[C@H]2O)c1,PubChem_only,2.1850064171902011,2.4032817,0.90789473684210531,similarity_ge_0p70_lt_1,True,True
09bfe3339ddb66d9a509,NC(=O)c1ccc[n+]([C@@H]2O[C@H](COP(=O)([O-])OP(=O)(O)OC[C@H]3O[C@@H](n4cnc5c(N)ncnc54)[C@H](OP(=O)(O)O)[C@@H]3O)[C@@H](O)[C@H]2O)c1,PubChem_only,2.3707169040039879,2.4960779999999998,0.91463414634146345,similarity_ge_0p70_lt_1,True,True
aefbfc554d6ffd34323f,NC(=O)c1ccccc1O,PubChem_only,2.8818853063867218,2.2158551000000002,0.69999999999999996,similarity_ge_0p70_lt_1,True,True
6cf2478ed1dab907aaff,NC(=O)c1cccnc1,PubChem_only,1.7750578279073217,2.3585060000000002,0.65384615384615385,out_of_domain,True,False
0b37939bb4dcd378a999,NC(=O)c1cnccn1,PubChem_only,1.8650016876990596,2.3400620000000001,0.61538461538461542,out_of_domain,True,False
29ae9b6c651374d6e8f1,NC(=O)c1ncn([C@@H]2O[C@H](CO)[C@@H](O)[C@H]2O)c1O,PubChem_only,1.7146951511544073,2.3332179000000002,0.63043478260869568,out_of_domain,True,False
c12e8589818f5d057d25,NC(=O)c1ncn([C@@H]2O[C@H](CO)[C@@H](O)[C@H]2O)n1,PubChem_only,2.2738147561873769,2.2511152999999999,1,fingerprint_identical,False,True
f57c1824782741d08cd3,NC(=S)N[C@@H]1c2ccccc2CC[C@H]1O,PubChem_only,2.5144559465882939,2.5895410000000001,1,fingerprint_identical,False,True
ca19dcd3a864d116f7df,NC(=S)N[C@@H]1c2ccccc2C[C@H]1O,PubChem_only,2.4861511670010841,2.5269490000000001,1,fingerprint_identical,False,True
df8b2b101d6372b51a1c,NC(N)=N/N=C/c1c(Cl)cccc1Cl,PubChem_only,3.4887123718021629,3.1403297999999999,0.4358974358974359,out_of_domain,True,False
fc26ec3452c549a24db0,NC(N)=NC(N)=NCCc1ccccc1,PubChem_only,3.150946901335788,3.0607605000000002,0.48571428571428571,out_of_domain,True,False
516c6d4cc05a63b1d369,NC(N)=NC(N)=Nc1ccccc1,PubChem_only,2.8628844027057072,2.9026312999999999,0.40625,out_of_domain,True,False
f43fa5ddea94433cb335,NC(N)=NCCN1CCCCCCC1,PubChem_only,3.151225338678997,3.1929335999999999,0.47826086956521741,out_of_domain,True,False
1d4b9df23ac480790c3a,NC(N)=NCc1ccccc1,PubChem_only,3.1737600905860828,3.1454072000000002,0.51724137931034486,out_of_domain,True,False
86c58589beaff868bba3,NC(N)=NN=C(C=Cc1ccc([N+](=O)[O-])o1)C=Cc1ccc([N+](=O)[O-])o1,PubChem_only,3.0795261319078304,2.9754393000000001,0.64444444444444449,out_of_domain,True,False
6ca8da11496eede348e2,NC/C=C/c1ccccc1,PubChem_only,2.762756825561572,2.7750979999999998,1,fingerprint_identical,False,True
56a8a4f86c3a4e869f9c,NC1CCC(c2ccccc2)CC1,PubChem_only,3.4728679641417828,3.5027137000000002,0.58333333333333337,out_of_domain,True,False
bcd76184b83eeb23a1a6,NC1CCc2ccccc2C1,PubChem_only,3.1265770781966871,3.1708183000000001,0.76000000000000001,similarity_ge_0p70_lt_1,True,True
993b453d12c3c1f806c7,NC1CONC1=O,PubChem_only,1.5038459874144896,2.3964734000000001,0.3611111111111111,out_of_domain,True,False
e51d97120401f254f280,NC1CS(=O)(=O)CC1O,PubChem_only,3.0333864137476012,2.4039404000000002,0.44444444444444442,out_of_domain,True,False
40c6f6624db2de4a9a60,NCC(=O)O,PubChem_only,1.2270890489579227,2.1606182999999999,0.47058823529411764,out_of_domain,True,False
f55bbfe7c757c3bd16e1,NCC1CCCO1,PubChem_only,2.7039315978528404,2.1395943000000002,0.44827586206896552,out_of_domain,True,False
29f66b5499d8701e4e94,NCC[C@H](O)C(=O)N[C@@H]1C[C@H](N)[C@@H](O[C@H]2O[C@H](CN)[C@@H](O)[C@H](O)[C@H]2N)[C@H](O[C@@H]2O[C@H](CO)[C@H](O)[C@H]2O)[C@H]1O,PubChem_only,2.4027204787345733,2.441011,1,fingerprint_identical,False,True
abf5f2b8df58a8d84c43,NCC[C@H](O)C(=O)N[C@@H]1C[C@H](N)[C@@H](O[C@H]2O[C@H](CN)[C@@H](O)[C@H](O)[C@H]2O)[C@H](O)[C@H]1O[C@H]1O[C@H](CO)[C@@H](O)[C@H](N)[C@H]1O,PubChem_only,2.5027891779849991,2.589394,1,fingerprint_identical,False,True
2dbe72dface91f67a856,NC[C@@H]1O[C@H](O[C@H]2[C@@H](O)[C@H](O[C@@H]3[C@@H](O)[C@H](N)C[C@H](N)[C@H]3O[C@H]3O[C@H](CN)[C@@H](O)[C@H](O)[C@H]3N)O[C@@H]2CO)[C@H](N)[C@@H](O)[C@@H]1O,PubChem_only,3.3906878772855107,3.4200634999999999,1,fingerprint_identical,False,True
3dbe7b16906518e05572,NC[C@@H]1O[C@H](O[C@H]2[C@@H](O)[C@H](O[C@@H]3[C@@H](O)[C@H](N)C[C@H](N)[C@H]3O[C@H]3O[C@H](CO)[C@@H](O)[C@H](O)[C@H]3N)O[C@@H]2CO)[C@H](N)[C@@H](O)[C@@H]1O,PubChem_only,2.9142613334802681,2.9704518000000002,1,fingerprint_identical,False,True
b5bd7c5a72086f223b1a,NC[C@H](O)c1ccc(O)c(O)c1,PubChem_only,4.4501977702399937,3.9639869000000001,1,fingerprint_identical,False,True
63acd64d600a2d8539f9,NC[C@H]1O[C@H](O[C@H]2[C@H](O)[C@@H](O[C@H]3O[C@H](CO)[C@@H](O)[C@H](N)[C@H]3O)[C@H](N)C[C@@H]2N)[C@H](N)C[C@@H]1O,PubChem_only,3.0214401832732718,2.9716547000000002,1,fingerprint_identical,False,True
948f21efec2a0624e340,NC[C@H]1O[C@H](O[C@H]2[C@H](O)[C@@H](O[C@H]3O[C@H](CO)[C@@H](O)[C@H](N)[C@H]3O)[C@H](N)C[C@@H]2N)[C@H](O)[C@@H](O)[C@@H]1O,PubChem_only,2.6544944217361102,2.6865005000000002,1,fingerprint_identical,False,True
ebc1a6e2242b10dc9261,NC[C@H]1O[C@H](O[C@H]2[C@H](O[C@@H]3O[C@H](CO)[C@@H](O)[C@H]3O)[C@@H](O)[C@H](N)C[C@@H]2N)[C@H](N)[C@@H](O)[C@@H]1O,PubChem_only,2.3606274339648001,2.3958259000000002,1,fingerprint_identical,False,True
76f667c181abd692bc90,NCc1ccc(S(N)(=O)=O)cc1,PubChem_only,1.904201419836445,2.4749512999999999,0.5714285714285714,out_of_domain,True,False
4c58e57ba47ddb193a85,NNC(=O)C(=O)NN,PubChem_only,2.7712051923191607,2.6009133000000002,0.53846153846153844,out_of_domain,True,False
26d6bb9e24c27a236ce8,NNC(=O)c1ccncc1,PubChem_only,3.137170478676317,2.5291329999999999,0.64000000000000001,out_of_domain,True,False
08091161f100bcb47471,NNC1CCCCC1,PubChem_only,2.7904639510098401,2.8892052000000001,0.9285714285714286,similarity_ge_0p70_lt_1,True,True
9c6fd2853213e416f937,NNCCc1ccccc1,PubChem_only,3.0038369617297693,3.0134435000000002,0.59999999999999998,out_of_domain,True,False
fbe49c6cd2b501368697,NNc1nc2ccccc2s1,PubChem_only,3.2180652464014114,3.0889574999999998,0.55172413793103448,out_of_domain,True,False
ea37143a5abad552c01f,NNc1nncc2ccccc12,PubChem_only,3.2934506805870587,3.1492562,0.66666666666666663,out_of_domain,True,False
e37de5b99805d9385cd6,NS(=O)(=O)Cc1noc2ccccc12,PubChem_only,2.4823295983227567,2.5499678000000001,0.31914893617021278,out_of_domain,True,False
2c704088b4e4013d5fa1,NS(=O)(=O)c1cc(Cl)c(Cl)c(S(N)(=O)=O)c1,PubChem_only,3.0016597152562841,2.5178517999999999,0.61290322580645162,out_of_domain,True,False
46dad32107f09b346133,NS(=O)(=O)c1cc2c(cc1C(F)(F)F)NC(Cc1ccccc1)NS2(=O)=O,PubChem_only,1.9434759664859711,2.1533750999999999,0.64912280701754388,out_of_domain,True,False
6471c0e6511ff0726948,NS(=O)(=O)c1cc2c(cc1Cl)NC(C(Cl)Cl)NS2(=O)=O,PubChem_only,2.8481457652340847,2.482513,0.68000000000000005,out_of_domain,True,False
09afa14d6cd90fec281c,NS(=O)(=O)c1cc2c(cc1Cl)NC(C1CC3C=CC1C3)NS2(=O)=O,PubChem_only,2.4148463817955319,2.806638,0.47619047619047616,out_of_domain,True,False
6d05fe1d6a4d7424b3cd,NS(=O)(=O)c1cc2c(cc1Cl)NC=NS2(=O)=O,PubChem_only,2.3247658790488521,2.2976892000000002,0.65116279069767447,out_of_domain,True,False
9127393594ee5a836841,NS(=O)(=O)c1cc2c(cc1Cl)NCNS2(=O)=O,PubChem_only,2.7119166387346487,2.1346436,0.65116279069767447,out_of_domain,True,False
df80ab6c6e65afc4e135,N[C@@H](C(=O)N[C@@H]1C(=O)N2C(C(=O)O)=C(Cl)CS[C@H]12)c1ccccc1,PubChem_only,2.476783692917393,2.4768425999999999,1,fingerprint_identical,False,True
e3515a02c7d99c239f7f,N[C@@H](C=O)[C@@H](O)[C@@H](O)[C@H](O)CO,PubChem_only,1.8283885048802435,1.856333,1,fingerprint_identical,False,True
294fcddacbd09ce83973,N[C@@H](CCC(=O)N[C@@H](CS)C(=O)NCC(=O)O)C(=O)O,PubChem_only,1.8833760766204255,1.9351133,1,fingerprint_identical,False,True
6f217901b5d6bac394d8,N[C@@H](CCC(=O)O)C(=O)O,PubChem_only,2.1383174572861585,1.7912003000000001,1,fingerprint_identical,False,True
861ba3e2cbe132684a95,N[C@@H](CS)C(=O)O,PubChem_only,1.9611469708439973,1.9643495,1,fingerprint_identical,False,True
901e2641de464a7e8d66,N[C@@H](CSC(c1ccccc1)(c1ccccc1)c1ccccc1)C(=O)O,PubChem_only,2.9627877230955928,2.9525404000000002,1,fingerprint_identical,False,True
544ff4b884ec476adf41,N[C@@H](CSCC(=O)O)C(=O)O,PubChem_only,2.0970845443129602,2.4709246,0.59259259259259256,out_of_domain,True,False
8e0f772a19989973cf46,N[C@@H](Cc1c[nH]c2ccc(O)cc12)C(=O)O,PubChem_only,2.8686562706885779,2.2477558000000002,0.73170731707317072,similarity_ge_0p70_lt_1,True,True
65a7e5b79b3912a9dbfe,N[C@@H](Cc1c[nH]c2ccccc12)C(=O)O,PubChem_only,1.6288761734690187,2.1101359999999998,1,fingerprint_identical,False,True
e2436803b9e366995f01,N[C@@H](Cc1ccc(O)c(O)c1)C(=O)O,PubChem_only,2.5255075609238915,2.506659,1,fingerprint_identical,False,True
2869a84adfb1c1e3aa59,N[C@@H]1CONC1=O,PubChem_only,2.7537234606310896,2.3962523999999998,0.3611111111111111,out_of_domain,True,False
4318d4e811ec53e7c16c,N[C@@H]1C[C@H]1c1ccccc1,PubChem_only,3.8656080322070334,3.8576996000000001,1,fingerprint_identical,False,True
1d637881ebed2aded796,N[C@H](CO)Cc1ccccc1,PubChem_only,3.2987640489770742,3.2181389999999999,1,fingerprint_identical,False,True
706471efae44d69a01ea,N[C@H]1CONC1=O,PubChem_only,1.7327640078125619,2.3962523999999998,0.3611111111111111,out_of_domain,True,False
9c4887d0a3a51f1f23a5,Nc1[nH]c(=O)ncc1F,PubChem_only,2.0353590963080834,2.5280504000000001,0.3125,out_of_domain,True,False
b621d2506fa0cd2664b3,Nc1ccc(S(=O)(=O)c2ccc(N)cc2)cc1,PubChem_only,2.8994446253368387,2.7571683,0.55555555555555558,out_of_domain,True,False
ec388b3ce6afc64803eb,Nc1ccc(S(N)(=O)=O)cc1,PubChem_only,4.5370858405063457,2.5088305000000002,0.59090909090909094,out_of_domain,True,False
140312c20a2e7a07b80e,Nc1ccn([C@@H]2O[C@H](CO)[C@@H](O)[C@@H]2O)c(=O)n1,PubChem_only,2.0238921792380307,2.0863776000000001,1,fingerprint_identical,False,True
20aa425fe13cc8eb6375,Nc1ccn([C@@H]2O[C@H](CO)[C@@H](O)[C@H]2O)c(=O)n1,PubChem_only,1.954633734372816,2.0863776000000001,1,fingerprint_identical,False,True
9492a112718658b46741,Nc1n[n+]([O-])c2ccccc2[n+]1[O-],PubChem_only,3.301398257837592,2.9218739999999999,0.43181818181818182,out_of_domain,True,False
e22f070ba989120166fa,Nc1n[nH]c(-c2ccccc2)n1,PubChem_only,2.6058177825639204,2.6297039999999998,0.45161290322580644,out_of_domain,True,False
a18a25f99685dc0f342b,Nc1nc(Cl)nc2c1ncn2[C@H]1C[C@H](O)[C@@H](CO)O1,PubChem_only,3.2798053001513434,3.226356,1,fingerprint_identical,False,True
b51ba5ee70c902764085,Nc1nc(F)nc2c1ncn2[C@@H]1O[C@H](CO)[C@@H](O)[C@@H]1O,PubChem_only,2.8811715471906969,2.9468445999999999,0.56603773584905659,out_of_domain,True,False
3c6270215b2bfa9981d4,Nc1nc(F)nc2c1ncn2[C@@H]1O[C@H](CO)[C@@H](O)[C@H]1O,PubChem_only,4.0231961276488173,2.9468445999999999,0.56603773584905659,out_of_domain,True,False
43eb09347634ea29aa24,Nc1nc(N)c2nc(-c3ccccc3)c(N)nc2n1,PubChem_only,3.0073826885185562,2.3064372999999998,0.6216216216216216,out_of_domain,True,False
3e180f02b07aad941bc2,Nc1nc(N)c2nc(CNc3ccc(C(=O)N[C@@H](CCC(=O)O)C(=O)O)cc3)cnc2n1,PubChem_only,5.3651134316275773,3.6709626000000002,0.71212121212121215,similarity_ge_0p70_lt_1,True,True
25730f2bb08ba81af6b2,Nc1nc2ccc(OC(F)(F)F)cc2s1,PubChem_only,3.706832767787712,3.8387847000000002,0.45238095238095238,out_of_domain,True,False
49de70921fc7aa337dab,Nc1ncn([C@@H]2O[C@H](CO)[C@@H](O)[C@H]2O)c(=O)n1,PubChem_only,3.5552491957879773,2.3094267999999998,0.64444444444444449,out_of_domain,True,False
b670b101329412b14a3e,Nc1ncn([C@H]2C[C@H](O)[C@@H](CO)O2)c(=O)n1,PubChem_only,3.0795772639100698,3.0126278000000002,1,fingerprint_identical,False,True
e9654331fed6d6dcbdd5,Nc1ncn[nH]1,PubChem_only,2.6236730377395712,2.556584,0.30769230769230771,out_of_domain,True,False
7fd8c6587a957403b235,Nc1ncnc2[nH]ncc12,PubChem_only,2.8730732018959584,2.8931079999999998,0.46666666666666667,out_of_domain,True,False
653a98acb4f5d0062790,Nc1ncnc2c([C@@H]3O[C@H](CO)[C@@H](O)[C@H]3O)[nH]nc12,PubChem_only,2.8248495972292882,2.8571724999999999,1,fingerprint_identical,False,True
a117111f134cd73edbe3,Nc1ncnc2c1ccn2[C@@H]1O[C@H](CO)[C@@H](O)[C@H]1O,PubChem_only,4.6471497839839424,4.5762023999999997,1,fingerprint_identical,False,True
cb68554d45b9341ea338,Nc1ncnc2c1ncn2C1O[C@H](C(=O)NC2CC2)[C@@H](O)[C@H]1O,PubChem_only,5.204539145920303,5.0770770000000001,1,fingerprint_identical,False,True
1d50e97b2e1c4fec6a18,Nc1ncnc2c1ncn2[C@@H]1O[C@H](CO)[C@@H](O)[C@@H]1O,PubChem_only,1.8395354164841848,3.5265650000000002,0.81818181818181823,similarity_ge_0p70_lt_1,True,True
681525e4769aca55e707,Nc1ncnc2c1ncn2[C@@H]1O[C@H](CO)[C@@H](O)[C@H]1O,PubChem_only,2.7279395842212315,3.5265650000000002,0.81818181818181823,similarity_ge_0p70_lt_1,True,True
b1d573e7ba477388c295,Nc1ncnc2c1ncn2[C@@H]1O[C@H](COP(=O)(O)O)[C@@H](O)[C@H]1O,PubChem_only,1.9385497444948616,2.1677276999999999,1,fingerprint_identical,False,True
83e1e6148b7d965f8193,Nc1ncnc2c1ncn2[C@@H]1O[C@H](COP(=O)(O)OP(=O)(O)O)[C@@H](O)[C@H]1O,PubChem_only,2.1077989801700614,2.3532472000000002,1,fingerprint_identical,False,True
6a7c8dfb0ba40a36af04,O/N=C(\c1ccccc1)C(O)c1ccccc1,PubChem_only,3.1804374762565155,3.1299410000000001,1,fingerprint_identical,False,True
f810226e5ec6f22dddc2,O/N=C/c1ccccn1,PubChem_only,2.7857816932990942,2.7600663000000001,1,fingerprint_identical,False,True
e0ffdb9ede5c7a0b62c9,O/N=C/c1cccnc1,PubChem_only,2.7857816932990942,2.7855365000000001,1,fingerprint_identical,False,True
477b6484642250e19a88,O/N=C/c1ccncc1,PubChem_only,2.9107204299073945,2.8171016999999998,1,fingerprint_identical,False,True
25271a60904358ec0ba3,O=C(/C=C/C=C/c1ccc2c(c1)OCO2)N1CCCCC1,PubChem_only,3.8218987673763132,3.7479222000000001,1,fingerprint_identical,False,True
e18acb1c33540d4ed947,O=C(/C=C/C=C/c1ccccc1)c1ccccc1,PubChem_only,3.0156601422678682,3.0206729999999999,1,fingerprint_identical,False,True
ffe559ab73fdbff51ced,O=C(/C=C/Cl)c1ccccc1,PubChem_only,3.8237532356826942,3.8346073999999999,1,fingerprint_identical,False,True
d3257b850b979ba9b5fb,O=C(/C=C/c1ccc(O)c(O)c1)OC1[C@H](O)CC(OC(=O)/C=C/c2ccc(O)c(O)c2)(C(=O)O)C[C@H]1O,PubChem_only,2.4342788854002224,2.4532327999999999,1,fingerprint_identical,False,True
1db35c618dda77c424bc,O=C(/C=C/c1ccccc1)c1ccccc1,PubChem_only,2.4854587521422702,2.5676644,1,fingerprint_identical,False,True
a768c5403083a7aa4166,O=C(/C=N/O)c1ccccc1,PubChem_only,3.2985590824998927,3.1901830000000002,1,fingerprint_identical,False,True
02735d5bab6632f9921d,O=C(C1CCCCC1)N1CC(=O)N2CCc3ccccc3C2C1,PubChem_only,2.9195412523352111,3.0121772,0.37735849056603776,out_of_domain,True,False
0361c98e7fe82f457bae,O=C(CBr)C(=O)CBr,PubChem_only,4.4140518942779936,3.6732005999999999,0.53846153846153844,out_of_domain,True,False
a60aaec0762e96b09217,O=C(CC1(c2ccccc2)CCCCC1)N1CCN(CCc2ccccc2)CC1,PubChem_only,3.3486619449825468,3.2854437999999999,0.49090909090909091,out_of_domain,True,False
c5b77681c6e62404c4d2,O=C(CCBr)N1CCN(C(=O)CCBr)CC1,PubChem_only,3.0966758880437291,3.4066358000000001,0.68000000000000005,out_of_domain,True,False
d06c0dff4722a80a4eee,O=C(CSc1nc2ccccc2s1)N/N=C/c1cc(Br)ccc1O,PubChem_only,2.3752309017718312,2.3742926,1,fingerprint_identical,False,True
08c68f427aee6322afdc,O=C(N/N=C/c1c(Cl)cccc1Cl)c1cccnc1,PubChem_only,3.3893743185230814,3.2823768000000002,1,fingerprint_identical,False,True
447f030d3af891f46c9b,O=C(NN1C(=O)/C(=C/c2ccccc2)SC1=S)c1ccncc1,PubChem_only,2.9312251505895346,2.8655523999999999,1,fingerprint_identical,False,True
12d01e36a681d62879a5,O=C(NN1C(=O)/C(=C/c2ccccc2Cl)SC1=S)c1ccncc1,PubChem_only,3.0009971526268804,2.9654186,1,fingerprint_identical,False,True
4887bbd69b23e7ab04d3,O=C(NNC1=NCCC1)c1ccco1,PubChem_only,2.4664766737344488,2.7696643000000001,0.47727272727272729,out_of_domain,True,False
21927f1dc15e98232df3,O=C(N[C@H](CO)[C@H](O)c1ccc([N+](=O)[O-])cc1)C(Cl)Cl,PubChem_only,2.4679872834916137,2.4414965999999998,1,fingerprint_identical,False,True
6eb5789210ec7a730811,O=C(Nc1ncn[nH]1)c1ccccc1O,PubChem_only,2.6110623378811924,2.5582058000000001,0.57499999999999996,out_of_domain,True,False
9faef55e31897f0c5522,O=C(O)/C=C/C(=O)O,PubChem_only,2.6023294697975778,2.8762827,0.6428571428571429,out_of_domain,True,False
a40d213832e74b6b01ac,O=C(O)/C=C/c1ccc(O)cc1,PubChem_only,2.2569424117876693,2.4345080000000001,1,fingerprint_identical,False,True
a894a5835fbd36280cc3,O=C(O)/C=C/c1ccco1,PubChem_only,2.6993537762212001,2.6799216000000001,1,fingerprint_identical,False,True
59f79c778d731eb30552,O=C(O)C(=O)CBr,PubChem_only,3.365274737217371,3.5143425000000001,0.53333333333333333,out_of_domain,True,False
67d569e8c3efa7a55b81,O=C(O)C(=O)CCl,PubChem_only,2.9034694740014646,3.0579101999999998,0.41176470588235292,out_of_domain,True,False
a78f9f8cafc57e9d703e,O=C(O)C1(C(=O)O)CCC1,PubChem_only,3.0868603263043508,2.4605495999999998,0.42857142857142855,out_of_domain,True,False
b91a4afaa5f5ee2e9e59,O=C(O)C1=C[C@@H](O)[C@@H](O)[C@H](O)C1,PubChem_only,2.2409284663565647,2.2589201999999999,1,fingerprint_identical,False,True
89a24c7028f51f2e2a05,O=C(O)C=Cc1ccccc1,PubChem_only,2.9666139179252946,2.2363799000000002,0.66666666666666663,out_of_domain,True,False
b65357a1388600d99e7c,O=C(O)CCC(=O)OC[C@@H](NC(=O)C(Cl)Cl)[C@H](O)c1ccc([N+](=O)[O-])cc1,PubChem_only,2.4804227543970527,2.4793154999999998,1,fingerprint_identical,False,True
fd1c8bd45d850204cc1d,O=C(O)CCCC/C=C(\c1ccccc1)c1cccnc1,PubChem_only,2.9441046591481208,2.9390749999999999,1,fingerprint_identical,False,True
36f55774235d65881935,O=C(O)CN(CC(=O)O)C1CCCCC1N(CC(=O)O)CC(=O)O,PubChem_only,3.1873151186553921,3.0374386000000002,0.58064516129032262,out_of_domain,True,False
d159e374dfd87bbc92ee,O=C(O)CN(CCN(CC(=O)O)CC(=O)O)CCN(CC(=O)O)CC(=O)O,PubChem_only,2.8599782208231699,3.0513275000000002,0.78947368421052633,similarity_ge_0p70_lt_1,True,True
028c955b9b34fcf65937,O=C(O)CN(CCOCCOCCN(CC(=O)O)CC(=O)O)CC(=O)O,PubChem_only,3.404092161535357,3.0547042000000002,0.94999999999999996,similarity_ge_0p70_lt_1,True,True
0dd80d60e0c04bea48a8,O=C(O)[C@@H](S)[C@@H](S)C(=O)O,PubChem_only,2.5616308046446141,2.0352619000000001,1,fingerprint_identical,False,True
e4a70277d218fd414f06,O=C(O)[C@@H]1C[C@@H]2CC[C@H]1O2,PubChem_only,2.6086910402423942,2.5489304000000002,1,fingerprint_identical,False,True
a9fe7680a962c355070d,O=C(O)[C@@H]1[C@H](C(=O)O)[C@@H]2C=C[C@H]1O2,PubChem_only,3.524801958518526,3.4716052999999998,1,fingerprint_identical,False,True
0ed8fa55113d597ede1b,O=C(O)[C@@H]1[C@H](C(=O)O)[C@H]2CC[C@@H]1O2,PubChem_only,4.1237653332733393,3.2908897000000001,0.6071428571428571,out_of_domain,True,False
901aef566ada56c0d690,O=C(O)[C@H]1/C(=C/CO)O[C@@H]2CC(=O)N21,PubChem_only,2.1142312881453829,1.9928968,1,fingerprint_identical,False,True
347df7a0d420b64fbae8,O=C(O)[C@H]1CCCC[C@]1(O)c1ccccc1,PubChem_only,2.260166038169479,2.3416845999999998,1,fingerprint_identical,False,True
71234b09215384fd0255,O=C(O)c1cc(=O)c2ccccc2o1,PubChem_only,2.5119495993985588,2.3253750000000002,0.65714285714285714,out_of_domain,True,False
abccdd6f35ad890165bd,O=C(O)c1cncc(Br)c1,PubChem_only,2.6407244434385189,2.5199210000000001,0.5714285714285714,out_of_domain,True,False
4c8044f482a36cad091d,O=C(OC1CC2CCC(C1)[N+]21CCCC1)C(O)(c1ccccc1)c1ccccc1,PubChem_only,3.8948906794088001,3.8201268000000002,0.72093023255813948,similarity_ge_0p70_lt_1,True,True
b146a394c3b9bd14ca1e,O=C(OC1C[C@H]2CC[C@@H](C1)[N+]21CCCC1)C(O)(c1ccccc1)c1ccccc1,PubChem_only,3.8948906794088001,3.8276951000000001,0.72093023255813948,similarity_ge_0p70_lt_1,True,True
cf22b9ee1af404fbeb17,O=C(OOC(=O)c1ccccc1)c1ccccc1,PubChem_only,2.986287920505013,2.7075927000000002,0.55000000000000004,out_of_domain,True,False
c768e6137356f5101c38,O=C(O[C@H]1CN2CCC1CC2)C(O)(c1ccccc1)c1ccccc1,PubChem_only,3.5153323092765323,3.5280583000000001,1,fingerprint_identical,False,True
aff8299be3734a814d2f,O=C(c1ccc(F)cc1)C1CCN(CCn2c(=O)[nH]c3ccccc3c2=O)CC1,PubChem_only,3.742767966063687,2.8532413999999999,0.50877192982456143,out_of_domain,True,False
eb0800efe4671ae46704,O=C(c1ccccc1)c1ccc2n1CCC2C(=O)O,PubChem_only,3.0548223641777632,2.8326087000000002,0.41860465116279072,out_of_domain,True,False
52738d7d496769c04481,O=C/C=C(\Cl)c1ccc(Br)cc1,PubChem_only,3.191399716533017,3.1638598,1,fingerprint_identical,False,True
3ee6ee54f74382eb58a6,O=C/C=C(\Cl)c1ccc(Cl)cc1,PubChem_only,3.0728594763026038,3.0901942,1,fingerprint_identical,False,True
3d541d2b628d10c6a35f,O=C/C=C(\Cl)c1ccccc1,PubChem_only,2.8773009706696211,2.9178435999999999,1,fingerprint_identical,False,True
15fcbda2425402ee05e7,O=C/C=C/c1ccccc1,PubChem_only,2.8200766065156522,2.8128848,1,fingerprint_identical,False,True
240ce13c9c3be0de296c,O=C1C(c2[nH]c3ccccc3c2O)=Nc2ccccc21,PubChem_only,2.076322623602624,2.5817459999999999,0.41860465116279072,out_of_domain,True,False
10349ce616f7b5465eb5,O=C1C(c2c(O)[nH]c3ccccc23)=Nc2ccccc21,PubChem_only,2.3773526192666048,2.5617409000000002,0.35555555555555557,out_of_domain,True,False
b2f80c129a2e8ef612ec,O=C1C=C2C=C[C@@H]3C[C@@]2(O1)[C@H]1CCCCN31,PubChem_only,3.8345686466177229,3.6594262,1,fingerprint_identical,False,True
78c31888c940047963e8,O=C1CCCN1Cc1ncnn1-c1ccccc1,PubChem_only,2.5312316201871896,2.6851980000000002,0.46808510638297873,out_of_domain,True,False
7298d5e5c75f4a6a0dfd,O=C1CCC[C@@H]2[C@H]3CCCN4CCC[C@@H](CN12)[C@@H]34,PubChem_only,3.2190078782568894,3.3310393999999999,1,fingerprint_identical,False,True
13e8886bcd89e7f57e38,O=C1CCC[C@@H]2[C@H]3CCCN4CCC[C@H](CN12)[C@@H]34,PubChem_only,3.5868881643883488,3.3310393999999999,1,fingerprint_identical,False,True
6fedd5eddc1229390b9c,O=C1CCC[C@@H]2[C@H]3CCC[N@+]4([O-])CCC[C@@H](CN12)[C@@H]34,PubChem_only,2.7053728049790791,3.3061862,0.52272727272727271,out_of_domain,True,False
5a6f1d816f9d21e7b0db,O=C1CCC[C@@H]2[C@H]3C[C@@H](CN12)[C@@H]1CCCCN1C3,PubChem_only,3.1723826661649874,3.173835,1,fingerprint_identical,False,True
d314e6211cff2f4488c7,O=C1CCO1,PubChem_only,2.2502573147318263,2.0609407000000002,0.625,out_of_domain,True,False
57c57d8666604cf98cd2,O=C1CC[C@@H](C(=O)N2CSC[C@H]2C(=O)O)N1,PubChem_only,1.8196719641818868,1.8721224000000001,1,fingerprint_identical,False,True
2471486acb9f27ff4c87,O=C1CCc2ccccc2O1,PubChem_only,2.8697039049172384,2.4591419999999999,0.35294117647058826,out_of_domain,True,False
1af90c223a051abf1126,O=C1CN(/N=C/c2ccc([N+](=O)[O-])o2)C(=O)N1,PubChem_only,3.3768669980940191,3.2160918999999999,0.79545454545454541,similarity_ge_0p70_lt_1,True,True
9fdd5c08fea749112416,O=C1CN=C(c2ccccc2)c2c(sc3c2CCCC3)N1,PubChem_only,2.6725303236366882,2.9211754999999999,0.48148148148148145,out_of_domain,True,False
b56166af47fa0d2e0607,O=C1CN=C(c2ccccc2)c2cc(Cl)ccc2N1CC1CC1,PubChem_only,2.5030305568072428,2.7457075,0.75,similarity_ge_0p70_lt_1,True,True
50ffb76819717c89866e,O=C1C[C@@H]2OCC=C3CN4CC[C@]56c7ccccc7N1[C@H]5[C@H]2[C@H]3C[C@H]46,PubChem_only,5.5330648681963286,3.3985207000000002,0.70769230769230773,similarity_ge_0p70_lt_1,True,True
5f4b1fe9ee9ae8b67e23,O=C1N=C(O)CN1/N=C/c1ccc(-c2ccc([N+](=O)[O-])cc2)o1,PubChem_only,2.769743703243567,2.6984629999999998,0.40625,out_of_domain,True,False
4e5d0ad65db22fbb4f7e,O=C1NC(=O)C(Br)=C1Br,PubChem_only,4.3649175137848371,3.4578582999999998,0.41176470588235292,out_of_domain,True,False
566d4ecdc48afd725757,O=C1NC(=O)C(c2ccccc2)(c2ccccc2)N1,PubChem_only,3.4018707718077641,2.5718899999999998,0.7857142857142857,similarity_ge_0p70_lt_1,True,True
857c04415882700aa205,O=C1NC(=S)S/C1=C\c1ccc(Cl)cc1,PubChem_only,3.5327560771103195,3.5072388999999999,1,fingerprint_identical,False,True
685cac4f6cadf71e8e26,O=C1NC(=S)S/C1=C\c1ccccc1,PubChem_only,3.5668419382004948,3.5640132000000002,1,fingerprint_identical,False,True
2753466fabce9e6a1966,O=C1Nc2ccc(Cl)cc2C(c2ccccc2)=NC1O,PubChem_only,2.572659594624592,2.7041552000000002,0.73333333333333328,similarity_ge_0p70_lt_1,True,True
e41ac76b0ea0b9d0fdd4,O=C1Nc2ccc(Cl)cc2C(c2ccccc2Cl)=NC1O,PubChem_only,2.2490469311602053,2.7775015999999999,0.59999999999999998,out_of_domain,True,False
8654d4c89d27d61f4f50,O=C1OC(=O)[C@H]2[C@@H]1[C@@H]1CC[C@H]2O1,PubChem_only,4.6236317147316752,4.5013665999999999,1,fingerprint_identical,False,True
3eb375916ee3fb5d5366,O=C1O[C@H]([C@@H](O)CO)C(O)=C1O,PubChem_only,2.331210972508349,2.1570825999999999,0.48717948717948717,out_of_domain,True,False
69d9e1d49bf58d94b9c7,O=C1[C@@H]2C[C@@H](CN3CCCC[C@H]23)[C@@H]2CCCCN12,PubChem_only,2.7248532842384465,2.7623744000000001,1,fingerprint_identical,False,True
ccfd181d1bcd23c044fa,O=C1c2c(O)cc(O)cc2O[C@H](c2cc(O)c(O)c(O)c2)[C@H]1O,PubChem_only,2.356274094074672,2.3943207000000002,1,fingerprint_identical,False,True
d4f604707a56b267772b,O=C1c2c(O)cc(O)cc2O[C@H](c2ccc(O)c(O)c2)[C@H]1O,PubChem_only,2.4898000660725543,2.4585702,1,fingerprint_identical,False,True
2d7614d2d879352eceee,O=C1c2c(O)ccc(O)c2C(=O)c2c(NCCNCCO)ccc(NCCNCCO)c21,PubChem_only,4.593630130799121,3.2067535,0.5,out_of_domain,True,False
2a34872615a3b2c39fd7,O=C1c2ccccc2C(=O)C1c1ccccc1,PubChem_only,3.1707368318047959,2.9109769999999999,0.68000000000000005,out_of_domain,True,False
027298406ef59214d6ff,O=CC1CCCO1,PubChem_only,3.0005078275226227,2.1042770000000002,0.47619047619047616,out_of_domain,True,False
6046c0f361c8e71f845f,O=CNNc1nc(-c2ccc([N+](=O)[O-])o2)cs1,PubChem_only,2.7568616616269721,2.6516278,0.76744186046511631,similarity_ge_0p70_lt_1,True,True
604576fd9700f3cbd29f,O=C[C@H](NC(=O)N(CCCl)N=O)[C@@H](O)[C@H](O)[C@H](O)CO,PubChem_only,3.9524381677111569,3.9186740000000002,1,fingerprint_identical,False,True
05c2cabacc4f33687e82,O=Ic1ccccc1C(=O)O,PubChem_only,3.1293774654913378,2.9972949999999998,0.59090909090909094,out_of_domain,True,False
94bb10a82cd50336c50e,O=NC=C1C=CN(O)C=C1,PubChem_only,2.2217209046809741,2.9866440000000001,0.19444444444444445,out_of_domain,True,False
9d03c9b4e5ff2e7ed1ec,O=NN(CCCl)C(=O)NC1CCCCC1,PubChem_only,3.6443809844456481,3.3236473000000002,1,fingerprint_identical,False,True
b81492ab8a4a27a55e37,O=NN1CCC[C@H]1C(=O)O,PubChem_only,2.8512583487190755,2.8697414000000001,1,fingerprint_identical,False,True
1061eed7c7736785137e,O=NN1CCC[C@H]1c1cccnc1,PubChem_only,2.2484808733147368,2.3108499999999998,1,fingerprint_identical,False,True
430eaa88c95edad8436e,O=Nc1ccc(O)c(Cl)c1,PubChem_only,2.817223704784606,3.3037999999999998,0.52941176470588236,out_of_domain,True,False
d9a84bafd3e89988e92f,O=Nc1ccc(O)cc1,PubChem_only,2.6753235110195623,3.226375,0.56521739130434778,out_of_domain,True,False
c2ef388557bd20e640a2,O=Nc1ccc(O)cc1Br,PubChem_only,2.2679399210540208,3.062983,0.39393939393939392,out_of_domain,True,False
23d0daf8e326b5f3a10b,O=P(O)(O)OC1C(OP(=O)(O)O)C(OP(=O)(O)O)C(OP(=O)(O)O)C(OP(=O)(O)O)C1OP(=O)(O)O,PubChem_only,2.5454058264878201,3.1089272000000001,0.28000000000000003,out_of_domain,True,False
26680d594224b835aa95,O=P1(N(CCCl)CCCl)NCCCO1,PubChem_only,2.9935427009120463,3.0832522,0.84375,similarity_ge_0p70_lt_1,True,True
7b6f1a5831606a4239d2,O=P1(NCCCl)OCCCN1CCCl,PubChem_only,2.80826254127166,2.9263414999999999,0.80000000000000004,similarity_ge_0p70_lt_1,True,True
0879a0f620cf94a1521b,O=S(=O)(O)c1cc(S(=O)(=O)O)c2c(N=Nc3ccc(S(=O)(=O)O)c4ccccc34)c(O)ccc2c1,PubChem_only,2.527095564056653,2.8313193000000001,0.61111111111111116,out_of_domain,True,False
af28d3d7ea68e6786d52,O=S(=O)(O)c1ccc(N=Nc2c(O)ccc3cc(S(=O)(=O)O)ccc23)cc1,PubChem_only,1.9483417257744569,2.6234975,0.52272727272727271,out_of_domain,True,False
e45a14482a445bc075e5,O=S(=O)(O)c1ccccc1,PubChem_only,3.0530180443493631,2.3147359999999999,0.57894736842105265,out_of_domain,True,False
f964106a0e18b9d456bc,O=[N+]([O-])OCC(CO[N+](=O)[O-])O[N+](=O)[O-],PubChem_only,3.3391551087369948,2.8842919999999999,0.59999999999999998,out_of_domain,True,False
19b2ce264647de6cddfb,O=[N+]([O-])O[C@@H]1CO[C@H]2[C@@H]1OC[C@@H]2O,PubChem_only,2.0236707346699441,2.0972719999999998,1,fingerprint_identical,False,True
1298f8e08acaa0ca06eb,O=[N+]([O-])O[C@H]1CO[C@H]2[C@@H]1OC[C@H]2O[N+](=O)[O-],PubChem_only,2.5158297058507841,2.4951254999999999,1,fingerprint_identical,False,True
e8b4a92f4acc88a26cd9,O=[N+]([O-])c1ccc(/C=C/c2cnc(N(CO)CO)nn2)o1,PubChem_only,2.3546167282763446,2.4119081000000002,1,fingerprint_identical,False,True
1fd148cd566c120ea73b,O=[N+]1C=CC=CC1=C1C=CC=CN1[O-],PubChem_only,1.8549619502922048,2.8526224999999998,0.14634146341463414,out_of_domain,True,False
ecea52c71228c60b8255,O=c1[nH]c(=O)n([C@@H]2O[C@H](CO)[C@@H](O)[C@H]2O)cc1F,PubChem_only,3.2145011101063994,3.104711,1,fingerprint_identical,False,True
4d98766a0718cfed65b5,O=c1[nH]c(=O)n([C@H]2C[C@H](O)[C@@H](CO)O2)cc1/C=C/Br,PubChem_only,2.3703358297342483,2.3755784000000002,1,fingerprint_identical,False,True
f4bdac8caa0fa6f4bd50,O=c1[nH]c(=O)n([C@H]2C[C@H](O)[C@@H](CO)O2)cc1Br,PubChem_only,2.0029799770962837,2.0964440999999998,1,fingerprint_identical,False,True
15e3d04d54bc6bf39a33,O=c1[nH]c(=O)n([C@H]2C[C@H](O)[C@@H](CO)O2)cc1C(F)(F)F,PubChem_only,2.185804246623718,2.1956522000000001,1,fingerprint_identical,False,True
c885670a59b94002ea15,O=c1[nH]c(=O)n([C@H]2C[C@H](O)[C@@H](CO)O2)cc1F,PubChem_only,2.5783641078799651,2.5695700000000001,1,fingerprint_identical,False,True
51c47ad6614b6dd6a1aa,O=c1[nH]c(=O)n([C@H]2C[C@H](O)[C@@H](CO)O2)cc1I,PubChem_only,2.5491259267581112,2.4783065,1,fingerprint_identical,False,True
fd2e23a679c5b6fa5978,O=c1[nH]c(CCl)nc2sc3c(c12)CCCC3,PubChem_only,3.0636778733463084,3.0045923999999999,0.62790697674418605,out_of_domain,True,False
a889e4835365760a4bb9,O=c1[nH]c2cc(Cl)ccc2o1,PubChem_only,3.5303713323088268,2.7213820000000002,0.72413793103448276,similarity_ge_0p70_lt_1,True,True
e12a8b657837089f4bd0,O=c1[nH]c2ccccc2[nH]c1=O,PubChem_only,2.9088816006116121,2.6708699999999999,0.5,out_of_domain,True,False
ad5b4f3ffacd2e759af8,O=c1[nH]cc(F)c(=O)[nH]1,PubChem_only,3.1142038508542269,2.3679592999999999,0.52000000000000002,out_of_domain,True,False
1573ad5609383b7fc845,O=c1[nH]cncc1-c1ccccc1,PubChem_only,2.7502789329392647,2.7145796,0.42857142857142855,out_of_domain,True,False
1280e889917f7f9f0c98,O=c1c(CO)c/c(=N\Nc2ccc(S(=O)(=O)O)c3ccccc23)c(=O)/c1=N/Nc1ccc(S(=O)(=O)O)c2ccccc12,PubChem_only,3.4419164031005991,3.4265683,1,fingerprint_identical,False,True
145f32e52c412159fe25,O=c1cc/c(=N/O)c(=O)/c1=N\O,PubChem_only,2.748467126615016,3.1040215,0.2857142857142857,out_of_domain,True,False
9b96789ce8a6b0430db4,O=c1ccc2cc(O[C@@H]3O[C@H](CO)[C@@H](O)[C@H](O)[C@H]3O)c(O)cc2o1,PubChem_only,2.2530879282926413,2.2605221000000002,1,fingerprint_identical,False,True
531d2264dbf540519e55,O=c1cccc2n1C[C@@H]1CNC[C@H]2C1,PubChem_only,4.3473494195912323,4.28634,1,fingerprint_identical,False,True
b8eb56fdeef0627a3c1d,O=c1ccn([C@@H]2O[C@H](CO)[C@@H](O)[C@H]2O)c(=O)[nH]1,PubChem_only,1.7507618930769082,1.8466720000000001,1,fingerprint_identical,False,True
4f3ac324812d4723c681,O=c1ccn([C@@H]2O[C@H](COP(=O)(O)O)[C@@H](O)[C@H]2O)c(=O)[nH]1,PubChem_only,1.9719639083182827,1.9766661000000001,1,fingerprint_identical,False,True
0d610b7f7dae5af12aa7,O=c1n(C[C@@H]2CO2)c(=O)n(C[C@@H]2CO2)c(=O)n1C[C@@H]1CO1,PubChem_only,2.8396782447004782,3.151329,1,fingerprint_identical,False,True
1e1b69bd61343471413f,O=c1oc2ccccc2c(O)c1Cc1c(O)c2ccccc2oc1=O,PubChem_only,3.567684183601548,3.0750890000000002,0.48837209302325579,out_of_domain,True,False
6389e535e4346abd69e4,OC(Cn1cncn1)(Cn1cncn1)c1ccc(F)cc1F,PubChem_only,2.3812845628690962,2.8237762000000002,0.34146341463414637,out_of_domain,True,False
3a1449a4b764c2a5fbaa,OC1C[C@H]2CC[C@@H](C1)N2,PubChem_only,2.8491702184984771,2.8142852999999999,1,fingerprint_identical,False,True
f5a49e1a2ddc4b57f148,OCC(S)CS,PubChem_only,3.6962864765500023,2.7549424,0.5714285714285714,out_of_domain,True,False
19ac2afae1d47879d2ae,OCCN1CCN(CC/C=C2/c3ccccc3Sc3ccc(C(F)(F)F)cc32)CC1,PubChem_only,3.461925508119565,3.4768322,1,fingerprint_identical,False,True
09dc38e68d445b628557,OCCN1CCN(CC/C=C2/c3ccccc3Sc3ccc(Cl)cc32)CC1,PubChem_only,3.2567643216096736,3.3050918999999999,1,fingerprint_identical,False,True
eb39166d3f6e232e6bcf,OC[C@@H](O)CF,PubChem_only,3.8273923535673111,3.743039,1,fingerprint_identical,False,True
4864672391e39abda4de,OC[C@@H](O)CN1CCN(c2ccccc2)CC1,PubChem_only,2.7628311260857568,2.7943118,1,fingerprint_identical,False,True
3930d5761faa91acd5cc,OC[C@@H](O)[C@H]1O[C@@H]2O[C@H](C(Cl)(Cl)Cl)O[C@@H]2[C@H]1O,PubChem_only,3.2476632959459684,3.203811,1,fingerprint_identical,False,True
e3b6cd73caf002e0b078,OC[C@H](O)CF,PubChem_only,3.5585470412747311,3.743039,1,fingerprint_identical,False,True
b370ec0209a346a01589,OC[C@H](O)CN1CCN(c2ccccc2)CC1,PubChem_only,2.8697006061184558,2.7943118,1,fingerprint_identical,False,True
f792ed66544311341480,OC[C@H]1O[C@@H](Oc2ccccc2)[C@H](O)[C@@H](O)[C@@H]1O,PubChem_only,2.4174445775493423,2.2757044,1,fingerprint_identical,False,True
19b504cdb95be2c50a99,OC[C@H]1O[C@@H]2O[C@H]3[C@H](O)[C@@H](O)[C@@H](O[C@H]4[C@H](O)[C@@H](O)[C@@H](O[C@H]5[C@H](O)[C@@H](O)[C@@H](O[C@H]6[C@H](O)[C@@H](O)[C@@H](O[C@H]7[C@H](O)[C@@H](O)[C@@H](O[C@H]8[C@H](O)[C@@H](O)[C@@H](O[C@H]1[C@H](O)[C@H]2O)O[C@@H]8CO)O[C@@H]7CO)O[C@@H]6CO)O[C@@H]5CO)O[C@@H]4CO)O[C@@H]3CO,PubChem_only,3.5364769473247364,3.5137564999999999,1,fingerprint_identical,False,True
c9c922596a5403cb861f,OC[C@H]1O[C@H](Oc2ccccc2)[C@H](O)[C@@H](O)[C@@H]1O,PubChem_only,2.0906073182790759,2.2757044,1,fingerprint_identical,False,True
2427370aea99ef6f02e8,O[C@@H](CS)[C@@H](O)CS,PubChem_only,3.0007213446805721,2.9246336999999998,1,fingerprint_identical,False,True
35db454cdc4a459e5029,O[C@@H]([C@H](O)[C@H](O)CBr)[C@H](O)CBr,PubChem_only,2.5342602628161459,2.6105657,1,fingerprint_identical,False,True
57ff0e207109f6f379a2,O[C@H](CS)[C@H](O)CS,PubChem_only,2.9353890345371418,2.9246336999999998,1,fingerprint_identical,False,True
802ce80808cb963d9f05,O[C@H]([C@H](O)[C@@H](O)CBr)[C@H](O)CBr,PubChem_only,2.7481400827612266,2.6105657,1,fingerprint_identical,False,True
5edfd8b052f244316e42,O[C@H]([C@H](O)[C@@H]1CO1)[C@H]1CO1,PubChem_only,3.9886837874530401,2.9041638000000001,0.70588235294117652,similarity_ge_0p70_lt_1,True,True
5160085e45b81965d24f,O[C@H]1CCN2Cc3ccccc3N=C12,PubChem_only,3.3770617509471168,3.3491947999999998,1,fingerprint_identical,False,True
c96aba4a0a4afeb0c8db,O[C@H]1[C@H]2c3cc4c(cc3CN3CCC(=C[C@@H]1O)[C@H]23)OCO4,PubChem_only,3.3901724382700631,3.3647722999999998,1,fingerprint_identical,False,True
bc418f095f1fc5df6360,Oc1c(Cl)cc(Cl)c(Cl)c1Cc1c(O)c(Cl)cc(Cl)c1Cl,PubChem_only,4.3084651653989976,3.5412189999999999,0.56521739130434778,out_of_domain,True,False
9b603fea05f1ca68c7c4,Oc1c(I)cc(Cl)c2cccnc12,PubChem_only,2.7141620460988531,2.9800900000000001,0.48648648648648651,out_of_domain,True,False
1e7279477cc5c1cf4f8d,Oc1cc(Cl)ccc1Oc1ccc(Cl)cc1Cl,PubChem_only,3.5374367836697509,2.7141378,0.81481481481481477,similarity_ge_0p70_lt_1,True,True
219436103ba873774c80,Oc1cc(O)c2c(c1)O[C@H](c1ccc(O)c(O)c1)[C@@H](O)C2,PubChem_only,3.6302947363907032,2.5745833,0.54716981132075471,out_of_domain,True,False
4cdde41ed57f1356e0c8,Oc1cc(O)c2c(c1)O[C@H](c1ccc(O)c(O)c1)[C@H](O)C2,PubChem_only,2.4628036490969398,2.5745833,0.54716981132075471,out_of_domain,True,False
c2b727acc3890753fa79,Oc1cc(O)cc(/C=C/c2ccc(O)c(O)c2)c1,PubChem_only,3.0513677261895591,3.0578926000000002,1,fingerprint_identical,False,True
6b066538f0c6d726132e,Oc1cc(O)cc(/C=C/c2ccccc2)c1,PubChem_only,4.0258136109407907,3.9325782999999999,1,fingerprint_identical,False,True
fc5217e5950bb18c7b66,Oc1ccc2c(c1)OC[C@]1(O)Cc3cc(O)c(O)cc3[C@H]21,PubChem_only,2.280704300543297,2.3457873,1,fingerprint_identical,False,True
dae1ea66744d6d9f1ceb,Oc1ccc2c(c1)[C@@]13CCCC[C@@]1(O)[C@@H](C2)N(CC1CCC1)CC3,PubChem_only,3.2318676386702885,3.2303853,0.40298507462686567,out_of_domain,True,False
2db1eb80ded656b3c640,Oc1cccc2cccnc12,PubChem_only,3.5283814957716522,2.7509777999999998,0.60869565217391308,out_of_domain,True,False
a2010321c8d9d69ecf38,Oc1cn[nH]c1,PubChem_only,2.9608945450455333,2.1688151000000002,0.45454545454545453,out_of_domain,True,False
74056f679bd3e5ad9b07,[2H]C([2H])([2H])C([2H])(N)C([2H])([2H])c1ccccc1,PubChem_only,2.9946419978876859,3.0749594999999998,0.41379310344827586,out_of_domain,True,False
ab6b96d34699150770a6,[N-]=[N+]=CC(=O)CC[C@H](N)C(=O)O,PubChem_only,2.8909694474323926,2.3586260000000001,0.51724137931034486,out_of_domain,True,False
905b5f3025b963e0d130,[N-]=[N+]=CC(=O)OC[C@H](N)C(=O)O,PubChem_only,3.2383673120238727,2.2390436999999999,0.44117647058823528,out_of_domain,True,False
4abebbaf679dddc35b0a,[N-]=[N+]=NC(=O)c1cccnc1,PubChem_only,3.392477112970536,3.0797924999999999,0.58333333333333337,out_of_domain,True,False
79ccd33e448a28999560,[O-][n+]1ccccc1,PubChem_only,1.8243702192826696,2.1137625999999998,0.375,out_of_domain,True,False
52c13d3954d68ef182ec,[O-][n+]1ccccc1-c1ccccn1,PubChem_only,2.5547591220452577,2.5437584000000002,0.61290322580645162,out_of_domain,True,False
a01102f43986c54d5bcd,c1ccc(-c2ccn[nH]2)cc1,PubChem_only,2.8733386755796824,2.6279613999999998,0.40740740740740738,out_of_domain,True,False
25bbc786f8e96cb7c24d,c1ccc(-c2ncn[nH]2)cc1,PubChem_only,2.5741509534171061,2.5520456,0.48275862068965519,out_of_domain,True,False
26c62baeb2abd1f5c05b,c1ccc(C2(c3ccccc3)CC2C2=NCCN2)cc1,PubChem_only,3.5549736238695968,3.5259806999999999,0.43181818181818182,out_of_domain,True,False
c7c215bc3b2ec17423c4,c1ccc([C@H]2CN3CCSC3=N2)cc1,PubChem_only,3.724803385566358,3.7025749999999999,1,fingerprint_identical,False,True
8d87c8eeb38e798ac6b5,c1ccc2[nH]cnc2c1,PubChem_only,2.4240332794250361,2.7041369999999998,0.5,out_of_domain,True,False
24636637b448b66747de,c1ccc2[nH]ncc2c1,PubChem_only,2.4289406139197798,2.6500971,0.38461538461538464,out_of_domain,True,False
df5a157ec02834a16fa8,c1ccc2c(c1)Sc1ccccc1N2CCCNCCn1cnc2ccccc21,PubChem_only,3.1255365655968728,3.0341523000000001,0.46551724137931033,out_of_domain,True,False
47a11f176ef884276904,c1ccsc1,PubChem_only,2.9250179921142934,2.6684364999999999,0.22222222222222221,out_of_domain,True,False
c7b61a8008d42487bec8,c1cncc(-c2cnc[nH]2)c1,PubChem_only,2.76392190976398,2.7799556000000001,0.47058823529411764,out_of_domain,True,False
bae3c208f77fee7b741c,c1cncc([C@@H]2CCCCN2)c1,PubChem_only,3.8263318640831727,3.8435427999999998,1,fingerprint_identical,False,True
e764963c56031258f509,c1cncc([C@@H]2CCCN2)c1,PubChem_only,4.0047406066962177,3.9279913999999998,1,fingerprint_identical,False,True
