Canonical SMILES,Toxicity Value,ld50_mgkg,molecular_weight,y,source_type,source_set,has_toxric,has_pubchem,n_raw_records,ld50_min_mgkg_raw,ld50_max_mgkg_raw,ld50_mean_mgkg_raw,ld50_median_mgkg_raw,raw_row_ids,n_fragments_original_max,heavy_atoms,element_set
C#CC(O)(/C=C/Cl)CC,275.0,275.0,144.60099999999997,2.7208386025375177,PubChem_only,PubChem,False,True,1,275.0,275.0,275.0,275.0,39997,1,9,"C,Cl,O"
C#CC1(OC(N)=O)CCCCC1,300.0,300.0,167.20799999999997,2.746135797526513,PubChem_only,PubChem,False,True,1,300.0,300.0,300.0,300.0,35620,1,12,"C,N,O"
C#CCN(C)C(C)Cc1ccccc1,45.0,45.0,187.286,3.6192928004392337,PubChem_only,PubChem,False,True,1,45.0,45.0,45.0,45.0,39014,2,14,"C,N"
C#C[C@@]1(O)CC[C@@H]2[C@H]3CCC4=CC(=O)CC[C@H]4[C@@H]3CC[C@]21CC,2990.0,2990.0,312.4530000000001,2.0191135105531886,PubChem_only,PubChem,False,True,1,2990.0,2990.0,2990.0,2990.0,38454,1,23,"C,O"
C#C[C@]1(O)CC[C@H]2[C@@H]3CCc4cc(O)ccc4[C@H]3CC[C@@]21C,250.0,250.0,296.4100000000001,3.0739528426985427,PubChem_only,PubChem,False,True,1,250.0,250.0,250.0,250.0,36091,1,22,"C,O"
C(=C/c1ccccc1)\CN1CCN(C(c2ccccc2)c2ccccc2)CC1,730.0,730.0,368.5240000000001,2.70314291627586,PubChem_only,PubChem,False,True,1,730.0,730.0,730.0,730.0,39800,1,28,"C,N"
C(=N/OCc1ccccc1)\c1ccccn1,100.0,100.0,212.252,3.326851791188648,PubChem_only,PubChem,False,True,1,100.0,100.0,100.0,100.0,40298,1,16,"C,N,O"
C/C(=C(/CCO)SSCC1CCCO1)N(C=O)Cc1cnc(C)nc1N,540.0,540.0,398.55400000000014,2.868093412366388,PubChem_only,PubChem,False,True,1,540.0,540.0,540.0,540.0,39855,1,26,"C,N,O,S"
C/C(=C/C=C/[C@@H](C)C(=O)O)[C@H]1CN[C@H](C(=O)O)[C@H]1CC(=O)O,3.6,3.6,311.3340000000001,4.936924050708919,PubChem_only,PubChem,False,True,1,3.6,3.6,3.6,3.6,40035,1,22,"C,N,O"
C/C(=C\c1ccccc1)[N+](=O)[O-],154.0,154.0,163.17599999999996,3.025135562049254,PubChem_only,PubChem,False,True,1,154.0,154.0,154.0,154.0,39810,1,12,"C,N,O"
C/C(=N\O)C(=O)c1ccccc1,250.0,250.0,163.176,2.8147162742136795,PubChem_only,PubChem,False,True,1,250.0,250.0,250.0,250.0,40300,1,12,"C,N,O"
C/C(O)=C(\C#N)C(=O)Nc1ccc(C(F)(F)F)cc1,100.0,100.0,270.21,3.4317014174634197,PubChem_only,PubChem,False,True,1,100.0,100.0,100.0,100.0,40513,1,19,"C,F,N,O"
C/C=C(/C)C(=O)O[C@H]1CC[C@@]2(C)[C@@H]3CC[C@H]4[C@]5(O)C[C@H](O)[C@@]6(O)[C@@H](CN7C[C@@H](C)CC[C@H]7[C@@]6(C)O)[C@]5(O)C[C@@]42O[C@]13O,3.5,3.5,591.7420000000003,5.2280643508873625,PubChem_only,PubChem,False,True,1,3.5,3.5,3.5,3.5,40138,1,42,"C,N,O"
C/C=C(/C)C(=O)O[C@H]1[C@H](OC(C)=O)[C@@]2(CO)C(CC1(C)C)C1=CCC3[C@@]4(C)CC[C@H](O[C@@H]5O[C@H](C(=O)O)[C@@H](O[C@@H]6O[C@H](CO)[C@@H](O)[C@H](O)[C@H]6O)[C@H](O)[C@H]5O[C@@H]5O[C@H](CO)[C@@H](O)[C@H](O)[C@H]5O)[C@](C)(CO)C4CC[C@@]3(C)[C@]1(C)C[C@H]2O,3.2,3.2,1131.2690000000007,5.548415908059861,PubChem_only,PubChem,False,True,1,3.2,3.2,3.2,3.2,40271,1,79,"C,O"
C/C=C(\C)[C@H](O)[C@H](C)/C=C(C)/C=C/C/C(C)=C/Cc1[nH]c(OC)c(OC)c(=O)c1C,0.87,0.87,415.5740000000002,5.679129115886954,PubChem_only,PubChem,False,True,1,0.87,0.87,0.87,0.87,40253,1,30,"C,N,O"
C/C=C/C(=O)N(CC)c1ccccc1C,395.0,395.0,203.28500000000003,2.71150823845887,PubChem_only,PubChem,False,True,1,395.0,395.0,395.0,395.0,39755,1,15,"C,N,O"
C/C=C/C(=O)O,25.0,25.0,86.08999999999999,3.5370126991458206,PubChem_only,PubChem,False,True,1,25.0,25.0,25.0,25.0,39699,1,6,"C,O"
C/C=C/C/C=C/CCC(=O)[C@H]1O[C@H]1C(N)=O,211.0,211.0,223.272,3.0245518073709023,PubChem_only,PubChem,False,True,1,211.0,211.0,211.0,211.0,40023,1,16,"C,N,O"
C/C=C/C=C/C(=O)O,2820.0,2820.0,112.12799999999999,1.599464967496588,PubChem_only,PubChem,False,True,1,2820.0,2820.0,2820.0,2820.0,39720,1,8,"C,O"
C/C=C/C=O,160.0,160.0,70.09100000000001,2.6415422735237075,PubChem_only,PubChem,False,True,1,160.0,160.0,160.0,160.0,39659,1,5,"C,O"
C/C=C/[C@H]1O[C@@](O)([C@@H](C)[C@H](O)[C@H](C)[C@H]2OC(=O)/C(OC)=C/C(C)=C/[C@@H](C)[C@@H](O)[C@@H](CC)[C@@H](O)[C@H](C)C/C(C)=C/C=C/[C@@H]2OC)C[C@@H](O[C@H]2C[C@@H](O)[C@H](OC(N)=O)[C@@H](C)O2)[C@@H]1C,2.45,2.45,866.0990000000002,5.5484014527986805,PubChem_only,PubChem,False,True,1,2.45,2.45,2.45,2.45,40256,1,61,"C,N,O"
C/C=C/c1cc(OC)c(OC)cc1OC,310.0,310.0,208.25699999999998,2.8272379141330566,PubChem_only,PubChem,False,True,1,310.0,310.0,310.0,310.0,39698,1,15,"C,O"
C/C=C/c1ccc(O)c(OC)c1,434.0,434.0,164.20399999999998,2.5778940027883817,PubChem_only,PubChem,False,True,2,328.0,540.0,434.0,434.0,39770;39771,1,12,"C,O"
C/C=C/c1ccc(OC)c(OC)c1,350.0,350.0,178.23099999999997,2.7069151994473226,PubChem_only,PubChem,False,True,1,350.0,350.0,350.0,350.0,39708,1,13,"C,O"
C/C=C/c1ccc(OC)cc1,621.5,621.5,148.20499999999998,2.377421722728936,PubChem_only,PubChem,False,True,2,593.0,650.0,621.5,621.5,39704;39705,1,11,"C,O"
C/C=C/c1ccc2c(c1)OCO2,802.0,802.0,162.18799999999996,2.305844350107779,PubChem_only,PubChem,False,True,2,324.0,1280.0,802.0,802.0,39709;39710,1,12,"C,O"
C/C=C1/C[C@@H](C)[C@](O)(CO)C(=O)OCC2=CCN3CC[C@@H](OC1=O)[C@@H]23,65.0,65.0,351.3990000000001,3.7328871646168764,PubChem_only,PubChem,False,True,1,65.0,65.0,65.0,65.0,40016,1,25,"C,N,O"
C/C=C1\C2C=C(C)CC1(N)c1ccc(=O)[nH]c1C2,3.18,3.18,242.32199999999997,4.881965724796372,PubChem_only,PubChem,False,True,1,3.18,3.18,3.18,3.18,40191,1,18,"C,N,O"
C/C=C1\C[C@@H](C)[C@@](C)(O)C(=O)OCC2=CCN3CC[C@@H](OC1=O)[C@@H]23,75.0,75.0,335.40000000000003,3.650501794878367,PubChem_only,PubChem,False,True,1,75.0,75.0,75.0,75.0,40015,1,24,"C,N,O"
C/C=C1\C[C@@H](C)[C@](O)(CO)C(=O)OCC2=CCN3CC[C@@H](OC1=O)[C@@H]23,300.0,300.0,351.3990000000001,3.0686792665400695,PubChem_only,PubChem,False,True,1,300.0,300.0,300.0,300.0,40017,1,25,"C,N,O"
C/C=C1\[C@H]2C=C(C)C[C@]1(N)c1ccc(=O)[nH]c1C2,1.793,1.793,242.32199999999997,5.130812555218623,PubChem_only,PubChem,False,True,1,1.793,1.793,1.793,1.793,39773,1,18,"C,N,O"
C/C=C\c1ccc(O)c(OC)c1,365.0,365.0,164.20399999999998,2.653090867844418,PubChem_only,PubChem,False,True,1,365.0,365.0,365.0,365.0,39805,1,12,"C,O"
C/C=C\c1ccc(OC)c(OC)c1,552.5,552.5,178.23099999999997,2.5086509614404497,PubChem_only,PubChem,False,True,2,535.0,570.0,552.5,552.5,39806;39807,1,13,"C,O"
C/C=C\c1ccc(OC)cc1,95.0,95.0,148.20499999999998,3.1931392504177514,PubChem_only,PubChem,False,True,1,95.0,95.0,95.0,95.0,39804,1,11,"C,O"
C1=C2CCCN[C@H]2[C@@H]2C[C@H]1[C@H]1CCCCN1C2,154.0,154.0,232.37099999999995,3.1786612061269053,PubChem_only,PubChem,False,True,1,154.0,154.0,154.0,154.0,39315,1,17,"C,N"
C1CCC(C(CC2CCCCN2)C2CCCCC2)CC1,107.0,107.0,277.496,3.413872949627727,PubChem_only,PubChem,False,True,1,107.0,107.0,107.0,107.0,40056,2,20,"C,N"
C1CCN2C[C@@H]3C[C@@H](CN4CCCC[C@@H]34)[C@H]2C1,39.5,39.5,234.38699999999992,3.773336424753588,PubChem_only,PubChem,False,True,2,36.0,43.0,39.5,39.5,39724;40462,2,17,"C,N"
C1CCN2C[C@H]3C[C@H](CN4CCCC[C@@H]34)[C@H]2C1,89.1,89.1,234.38699999999992,3.4200558163431736,PubChem_only,PubChem,False,True,1,89.1,89.1,89.1,89.1,36343,1,17,"C,N"
C1CCOC1,1900.0,1900.0,72.107,1.5792238262327176,PubChem_only,PubChem,False,True,1,1900.0,1900.0,1900.0,1900.0,36587,1,5,"C,O"
C=C(C)C(=O)/C(=C\C(=O)O)OC,90.0,90.0,170.16399999999996,3.2766251764204966,PubChem_only,PubChem,False,True,1,90.0,90.0,90.0,90.0,40139,1,12,"C,O"
C=C(C)[C@@H]1[C@H]2OC(=O)[C@@H]1[C@]1(O)C[C@H]3O[C@]34C(=O)O[C@H]2[C@]14C,8.98,8.98,292.287,4.512533163076663,PubChem_only,PubChem,False,True,1,8.98,8.98,8.98,8.98,39614,1,21,"C,O"
C=C(C)[C@@H]1[C@H]2OC(=O)[C@@H]1[C@]1(O)[C@H]3O[C@H]3[C@]3(CO3)[C@]1(C)[C@@H]2O,3.0,3.0,294.303,4.991673434416324,PubChem_only,PubChem,False,True,1,3.0,3.0,3.0,3.0,38813,1,21,"C,O"
C=C(C)[C@H]1CC=C(C)CC1,600.0,600.0,136.23799999999997,2.3561470090913113,PubChem_only,PubChem,False,True,1,600.0,600.0,600.0,600.0,39583,1,10,C
C=C(C)[C@H]1Cc2c(ccc3c2O[C@@H]2COc4cc(OC)c(OC)cc4[C@@H]2C3=O)O1,2.65,2.65,394.4230000000001,5.172716358097681,PubChem_only,PubChem,False,True,1,2.65,2.65,2.65,2.65,36291,1,29,"C,O"
C=C(CC(=O)O)C(=O)O,425.0,425.0,130.099,2.485885028339476,PubChem_only,PubChem,False,True,1,425.0,425.0,425.0,425.0,35363,1,9,"C,O"
C=C1/C(=C\C=C2/CCC[C@]3(C)[C@@H]([C@H](C)CCCC(C)(C)O)CC[C@@H]23)C[C@@H](O)C[C@@H]1O,1.9,1.9,416.6460000000002,5.3410136157950285,PubChem_only,PubChem,False,True,1,1.9,1.9,1.9,1.9,39975,1,30,"C,O"
C=C1C(=O)O[C@@H]2C[C@@H](C)[C@@H]3C=CC(=O)[C@@]3(C)[C@@H](O)[C@H]12,10.0,10.0,262.305,4.418806569094789,PubChem_only,PubChem,False,True,1,10.0,10.0,10.0,10.0,37823,1,19,"C,O"
C=C1C(=O)O[C@@H]2C[C@@H](C)[C@@H]3C[C@H](O)O[C@@H](O)[C@@]3(C)C[C@H]12,16.24,16.24,282.336,4.240180232641482,PubChem_only,PubChem,False,True,1,16.24,16.24,16.24,16.24,38302,1,20,"C,O"
C=C1C(=O)[C@@]23[C@H]4O[C@H]5O[C@]2(O)[C@@H](O)[C@@H]2C(C)(C)CC[C@H](O)C52[C@@H]3CC[C@@H]14,55.8,55.8,362.42200000000014,3.8125803537222867,PubChem_only,PubChem,False,True,1,55.8,55.8,55.8,55.8,40548,1,26,"C,O"
C=C1C(=O)[C@]23[C@H](O)[C@H]1CC[C@H]2[C@@]12CO[C@]3(O)[C@@H](O)[C@@H]1C(C)(C)CC[C@@H]2O,35.0,35.0,364.4380000000001,4.017555610256633,PubChem_only,PubChem,False,True,1,35.0,35.0,35.0,35.0,40087,1,26,"C,O"
C=C1CCO[C@]2([C@@H](O)[C@@](C)(O)CO)NC(=O)[C@@]1(O)NC2=O,5000.0,5000.0,302.283,1.7814437193757255,PubChem_only,PubChem,False,True,1,5000.0,5000.0,5000.0,5000.0,38526,1,21,"C,N,O"
C=C1CC[C@H](O)C/C1=C/C=C1\CCC[C@]2(C)[C@@H]([C@H](C)CCCC(C)C)CC[C@@H]12,136.0,136.0,384.6480000000002,3.451524570269604,PubChem_only,PubChem,False,True,1,136.0,136.0,136.0,136.0,39982,1,28,"C,O"
C=C1[C@@H](C)[C@H]2[C@H](Cc3ccccc3)NC(=O)[C@]23OC(=O)/C=C/[C@H](O)CCC[C@@H](C)C/C=C/[C@H]3[C@@H]1O,30.0,30.0,479.61700000000025,4.203773313525635,PubChem_only,PubChem,False,True,1,30.0,30.0,30.0,30.0,40080,1,35,"C,N,O"
C=C1[C@@H](C)[C@H]2[C@H](Cc3ccccc3)NC(=O)[C@]23[C@H](OC(C)=O)/C=C/[C@@](C)(O)C(=O)[C@@H](C)C/C=C/[C@H]3[C@@H]1O,2.0,2.0,507.6270000000003,5.4045147179146396,PubChem_only,PubChem,False,True,1,2.0,2.0,2.0,2.0,40147,1,37,"C,N,O"
C=C1[C@@H](O)[C@]2(O)OC[C@]34[C@H]2[C@@]2(C)[C@H](O)C(=O)C=C(C)[C@@H]2C[C@H]3OC(=O)C[C@@H]14,31.4,31.4,376.4050000000002,4.078725735698973,PubChem_only,PubChem,False,True,1,31.4,31.4,31.4,31.4,38747,1,27,"C,O"
C=C1[C@@H](O)[C@]2(O)OC[C@]34[C@H]2[C@@]2(C)[C@H](O)C(=O)C=C(C)[C@@H]2C[C@H]3OC(=O)[C@H](O)[C@@]14O,18.9,18.9,408.4030000000002,4.334627119444029,PubChem_only,PubChem,False,True,1,18.9,18.9,18.9,18.9,40401,1,29,"C,O"
C=C1[C@@H]2CC[C@H]3[C@]4(C)C[C@H](O[C@@H]5O[C@H](CO)[C@@H](OS(=O)(=O)O)[C@H](OS(=O)(=O)O)[C@H]5OC(=O)CC(C)C)CC(C(=O)O)(C(=O)O)[C@H]4CC[C@]3(C2)[C@H]1O,10.6,10.6,770.8249999999999,4.861649926325779,PubChem_only,PubChem,False,True,1,10.6,10.6,10.6,10.6,40576,3,51,"C,O,S"
C=C1[C@H]2C[C@@]3([C@@H]1O)[C@@H](CC2=O)[C@]12[C@@H]4C[C@H]3[C@H]1N(CC)C[C@]4(C)CC[C@@H]2O,485.0,485.0,357.49400000000014,2.8675270186152324,PubChem_only,PubChem,False,True,1,485.0,485.0,485.0,485.0,40528,1,26,"C,N,O"
C=C1c2cccc(O)c2C(O)=C2C(=O)[C@]3(O)C(O)=C(C(N)=O)C(=O)[C@@H](N(C)C)[C@@H]3[C@@H](O)[C@H]12,288.0,288.0,442.42400000000015,3.1864461901776746,PubChem_only,PubChem,False,True,1,288.0,288.0,288.0,288.0,40514,2,32,"C,N,O"
C=CC(C)(C)[C@@]12C[C@H]3C(=O)N/C(=C/c4cnc[nH]4)C(=O)N3[C@@H]1Nc1ccccc12,15.0,15.0,389.4590000000001,4.414370485338048,PubChem_only,PubChem,False,True,1,15.0,15.0,15.0,15.0,40453,1,29,"C,N,O"
C=CCC(C)(C)C,400.0,400.0,98.18899999999998,2.3900028456760416,PubChem_only,PubChem,False,True,1,400.0,400.0,400.0,400.0,37260,1,7,C
C=CCC1(C(C)CCC)C(=O)NC(=O)NC1=O,116.0,116.0,238.28699999999998,3.3126423603697726,PubChem_only,PubChem,False,True,1,116.0,116.0,116.0,116.0,35900,1,17,"C,N,O"
C=CCC1=C(C)C(OC(=O)[C@@H]2[C@@H](C=C(C)C)C2(C)C)CC1=O,38.0,38.0,302.41400000000004,3.9008182959729654,PubChem_only,PubChem,False,True,1,38.0,38.0,38.0,38.0,40406,1,22,"C,O"
C=CCN1CC[C@]23CCCC[C@H]2[C@H]1Cc1ccc(O)cc13,168.0,168.0,283.415,3.227113550229456,PubChem_only,PubChem,False,True,1,168.0,168.0,168.0,168.0,40164,2,21,"C,N,O"
C=CCN1CC[C@]23c4c5ccc(O)c4O[C@H]2[C@@H](O)C=C[C@H]3[C@H]1C5,469.5,469.5,311.3810000000001,2.8216565124427495,PubChem_only,PubChem,False,True,2,447.0,492.0,469.5,469.5,40065;40172,2,23,"C,N,O"
C=CCOC(=O)/C=C\C(=O)OCC=C,160.0,160.0,196.20199999999994,3.0885834474243796,PubChem_only,PubChem,False,True,1,160.0,160.0,160.0,160.0,40102,1,14,"C,O"
C=CC[N@@+]12CC[C@@]34c5ccccc5N5/C=C6/[C@H]7C[C@H]8[C@@]9(CC[N@@+]8(CC=C)C/C7=C/CO)c7ccccc7N(/C=C(/[C@@H](C[C@@H]31)/C(=C\CO)C2)[C@H]54)[C@@H]69,0.61,0.61,666.9100000000002,6.038737394497043,PubChem_only,PubChem,False,True,1,0.61,0.61,0.61,0.61,40451,3,50,"C,N,O"
C=CCc1ccccc1OC[C@H](O)CNC(C)C,76.0,76.0,249.35399999999996,3.5160027470431676,PubChem_only,PubChem,False,True,1,76.0,76.0,76.0,76.0,39443,2,18,"C,N,O"
C=C[C@@](C)(/C=C/c1ccc(O)cc1)CCC=C(C)C,94.0,94.0,256.38899999999995,3.435771534868845,PubChem_only,PubChem,False,True,1,94.0,94.0,94.0,94.0,40165,1,19,"C,O"
C=C[C@@]1(C)CC(=O)[C@]2(O)[C@@]3(C)[C@@H](O)CCC(C)(C)[C@@H]3[C@H](O)[C@H](OC(C)=O)[C@@]2(C)O1,68.0,68.0,410.5070000000001,3.780811654438513,PubChem_only,PubChem,False,True,1,68.0,68.0,68.0,68.0,38342,1,29,"C,O"
C=C[C@H]1CN2CC[C@H]1C[C@@H]2[C@@H](O)c1ccnc2ccc(O)cc12,304.0,304.0,310.39700000000005,3.009043931523332,PubChem_only,PubChem,False,True,1,304.0,304.0,304.0,304.0,40352,1,23,"C,N,O"
C=C[C@H]1CN2CC[C@H]1C[C@@H]2[C@@H](O)c1ccnc2ccc(OC)cc12,135.0,135.0,324.4240000000001,3.3807792061502195,PubChem_only,PubChem,False,True,1,135.0,135.0,135.0,135.0,39585,1,24,"C,N,O"
C=C[C@H]1CN2CC[C@H]1C[C@H]2[C@H](O)c1ccnc2ccc(OC)cc12,152.0,152.0,324.4240000000001,3.329269386700453,PubChem_only,PubChem,False,True,2,115.0,189.0,152.0,152.0,38984;39872,2,24,"C,N,O"
C=C[C@]1(C)C[C@@H](OC(=O)CO)[C@]2(C)[C@H](C)CC[C@]3(CCC(=O)[C@H]32)[C@@H](C)[C@@H]1O,60.0,60.0,378.5090000000001,3.7999249600148466,PubChem_only,PubChem,False,True,1,60.0,60.0,60.0,60.0,40317,1,27,"C,O"
C=C[C@]12CN(C)[C@@H]3[C@H]4CO[C@H](C[C@H]41)[C@]1(C(=O)Nc4ccccc41)[C@@H]32,49.0,49.0,322.408,3.81820972950885,PubChem_only,PubChem,False,True,1,49.0,49.0,49.0,49.0,40142,1,24,"C,N,O"
C=Cc1c(C)c2cc3nc(c(CC(=O)O)c4[nH]c(cc5nc(cc1[nH]2)C(C)=C5CC)c(C)c4C(=O)O)[C@@H](CCC(=O)O)[C@@H]3C,769.0,769.0,596.6840000000003,2.8898180526515596,PubChem_only,PubChem,False,True,1,769.0,769.0,769.0,769.0,40573,2,44,"C,N,O"
CC(/C=C/C=C(C)/C=C/C(=O)O)=C\C=C\C=C(C)\C=C\C=C(C)\C=C\C(=O)O,700.0,700.0,380.4840000000001,2.7352383586539357,PubChem_only,PubChem,False,True,1,700.0,700.0,700.0,700.0,40001,1,28,"C,O"
CC(/C=C1\SC(=S)N(CC(=O)O)C1=O)=C\c1ccccc1,687.0,687.0,319.407,2.667387692676729,PubChem_only,PubChem,False,True,1,687.0,687.0,687.0,687.0,39808,1,21,"C,N,O,S"
CC(=N\O)/C(C)=N/O,200.0,200.0,116.11999999999999,2.763877031495655,PubChem_only,PubChem,False,True,1,200.0,200.0,200.0,200.0,40565,2,8,"C,N,O"
CC(=O)/C(C)=N/O,51.0,51.0,101.10499999999999,3.297202457422987,PubChem_only,PubChem,False,True,1,51.0,51.0,51.0,51.0,40215,1,7,"C,N,O"
CC(=O)/C=C/C(=O)O,115.0,115.0,114.09999999999998,2.996587804064603,PubChem_only,PubChem,False,True,1,115.0,115.0,115.0,115.0,40125,1,8,"C,O"
CC(=O)/C=C/C1=C(C)CCCC1(C)C,2277.0,2277.0,192.30199999999996,1.9266207704431342,PubChem_only,PubChem,False,True,1,2277.0,2277.0,2277.0,2277.0,39712,1,14,"C,O"
CC(=O)/C=C/C1C(C)=CCCC1(C)C,2277.0,2277.0,192.30199999999994,1.926620770443134,PubChem_only,PubChem,False,True,1,2277.0,2277.0,2277.0,2277.0,40024,1,14,"C,O"
CC(=O)/C=C/c1ccccc1,1210.0,1210.0,146.189,2.0821293250206567,PubChem_only,PubChem,False,True,1,1210.0,1210.0,1210.0,1210.0,39706,1,11,"C,O"
CC(=O)/C=N/O,148.0,148.0,87.07799999999999,2.7696467302504133,PubChem_only,PubChem,False,True,1,148.0,148.0,148.0,148.0,40214,1,6,"C,N,O"
CC(=O)C(NC(=O)C(C)C(O)C(C)NC(=O)C(NC(=O)c1nc(C(CC(N)=O)NCC(N)C(N)=O)nc(N)c1C)C(O[C@@H]1O[C@@H](CO)[C@@H](O)[C@H](O)[C@]1(C)O[C@@H]1OC(CO)[C@H](O)[C@](O)(C(N)=O)[C@H]1O)c1cnc[nH]1)C(=O)NCCC1=NC(c2nc(C(N)=O)cs2)CS1,13.0,13.0,1326.393000000001,5.00872886892907,PubChem_only,PubChem,False,True,1,13.0,13.0,13.0,13.0,38733,1,91,"C,N,O,S"
CC(=O)C=O,179.0,179.0,72.063,2.6048593069666017,PubChem_only,PubChem,False,True,1,179.0,179.0,179.0,179.0,35371,1,5,"C,O"
CC(=O)CC(C)=O,750.0,750.0,100.11699999999999,2.1254465641309226,PubChem_only,PubChem,False,True,1,750.0,750.0,750.0,750.0,38111,1,7,"C,O"
CC(=O)CC(c1ccc([N+](=O)[O-])cc1)c1c(O)c2ccccc2oc1=O,115.0,115.0,353.33000000000004,3.487482673054416,PubChem_only,PubChem,False,True,1,115.0,115.0,115.0,115.0,40504,1,26,"C,N,O"
CC(=O)CC/C=C(\C)CC/C=C(\C)CC/C=C(\C)CCC=C(C)C,3750.0,3750.0,330.5560000000001,1.945213776822486,PubChem_only,PubChem,False,True,1,3750.0,3750.0,3750.0,3750.0,40033,1,24,"C,O"
CC(=O)CCCCn1c(=O)c2c(ncn2C)n(C)c1=O,239.0,239.0,278.31200000000007,3.0661340312983314,PubChem_only,PubChem,False,True,1,239.0,239.0,239.0,239.0,35833,1,20,"C,N,O"
CC(=O)N(CC(O)CO)c1c(I)c(C(=O)NCC(O)CO)c(I)c(C(=O)NCC(O)CO)c1I,4300.0,4300.0,821.1410000000001,2.280949281642414,PubChem_only,PubChem,False,True,1,4300.0,4300.0,4300.0,4300.0,35703,1,34,"C,I,N,O"
CC(=O)N1CCC[C@H]1c1cccnc1,395.0,395.0,190.24600000000004,2.6827184386929446,PubChem_only,PubChem,False,True,1,395.0,395.0,395.0,395.0,39327,1,14,"C,N,O"
CC(=O)N1CCN(c2ccc(OC[C@@H]3CO[C@@](Cn4ccnc4)(c4ccc(Cl)cc4Cl)O3)cc2)CC1,2937.0,2937.0,531.4399999999999,2.2575502929106928,PubChem_only,PubChem,False,True,1,2937.0,2937.0,2937.0,2937.0,38335,1,36,"C,Cl,N,O"
CC(=O)N1N=C(c2ccc(N)cc2)c2cc3c(cc2C[C@H]1C)OCO3,73.5,73.5,337.37900000000013,3.6618307075507883,PubChem_only,PubChem,False,True,1,73.5,73.5,73.5,73.5,39321,1,25,"C,N,O"
CC(=O)NC1CCCCC1,560.0,560.0,141.214,2.401689727934401,PubChem_only,PubChem,False,True,1,560.0,560.0,560.0,560.0,37373,1,10,"C,N,O"
CC(=O)NO,1300.0,1300.0,75.067,1.7615057076320175,PubChem_only,PubChem,False,True,1,1300.0,1300.0,1300.0,1300.0,35447,1,5,"C,N,O"
CC(=O)N[C@@H](CC(=O)O)C(=O)O,2660.0,2660.0,175.14,1.8185037087405909,PubChem_only,PubChem,False,True,1,2660.0,2660.0,2660.0,2660.0,38492,1,12,"C,N,O"
CC(=O)N[C@@H](CCC(=O)O)C(=O)O,711.0,711.0,189.167,2.4249757756916774,PubChem_only,PubChem,False,True,1,711.0,711.0,711.0,711.0,38683,1,13,"C,N,O"
CC(=O)N[C@@H](CS)C(=O)O,400.0,400.0,163.198,2.61065484082097,PubChem_only,PubChem,False,True,1,400.0,400.0,400.0,400.0,37151,1,10,"C,N,O,S"
CC(=O)N[C@@H](Cc1c[nH]c2ccccc12)C(=O)O,3580.0,3580.0,246.266,1.837521429727705,PubChem_only,PubChem,False,True,1,3580.0,3580.0,3580.0,3580.0,39762,1,18,"C,N,O"
CC(=O)N[C@H]1[C@H](O[C@@H]2c3ccc(c(Cl)c3)Oc3cc4cc(c3O[C@@H]3O[C@H](CO)[C@@H](O)[C@H](O)[C@H]3NC(=O)CCCCCCC(C)C)Oc3ccc(cc3Cl)C[C@H]3NC(=O)[C@H](N)c5ccc(O)c(c5)Oc5cc(O)cc(c5)[C@H](NC3=O)C(=O)N[C@H]4C(=O)N[C@H]3C(=O)N[C@@H]2C(=O)N[C@H](C(=O)O)c2cc(O)cc(O[C@H]4O[C@H](CO)[C@@H](O)[C@H](O)[C@@H]4O)c2-c2cc3ccc2O)O[C@H](CO)[C@@H](O)[C@@H]1O,1500.0,1500.0,1879.6800000000005,3.0979926614510065,PubChem_only,PubChem,False,True,1,1500.0,1500.0,1500.0,1500.0,40423,1,132,"C,Cl,N,O"
CC(=O)Nc1ccc(O)cc1,367.0,367.0,151.165,2.614785184145685,PubChem_only,PubChem,False,True,1,367.0,367.0,367.0,367.0,35445,1,11,"C,N,O"
CC(=O)Nc1nnc(S(N)(=O)=O)s1,1175.0,1175.0,222.251,2.2768058571110084,PubChem_only,PubChem,False,True,1,1175.0,1175.0,1175.0,1175.0,35446,1,13,"C,N,O,S"
CC(=O)O,34.0,34.0,60.05200000000001,3.2470485588848415,PubChem_only,PubChem,False,True,3,10.2,37.0,27.066666666666666,34.0,37080;37081;38397,2,4,"C,O"
CC(=O)OC(C)C[N+](C)(C)C,160.0,160.0,160.237,3.000642822728184,PubChem_only,PubChem,False,True,1,160.0,160.0,160.0,160.0,36131,2,11,"C,N,O"
CC(=O)OC/C=C/c1ccccc1,1200.0,1200.0,176.215,2.1668616281757163,PubChem_only,PubChem,False,True,1,1200.0,1200.0,1200.0,1200.0,40025,1,13,"C,O"
CC(=O)OC/N=[N+](/C)[O-],105.0,105.0,132.11900000000003,3.0997759788155794,PubChem_only,PubChem,False,True,1,105.0,105.0,105.0,105.0,40124,1,9,"C,N,O"
CC(=O)OCC(=O)[C@@]1(O)CC[C@H]2[C@@H]3CCC4=CC(=O)CC[C@]4(C)[C@@]3(F)[C@@H](O)C[C@@]21C,240.0,240.0,422.4930000000002,3.2456082761029634,PubChem_only,PubChem,False,True,1,240.0,240.0,240.0,240.0,39536,1,30,"C,F,O"
CC(=O)OCC(=O)[C@@]1(O)CC[C@H]2[C@@H]3CCC4=CC(=O)CC[C@]4(C)[C@H]3[C@@H](O)C[C@@]21C,2300.0,2300.0,404.5030000000002,2.245193910891426,PubChem_only,PubChem,False,True,1,2300.0,2300.0,2300.0,2300.0,35999,1,29,"C,O"
CC(=O)OCC(=O)[C@@]12OC(C)(C)O[C@@H]1C[C@H]1[C@@H]3C[C@H](F)C4=CC(=O)C=C[C@]4(C)[C@@]3(F)[C@@H](O)C[C@@]12C,160.0,160.0,494.53100000000023,3.4900735381649532,PubChem_only,PubChem,False,True,1,160.0,160.0,160.0,160.0,36871,1,35,"C,F,O"
CC(=O)OCC(=O)[C@@]12OC3(CCCC3)O[C@@H]1C[C@H]1[C@@H]3CCC4=CC(=O)C=C[C@]4(C)[C@@]3(F)[C@@H](O)C[C@@]12C,896.0,896.0,502.5790000000003,2.7488963282063335,PubChem_only,PubChem,False,True,1,896.0,896.0,896.0,896.0,39639,1,36,"C,F,O"
CC(=O)OCC1=C(C(=O)O)N2C(=O)[C@@H](NC(=O)[C@H](N)c3ccccc3)[C@H]2SC1,1030.0,1030.0,405.43200000000013,2.595080799067105,PubChem_only,PubChem,False,True,1,1030.0,1030.0,1030.0,1030.0,37666,1,28,"C,N,O,S"
CC(=O)OCC1=CO[C@@H](OC(=O)CC(C)C)[C@H]2C1=C[C@H](OC(=O)CC(C)C)[C@]21CO1,60.0,60.0,422.4740000000002,3.8476487362654304,PubChem_only,PubChem,False,True,1,60.0,60.0,60.0,60.0,39616,1,30,"C,O"
CC(=O)OC[C@]12CCC(C)=C[C@H]1O[C@@H]1[C@H](O)[C@@H](OC(C)=O)[C@@]2(C)[C@]12CO2,7.839,7.839,366.41000000000025,4.669706653402414,PubChem_only,PubChem,False,True,1,7.839,7.839,7.839,7.839,40407,1,26,"C,O"
CC(=O)OC[C@]12C[C@H](O)C(C)=C[C@H]1O[C@@H]1[C@H](O)[C@@H](OC(C)=O)[C@@]2(C)[C@]12CO2,14.5,14.5,382.4090000000003,4.421160102614751,PubChem_only,PubChem,False,True,1,14.5,14.5,14.5,14.5,40399,1,27,"C,O"
CC(=O)OC[C@]12C[C@H](OC(=O)CC(C)(C)O)C(C)=C[C@H]1O[C@@H]1[C@H](O)[C@@H](O)[C@@]2(C)[C@]12CO2,22.8,22.8,440.48900000000015,4.286000220574061,PubChem_only,PubChem,False,True,1,22.8,22.8,22.8,22.8,40480,1,31,"C,O"
CC(=O)OC[C@]12C[C@H](OC(=O)CC(C)C)C(C)=C[C@H]1O[C@@H]1[C@H](O)[C@@H](O)[C@@]2(C)[C@]12CO2,6.5,6.5,424.4900000000002,4.814954107086766,PubChem_only,PubChem,False,True,1,6.5,6.5,6.5,6.5,40329,1,30,"C,O"
CC(=O)OC[C@]12C[C@H](OC(=O)CC(C)C)C(C)=C[C@H]1O[C@@H]1[C@H](O)[C@@H](OC(C)=O)[C@@]2(C)[C@]12CO2,3.0,3.0,466.52700000000027,5.191755528650505,PubChem_only,PubChem,False,True,1,3.0,3.0,3.0,3.0,40061,1,33,"C,O"
CC(=O)OC[C@]12C[C@H](OC(=O)CC(C)C)C(C)=C[C@H]1O[C@@H]1[C@H](OC(C)=O)[C@@H](OC(C)=O)[C@@]2(C)[C@]12CO2,7.2,7.2,508.56400000000036,4.849013117853756,PubChem_only,PubChem,False,True,1,7.2,7.2,7.2,7.2,40491,1,36,"C,O"
CC(=O)OC[C@]12[C@H](O)C(=O)C(C)=C[C@H]1O[C@@H]1[C@H](O)C[C@@]2(C)[C@]12CO2,113.0,113.0,338.35600000000017,3.4762954386624685,PubChem_only,PubChem,False,True,1,113.0,113.0,113.0,113.0,40336,1,24,"C,O"
CC(=O)O[C@@H]1C[C@]2(C)[C@@]3(CO)[C@H](O)C(=O)C(C)=C[C@H]3O[C@H]1[C@@]21CO1,47.0,47.0,338.3560000000001,3.8572760242101705,PubChem_only,PubChem,False,True,1,47.0,47.0,47.0,47.0,40148,1,24,"C,O"
CC(=O)O[C@@H]1[C@@H](O)[C@H]2O[C@@H]3C=C(C)C(=O)[C@@H](O)[C@]3(CO)[C@]1(C)[C@]21CO1,3.3,3.3,354.35500000000013,5.030924625220465,PubChem_only,PubChem,False,True,1,3.3,3.3,3.3,3.3,39563,1,25,"C,O"
CC(=O)O[C@@H]1[C@H]2CC[C@H]3[C@@](C)(O)[C@@H]4C[C@H](O)C(C)(C)[C@@]4(O)[C@H](O)C[C@@]13C[C@@]2(C)O,1.31,1.31,412.5230000000002,5.49817687176259,PubChem_only,PubChem,False,True,1,1.31,1.31,1.31,1.31,40290,1,29,"C,O"
CC(=O)O[C@H]1C(=O)[C@@]2(C)[C@H]([C@H](OC(=O)c3ccccc3)[C@]3(O)C[C@H](OC(=O)[C@H](O)[C@@H](NC(=O)c4ccccc4)c4ccccc4)C(C)=C1C3(C)C)[C@]1(OC(C)=O)CO[C@@H]1C[C@@H]2O,128.0,128.0,853.918,3.824206198632071,PubChem_only,PubChem,False,True,1,128.0,128.0,128.0,128.0,38200,1,62,"C,N,O"
CC(=O)O[C@H]1CC[C@@]2(C)[C@@H](CC[C@@H]3[C@@H]2CC[C@]2(C)C(=O)CC[C@@H]32)C1,4900.0,4900.0,332.48400000000015,1.8315746707266916,PubChem_only,PubChem,False,True,1,4900.0,4900.0,4900.0,4900.0,39780,1,24,"C,O"
CC(=O)O[C@H]1C[C@@]2(C)[C@@H](C[C@@H](O)[C@H]3[C@@]4(C)CC[C@@H](O)[C@@H](C)[C@@H]4CC[C@@]32C)/C1=C(\CCC=C(C)C)C(=O)O,165.0,165.0,516.7190000000004,3.4957704868371686,PubChem_only,PubChem,False,True,1,165.0,165.0,165.0,165.0,39850,1,37,"C,O"
CC(=O)O[C@H]1C[C@H](O[C@H]2[C@@H](O)C[C@H](O[C@H]3[C@@H](O)C[C@H](O[C@H]4CC[C@@]5(C)[C@H](CC[C@@H]6[C@@H]5C[C@@H](O)[C@]5(C)[C@@H](C7=CC(=O)OC7)CC[C@]65O)C4)O[C@@H]3C)O[C@@H]2C)O[C@H](C)[C@H]1O[C@@H]1O[C@H](CO)[C@@H](O)[C@H](O)[C@H]1O,7.0,7.0,985.1270000000004,5.148394182202953,PubChem_only,PubChem,False,True,1,7.0,7.0,7.0,7.0,39732,1,69,"C,O"
CC(=O)O[C@H]1[C@H]2O[C@H]2C2=CC(=O)[C@]3(C[C@]2(C)[C@H]1C)O[C@]3(C)C=O,2.0,2.0,320.34100000000007,5.204582531305248,PubChem_only,PubChem,False,True,1,2.0,2.0,2.0,2.0,39582,1,23,"C,O"
CC(=O)O[C@]1(C(C)=O)CC[C@H]2[C@@H]3C=C(Cl)C4=CC(=O)CC[C@]4(C)[C@H]3CC[C@@]21C,3000.0,3000.0,404.9340000000003,2.130262988812047,PubChem_only,PubChem,False,True,1,3000.0,3000.0,3000.0,3000.0,36819,1,28,"C,Cl,O"
CC(=O)O[C@]1(C(C)=O)CC[C@H]2[C@@H]3C=C(Cl)C4=CC(=O)OC[C@]4(C)[C@H]3CC[C@@]21C,706.0,706.0,406.9060000000003,2.7606893927033735,PubChem_only,PubChem,False,True,1,706.0,706.0,706.0,706.0,39168,1,28,"C,Cl,O"
CC(=O)O[C@]1(C(C)=O)CC[C@H]2[C@@H]3C=C(Cl)C4=CC(=O)[C@@H]5C[C@@H]5[C@]4(C)[C@H]3CC[C@@]21C,3300.0,3300.0,416.9450000000003,2.1015648302712373,PubChem_only,PubChem,False,True,1,3300.0,3300.0,3300.0,3300.0,36899,1,29,"C,Cl,O"
CC(=O)O[C@]12CCC(C)=CC[C@]13CC[C@H]2[C@@](C)(/C=C/C=C(\C)C(=O)O)OC3=O,397.0,397.0,388.46000000000015,2.9905557990671574,PubChem_only,PubChem,False,True,1,397.0,397.0,397.0,397.0,40247,1,28,"C,O"
CC(=O)Oc1c(C)c(C)c2c(c1C)CC[C@@](C)(CCC[C@H](C)CCC[C@H](C)CCCC(C)C)O2,5000.0,5000.0,472.7540000000004,1.975665207788311,PubChem_only,PubChem,False,True,1,5000.0,5000.0,5000.0,5000.0,38939,1,34,"C,O"
CC(=O)Oc1ccccc1C(=O)O,167.0,167.0,180.15899999999996,3.032939491412616,PubChem_only,PubChem,False,True,1,167.0,167.0,167.0,167.0,35481,1,13,"C,O"
CC(=O)S,75.0,75.0,76.11999999999999,3.006437516223283,PubChem_only,PubChem,False,True,1,75.0,75.0,75.0,75.0,36978,1,4,"C,O,S"
CC(=O)S[C@@H]1CC2=CC(=O)CC[C@]2(C)[C@H]2CC[C@@]3(C)[C@@H](CC[C@@]34CCC(=O)O4)[C@H]12,260.0,260.0,416.58300000000025,3.204728195228922,PubChem_only,PubChem,False,True,1,260.0,260.0,260.0,260.0,36036,1,29,"C,O,S"
CC(=O)[C@H]1CC[C@H]2[C@@H]3CC[C@H]4C[C@H](O)CC[C@]4(C)[C@H]3C(=O)C[C@]12C,430.0,430.0,332.4840000000001,2.8883022951756185,PubChem_only,PubChem,False,True,1,430.0,430.0,430.0,430.0,39141,1,24,"C,O"
CC(=O)c1cccc(N[C@H]2[C@H](N)[C@@](NC(=O)N(C)C)([C@H](C)O)[C@@](C)(O)[C@@]2(O)COC(=O)c2c(C)cccc2O)c1,14.0,14.0,558.6320000000004,4.600997773999265,PubChem_only,PubChem,False,True,1,14.0,14.0,14.0,14.0,40075,1,40,"C,N,O"
CC(C)(C)C(O)/C=C/c1ccc2c(c1)OCO2,1250.0,1250.0,234.29499999999996,2.2728530075753355,PubChem_only,PubChem,False,True,1,1250.0,1250.0,1250.0,1250.0,40083,1,17,"C,O"
CC(C)(C)C1CCC2OCCOCCOC3CC(C(C)(C)C)CCC3OCCOCCOC2C1,28.0,28.0,484.7180000000004,4.238331116202956,PubChem_only,PubChem,False,True,1,28.0,28.0,28.0,28.0,39877,1,34,"C,O"
CC(C)(C)N,700.0,700.0,73.13900000000001,2.019050978095359,PubChem_only,PubChem,False,True,1,700.0,700.0,700.0,700.0,38891,2,5,"C,N"
CC(C)(C)NC(=O)[C@H]1CC[C@H]2[C@@H]3CC[C@H]4NC(=O)C=C[C@]4(C)[C@H]3CC[C@]12C,372.0,372.0,372.55300000000017,3.0006451250418826,PubChem_only,PubChem,False,True,1,372.0,372.0,372.0,372.0,38375,1,27,"C,N,O"
CC(C)(C)NC[C@H](O)COc1nsnc1N1CCOCC1,300.0,300.0,316.4270000000002,3.0231522790526353,PubChem_only,PubChem,False,True,1,300.0,300.0,300.0,300.0,39992,2,21,"C,N,O,S"
CC(C)(C)c1ccc(O)cc1,78.0,78.0,150.22099999999998,3.284636046000416,PubChem_only,PubChem,False,True,1,78.0,78.0,78.0,78.0,36429,1,11,"C,O"
CC(C)(CO)[C@@H](O)C(=O)NCCC(=O)NCCS,440.0,440.0,278.3739999999999,2.8011759934471976,PubChem_only,PubChem,False,True,1,440.0,440.0,440.0,440.0,39577,1,18,"C,N,O,S"
CC(C)(CO)[C@@H](O)C(=O)NCCC(=O)NCCSSCCNC(=O)CCNC(=O)[C@H](O)C(C)(C)CO,4800.0,4800.0,554.7320000000002,2.062841981725843,PubChem_only,PubChem,False,True,1,4800.0,4800.0,4800.0,4800.0,39668,1,36,"C,N,O,S"
CC(C)(CO)[C@@H](O)C(=O)NCCC(=O)O,1443.0,1443.0,219.23699999999997,2.181647519539108,PubChem_only,PubChem,False,True,1,1443.0,1443.0,1443.0,1443.0,36272,1,15,"C,N,O"
CC(C)(O)/C=C/C(=O)[C@](C)(O)[C@H]1[C@H](O)C[C@@]2(C)[C@@H]3CC=C4[C@@H](C[C@H](O)C(=O)C4(C)C)[C@]3(C)C(=O)C[C@]12C,1.75,1.75,516.6750000000004,5.470179399457554,PubChem_only,PubChem,False,True,1,1.75,1.75,1.75,1.75,40002,1,37,"C,O"
CC(C)(O)[C@H](O)COc1c2ccoc2cc2oc(=O)ccc12,550.0,550.0,304.298,2.7429364084708303,PubChem_only,PubChem,False,True,1,550.0,550.0,550.0,550.0,37597,1,22,"C,O"
CC(C)(S)[C@@H](N)C(=O)O,249.0,249.0,149.215,2.7776131361601037,PubChem_only,PubChem,False,True,2,200.0,298.0,249.0,249.0,36041;39002,2,9,"C,N,O,S"
CC(C)/C=N/O,100.0,100.0,87.12199999999999,2.9401278366627084,PubChem_only,PubChem,False,True,1,100.0,100.0,100.0,100.0,40090,1,6,"C,N,O"
CC(C)=CCC/C(C)=C/CC/C(C)=C/CO,443.0,443.0,222.37199999999996,2.7006763758819115,PubChem_only,PubChem,False,True,1,443.0,443.0,443.0,443.0,39646,1,16,"C,O"
CC(C)=CCC[C@@](C)(O)[C@H]1CC=C(C)CC1,633.0,633.0,222.37199999999996,2.5456763920876258,PubChem_only,PubChem,False,True,1,633.0,633.0,633.0,633.0,39812,1,16,"C,O"
CC(C)=CCC[C@](C)(O)[C@H]1CC[C@]2(C)[C@@H]1[C@H](O)C[C@@H]1[C@@]3(C)CC[C@H](O)C(C)(C)[C@@H]3[C@@H](O[C@@H]3O[C@H](CO)[C@@H](O)[C@H](O)[C@H]3O[C@@H]3O[C@@H](C)[C@H](O)[C@@H](O)[C@H]3O)C[C@]12C,1340.0,1340.0,785.0250000000005,2.767778689194666,PubChem_only,PubChem,False,True,1,1340.0,1340.0,1340.0,1340.0,40452,1,55,"C,O"
CC(C)=CCC[C@](C)(O)[C@H]1CC[C@]2(C)[C@@H]1[C@H](O)C[C@@H]1[C@@]3(C)CC[C@H](O)C(C)(C)[C@@H]3[C@@H](O[C@@H]3O[C@H](CO)[C@@H](O)[C@H](O)[C@H]3O[C@@H]3O[C@H](CO)[C@@H](O)[C@H](O)[C@H]3O)C[C@]12C,1340.0,1340.0,801.0240000000006,2.7765407300932354,PubChem_only,PubChem,False,True,1,1340.0,1340.0,1340.0,1340.0,39610,1,56,"C,O"
CC(C)=CCC[C@](C)(O)[C@H]1CC[C@]2(C)[C@@H]1[C@H](O)C[C@@H]1[C@@]3(C)CC[C@H](O[C@@H]4O[C@H](CO)[C@@H](O)[C@H](O)[C@H]4O[C@@H]4O[C@H](CO)[C@@H](O)[C@H](O)[C@H]4O)C(C)(C)[C@@H]3CC[C@]12C,1250.0,1250.0,785.0250000000002,2.797973474551417,PubChem_only,PubChem,False,True,1,1250.0,1250.0,1250.0,1250.0,40324,1,55,"C,O"
CC(C)=CCC[C@](C)(O[C@@H]1O[C@H](CO)[C@@H](O)[C@H](O)[C@H]1O)[C@H]1CC[C@]2(C)[C@@H]1[C@H](O)C[C@@H]1[C@@]3(C)CC[C@H](O)C(C)(C)[C@@H]3[C@@H](O[C@@H]3O[C@H](CO)[C@@H](O)[C@H](O)[C@H]3O)C[C@]12C,405.0,405.0,801.0240000000005,3.2961905052433744,PubChem_only,PubChem,False,True,1,405.0,405.0,405.0,405.0,39611,1,56,"C,O"
CC(C)=CCC[C@](C)(O[C@@H]1O[C@H](CO)[C@@H](O)[C@H](O)[C@H]1O)[C@H]1CC[C@]2(C)[C@@H]1[C@H](O)C[C@@H]1[C@@]3(C)CC[C@H](O)C(C)(C)[C@@H]3[C@@H](O[C@@H]3O[C@H](CO)[C@@H](O)[C@H](O)[C@H]3O[C@@H]3O[C@@H](C)[C@H](O)[C@@H](O)[C@H]3O)C[C@]12C,405.0,405.0,947.1660000000006,3.368971076766577,PubChem_only,PubChem,False,True,1,405.0,405.0,405.0,405.0,39609,1,66,"C,O"
CC(C)=CCC[C@](C)(O[C@@H]1O[C@H](CO)[C@@H](O)[C@H](O)[C@H]1O)[C@H]1CC[C@]2(C)[C@@H]1[C@H](O)C[C@@H]1[C@@]3(C)CC[C@H](O[C@@H]4O[C@H](CO)[C@@H](O)[C@H](O)[C@H]4O[C@@H]4O[C@H](CO)[C@@H](O)[C@H](O)[C@H]4O)C(C)(C)[C@@H]3CC[C@]12C,324.0,324.0,947.1660000000005,3.4658810897746335,PubChem_only,PubChem,False,True,1,324.0,324.0,324.0,324.0,40355,1,66,"C,O"
CC(C)=CCC[C@](C)(O[C@@H]1O[C@H](CO[C@@H]2OC[C@@H](O)[C@H](O)[C@H]2O)[C@@H](O)[C@H](O)[C@H]1O)[C@H]1CC[C@]2(C)[C@@H]1[C@H](O)C[C@@H]1[C@@]3(C)CC[C@H](O[C@@H]4O[C@H](CO)[C@@H](O)[C@H](O)[C@H]4O[C@@H]4O[C@H](CO)[C@@H](O)[C@H](O)[C@H]4O)C(C)(C)[C@@H]3CC[C@]12C,637.0,637.0,1079.2810000000002,3.2289950993367933,PubChem_only,PubChem,False,True,1,637.0,637.0,637.0,637.0,40386,1,75,"C,O"
CC(C)=CCC[C@](C)(O[C@@H]1O[C@H](CO[C@@H]2OC[C@H](O)[C@H](O)[C@H]2O)[C@@H](O)[C@H](O)[C@H]1O)[C@H]1CC[C@]2(C)[C@@H]1[C@H](O)C[C@@H]1[C@@]3(C)CC[C@H](O[C@@H]4O[C@H](CO)[C@@H](O)[C@H](O)[C@H]4O[C@@H]4O[C@H](CO)[C@@H](O)[C@H](O)[C@H]4O)C(C)(C)[C@@H]3CC[C@]12C,305.0,305.0,1079.2810000000002,3.5488346923253578,PubChem_only,PubChem,False,True,1,305.0,305.0,305.0,305.0,40286,1,75,"C,O"
CC(C)=CCC[C@](C)(O[C@@H]1O[C@H](CO[C@@H]2O[C@@H](CO)[C@H](O)[C@H]2O)[C@@H](O)[C@H](O)[C@H]1O)[C@H]1CC[C@]2(C)[C@@H]1[C@H](O)C[C@@H]1[C@@]3(C)CC[C@H](O[C@@H]4O[C@H](CO)[C@@H](O)[C@H](O)[C@H]4O[C@@H]4O[C@H](CO)[C@@H](O)[C@H](O)[C@H]4O)C(C)(C)[C@@H]3CC[C@]12C,410.0,410.0,1079.2810000000002,3.420350674952408,PubChem_only,PubChem,False,True,1,410.0,410.0,410.0,410.0,40385,1,75,"C,O"
CC(C)=CCC[C@](C)(O[C@@H]1O[C@H](CO[C@@H]2O[C@H](CO)[C@@H](O)[C@H](O)[C@H]2O)[C@@H](O)[C@H](O)[C@H]1O)[C@H]1CC[C@]2(C)[C@@H]1[C@H](O)C[C@@H]1[C@@]3(C)CC[C@H](O[C@@H]4O[C@H](CO)[C@@H](O)[C@H](O)[C@H]4O[C@@H]4O[C@H](CO)[C@@H](O)[C@H](O)[C@H]4O)C(C)(C)[C@@H]3CC[C@]12C,1110.0,1110.0,1109.307,2.999728774715944,PubChem_only,PubChem,False,True,1,1110.0,1110.0,1110.0,1110.0,40320,1,77,"C,O"
CC(C)=CCN1CC[C@@]2(C)c3cc(O)ccc3C[C@@H]1[C@@H]2C,118.0,118.0,285.43100000000004,3.383619131752156,PubChem_only,PubChem,False,True,2,85.0,151.0,118.0,118.0,39591;39592,2,21,"C,N,O"
CC(C)=CCSC[C@H](N)C(=O)O,2090.0,2090.0,189.28,1.9569584411728012,PubChem_only,PubChem,False,True,1,2090.0,2090.0,2090.0,2090.0,37765,1,12,"C,N,O,S"
CC(C)=CC[C@@H](O)C1=CC(=O)c2c(O)ccc(O)c2C1=O,20.0,20.0,288.29900000000004,4.1588131403238275,PubChem_only,PubChem,False,True,1,20.0,20.0,20.0,20.0,39676,1,21,"C,O"
CC(C)=C[C@@H]1[C@@H](C(=O)O)C1(C)C,98.0,98.0,168.23599999999996,3.2346928582690606,PubChem_only,PubChem,False,True,1,98.0,98.0,98.0,98.0,37545,1,12,"C,O"
CC(C)=C[C@@H]1[C@@H](C(=O)OCN2C(=O)C3=C(CCCC3)C2=O)C1(C)C,42.0,42.0,331.4120000000001,3.897118939211761,PubChem_only,PubChem,False,True,1,42.0,42.0,42.0,42.0,37861,1,24,"C,N,O"
CC(C)=C[C@@H]1[C@H](C(=O)O)C1(C)C,410.0,410.0,168.23599999999996,2.6131350772418203,PubChem_only,PubChem,False,True,1,410.0,410.0,410.0,410.0,37742,1,12,"C,O"
CC(C)=C[C@H]1C[C@H](C)[C@]2(CC[C@]3(C)C[C@H]4[C@H](C(=O)C[C@@]4(C)O)/C(C=O)=C\C[C@H]32)O1,21.0,21.0,400.55900000000014,4.2804471994372815,PubChem_only,PubChem,False,True,1,21.0,21.0,21.0,21.0,40004,1,29,"C,O"
CC(C)=C[C@H]1[C@@H](C(=O)OCc2coc(Cc3ccccc3)c2)C1(C)C,320.0,320.0,338.44700000000006,3.0243406905367127,PubChem_only,PubChem,False,True,1,320.0,320.0,320.0,320.0,40383,1,25,"C,O"
CC(C)=C[C@H]1[C@H](C(=O)O)C1(C)C,435.0,435.0,168.23599999999996,2.5874296770069183,PubChem_only,PubChem,False,True,1,435.0,435.0,435.0,435.0,38159,1,12,"C,O"
CC(C)CC(=O)N[C@H](C(=O)N[C@H](C(=O)N[C@@H](CC(C)C)[C@@H](O)CC(=O)N[C@@H](C)C(=O)N[C@@H](CC(C)C)[C@@H](O)CC(=O)O)C(C)C)C(C)C,1090.0,1090.0,685.9040000000002,2.798836837609017,PubChem_only,PubChem,False,True,1,1090.0,1090.0,1090.0,1090.0,40169,1,48,"C,N,O"
CC(C)CCC[C@@H](C)[C@H]1CC[C@H]2[C@@H]3C[C@@H](O)[C@@]4(O)C[C@@H](O)CC[C@]4(C)[C@H]3CC[C@]12C,130.0,130.0,420.6780000000003,3.5100064482092552,PubChem_only,PubChem,False,True,1,130.0,130.0,130.0,130.0,38977,1,30,"C,O"
CC(C)CCO/N=C/c1ccccn1,200.0,200.0,192.26200000000003,2.982863460071599,PubChem_only,PubChem,False,True,1,200.0,200.0,200.0,200.0,40296,1,14,"C,N,O"
CC(C)CCO/N=C/c1cccnc1,167.0,167.0,192.26200000000003,3.061176984587997,PubChem_only,PubChem,False,True,1,167.0,167.0,167.0,167.0,40295,1,14,"C,N,O"
CC(C)C[C@@H](NC(=O)[C@H](C)NC(=O)CNC(=O)[C@@H](NC=O)C(C)C)C(=O)N[C@@H](C)C(=O)N[C@@H](C(=O)N[C@H](C(=O)N[C@@H](C(=O)N[C@@H](Cc1c[nH]c2ccccc12)C(=O)N[C@H](CC(C)C)C(=O)N[C@@H](Cc1c[nH]c2ccccc12)C(=O)N[C@H](CC(C)C)C(=O)N[C@@H](Cc1c[nH]c2ccccc12)C(=O)N[C@H](CC(C)C)C(=O)N[C@@H](Cc1c[nH]c2ccccc12)C(=O)NCCO)C(C)C)C(C)C)C(C)C,60.0,60.0,1882.3319999999992,4.496544975005001,PubChem_only,PubChem,False,True,1,60.0,60.0,60.0,60.0,40418,1,136,"C,N,O"
CC(C)C[C@@H]1NC(=O)[C@@H](Cc2ccccc2)NC(=O)[C@H](CCN)NC(=O)[C@@H](NC(=O)[C@H](CCN)NC(=O)[C@@H](NC(=O)[C@H](CCN)NC(=O)O)[C@@H](C)O)CCNC(=O)[C@H]([C@@H](C)O)NC(=O)[C@H](CCN)NC(=O)[C@H](CCN)NC1=O,77.0,77.0,1107.2820000000002,4.157767514899785,PubChem_only,PubChem,False,True,1,77.0,77.0,77.0,77.0,39948,1,78,"C,N,O"
CC(C)C[C@@H]1NC(=O)[C@H](C)NC(=O)[C@H]([C@@H](C)O)NC(=O)[C@H](CCC(=O)O)NC(=O)[C@@H]2CCCN2C(=O)[C@H](C)NC(=O)[C@H](CCCCN)NC(=O)[C@@H]2CSSC[C@@H](C(=O)N[C@@H](CCC(N)=O)C(=O)N[C@@H](CCC(N)=O)C(=O)N[C@@H](Cc3c[nH]cn3)C(N)=O)NC(=O)[C@H](CCCNC(=N)N)NC(=O)[C@H](CCCNC(=N)N)NC(=O)[C@H](C)NC(=O)[C@H](CSSC[C@H](N)C(=O)N[C@@H](CC(N)=O)C(=O)N2)NC1=O,3.8,3.8,2027.378000000002,5.727151132840516,PubChem_only,PubChem,False,True,1,3.8,3.8,3.8,3.8,40422,1,138,"C,N,O,S"
CC(C)C[C@@H]1NC(=O)[C@H](CCCN)NC(=O)[C@H](C(C)C)NC(=O)[C@H](Cc2ccc(O)cc2)N[C@@H](CCC(=O)O)C(=O)N[C@@H](CC(N)=O)C(=O)[C@@H](Cc2ccccc2)NC(=O)[C@H](Cc2ccccc2)NC(=O)[C@@H]2CCCN2C(=O)[C@@H](Cc2ccccc2)NC1=O,100.0,100.0,1228.459,4.089360666415697,PubChem_only,PubChem,False,True,1,100.0,100.0,100.0,100.0,39670,1,89,"C,N,O"
CC(C)C[C@H](NC(=O)[C@@H](O)[C@H](N)Cc1ccccc1)C(=O)O,190.0,190.0,308.37800000000004,3.210329786521399,PubChem_only,PubChem,False,True,1,190.0,190.0,190.0,190.0,38727,1,22,"C,N,O"
CC(C)NC1CCCCC1,550.0,550.0,141.25799999999998,2.409650363510295,PubChem_only,PubChem,False,True,1,550.0,550.0,550.0,550.0,38423,1,10,"C,N"
CC(C)NCC(O)COc1cccc2ccccc12,61.0,61.0,259.34900000000005,3.628554742765842,PubChem_only,PubChem,False,True,2,42.0,80.0,61.0,61.0,35882;38450,2,19,"C,N,O"
CC(C)NC[C@H](O)c1ccc(O)c(O)c1,256.0,256.0,211.261,2.9165793658716668,PubChem_only,PubChem,False,True,1,256.0,256.0,256.0,256.0,39740,2,15,"C,N,O"
CC(C)O,4477.0,4477.0,60.096000000000004,1.127858471866553,PubChem_only,PubChem,False,True,1,4477.0,4477.0,4477.0,4477.0,35712,1,4,"C,O"
CC(C)OP(=O)(F)OC(C)C,2.45,2.45,184.147,4.8759985636482375,PubChem_only,PubChem,False,True,1,2.45,2.45,2.45,2.45,36075,1,11,"C,F,O,P"
CC(C)[C@@H](C)/C=C/[C@@H](C)[C@H]1CC[C@H]2/C(=C/C=C3\C[C@@H](O)CC[C@@H]3C)CCC[C@]12C,104.0,104.0,398.67500000000024,3.583585663600984,PubChem_only,PubChem,False,True,1,104.0,104.0,104.0,104.0,40078,1,29,"C,O"
CC(C)[C@@]1(NC(=O)[C@@H]2C[C@@H]3c4cccc5[nH]cc(c45)C[C@H]3N(C)C2)O[C@@]2(O)[C@@H]3CCCN3C(=O)[C@H](Cc3ccccc3)N2C1=O,120.0,120.0,611.7430000000004,3.7073877624972216,PubChem_only,PubChem,False,True,1,120.0,120.0,120.0,120.0,39642,2,45,"C,N,O"
CC(C)[C@]12O[C@H]1[C@@H]1O[C@]13[C@]1(O[C@H]1C[C@H]1C4=C(CC[C@@]13C)C(=O)OC4)[C@@H]2O,0.9,0.9,360.40600000000006,5.602549503015317,PubChem_only,PubChem,False,True,1,0.9,0.9,0.9,0.9,39155,1,26,"C,O"
CC(C)[N+](C)(CCC(C(N)=O)(c1ccccc1)c1ccccc1)C(C)C,120.0,120.0,353.5300000000001,3.46924502719601,PubChem_only,PubChem,False,True,1,120.0,120.0,120.0,120.0,36194,2,26,"C,N,O"
CC(C)[N+](C)(CCOC(=O)C1c2ccccc2Oc2ccccc21)C(C)C,60.0,60.0,368.4970000000001,3.788282706156748,PubChem_only,PubChem,False,True,1,60.0,60.0,60.0,60.0,36807,2,27,"C,N,O"
CC(C)[N+]1(C)[C@@H]2CC[C@H]1CC(OC(=O)C(CO)c1ccccc1)C2,72.0,72.0,332.464,3.664412129304715,PubChem_only,PubChem,False,True,1,72.0,72.0,72.0,72.0,39748,2,24,"C,N,O"
CC(C)c1cccc(C(C)C)c1O,170.0,170.0,178.27499999999995,3.0206415237416064,PubChem_only,PubChem,False,True,1,170.0,170.0,170.0,170.0,35880,1,13,"C,O"
CC(C)c1cccc(O)c(=O)c1,85.0,85.0,164.20399999999995,3.2859648065865996,PubChem_only,PubChem,False,True,1,85.0,85.0,85.0,85.0,35681,1,12,"C,O"
CC(CN1c2ccccc2Sc2ccccc21)[N+](C)(C)C,75.0,75.0,299.463,3.6012819076124893,PubChem_only,PubChem,False,True,1,75.0,75.0,75.0,75.0,36099,2,21,"C,N,S"
CC(C[N+](C)(C)C)OC(N)=O,120.0,120.0,161.22499999999997,3.1282511395617547,PubChem_only,PubChem,False,True,1,120.0,120.0,120.0,120.0,37109,2,11,"C,N,O"
CC(Cc1ccc(C(C)(C)C)cc1)CN1C[C@@H](C)O[C@@H](C)C1,1180.0,1180.0,303.49000000000007,2.4102623783312853,PubChem_only,PubChem,False,True,1,1180.0,1180.0,1180.0,1180.0,39026,1,22,"C,N,O"
CC(O)(C(=O)O)C(=O)O,1400.0,1400.0,134.087,1.981258638504882,PubChem_only,PubChem,False,True,1,1400.0,1400.0,1400.0,1400.0,39259,1,9,"C,O"
CC(OC(=O)OC1CCCCC1)OC(=O)C1=C(CSc2nnnn2CCN(C)C)CS[C@@H]2[C@H](NC(=O)Cc3csc(N)n3)C(=O)N12,1150.0,1150.0,695.8499999999998,2.781817791220829,PubChem_only,PubChem,False,True,1,1150.0,1150.0,1150.0,1150.0,39351,3,46,"C,N,O,S"
CC/C(=C(/CC)c1ccc(O)cc1)c1ccc(O)cc1,538.0,538.0,268.356,2.6979290341774993,PubChem_only,PubChem,False,True,1,538.0,538.0,538.0,538.0,39661,1,20,"C,O"
CC/C(=C(\c1ccccc1)c1ccc(OCCN(C)C)cc1)c1ccccc1,218.0,218.0,371.524,3.2315303802952187,PubChem_only,PubChem,False,True,3,218.0,575.0,337.0,218.0,39829;39830;39831,2,28,"C,N,O"
CC/C(C)=N\O,200.0,200.0,87.12199999999999,2.639097840998727,PubChem_only,PubChem,False,True,1,200.0,200.0,200.0,200.0,40089,1,6,"C,N,O"
CC/C=C/C(=O)O,1580.0,1580.0,100.11699999999999,1.8018507405682,PubChem_only,PubChem,False,True,1,1580.0,1580.0,1580.0,1580.0,39717,1,7,"C,O"
CC/C=C/C=O,244.0,244.0,84.118,2.537499111958845,PubChem_only,PubChem,False,True,1,244.0,244.0,244.0,244.0,40126,1,6,"C,O"
CC/C=C/CC(=O)O,1840.0,1840.0,114.14399999999999,1.7926352646487234,PubChem_only,PubChem,False,True,1,1840.0,1840.0,1840.0,1840.0,40048,1,8,"C,O"
CC/C=C\CCO,400.0,400.0,100.161,2.3986386605239542,PubChem_only,PubChem,False,True,1,400.0,400.0,400.0,400.0,39998,1,7,"C,O"
CC1(C)C(C=C(Cl)Cl)C1C(=O)OCc1cccc(Oc2ccccc2)c1,677.0,677.0,391.2940000000001,2.7619145199084327,PubChem_only,PubChem,False,True,2,429.0,925.0,677.0,677.0,38276;38277,1,26,"C,Cl,O"
CC1(C)CC[C@]2(C(=O)O)CCC3=C([C@@H](CCl)C[C@@H]4[C@@]5(C)C[C@H](O)[C@H](O)[C@@](C)(C(=O)O)[C@@H]5CC[C@@]34C)[C@@H]2C1,3.0,3.0,537.1370000000003,5.252963814510008,PubChem_only,PubChem,False,True,1,3.0,3.0,3.0,3.0,40378,1,37,"C,Cl,O"
CC1(C)CC[C@]2(C(=O)O)CC[C@]3(C)C(=CC[C@@H]4[C@@]5(C)CC[C@H](O)C(C)(C)[C@@H]5CC[C@]43C)[C@@H]2C1,1500.0,1500.0,456.7110000000003,2.483550212769778,PubChem_only,PubChem,False,True,1,1500.0,1500.0,1500.0,1500.0,36980,1,33,"C,O"
CC1(C)CC[C@]2(C(=O)O)CC[C@]3(C)C(=CC[C@@H]4[C@@]5(C)CC[C@H](O)[C@@](C)(CO)[C@@H]5CC[C@]43C)[C@@H]2C1,600.0,600.0,472.7100000000003,2.896443539350796,PubChem_only,PubChem,False,True,1,600.0,600.0,600.0,600.0,38755,1,34,"C,O"
CC1(C)CC[C@]2(C(=O)O[C@@H]3O[C@H](CO)[C@@H](O)[C@H](O)[C@H]3O)CC[C@]3(C)C(=CC[C@@H]4[C@@]5(C)CC[C@H](O[C@@H]6O[C@H](C(=O)O)[C@@H](O)[C@H](O)[C@H]6O[C@@H]6O[C@H](CO)[C@@H](O)[C@H](O)[C@H]6O)C(C)(C)[C@@H]5CC[C@]43C)[C@@H]2C1,656.0,656.0,957.1170000000005,3.164061190719413,PubChem_only,PubChem,False,True,1,656.0,656.0,656.0,656.0,40358,1,67,"C,O"
CC1(C)NC(=O)N(c2ccc([N+](=O)[O-])c(C(F)(F)F)c2)C1=O,150.0,150.0,317.223,3.3252734089056513,PubChem_only,PubChem,False,True,1,150.0,150.0,150.0,150.0,35790,1,22,"C,F,N,O"
CC1(C)O[C@@H]2C[C@H]3[C@@H]4CCC5=CC(=O)C=C[C@]5(C)[C@@]4(F)[C@@H](O)C[C@]3(C)[C@]2(C(=O)CO)O1,105.0,105.0,434.50400000000025,3.616804479804348,PubChem_only,PubChem,False,True,1,105.0,105.0,105.0,105.0,36223,1,31,"C,F,O"
CC1(C)O[C@@H]2C[C@H]3[C@@H]4CCC5=CC(=O)CC[C@]5(C)[C@@]4(F)[C@@H](O)C[C@]3(C)[C@]2(C(=O)CCl)O1,150.0,150.0,454.96600000000024,3.481887683614378,PubChem_only,PubChem,False,True,1,150.0,150.0,150.0,150.0,39634,1,31,"C,Cl,F,O"
CC1(C)O[C@@H]2C[C@H]3[C@@H]4C[C@H](F)C5=CC(=O)C=C[C@]5(C)[C@@]4(F)[C@@H](O)C[C@]3(C)[C@]2(C(=O)CO)O1,103.0,103.0,452.49400000000026,3.642775600197006,PubChem_only,PubChem,False,True,1,103.0,103.0,103.0,103.0,36165,1,32,"C,F,O"
CC1(C)S[C@@H]2[C@H](N=CN3CCCCCC3)C(=O)N2[C@H]1C(=O)O,3500.0,3500.0,325.4339999999999,1.968394879914399,PubChem_only,PubChem,False,True,1,3500.0,3500.0,3500.0,3500.0,38197,1,22,"C,N,O,S"
CC1(C)S[C@@H]2[C@H](NC(=O)COc3ccccc3)C(=O)N2[C@H]1C(=O)O,1351.0,1351.0,350.3960000000001,2.41390379074615,PubChem_only,PubChem,False,True,1,1351.0,1351.0,1351.0,1351.0,36313,1,24,"C,N,O,S"
CC1(C)S[C@@H]2[C@H](NC(=O)Cc3ccccc3)C(=O)N2[C@H]1C(=O)O,3500.0,3500.0,334.39700000000005,1.9801943282166732,PubChem_only,PubChem,False,True,1,3500.0,3500.0,3500.0,3500.0,36058,1,23,"C,N,O,S"
CC1(C)S[C@@H]2[C@H](NC(=O)[C@H](N)c3ccc(O)cc3)C(=O)N2[C@H]1C(=O)O,3590.0,3590.0,365.4110000000001,2.0076871682405955,PubChem_only,PubChem,False,True,2,3590.0,3590.0,3590.0,3590.0,38161;38451,4,25,"C,N,O,S"
CC1(C)S[C@@H]2[C@H](NC(=O)[C@H](N)c3ccccc3)C(=O)N2[C@H]1C(=O)O,3250.0,3250.0,349.4120000000001,2.0314544550781433,PubChem_only,PubChem,False,True,1,3250.0,3250.0,3250.0,3250.0,36178,1,24,"C,N,O,S"
CC1(C)S[C@@H]2[C@H](NC(=O)[C@H](N)c3ccccc3)C(=O)N2[C@H]1C(=O)OCOC(=O)[C@@H]1N2C(=O)C[C@H]2S(=O)(=O)C1(C)C,2356.0,2356.0,594.6680000000002,2.40209928295873,PubChem_only,PubChem,False,True,1,2356.0,2356.0,2356.0,2356.0,40478,2,40,"C,N,O,S"
CC1(C)[C@@H](C=C(Cl)Cl)[C@@H]1C(=O)O,210.0,210.0,209.072,2.9980765790223547,PubChem_only,PubChem,False,True,1,210.0,210.0,210.0,210.0,38298,1,12,"C,Cl,O"
CC1(C)[C@@H](O)CC[C@]2(C)[C@H]3C(=O)C=C4[C@@H]5C[C@@](C)(C(=O)O)CC[C@]5(C)CC[C@@]4(C)[C@]3(C)CC[C@@H]12,308.0,308.0,470.6940000000004,3.184187945831013,PubChem_only,PubChem,False,True,1,308.0,308.0,308.0,308.0,36927,1,34,"C,O"
CC1(C)[C@@H](O)CC[C@]2(C)[C@H]3C(=O)C=C4[C@H]5C[C@@](C)(C(=O)O)CC[C@]5(C)CC[C@@]4(C)[C@]3(C)CC[C@@H]12,455.0,455.0,470.6940000000004,3.014727265674345,PubChem_only,PubChem,False,True,1,455.0,455.0,455.0,455.0,38758,1,34,"C,O"
CC1(C)[C@@H](O)C[C@H]2[C@](C)(O)[C@@H]3CC[C@@H]4[C@@H](O)[C@@]3(C[C@@H](O)[C@@]21O)C[C@@]4(C)O,840.0,840.0,370.4860000000001,2.644492515355696,PubChem_only,PubChem,False,True,1,840.0,840.0,840.0,840.0,40342,1,26,"C,O"
CC1(C)[C@@H](OC(=O)CCC(=O)O)CC[C@]2(C)[C@H]3C(=O)C=C4[C@@H]5C[C@@](C)(C(=O)O)CC[C@]5(C)CC[C@@]4(C)[C@]3(C)CC[C@@H]12,120.0,120.0,570.7670000000003,3.6772776095438937,PubChem_only,PubChem,False,True,1,120.0,120.0,120.0,120.0,39697,3,41,"C,O"
CC1(C)[C@@H]2CC[C@@]1(C)C(=O)C2,3000.0,3000.0,152.237,1.705398962386134,PubChem_only,PubChem,False,True,1,3000.0,3000.0,3000.0,3000.0,39291,1,11,"C,O"
CC1(C)[C@@H]2CC[C@@]1(C)C(=O)[C@H]2Br,152.0,152.0,231.133,3.182018368329443,PubChem_only,PubChem,False,True,1,152.0,152.0,152.0,152.0,39677,1,12,"Br,C,O"
CC1(C)[C@@H]2CC[C@@]1(C)[C@H](OC(=O)CSC#N)C2,140.0,140.0,253.36699999999996,3.257622013499075,PubChem_only,PubChem,False,True,1,140.0,140.0,140.0,140.0,40394,1,17,"C,N,O,S"
CC1(C)[C@H](C(=O)OCc2coc(Cc3ccccc3)c2)[C@@H]1/C=C1\CCSC1=O,6.8,6.8,396.50800000000015,4.765743041421045,PubChem_only,PubChem,False,True,1,6.8,6.8,6.8,6.8,40388,1,28,"C,O,S"
CC1(C)[C@H](C(=O)O[C@H](C#N)c2cccc(Oc3ccccc3)c2)[C@@H]1C=C(Br)Br,10.0,10.0,505.206,4.703468499744374,PubChem_only,PubChem,False,True,1,10.0,10.0,10.0,10.0,38285,1,28,"Br,C,N,O"
CC1(C)[C@H](C=C(Cl)Cl)[C@@H]1C(=O)O,370.0,370.0,209.072,2.752094149689279,PubChem_only,PubChem,False,True,1,370.0,370.0,370.0,370.0,38297,1,12,"C,Cl,O"
CC1=C(/C=C/C(C)=C/C=C/C(C)=C/C(=O)O)C(C)(C)CCC1,208.0,208.0,300.44200000000006,3.1596973093921163,PubChem_only,PubChem,False,True,1,208.0,208.0,208.0,208.0,39644,1,22,"C,O"
CC1=C(/C=C/C(C)=C/C=C/C(C)=C/CO)C(C)(C)CCC1,1510.0,1510.0,286.45900000000006,2.278085524218052,PubChem_only,PubChem,False,True,1,1510.0,1510.0,1510.0,1510.0,39647,1,21,"C,O"
CC1=C(/C=C/C(C)=C/C=C/C(C)=C\C(=O)O)C(C)(C)CCC1,138.0,138.0,300.44200000000006,3.3378815579536414,PubChem_only,PubChem,False,True,1,138.0,138.0,138.0,138.0,40038,1,22,"C,O"
CC1=C(C(=O)O)N2C(=O)[C@@H](NC(=O)[C@H](N)C3=CCC=CC3)[C@H]2SC1,648.5,648.5,349.4120000000001,2.731427835636919,PubChem_only,PubChem,False,True,2,597.0,700.0,648.5,648.5,38233;38506,3,24,"C,N,O,S"
CC1=C(C(=O)O)N2C(=O)[C@@H](NC(=O)[C@H](N)c3ccccc3)[C@H]2SC1,400.0,400.0,347.3960000000001,2.9387648222421596,PubChem_only,PubChem,False,True,1,400.0,400.0,400.0,400.0,38012,1,24,"C,N,O,S"
CC1=C(CC(=O)O)c2cc(F)ccc2/C1=C\c1ccc(S(C)=O)cc1,305.0,305.0,356.41800000000006,3.067659789528922,PubChem_only,PubChem,False,True,1,305.0,305.0,305.0,305.0,39801,1,25,"C,F,O,S"
CC1=C(CCC(=O)O)c2cc3nc(cc4[nH]c(cc5[nH]c(cc1n2)c(C)c5C(C)O)c(C)c4C(C)O)C(C)=C3CCC(=O)O,169.0,169.0,598.7000000000002,3.5493225535320114,PubChem_only,PubChem,False,True,1,169.0,169.0,169.0,169.0,39300,3,44,"C,N,O"
CC1=C(O)C(=O)[C@@H]2O[C@@H]2C1=O,75.0,75.0,154.12099999999998,3.312800554838395,PubChem_only,PubChem,False,True,1,75.0,75.0,75.0,75.0,38970,1,11,"C,O"
CC1=C2C(=O)O[C@@H](c3ccoc3)[C@]2(C)CCC1,355.0,355.0,232.27899999999994,2.8157815945997315,PubChem_only,PubChem,False,True,1,355.0,355.0,355.0,355.0,39241,1,17,"C,O"
CC1=C2C(=O)[C@H]3[C@@H](CC=C4C[C@@H](O)CC[C@@]43C)[C@@H]2CC[C@]12O[C@@H]1C[C@H](C)CN[C@H]1[C@H]2C,15.0,15.0,425.6130000000002,4.452923625602646,PubChem_only,PubChem,False,True,1,15.0,15.0,15.0,15.0,36922,1,31,"C,N,O"
CC1=C2[C@H]3OC(=O)[C@@H](C)[C@@H]3CC[C@@]2(C)C=CC1=O,130.0,130.0,246.30599999999995,3.277531639049737,PubChem_only,PubChem,False,True,1,130.0,130.0,130.0,130.0,39534,1,18,"C,O"
CC1=CC(=Nc2ccc(N(C)C)cc2)C=CC1=O,27.0,27.0,240.30599999999998,3.949400850316825,PubChem_only,PubChem,False,True,1,27.0,27.0,27.0,27.0,39054,1,18,"C,N,O"
CC1=CC(=O)O[C@@]2(C1)C[C@H]1CC[C@@H]2CN1C,60.0,60.0,221.29999999999998,3.566830163543614,PubChem_only,PubChem,False,True,1,60.0,60.0,60.0,60.0,39618,1,16,"C,N,O"
CC1=CC(=O)c2ccccc2C1=O,50.0,50.0,172.18299999999996,3.5370202660647156,PubChem_only,PubChem,False,True,1,50.0,50.0,50.0,50.0,35745,1,13,"C,O"
CC1=C[C@@H]2c3cccc4[nH]cc(c34)C[C@H]2N(C)C1,25.0,25.0,238.33399999999997,3.979245993217421,PubChem_only,PubChem,False,True,1,25.0,25.0,25.0,25.0,38762,1,18,"C,N"
CC1=C[C@H]2Cc3[nH]c(=O)ccc3[C@]3(C1)NCCC[C@H]23,25.125,25.125,256.349,4.008725557197964,PubChem_only,PubChem,False,True,1,25.125,25.125,25.125,25.125,40156,1,19,"C,N,O"
CC1=C[C@H]2O[C@@H]3C[C@H]4OC(=O)/C=C\C=C\C(=O)OCC[C@@H](C)[C@H](O)C(=O)OC[C@@]2(CC1)[C@]4(C)[C@]31CO1,0.5,0.5,502.56000000000046,6.002217914718411,PubChem_only,PubChem,False,True,1,0.5,0.5,0.5,0.5,40206,1,36,"C,O"
CC1=C[C@H]2O[C@@H]3C[C@H]4OC(=O)/C=C\C=C\[C@H]([C@@H](C)O)OCC[C@@H](C)[C@H](O)C(=O)OC[C@@]2(CC1)[C@]4(C)[C@]31CO1,0.5,0.5,532.6300000000005,6.02745561977879,PubChem_only,PubChem,False,True,1,0.5,0.5,0.5,0.5,40322,1,38,"C,O"
CC1=C[C@H]2O[C@@H]3[C@H](O)C[C@](C)([C@@]2(CO)[C@H](O)C1=O)[C@]31CO1,43.0,43.0,296.3190000000001,3.8382910437931543,PubChem_only,PubChem,False,True,1,43.0,43.0,43.0,43.0,38268,1,21,"C,O"
CC1=C[C@H]2O[C@@H]3[C@H](O)[C@@H](O)[C@](C)([C@@]2(CO)C[C@@H]1O)[C@]31CO1,11.0,11.0,298.33500000000004,4.433311521657403,PubChem_only,PubChem,False,True,1,11.0,11.0,11.0,11.0,40321,1,21,"C,O"
CC1=C[C@H]2O[C@@H]3[C@H](O)[C@@H](O)[C@](C)([C@@]2(CO)C[C@@H]1OC(=O)CC(C)C)[C@]31CO1,108.0,108.0,382.4530000000002,3.5491543164345485,PubChem_only,PubChem,False,True,1,108.0,108.0,108.0,108.0,40398,1,27,"C,O"
CC1=C[C@H]2O[C@@H]3[C@H](O)[C@@H](O)[C@](C)([C@@]2(CO)[C@H](O)C1=O)[C@]31CO1,4.0,4.0,312.3180000000001,4.892537023563141,PubChem_only,PubChem,False,True,1,4.0,4.0,4.0,4.0,40055,1,22,"C,O"
CC1=NN(Cc2ccccc2)C(=O)C1,1968.0,1968.0,188.22999999999996,1.9806637481422356,PubChem_only,PubChem,False,True,1,1968.0,1968.0,1968.0,1968.0,38666,1,14,"C,N,O"
CC1=NN(c2ccccc2)C(=O)C1,2012.0,2012.0,174.20299999999995,1.9374276534624215,PubChem_only,PubChem,False,True,1,2012.0,2012.0,2012.0,2012.0,35736,1,13,"C,N,O"
CC1=NS(=O)(=O)c2cc(Cl)ccc2N1,326.0,326.0,230.67600000000002,2.849784811922745,PubChem_only,PubChem,False,True,1,326.0,326.0,326.0,326.0,35582,1,14,"C,Cl,N,O,S"
CC1CC(C)C(=O)C(C(O)CC2CC(=O)NC(=O)C2)C1,500.0,500.0,281.35200000000003,2.750280002361658,PubChem_only,PubChem,False,True,1,500.0,500.0,500.0,500.0,35564,1,20,"C,N,O"
CC1CN(C2CCCCCCCCCCC2)CC(C)O1,100.0,100.0,281.4839999999999,3.449453713897153,PubChem_only,PubChem,False,True,1,100.0,100.0,100.0,100.0,38417,2,20,"C,N,O"
CC1CNc2c(cccc2S(=O)(=O)N[C@@H](CCCN=C(N)N)C(=O)N2CC[C@@H](C)C[C@@H]2C(=O)O)C1,475.0,475.0,508.6450000000004,3.029721170098349,PubChem_only,PubChem,False,True,1,475.0,475.0,475.0,475.0,39007,2,35,"C,N,O,S"
CC1S[C@H](C)N[C@H](C)S1,265.0,265.0,163.31099999999998,2.789769564188771,PubChem_only,PubChem,False,True,1,265.0,265.0,265.0,265.0,40392,1,9,"C,N,S"
CCC(=O)/C=C/Cl,55.0,55.0,118.56299999999999,3.3335864902348193,PubChem_only,PubChem,False,True,1,55.0,55.0,55.0,55.0,40263,1,7,"C,Cl,O"
CCC(=O)/C=N/O,180.0,180.0,101.10499999999999,2.7495001284176173,PubChem_only,PubChem,False,True,1,180.0,180.0,180.0,180.0,40303,1,7,"C,N,O"
CCC(=O)C(C[C@@H](C)N(C)C)(c1ccccc1)c1ccccc1,31.0,31.0,309.45300000000003,3.9992330034938988,PubChem_only,PubChem,False,True,2,30.0,32.0,31.0,31.0,37800;37801,2,23,"C,N,O"
CCC(=O)C(C[C@H](C)N(C)C)(c1ccccc1)c1ccccc1,74.0,74.0,309.45300000000003,3.621362977597195,PubChem_only,PubChem,False,True,1,74.0,74.0,74.0,74.0,39721,1,23,"C,N,O"
CCC(=O)OCC(=O)[C@@]1(OC(=O)CC)[C@@H](C)C[C@H]2[C@@H]3CCC4=CC(=O)C=C[C@]4(C)[C@@]3(F)[C@@H](O)C[C@@]21C,103.0,103.0,504.5950000000003,3.6901057181011008,PubChem_only,PubChem,False,True,1,103.0,103.0,103.0,103.0,37781,1,36,"C,F,O"
CCC(=O)OCC(=O)[C@@]1(OC(=O)CC)[C@H](C)C[C@H]2[C@@H]3CCC4=CC(=O)C=C[C@]4(C)[C@@]3(F)[C@@H](O)C[C@@]21C,276.0,276.0,504.5950000000003,3.262033860741055,PubChem_only,PubChem,False,True,1,276.0,276.0,276.0,276.0,38464,1,36,"C,F,O"
CCC(=O)O[C@@H]1CC(=O)O[C@H](C)C/C=C/C=C/[C@H](O)[C@H](C)C[C@H](CC=O)[C@H](O[C@@H]2O[C@H](C)[C@@H](O[C@H]3C[C@@](C)(O)[C@@H](OC(=O)CC)[C@H](C)O3)[C@H](N(C)C)[C@H]2O)[C@H]1OC,910.0,910.0,813.9790000000002,2.951571808266184,PubChem_only,PubChem,False,True,1,910.0,910.0,910.0,910.0,40028,1,57,"C,N,O"
CCC(=O)O[C@H]1CC[C@H]2[C@@H]3CCC4=CC(=O)CC[C@]4(C)[C@H]3CC[C@]12C,970.0,970.0,344.4950000000001,2.5504111886735745,PubChem_only,PubChem,False,True,1,970.0,970.0,970.0,970.0,36092,1,25,"C,O"
CCC(=O)O[C@](Cc1ccccc1)(c1ccccc1)[C@H](C)CN(C)C,110.0,110.0,339.47900000000016,3.489420229051229,PubChem_only,PubChem,False,True,3,100.0,111.0,107.0,110.0,36923;36924;37455,2,25,"C,N,O"
CCC(=O)O[C@]1(C(=O)CCl)[C@@H](C)C[C@H]2[C@@H]3CCC4=CC(=O)C=C[C@]4(C)[C@@]3(F)[C@@H](O)C[C@@]21C,118.0,118.0,466.97700000000026,3.5974134834975287,PubChem_only,PubChem,False,True,1,118.0,118.0,118.0,118.0,38152,1,32,"C,Cl,F,O"
CCC(=O)O[C@]1(c2ccccc2)CCN(C)C[C@@H]1C,70.5,70.5,261.36499999999995,3.569058312754368,PubChem_only,PubChem,False,True,2,68.0,73.0,70.5,70.5,39210;39211,2,19,"C,N,O"
CCC(C)(C)C(=O)O[C@H]1C[C@@H](C)C=C2C=C[C@H](C)[C@H](CC[C@@H]3C[C@@H](O)CC(=O)O3)[C@H]21,798.0,798.0,418.57400000000024,2.719769357001636,PubChem_only,PubChem,False,True,1,798.0,798.0,798.0,798.0,38368,1,30,"C,O"
CCC(C)C(C(=O)OC1CC[N+](C)(C)CC1)c1ccccc1,50.0,50.0,304.45399999999995,3.7845516799718024,PubChem_only,PubChem,False,True,1,50.0,50.0,50.0,50.0,38698,2,22,"C,N,O"
CCC(C)C(C)(COC(N)=O)COC(N)=O,460.0,460.0,232.27999999999994,2.703253985679712,PubChem_only,PubChem,False,True,1,460.0,460.0,460.0,460.0,36147,1,16,"C,N,O"
CCC(C)C(NC(=O)CN)C(=O)NCC(=O)NC(C)C(=O)NC(C(=O)NC(CC(C)C)C(=O)NC(CCCCN)C(=O)NC(C(=O)NC(CC(C)C)C(=O)NC(C(=O)NC(C(=O)NCC(=O)NC(CC(C)C)C(=O)N1CCCC1C(=O)NC(C)C(=O)NC(CC(C)C)C(=O)NC(C(=O)NC(CO)C(=O)NC(Cc1c[nH]c2ccccc12)C(=O)NC(C(=O)NC(CCCCN)C(=O)NC(CCCNC(=N)N)C(=O)NC(CCCCN)C(=O)NC(CCCNC(=N)N)C(=O)NC(CCC(N)=O)C(=O)NC(CCC(N)=O)C(N)=O)C(C)CC)C(C)CC)C(C)O)C(C)O)C(C)C)C(C)C,5.0,5.0,2846.5149999999962,5.755343472376474,PubChem_only,PubChem,False,True,1,5.0,5.0,5.0,5.0,40415,1,201,"C,N,O"
CCC(C)CCCCCCC(=O)N[C@H]1[C@H](Oc2c3cc4cc2Oc2ccc(cc2Cl)[C@@H](O[C@@H]2O[C@H](CO)[C@@H](O)[C@H](O)[C@H]2NC(C)=O)[C@@H]2NC(=O)[C@H](NC(=O)[C@@H]4NC(=O)[C@H]4NC(=O)[C@@H](Cc5ccc(c(Cl)c5)O3)NC(=O)[C@H](N)c3ccc(O)c(c3)Oc3cc(O)cc4c3)c3ccc(O)c(c3)-c3c(O[C@H]4O[C@H](CO)[C@@H](O)[C@H](O)[C@@H]4O)cc(O)cc3[C@@H](C(=O)O)NC2=O)O[C@H](CO)[C@@H](O)[C@@H]1O,500.0,500.0,1893.707000000001,3.5783427801903662,PubChem_only,PubChem,False,True,1,500.0,500.0,500.0,500.0,40443,1,133,"C,Cl,N,O"
CCC/C=C/C=O,195.0,195.0,98.14499999999998,2.701833567991526,PubChem_only,PubChem,False,True,2,100.0,290.0,195.0,195.0,39999;40000,1,7,"C,O"
CCC/C=C\C=C/C(=O)N[C@@H](CC(N)=O)C(=O)NC(CC(N)=O)C(=O)N[C@@H](C(=O)N[C@H](CCCN)C(=O)N[C@@H](C(=O)N[C@@H](C(=O)N[C@@H](C(=O)N[C@H](C(=O)N[C@@H](Cc1ccccc1)C(=O)N[C@H](CCCN)C(=O)NC(C(=O)N[C@H](C(=O)NC(C(=O)NCC(=O)N[C@@H](CC(C)C)C(=O)N[C@H](C)C(=O)NC(C(=O)O)C1CCC(O)C(Cl)C1)C1CCC(O)CC1)[C@H](C)O)C1CCC(O)CC1)[C@H](C)O)C1CCC(O)CC1)C1CCC(O)CC1)[C@H](C)O)C1CCC(O)CC1,500.0,500.0,2254.095999999999,3.654002403994491,PubChem_only,PubChem,False,True,1,500.0,500.0,500.0,500.0,40420,1,158,"C,Cl,N,O"
CCC1(C)CC(=O)NC1=O,1325.0,1325.0,141.17,2.0275265364405777,PubChem_only,PubChem,False,True,1,1325.0,1325.0,1325.0,1325.0,35622,1,10,"C,N,O"
CCC1(C)OC(=O)N(C)C1=O,750.0,750.0,157.16899999999995,2.321305626552243,PubChem_only,PubChem,False,True,1,750.0,750.0,750.0,750.0,36641,1,11,"C,N,O"
CCC1(CC)C(=O)NC(=O)N(C)C1=O,500.0,500.0,198.22199999999998,2.5981818493872657,PubChem_only,PubChem,False,True,1,500.0,500.0,500.0,500.0,35757,1,14,"C,N,O"
CCC1(CC)C(=O)NCC(C)C1=O,530.0,530.0,183.25099999999998,2.538770483662155,PubChem_only,PubChem,False,True,1,530.0,530.0,530.0,530.0,35765,1,13,"C,N,O"
CCC1(c2ccc(N)cc2)CCC(=O)NC1=O,625.0,625.0,232.28299999999996,2.5701374090882987,PubChem_only,PubChem,False,True,1,625.0,625.0,625.0,625.0,35457,1,17,"C,N,O"
CCC1(c2ccccc2)C(=O)NCNC1=O,332.0,332.0,218.25599999999994,2.817828107876659,PubChem_only,PubChem,False,True,1,332.0,332.0,332.0,332.0,35869,1,16,"C,N,O"
CCC1(c2ccccc2)CCC(=O)NC1=O,208.0,208.0,217.26799999999992,3.018932431639394,PubChem_only,PubChem,False,True,1,208.0,208.0,208.0,208.0,35664,1,16,"C,N,O"
CCC1(c2ccccc2)NC(=O)N(C)C1=O,300.0,300.0,218.25599999999994,2.861844936861033,PubChem_only,PubChem,False,True,1,300.0,300.0,300.0,300.0,35748,1,16,"C,N,O"
CCC1=C[C@@H]2CN(C1)Cc1c([nH]c3ccccc13)[C@@](C(=O)OC)(c1cc3c(cc1OC)N(C)[C@H]1[C@@](O)(C(=O)OC)[C@H](OC(C)=O)[C@]4(CC)C=CCN5CC[C@]31[C@@H]54)C2,26.0,26.0,778.9469999999999,4.47653456106171,PubChem_only,PubChem,False,True,1,26.0,26.0,26.0,26.0,40084,1,57,"C,N,O"
CCC1C(C)CC2C1C=CC1C3C/C=C/C(=O)NCCCC4NC(=O)/C(=C(O)/C=C/C3CC12)C4=O,6.0,6.0,478.6330000000003,4.9018513879469126,PubChem_only,PubChem,False,True,1,6.0,6.0,6.0,6.0,40519,1,35,"C,N,O"
CCCC(=O)O[C@]1(C(=O)CCl)[C@@H](C)C[C@H]2[C@@H]3CCC4=CC(=O)C=C[C@]4(C)[C@@]3(F)C(=O)C[C@@]21C,500.0,500.0,478.98800000000034,2.981354628913484,PubChem_only,PubChem,False,True,1,500.0,500.0,500.0,500.0,38699,1,33,"C,Cl,F,O"
CCCC(=O)O[C@]1(C(=O)CO)CC[C@H]2[C@@H]3CCC4=CC(=O)CC[C@]4(C)[C@H]3[C@@H](O)C[C@@]21C,1550.0,1550.0,432.5570000000002,2.4457116463574127,PubChem_only,PubChem,False,True,1,1550.0,1550.0,1550.0,1550.0,37979,1,31,"C,O"
CCCC(=O)O[C@]1(C(=O)COC(=O)CC)CC[C@H]2[C@@H]3CCC4=CC(=O)CC[C@]4(C)[C@H]3[C@@H](O)C[C@@]21C,1660.0,1660.0,488.6210000000003,2.4688640401481883,PubChem_only,PubChem,False,True,1,1660.0,1660.0,1660.0,1660.0,39696,1,35,"C,O"
CCCC(=O)O[C@]1(C(=O)COC(C)=O)CC[C@H]2[C@@H]3C[C@H](F)C4=CC(=O)C=C[C@]4(C)[C@@]3(F)[C@@H](O)C[C@@]21C,146.0,146.0,508.5580000000002,3.541987634696577,PubChem_only,PubChem,False,True,1,146.0,146.0,146.0,146.0,39631,1,36,"C,F,O"
CCCC(C)(COC(N)=O)COC(=O)NC(C)C,800.0,800.0,260.334,2.512440904314032,PubChem_only,PubChem,False,True,1,800.0,800.0,800.0,800.0,35522,1,18,"C,N,O"
CCCC(C)(COC(N)=O)COC(N)=O,331.0,331.0,218.25299999999996,2.81913222824446,PubChem_only,PubChem,False,True,1,331.0,331.0,331.0,331.0,35749,1,15,"C,N,O"
CCCC(C)C1(CC)C(=O)NC(=O)NC1=O,75.0,75.0,226.276,3.479577229492289,PubChem_only,PubChem,False,True,1,75.0,75.0,75.0,75.0,35832,1,16,"C,N,O"
CCCC(CCC)C(=O)OC1C[C@H]2CC[C@@H](C1)[N+]2(C)C,129.0,129.0,282.448,3.3403487935667275,PubChem_only,PubChem,False,True,1,129.0,129.0,129.0,129.0,39746,2,20,"C,N,O"
CCCC/C=C/C(=O)O,1600.0,1600.0,128.17099999999996,1.9036697900721973,PubChem_only,PubChem,False,True,1,1600.0,1600.0,1600.0,1600.0,40049,1,9,"C,O"
CCCC1O[C@@H]2C[C@H]3[C@@H]4CCC5=CC(=O)C=C[C@]5(C)[C@H]4[C@@H](O)C[C@]3(C)[C@]2(C(=O)CO)O1,179.0,179.0,430.5410000000002,3.381161484219545,PubChem_only,PubChem,False,True,1,179.0,179.0,179.0,179.0,39989,1,31,"C,O"
CCCCC(=O)OCC(=O)[C@H]1[C@H](C)C[C@H]2[C@@H]3C[C@H](F)C4=CC(=O)C=C[C@]4(C)[C@@]3(F)[C@@H](O)C[C@@]21C,432.0,432.0,478.57600000000025,3.0444671686724663,PubChem_only,PubChem,False,True,1,432.0,432.0,432.0,432.0,38991,1,34,"C,F,O"
CCCCC(=O)OCC(=O)[C@]1(O)Cc2c(O)c3c(c(O)c2[C@@H](O[C@H]2C[C@H](NC(=O)C(F)(F)F)[C@H](O)[C@H](C)O2)C1)C(=O)c1c(OC)cccc1C3=O,109.0,109.0,723.65,3.822102068502953,PubChem_only,PubChem,False,True,1,109.0,109.0,109.0,109.0,39672,1,51,"C,F,N,O"
CCCCC(=O)O[C@]1(C(=O)CO)[C@@H](C)C[C@H]2[C@@H]3CCC4=CC(=O)C=C[C@]4(C)[C@@]3(F)[C@@H](O)C[C@@]21C,632.0,632.0,476.58500000000026,2.877423290991702,PubChem_only,PubChem,False,True,1,632.0,632.0,632.0,632.0,37530,1,34,"C,F,O"
CCCCC(=O)O[C@]1(C(=O)COC(C)=O)CC[C@H]2[C@@H]3CCC4=CC(=O)C=C[C@]4(C)[C@H]3[C@@H](O)C[C@@]21C,1360.0,1360.0,486.60500000000025,2.553637658742571,PubChem_only,PubChem,False,True,1,1360.0,1360.0,1360.0,1360.0,40068,1,35,"C,O"
CCCCC(C)(O)C/C=C/[C@H]1[C@H](O)CC(=O)[C@@H]1CCCCCCC(=O)OC,70.0,70.0,382.5410000000003,3.737579948807442,PubChem_only,PubChem,False,True,1,70.0,70.0,70.0,70.0,40039,1,27,"C,O"
CCCCC(CC)COC(=O)/C=C/C(=O)OCC(CC)CCCC,250.0,250.0,340.5040000000002,3.134182209390934,PubChem_only,PubChem,False,True,1,250.0,250.0,250.0,250.0,40129,1,24,"C,O"
CCCCC(CC)CO[P+](=O)OCC(CC)CCCC,620.0,620.0,305.4190000000001,2.692504361357337,PubChem_only,PubChem,False,True,1,620.0,620.0,620.0,620.0,40207,1,20,"C,O,P"
CCCCC/C=C\C/C=C\CCCCCCCC(=O)N[C@H]1C[C@@H](O)[C@@H](O)NC(=O)[C@@H]2[C@@H](O)[C@@H](C)CN2C(=O)[C@H]([C@@H](C)O)NC(=O)[C@H]([C@H](O)[C@@H](O)c2ccc(O)cc2)NC(=O)[C@@H]2C[C@@H](O)CN2C(=O)[C@H]([C@@H](C)O)NC1=O,400.0,400.0,1060.2530000000002,3.42334951864755,PubChem_only,PubChem,False,True,1,400.0,400.0,400.0,400.0,40319,1,75,"C,N,O"
CCCCC/C=C\C/C=C\CCCCCCCC(=O)O,280.0,280.0,280.4519999999999,3.000700510118191,PubChem_only,PubChem,False,True,1,280.0,280.0,280.0,280.0,39974,1,20,"C,O"
CCCCCCC(=O)CCCCCC/C=C/C[C@@H](O)[C@H](O)[C@@](N)(CO)C(=O)O,5.0,5.0,401.5440000000001,4.904763136586811,PubChem_only,PubChem,False,True,1,5.0,5.0,5.0,5.0,40257,1,28,"C,N,O"
CCCCCCC(=O)O[C@H]1CC[C@H]2[C@@H]3CCC4=CC(=O)CC[C@]4(C)[C@H]3CC[C@]12C,1770.0,1770.0,400.6030000000003,2.3547409309136924,PubChem_only,PubChem,False,True,1,1770.0,1770.0,1770.0,1770.0,36840,1,29,"C,O"
CCCCCCC1C(=O)OC(C)C(NC(=O)c2cccc(NC=O)c2O)C(=O)OC(C)C1OC(=O)CC(C)C,7.6,7.6,548.6330000000003,4.858468334368819,PubChem_only,PubChem,False,True,1,7.6,7.6,7.6,7.6,37207,1,39,"C,N,O"
CCCCCCCC/C=C\CCCCCCCC(=O)O,282.0,282.0,282.4679999999999,3.000720146630464,PubChem_only,PubChem,False,True,1,282.0,282.0,282.0,282.0,39649,1,20,"C,O"
CCCCCCCC/C=C\CCCCCCCCN,888.0,888.0,267.5009999999999,2.478912444106385,PubChem_only,PubChem,False,True,1,888.0,888.0,888.0,888.0,40108,1,19,"C,N"
CCCCCCCCCC/C=C/C1CC(=O)OC1=O,320.0,320.0,266.381,2.9203532666174437,PubChem_only,PubChem,False,True,1,320.0,320.0,320.0,320.0,40242,1,19,"C,O"
CCCCCCCCCCCCCCCC(=O)OC/C=C(C)/C=C/C=C(C)/C=C/C1=C(C)CCCC1(C)C,4760.0,4760.0,524.8740000000004,2.0424481075001246,PubChem_only,PubChem,False,True,1,4760.0,4760.0,4760.0,4760.0,39978,1,38,"C,O"
CCCCCCCCCCCCCCCCN,122.623,122.623,241.4629999999999,3.2942786550830343,PubChem_only,PubChem,False,True,2,45.246,200.0,122.623,122.623,36755;37637,2,17,"C,N"
CCCCCCCCCCCCCCCCO,1600.0,1600.0,242.44699999999992,2.1804968319391262,PubChem_only,PubChem,False,True,1,1600.0,1600.0,1600.0,1600.0,35528,1,17,"C,O"
CCCCCCCCCCCCCCCCSCC(COC)COP(=O)([O-])OCC[N+](C)(C)C,113.0,113.0,525.7770000000003,3.6677231405852146,PubChem_only,PubChem,False,True,1,113.0,113.0,113.0,113.0,38370,1,34,"C,N,O,P,S"
CCCCCCCCCCCC[N+](C)(C)[O-],375.0,375.0,229.40799999999996,2.786577290978223,PubChem_only,PubChem,False,True,1,375.0,375.0,375.0,375.0,37457,1,16,"C,N,O"
CCCCCC[C@H](O)C1C2=C(CC([C@H](O)C3CC=CC(=O)O3)CC3=C(C(=O)OC3=O)[C@H]1O)C(O)OC2=O,6.6,6.6,520.5310000000003,4.8969026632961095,PubChem_only,PubChem,False,True,1,6.6,6.6,6.6,6.6,40520,1,37,"C,O"
CCCCCC[C@H]1C(=O)O[C@H](C)[C@H](NC(=O)c2cccc(NC=O)c2O)C(=O)O[C@@H](C)[C@@H]1OC(=O)CC(C)C,0.82,0.82,548.6330000000003,5.825468074265894,PubChem_only,PubChem,False,True,1,0.82,0.82,0.82,0.82,37415,1,39,"C,N,O"
CCCCC[C@H](O)/C=C/[C@@H]1[C@@H](C/C=C\CCCC(=O)O)[C@@H](O)C[C@H]1O,101.0,101.0,354.487,3.5452789392715984,PubChem_only,PubChem,False,True,1,101.0,101.0,101.0,101.0,40044,2,25,"C,O"
CCCCC[C@H](O)/C=C/[C@H]1C=CC(=O)[C@@H]1C/C=C\CCCC(=O)O,93.0,93.0,334.45600000000013,3.5558560428649852,PubChem_only,PubChem,False,True,1,93.0,93.0,93.0,93.0,39985,1,24,"C,O"
CCCCC[C@H](O)/C=C/[C@H]1[C@H](O)CC(=O)[C@@H]1CCCCCCC(=O)O,19.8,19.8,354.48700000000014,4.25293512279271,PubChem_only,PubChem,False,True,1,19.8,19.8,19.8,19.8,39981,1,25,"C,O"
CCCCC[C@H](O)CC(=O)CCc1ccc(O)c(OC)c1,58.1,58.1,294.391,3.7047483964066408,PubChem_only,PubChem,False,True,1,58.1,58.1,58.1,58.1,39620,1,21,"C,O"
CCCCCc1cc(O)c2c(c1)OC(C)(C)[C@@H]1CC=C(C)C[C@@H]21,210.0,210.0,314.46900000000005,3.175358544896312,PubChem_only,PubChem,False,True,1,210.0,210.0,210.0,210.0,39714,1,23,"C,O"
CCCCCc1cc(O)c2c(c1)OC(C)(C)[C@@H]1CCC(C)=C[C@@H]21,168.0,168.0,314.46900000000005,3.2722685579043684,PubChem_only,PubChem,False,True,1,168.0,168.0,168.0,168.0,37504,1,23,"C,O"
CCCCOC(=O)/C=C/C(=O)OCCCC,250.0,250.0,228.28799999999993,2.9605430746502033,PubChem_only,PubChem,False,True,1,250.0,250.0,250.0,250.0,39969,1,16,"C,O"
CCCCOC(=O)/C=C\C(=O)OCCCC,150.0,150.0,228.28799999999993,3.18239182426656,PubChem_only,PubChem,False,True,1,150.0,150.0,150.0,150.0,39968,1,16,"C,O"
CCCCSC1N=NC(=O)NC1=O,781.0,781.0,201.25099999999998,2.4110870131422475,PubChem_only,PubChem,False,True,1,781.0,781.0,781.0,781.0,39086,1,13,"C,N,O,S"
CCCN(CCC)C(=O)C(CCC(=O)OCCCN1CCN(CCOC(=O)Cc2c(C)n(C(=O)c3ccc(Cl)cc3)c3ccc(OC)cc23)CC1)NC(=O)c1ccccc1,243.0,243.0,844.45,3.5409676664342946,PubChem_only,PubChem,False,True,1,243.0,243.0,243.0,243.0,40032,3,60,"C,Cl,N,O"
CCCN1C[C@H](CSC)C[C@@H]2c3cccc4[nH]cc(c34)C[C@H]21,100.0,100.0,314.4980000000001,3.4976178879634006,PubChem_only,PubChem,False,True,1,100.0,100.0,100.0,100.0,38339,2,22,"C,N,S"
CCCO/N=C/c1ccccn1,416.0,416.0,164.208,2.5963009809339073,PubChem_only,PubChem,False,True,1,416.0,416.0,416.0,416.0,40294,1,12,"C,N,O"
CCCO/N=C/c1cccnc1,200.0,200.0,164.208,2.9143643158966683,PubChem_only,PubChem,False,True,1,200.0,200.0,200.0,200.0,40297,1,12,"C,N,O"
CCCOCC(=Nc1ccc(Cl)cc1C(F)(F)F)n1ccnc1,530.0,530.0,345.752,2.8144888313611856,PubChem_only,PubChem,False,True,1,530.0,530.0,530.0,530.0,38994,1,23,"C,Cl,F,N,O"
CCCS(=O)(=O)/C=C/S(=O)(=O)CCC,11.5,11.5,240.34599999999995,4.320139058349942,PubChem_only,PubChem,False,True,1,11.5,11.5,11.5,11.5,40190,1,14,"C,O,S"
CCC[C@@H](O)/C=C/C=C/C=C/C#CC#CCCCO,48.3,48.3,258.36099999999993,3.7282798260827574,PubChem_only,PubChem,False,True,1,48.3,48.3,48.3,48.3,40476,1,19,"C,O"
CCC[C@@H]1C[C@@H](C(=O)N[C@@H]([C@H]2O[C@H](SC)[C@H](O)[C@@H](O)[C@H]2O)[C@@H](C)O)N(C)C1,875.0,875.0,406.54500000000013,2.6671005711268037,PubChem_only,PubChem,False,True,2,750.0,1000.0,875.0,875.0,38477;39852,2,27,"C,N,O,S"
CCC[C@@H]1C[C@@H](C(=O)N[C@@H]([C@H]2O[C@H](SC)[C@H](O)[C@@H](O)[C@H]2O)[C@H](C)Cl)N(C)C1,361.0,361.0,424.9910000000001,3.0708725312229515,PubChem_only,PubChem,False,True,1,361.0,361.0,361.0,361.0,40414,2,27,"C,Cl,N,O,S"
CCC[C@@H]1C[C@@H](C(=O)N[C@@H]([C@H]2O[C@H](SC)[C@H](OP(=O)(O)O)[C@@H](O)[C@H]2O)[C@H](C)Cl)N(C)C1,784.0,784.0,504.97000000000014,2.8089495149956734,PubChem_only,PubChem,False,True,1,784.0,784.0,784.0,784.0,39626,1,31,"C,Cl,N,O,P,S"
CCC[C@@](C)(O)[C@H]1C[C@@]23C=C[C@]1(OC)[C@@H]1Oc4c(O)ccc5c4[C@@]12CCN(C)[C@@H]3C5,130.5,130.5,411.5420000000002,3.498803652144818,PubChem_only,PubChem,False,True,2,61.0,200.0,130.5,130.5,39726;40463,2,30,"C,N,O"
CCC[C@@](C)(O)[C@H]1C[C@@]23C=C[C@]1(OC)[C@@H]1Oc4c(OC(C)=O)ccc5c4[C@@]12CCN(C)[C@@H]3C5,200.0,200.0,453.5790000000003,3.355622943529419,PubChem_only,PubChem,False,True,1,200.0,200.0,200.0,200.0,40448,1,33,"C,N,O"
CCC[N@+]12[C@H](O)[C@@H](CC)[C@@H]3C[C@H]1[C@@H]1N(C)c4ccccc4[C@]14C[C@H]2[C@H]3[C@H]4O,21.265,21.265,369.52900000000005,4.239983139701813,PubChem_only,PubChem,False,True,1,21.265,21.265,21.265,21.265,40541,2,27,"C,N,O"
CCN(CC)C(=O)C1CCCNC1,810.0,810.0,184.28299999999996,2.3570002547738427,PubChem_only,PubChem,False,True,1,810.0,810.0,810.0,810.0,37652,1,13,"C,N,O"
CCN(CC)C(=O)COc1cc2c(O)c3c(O)c(C)c4c(c13)C(=O)[C@@](C)(O/C=C/[C@H](OC)[C@@H](C)[C@@H](OC(C)=O)[C@H](C)[C@H](O)[C@H](C)[C@@H](O)[C@@H](C)/C=C/C=C(/C)C(=O)N2)O4,320.0,320.0,810.9380000000003,3.4038376733176734,PubChem_only,PubChem,False,True,1,320.0,320.0,320.0,320.0,40238,1,58,"C,N,O"
CCN(CC)C(=O)N[C@H]1C[C@@H]2c3cccc4[nH]cc(c34)C[C@H]2N(C)C1,272.0,272.0,340.4710000000002,3.097511222269416,PubChem_only,PubChem,False,True,1,272.0,272.0,272.0,272.0,39637,1,25,"C,N,O"
CCN(CC)C(=O)[C@@H]1C=C2c3cccc4[nH]c(Br)c(c34)C[C@H]2N(C)C1,25.0,25.0,402.3360000000001,4.206648885201376,PubChem_only,PubChem,False,True,1,25.0,25.0,25.0,25.0,36933,1,25,"Br,C,N,O"
CCN(CC)C(=O)[C@@H]1C=C2c3cccc4[nH]cc(c34)C[C@H]2N(C)C1,50.0,50.0,323.4400000000001,3.810823723989599,PubChem_only,PubChem,False,True,1,50.0,50.0,50.0,50.0,36007,1,24,"C,N,O"
CCN(CC)C(=S)SSC(=S)N(CC)CC,75.0,75.0,296.5520000000001,3.5970395939475908,PubChem_only,PubChem,False,True,1,75.0,75.0,75.0,75.0,35600,1,16,"C,N,S"
CCN(CC)CC(=O)Nc1c(C)cccc1C,82.5,82.5,234.343,3.45339803680032,PubChem_only,PubChem,False,True,2,63.0,102.0,82.5,82.5,35691;36199,2,17,"C,N,O"
CCN(CC)CCNc1ccc(CO)c2sc3ccccc3c(=O)c12,252.0,252.0,356.4910000000001,3.150648029311878,PubChem_only,PubChem,False,True,1,252.0,252.0,252.0,252.0,39559,2,25,"C,N,O,S"
CCN(CC)CCO,192.0,192.0,117.192,2.7855967372921797,PubChem_only,PubChem,False,True,1,192.0,192.0,192.0,192.0,36452,1,8,"C,N,O"
CCN(CC)c1ccc(C(=C2C=CC(=[N+](CC)CC)C=C2)c2cc(S(=O)(=O)[O-])cc3cc(S(=O)(=O)O)ccc23)cc1,892.0,892.0,594.7550000000002,2.823973247385357,PubChem_only,PubChem,False,True,1,892.0,892.0,892.0,892.0,39305,2,41,"C,N,O,S"
CCN(CC)c1ccc(C(=C2C=CC(=[N+](CC)CC)C=C2)c2ccc(S(=O)(=O)O)cc2S(=O)(=O)[O-])cc1,3000.0,3000.0,544.6950000000002,2.2590321339876978,PubChem_only,PubChem,False,True,1,3000.0,3000.0,3000.0,3000.0,36689,2,37,"C,N,O,S"
CCN(CC)c1ccc2c(-c3ccc(C(=O)O)cc3C(=O)[O-])c3ccc(=[N+](CC)CC)cc-3oc2c1,462.0,462.0,486.5680000000003,3.0225015678376774,PubChem_only,PubChem,False,True,1,462.0,462.0,462.0,462.0,38223,4,36,"C,N,O"
CCN(CC)c1ccc2c(-c3ccccc3C(=O)O)c3ccc(=[N+](CC)CC)cc-3oc2c1,144.0,144.0,443.56700000000023,3.4885967364300985,PubChem_only,PubChem,False,True,1,144.0,144.0,144.0,144.0,36283,2,33,"C,N,O"
CCN(CC)c1ccc2cc3ccc(=[N+](CC)CC)cc-3oc2c1,15.1,15.1,323.46000000000004,4.330843634919111,PubChem_only,PubChem,False,True,1,15.1,15.1,15.1,15.1,37528,2,24,"C,N,O"
CCN(Cc1ccccc1)c1ccc(C(=C2C=CC(=[N+](CC)Cc3ccccc3)C=C2)c2ccc(S(=O)(=O)O)cc2S(=O)(=O)[O-])cc1,437.0,437.0,668.8370000000003,3.184838853255032,PubChem_only,PubChem,False,True,1,437.0,437.0,437.0,437.0,38429,2,47,"C,N,O,S"
CCN(Cc1ccncc1)C(=O)C(CO)c1ccccc1,695.0,695.0,284.359,2.6118821736934543,PubChem_only,PubChem,False,True,1,695.0,695.0,695.0,695.0,35983,1,21,"C,N,O"
CCN1C(=O)NC(c2ccccc2)C1=O,923.0,923.0,204.22899999999998,2.344915709818694,PubChem_only,PubChem,False,True,1,923.0,923.0,923.0,923.0,35623,1,15,"C,N,O"
CCN1CCC[C@H]1CNC(=O)c1cc(S(N)(=O)=O)ccc1OC,170.0,170.0,341.4330000000001,3.3028565726274173,PubChem_only,PubChem,False,True,1,170.0,170.0,170.0,170.0,39757,1,23,"C,N,O,S"
CCN=c1cc2oc3cc(NCC)c(C)cc3c(-c3ccccc3C(=O)OCC)c-2cc1C,6.15,6.15,442.5590000000002,4.857096061329296,PubChem_only,PubChem,False,True,1,6.15,6.15,6.15,6.15,37334,2,33,"C,N,O"
CCNC(=O)/C=C/c1cccc(Br)c1,660.0,660.0,254.12699999999998,2.5855068740502993,PubChem_only,PubChem,False,True,1,660.0,660.0,660.0,660.0,39756,1,14,"Br,C,N,O"
CCNC(=O)[C@H]1O[C@@H](n2cnc3c(N)ncnc32)[C@H](O)[C@@H]1O,0.5,0.5,308.298,5.790000703031485,PubChem_only,PubChem,False,True,1,0.5,0.5,0.5,0.5,39660,1,22,"C,N,O"
CCNN,140.0,140.0,60.099999999999994,2.6327464363245014,PubChem_only,PubChem,False,True,1,140.0,140.0,140.0,140.0,38210,2,4,"C,N"
CCN[C@@H](C)Cc1cccc(C(F)(F)F)c1,33.0,33.0,231.26099999999997,3.8455884593739773,PubChem_only,PubChem,False,True,1,33.0,33.0,33.0,33.0,38558,1,16,"C,F,N"
CCN[C@H](C)Cc1cccc(C(F)(F)F)c1,77.0,77.0,231.26099999999997,3.4776116740793825,PubChem_only,PubChem,False,True,1,77.0,77.0,77.0,77.0,38525,1,16,"C,F,N"
CCO/C=C/C#N,100.0,100.0,97.117,2.9872952583319967,PubChem_only,PubChem,False,True,1,100.0,100.0,100.0,100.0,40094,1,7,"C,N,O"
CCOC(=O)/C=C(C)/C=C/C=C(C)/C=C/c1c(C)cc(OC)c(C)c1C,1000.0,1000.0,354.4900000000001,2.5496039884441215,PubChem_only,PubChem,False,True,1,1000.0,1000.0,1000.0,1000.0,40037,1,26,"C,O"
CCOC(=O)/C=C/CF,1.25,1.25,132.134,5.024104569273139,PubChem_only,PubChem,False,True,1,1.25,1.25,1.25,1.25,40189,1,9,"C,F,O"
CCOC(=O)C(C)(C)Oc1ccc(Cl)cc1,540.0,540.0,242.702,2.6526795953527444,PubChem_only,PubChem,False,True,1,540.0,540.0,540.0,540.0,35551,1,16,"C,Cl,O"
CCOC(=O)C1=C(C)NC(C)=C(C(=O)OC)C1c1cccc(Cl)c1Cl,76.0,76.0,384.259,3.703810455926289,PubChem_only,PubChem,False,True,1,76.0,76.0,76.0,76.0,35633,1,25,"C,Cl,N,O"
CCOC(=O)C1=C(COCCN)NC(C)=C(C(=O)OC)C1c1ccccc1Cl,31.0,31.0,408.88200000000006,4.120236298420381,PubChem_only,PubChem,False,True,1,31.0,31.0,31.0,31.0,38384,2,28,"C,Cl,N,O"
CCOC(=O)C1=C[C@]2(CC)CCCN3CCc4c(n1c1ccccc41)[C@@H]32,117.0,117.0,350.462,3.4764550732954986,PubChem_only,PubChem,False,True,1,117.0,117.0,117.0,117.0,39638,1,26,"C,N,O"
CCOC(=O)CC(SP(=S)(OC)OC)C(=O)OCC,193.0,193.0,330.3640000000001,3.2334354068404063,PubChem_only,PubChem,False,True,1,193.0,193.0,193.0,193.0,35732,1,19,"C,O,P,S"
CCOC(=O)[C@@H](N)CS,854.0,854.0,149.215,2.2423546125668348,PubChem_only,PubChem,False,True,1,854.0,854.0,854.0,854.0,39818,2,9,"C,N,O,S"
CCOC(=O)[C@H](CCc1ccccc1)N[C@@H](C)C(=O)N(CC(=O)O)C1Cc2ccccc2C1,164.0,164.0,452.55100000000033,3.4408236808426826,PubChem_only,PubChem,False,True,1,164.0,164.0,164.0,164.0,40122,2,33,"C,N,O"
CCOC(=O)[C@H](CCc1ccccc1)N[C@@H](C)C(=O)N1[C@H](C(=O)O)C[C@H]2CCCC[C@@H]21,1285.0,1285.0,430.54500000000036,2.5251154223856185,PubChem_only,PubChem,False,True,1,1285.0,1285.0,1285.0,1285.0,40173,1,31,"C,N,O"
CCOC(=O)[C@H](CCc1ccccc1)N[C@H]1CCCN2CCC[C@@H](C(=O)O)N2C1=O,1300.0,1300.0,417.5060000000003,2.5067193688257605,PubChem_only,PubChem,False,True,1,1300.0,1300.0,1300.0,1300.0,38373,2,30,"C,N,O"
CCOC(=O)[C@H]1O[C@@H]1C(=O)N[C@@H](CC(C)C)C(=O)NCCC(C)C,3270.0,3270.0,342.4360000000001,2.0200316627475563,PubChem_only,PubChem,False,True,1,3270.0,3270.0,3270.0,3270.0,38519,1,24,"C,N,O"
CCOC(=O)[C@H]1[C@@H](OC(=O)c2ccccc2)C[C@@H]2CC[C@H]1N2C,60.7,60.7,317.3850000000001,3.718397706544688,PubChem_only,PubChem,False,True,1,60.7,60.7,60.7,60.7,39722,1,23,"C,N,O"
CCOC(=O)c1ncn2c1CN(C)C(=O)c1cc(F)ccc1-2,4000.0,4000.0,303.293,1.8798023955852223,PubChem_only,PubChem,False,True,1,4000.0,4000.0,4000.0,4000.0,35649,1,22,"C,F,N,O"
CCOC1O[C@H]([C@@H](COCc2ccccc2)OCc2ccccc2)[C@H](OCc2ccccc2)[C@H]1O,3300.0,3300.0,478.58500000000015,2.161445142783743,PubChem_only,PubChem,False,True,1,3300.0,3300.0,3300.0,3300.0,39356,1,35,"C,O"
CCOc1cc(N)c(Cl)cc1C(=O)NCC1CN(Cc2ccc(F)cc2)CCO1,914.0,914.0,421.9000000000002,2.66426332964805,PubChem_only,PubChem,False,True,1,914.0,914.0,914.0,914.0,39179,2,29,"C,Cl,F,N,O"
CCOc1ccc2c3c1O[C@H]1[C@@H](O)C=C[C@H]4[C@@H](C2)N(C)CC[C@@]341,120.0,120.0,313.3970000000001,3.416913588810915,PubChem_only,PubChem,False,True,1,120.0,120.0,120.0,120.0,40112,1,23,"C,N,O"
CCOc1ccc2nc3cc(N)ccc3c(N)c2c1,70.0,70.0,253.30499999999998,3.558545722421289,PubChem_only,PubChem,False,True,1,70.0,70.0,70.0,70.0,37483,2,19,"C,N,O"
CCS(=O)(=O)CCn1c([N+](=O)[O-])cnc1C,2730.0,2730.0,247.27599999999998,1.9570193198123813,PubChem_only,PubChem,False,True,1,2730.0,2730.0,2730.0,2730.0,35950,1,16,"C,N,O,S"
CCSCC[C@@H](N)C(=O)O,185.0,185.0,163.24200000000002,2.945660178597772,PubChem_only,PubChem,False,True,1,185.0,185.0,185.0,185.0,38998,1,10,"C,N,O,S"
CCSc1ccc2c(c1)N(CCCN1CCN(C)CC1)c1ccccc1S2,217.0,217.0,399.62900000000013,3.26519726242961,PubChem_only,PubChem,False,True,1,217.0,217.0,217.0,217.0,40040,3,27,"C,N,S"
CC[C@@H](C(=O)O)[C@@H]1O[C@@H]([C@@H](C)[C@H](O)[C@H](C)C(=O)[C@H](CC)[C@H]2O[C@]3(C=C[C@@H](O)[C@]4(CC[C@@](C)([C@H]5CC[C@](O)(CC)[C@H](C)O5)O4)O3)[C@H](C)C[C@@H]2C)[C@@H](C)C[C@@H]1C,7.0,7.0,765.0380000000001,5.038584967401378,PubChem_only,PubChem,False,True,1,7.0,7.0,7.0,7.0,38503,1,54,"C,O"
CC[C@@H](C(=O)[C@@H](C)[C@@H](O)[C@H](C)CCc1ccc(C)c(O)c1C(=O)O)[C@H]1O[C@](CC)([C@H]2CC[C@](O)(CC)[C@H](C)O2)C[C@@H]1C,52.0,52.0,590.7980000000002,4.05543567281142,PubChem_only,PubChem,False,True,2,40.0,64.0,52.0,52.0,40121;40227,2,42,"C,O"
CC[C@@H](C(=O)[C@@H](C)[C@@H](O)[C@H](C)[C@@H]1O[C@@H]([C@@H](CC)C(=O)O)CC[C@@H]1C)[C@H]1O[C@]2(C=C[C@@H](O)[C@]3(CC[C@@](C)([C@H]4CC[C@](O)(CC)[C@H](C)O4)O3)O2)[C@H](C)C[C@@H]1C,7.0,7.0,751.0110000000001,5.030548258114166,PubChem_only,PubChem,False,True,1,7.0,7.0,7.0,7.0,39953,1,53,"C,O"
CC[C@@H](CO)NC(=O)[C@@H]1C=C2c3cccc4[nH]cc(c34)C[C@H]2N(C)C1,6.0,6.0,339.4390000000002,4.752610488929,PubChem_only,PubChem,False,True,1,6.0,6.0,6.0,6.0,39996,2,25,"C,N,O"
CC[C@@H](CO)NCCN[C@@H](CC)CO,1000.0,1000.0,204.314,2.310298126370239,PubChem_only,PubChem,False,True,3,800.0,1075.0,958.3333333333334,1000.0,37353;37354;37355,3,14,"C,N,O"
CC[C@@H](NC(C)C)[C@@H](O)c1ccc(O)c2[nH]c(=O)ccc12,330.0,330.0,290.363,2.9444273349614973,PubChem_only,PubChem,False,True,1,330.0,330.0,330.0,330.0,40432,2,21,"C,N,O"
CC[C@@H](O)C(C[C@@H](C)N(C)C)(c1ccccc1)c1ccccc1,100.0,100.0,311.46900000000005,3.4934148285268147,PubChem_only,PubChem,False,True,1,100.0,100.0,100.0,100.0,38442,1,23,"C,N,O"
CC[C@@H]1C(=O)OC[C@@H]1Cc1cncn1C,187.5,187.5,208.261,3.045606677333867,PubChem_only,PubChem,False,True,2,155.0,220.0,187.5,187.5,36060;36061,2,15,"C,N,O"
CC[C@@]1(O)C(=O)OCc2c1cc1n(c2=O)Cc2cc3cc(O)ccc3nc2-1,104.0,104.0,364.3570000000001,3.5444937782759616,PubChem_only,PubChem,False,True,1,104.0,104.0,104.0,104.0,39085,1,27,"C,N,O"
CC[C@@]1(O)C(=O)OCc2c1cc1n(c2=O)Cc2cc3ccccc3nc2-1,64.0,64.0,348.35800000000006,3.7358458145222997,PubChem_only,PubChem,False,True,1,64.0,64.0,64.0,64.0,37860,1,26,"C,N,O"
CC[C@@]1(O)C[C@H](O[C@H]2C[C@H](N(C)C)[C@H](O[C@H]3C[C@H](O)[C@H](O[C@H]4CCC(=O)[C@H](C)O4)[C@H](C)O3)[C@H](C)O2)c2c(cc3c(c2O)C(=O)c2c(O)cccc2C3=O)[C@H]1C(=O)OC,22.765,22.765,811.8780000000002,4.5522231185532345,PubChem_only,PubChem,False,True,2,16.1,29.43,22.765,22.765,39286;39665,2,58,"C,N,O"
CC[C@@]1([C@@H]2O[C@@H]([C@H]3O[C@@](O)(CO)[C@H](C)C[C@@H]3C)C[C@@H]2C)CC[C@H]([C@]2(C)CC[C@]3(C[C@H](O)[C@@H](C)[C@@H]([C@@H](C)[C@@H](OC)[C@H](C)C(=O)O)O3)O2)O1,10.0,10.0,670.8810000000005,4.826645492409479,PubChem_only,PubChem,False,True,1,10.0,10.0,10.0,10.0,39587,1,47,"C,O"
CC[C@H](C)C(=O)O[C@H]1CCC=C2C=C[C@H](C)[C@H](CC[C@@H]3C[C@@H](O)CC(=O)O3)[C@H]21,500.0,500.0,390.52000000000015,2.892673276302949,PubChem_only,PubChem,False,True,1,500.0,500.0,500.0,500.0,38479,1,28,"C,O"
CC[C@H](C)[C@@H]1NC(=O)CNC(=O)[C@@H]2Cc3c([nH]c4ccccc34)S(=O)C[C@@H](NC(=O)CNC1=O)C(=O)N[C@@H](CC(=O)O)C(=O)N1C[C@H](O)C[C@H]1C(=O)N[C@@H]([C@@H](C)[C@@H](O)CO)C(=O)N2,0.5,0.5,903.969,6.257183533042239,PubChem_only,PubChem,False,True,1,0.5,0.5,0.5,0.5,40546,1,63,"C,N,O,S"
CC[C@H](C)[C@@H]1NC(=O)[C@@H](CC(C)C)NC(=O)[C@H](CCN)NC(=O)[C@@H](NC(=O)[C@H](CCN)NC(=O)[C@@H](NC(=O)[C@H](CCN)NC=O)[C@@H](C)O)CCNC(=O)[C@H]([C@@H](C)O)NC(=O)[C@H](CCN)NC(=O)[C@H](CCN)NC1=O,12.0,12.0,1057.2659999999994,4.945003020161128,PubChem_only,PubChem,False,True,1,12.0,12.0,12.0,12.0,39950,1,74,"C,N,O"
CC[C@H](C)[C@@H]1NC(=O)[C@@H](NC(=O)c2c3nc4c(C(=O)N[C@@H]5C(=O)N[C@@H](C(C)C)C(=O)N6CCC[C@H]6C(=O)N(C)CC(=O)N(C)[C@@H](C(C)C)C(=O)O[C@@H]5C)ccc(C)c4oc-3c(C)c(=O)c2N)[C@@H](C)OC(=O)[C@H](C(C)C)N(C)C(=O)CN(C)C(=O)[C@@H]2CCCN2C1=O,1.11,1.11,1269.4649999999995,6.058297752798502,PubChem_only,PubChem,False,True,1,1.11,1.11,1.11,1.11,39949,1,91,"C,N,O"
CC[C@H](C)[C@H](N)C1=N[C@H](C(=O)N[C@@H](CC(C)C)C(=O)N[C@H](CCC(=O)O)C(=O)N[C@H](C(=O)N[C@H]2CCCCNC(=O)[C@H](CC(N)=O)NC(=O)[C@@H](CC(=O)O)NC(=O)[C@H](Cc3cnc[nH]3)NC(=O)[C@@H](Cc3ccccc3)NC(=O)[C@H]([C@@H](C)CC)NC(=O)[C@@H](CCCN)NC2=O)[C@@H](C)CC)CS1,300.0,300.0,1422.7199999999998,3.6759981819632155,PubChem_only,PubChem,False,True,1,300.0,300.0,300.0,300.0,40340,1,100,"C,N,O,S"
CC[C@H](C)[C@H](NC(=O)CN)C(=O)NCC(=O)N[C@@H](C)C(=O)N[C@H](C(=O)N[C@@H](CC(C)C)C(=O)N[C@@H](CCCCN)C(=O)N[C@H](C(=O)N[C@@H](CC(C)C)C(=O)N[C@H](C(=O)N[C@H](C(=O)NCC(=O)N[C@@H](CC(C)C)C(=O)N1CCC[C@H]1C(=O)N[C@@H](C)C(=O)N[C@@H](CC(C)C)C(=O)N[C@H](C(=O)N[C@@H](CO)C(=O)N[C@@H](Cc1c[nH]c2ccccc12)C(=O)N[C@H](C(=O)N[C@@H](CCCCN)C(=O)N[C@@H](CCCNC(=N)N)C(=O)N[C@@H](CCCCN)C(=O)N[C@@H](CCCNC(=N)N)C(=O)N[C@@H](CCC(N)=O)C(=O)N[C@@H](CCC(N)=O)C(N)=O)[C@@H](C)CC)[C@@H](C)CC)[C@@H](C)O)[C@@H](C)O)C(C)C)C(C)C,7.4,7.4,2846.5149999999962,5.585081756981516,PubChem_only,PubChem,False,True,1,7.4,7.4,7.4,7.4,40421,1,201,"C,N,O"
CC[C@H](CC[C@@H](C)[C@H]1CC[C@H]2[C@@H]3CC=C4C[C@@H](O[C@@H]5O[C@H](CO)[C@@H](O)[C@H](O)[C@H]5O)CC[C@]4(C)[C@H]3CC[C@]12C)C(C)C,62.0,62.0,576.8590000000002,3.9686779832672685,PubChem_only,PubChem,False,True,1,62.0,62.0,62.0,62.0,40188,1,41,"C,O"
CC[C@H](OC(C)=O)C(C[C@H](C)N(C)C)(c1ccccc1)c1ccccc1,56.0,56.0,353.50600000000003,3.8002087623990732,PubChem_only,PubChem,False,True,1,56.0,56.0,56.0,56.0,37425,1,26,"C,N,O"
CC[C@H](c1ccc(O)cc1)[C@@H](CC)c1ccc(O)cc1,200.0,200.0,270.37199999999996,3.1309317179549687,PubChem_only,PubChem,False,True,1,200.0,200.0,200.0,200.0,39354,1,20,"C,O"
CC[C@H]1/C=C/C=C/C[C@@H](C)[C@H](O)[C@@](C)(O)C(=O)[C@@H](C)[C@H](O)[C@@H](C)C(=O)[C@@H](C)[C@H](O)[C@@H](C)/C=C/C(=O)O[C@@H]2[C@H](C)[C@H](CC1)O[C@@]1(O[C@@H](C[C@@H](C)O)[C@@H](C)CC1=O)[C@H]2C,2.9,2.9,805.059,5.443429711581316,PubChem_only,PubChem,False,True,1,2.9,2.9,2.9,2.9,40539,1,57,"C,O"
CC[C@H]1/C=C/C=C/C[C@@H](C)[C@H](O)[C@@](C)(O)C(=O)[C@@H](C)[C@H](O)[C@@H](C)C(=O)[C@@H](C)[C@H](O)[C@@H](C)/C=C/C(=O)O[C@@H]2[C@H](C)[C@H](CC1)O[C@]1(CC[C@H](C)[C@H](C[C@@H](C)O)O1)[C@H]2C,1.5,1.5,791.0759999999999,5.722126949846653,PubChem_only,PubChem,False,True,1,1.5,1.5,1.5,1.5,40492,1,56,"C,O"
CC[C@H]1/C=C/C=C/C[C@@H](C)[C@H](O)[C@H](C)C(=O)[C@@H](C)[C@H](O)[C@@H](C)C(=O)[C@@H](C)[C@H](O)[C@@H](C)/C=C/C(=O)O[C@@H]2[C@H](C)[C@H](CC1)O[C@]1(CC[C@H](C)[C@H](C[C@@H](C)O)O1)[C@H]2C,8.3,8.3,775.0769999999999,4.970266757245036,PubChem_only,PubChem,False,True,1,8.3,8.3,8.3,8.3,40538,1,55,"C,O"
CC[C@H]1CN2CC[C@@]3(C(=O)Nc4ccccc43)[C@@H]2C[C@@H]1/C(=C\OC)C(=O)OC,217.0,217.0,384.4760000000002,3.2484095013347556,PubChem_only,PubChem,False,True,1,217.0,217.0,217.0,217.0,39876,1,28,"C,N,O"
CC[C@H]1CN2CC[C@]3(C(=O)Nc4ccccc43)[C@@H]2C[C@@H]1/C(=C\OC)C(=O)OC,134.0,134.0,384.4760000000002,3.4577644368184774,PubChem_only,PubChem,False,True,1,134.0,134.0,134.0,134.0,40007,1,28,"C,N,O"
CC[C@H]1CN2CCc3cc(OC)c(OC)cc3[C@@H]2C[C@@H]1C[C@H]1NCCc2cc(O)c(OC)cc21,20.53,20.53,466.6220000000003,4.356576261412397,PubChem_only,PubChem,False,True,1,20.53,20.53,20.53,20.53,40460,3,34,"C,N,O"
CC[C@H]1OC(=O)/C=C/[C@H](C)[C@@H](O[C@@H]2O[C@H](C)C[C@H](N(C)C)[C@H]2O)[C@@H](C)C[C@@H](C)C(=O)/C=C/[C@@H]2O[C@H]2[C@]1(O)CO[C@@H]1O[C@H](C)[C@@H](O)[C@@H](OC)[C@H]1OC,363.0,363.0,727.8890000000002,3.3021585312508774,PubChem_only,PubChem,False,True,1,363.0,363.0,363.0,363.0,40282,1,51,"C,N,O"
CC[C@H]1OC(=O)C[C@@H](O)[C@H](C)[C@@H](O[C@@H]2O[C@H](C)C[C@H](N(C)C)[C@H]2O)[C@@H](CC=O)C[C@@H](C)C(=O)/C=C/[C@]2(C)O[C@H]2[C@@H]1C,280.0,280.0,581.7470000000003,3.317576121017399,PubChem_only,PubChem,False,True,1,280.0,280.0,280.0,280.0,40270,1,41,"C,N,O"
CC[C@H]1OC(=O)C[C@@H](O)[C@H](C)[C@@H](O[C@@H]2O[C@H](C)[C@@H](O[C@H]3C[C@@](C)(O)[C@@H](O)[C@H](C)O3)[C@H](N(C)C)[C@H]2O)[C@@H](CC=O)C[C@@H](C)C(=O)/C=C/C(C)=C/[C@@H]1CO[C@@H]1O[C@H](C)[C@@H](O)[C@@H](OC)[C@H]1OC,594.0,594.0,916.1120000000001,3.1881621269492455,PubChem_only,PubChem,False,True,1,594.0,594.0,594.0,594.0,39972,1,64,"C,N,O"
CC[C@H]1OC(=O)[C@H](C)[C@@H](O[C@H]2C[C@@](C)(OC)[C@@H](O)[C@H](C)O2)[C@H](C)[C@@H](O[C@@H]2O[C@H](C)C[C@H](N(C)C)[C@H]2O)[C@](C)(O)C[C@@H](C)/C(=N\OCOCCOC)[C@H](C)[C@@H](O)[C@]1(C)O,148.0,148.0,837.058,3.752493836035878,PubChem_only,PubChem,False,True,1,148.0,148.0,148.0,148.0,40280,1,58,"C,N,O"
CC[C@H]1OC(=O)[C@H](C)[C@@H](O[C@H]2C[C@@](C)(OC)[C@@H](O)[C@H](C)O2)[C@H](C)[C@@H](O[C@@H]2O[C@H](C)C[C@H](N(C)C)[C@H]2O)[C@](C)(O)C[C@@H](C)C(=O)[C@H](C)[C@@H](O)[C@]1(C)O,507.5,507.5,733.9370000000002,3.1602227357741177,PubChem_only,PubChem,False,True,2,280.0,735.0,507.5,507.5,37209;38706,2,51,"C,N,O"
CC[C@H]1OC(=O)[C@H](C)[C@@H](O[C@H]2C[C@@](C)(OC)[C@@H](O)[C@H](C)O2)[C@H](C)[C@@H](O[C@@H]2O[C@H](C)C[C@H](N(C)C)[C@H]2O)[C@](C)(O)C[C@@H](C)[C@H](N)[C@H](C)[C@@H](O)[C@]1(C)O,120.0,120.0,734.9690000000002,3.7870877754680485,PubChem_only,PubChem,False,True,1,120.0,120.0,120.0,120.0,38907,1,51,"C,N,O"
CC[C@H]1OC(=O)[C@H](C)[C@@H](O[C@H]2C[C@@](C)(OC)[C@@H](O)[C@H](C)O2)[C@H](C)[C@@H](O[C@@H]2O[C@H](C)C[C@H](N(C)C)[C@H]2O)[C@](C)(OC)C[C@@H](C)C(=O)[C@H](C)[C@@H](O)[C@]1(C)O,850.0,850.0,747.9640000000002,2.9444617697737057,PubChem_only,PubChem,False,True,1,850.0,850.0,850.0,850.0,38910,1,52,"C,N,O"
CC[C@]1(O)C[C@@H]2CN(CCc3c([nH]c4ccccc34)[C@@](C(=O)OC)(c3cc4c(cc3OC)N(C)[C@H]3[C@@](O)(C(=O)OC)[C@H](OC(C)=O)[C@]5(CC)C=CCN6CC[C@]43[C@@H]65)C2)C1,2.91,2.91,810.9889999999998,5.4451219746312916,PubChem_only,PubChem,False,True,2,2.7,3.12,2.91,2.91,37294;40141,2,59,"C,N,O"
CC[C@]1(O)C[C@H]2CN(CCc3c([nH]c4ccccc34)[C@@](C(=O)OC)(c3cc4c(cc3OC)N(C)[C@@H]3C45CCN4CC=C[C@](CC)([C@H]45)[C@@H](O)[C@]3(O)C(=O)OC)C2)C1,5.9,5.9,768.9520000000001,5.115047219205121,PubChem_only,PubChem,False,True,1,5.9,5.9,5.9,5.9,39358,1,56,"C,N,O"
CC[C@]1(c2ccccc2)NC(=O)NC1=O,500.0,500.0,204.22899999999996,2.611147406508587,PubChem_only,PubChem,False,True,1,500.0,500.0,500.0,500.0,39750,1,15,"C,N,O"
CC[C@]12CCCN3CCc4c(n(c5ccccc45)C(=O)C1)[C@@H]32,265.0,265.0,294.3980000000001,3.04568898134851,PubChem_only,PubChem,False,True,1,265.0,265.0,265.0,265.0,38690,1,22,"C,N,O"
CC[C@]12CCCN3CCc4c(n(c5ccccc45)[C@@](O)(C(=O)OC)C1)[C@@H]32,195.0,195.0,354.45000000000016,3.2595203693255326,PubChem_only,PubChem,False,True,1,195.0,195.0,195.0,195.0,37449,1,26,"C,N,O"
CC[C@]12CN3CCc4c([nH]c5ccccc45)[C@@](C(=O)OC)(c4cc5c(cc4OC)N(C)[C@H]4[C@@](O)(C(=O)OC)[C@H](OC(C)=O)[C@]6(CC)C=CCN7CC[C@]54[C@@H]76)C[C@@H](C3)[C@H]1O2,80.0,80.0,808.9729999999997,4.004844040001429,PubChem_only,PubChem,False,True,1,80.0,80.0,80.0,80.0,39553,1,59,"C,N,O"
CC[N+](C)(C)c1cccc(O)c1,30.0,30.0,166.24399999999997,3.7436247251868244,PubChem_only,PubChem,False,True,1,30.0,30.0,30.0,30.0,36647,2,12,"C,N,O"
CC[N+](C)(CC)CCOC(=O)C(O)(c1ccccc1)C1CCCCC1,95.0,95.0,348.50700000000023,3.5644879003326766,PubChem_only,PubChem,False,True,1,95.0,95.0,95.0,95.0,36001,2,25,"C,N,O"
CC[N+](C)(CC)CCOC(=O)C1c2ccccc2Oc2ccccc21,46.0,46.0,340.4430000000001,3.8692865772025127,PubChem_only,PubChem,False,True,1,46.0,46.0,46.0,46.0,36048,2,25,"C,N,O"
CC[N+](CC)(CC)CCOc1cccc(OCC[N+](CC)(CC)CC)c1OCC[N+](CC)(CC)CC,10.0,10.0,510.8280000000005,4.708274694214357,PubChem_only,PubChem,False,True,1,10.0,10.0,10.0,10.0,36151,4,36,"C,N,O"
CC[N+](CC)(CCNC(=O)C(=O)NCC[N+](CC)(CC)Cc1ccccc1Cl)Cc1ccccc1Cl,6.3,6.3,537.5760000000002,4.93109932201289,PubChem_only,PubChem,False,True,1,6.3,6.3,6.3,6.3,36643,3,36,"C,Cl,N,O"
CC[n+]1c(-c2ccccc2)c2cc(N=NNc3cccc(C(=N)N)c3)ccc2c2ccc(N)cc21,30.595,30.595,460.5650000000002,4.177640473741191,PubChem_only,PubChem,False,True,1,30.595,30.595,30.595,30.595,39371,3,35,"C,N"
CCc1c(Cl)c(O)c(Cl)c(O)c1C(=O)O[C@H]1[C@H](O)[C@H](OC)[C@H](OC/C2=C\C=C\C[C@H](O)/C(C)=C/[C@H](CC)[C@@H](O[C@@H]3OC(C)(C)[C@@H](OC(=O)C(C)C)[C@H](O)[C@@H]3O)/C(C)=C/C(C)=C/C[C@@H]([C@@H](C)O)OC2=O)O[C@@H]1C,500.0,500.0,1058.052,3.3255370081250573,PubChem_only,PubChem,False,True,1,500.0,500.0,500.0,500.0,40328,1,72,"C,Cl,O"
CCc1c2c(nc3ccc(OC(=O)N4CCC(N5CCCCC5)CC4)cc13)-c1cc3c(c(=O)n1C2)COC(=O)[C@]3(O)CC,177.0,177.0,586.6890000000004,3.520434679219302,PubChem_only,PubChem,False,True,1,177.0,177.0,177.0,177.0,38798,2,43,"C,N,O"
CCc1cc(Cc2cc(CC)cc(C(C)(C)C)c2O)c(O)c(C(C)(C)C)c1,50.0,50.0,368.5610000000001,3.8675393732619057,PubChem_only,PubChem,False,True,1,50.0,50.0,50.0,50.0,36324,1,27,"C,O"
CCc1nc(N)nc(N)c1-c1ccc(Cl)cc1,74.0,74.0,248.71700000000004,3.526473750918411,PubChem_only,PubChem,False,True,1,74.0,74.0,74.0,74.0,35889,1,17,"C,Cl,N"
CN(C)/N=N/c1nc[nH]c1C(N)=O,567.0,567.0,182.18699999999998,2.506934325655765,PubChem_only,PubChem,False,True,1,567.0,567.0,567.0,567.0,40555,1,13,"C,N,O"
CN(C)C(=O)Oc1ccc[n+](C)c1,1.0,1.0,181.21499999999997,5.2581941433827755,PubChem_only,PubChem,False,True,1,1.0,1.0,1.0,1.0,36465,2,13,"C,N,O"
CN(C)C/C=C(/c1ccc(Br)cc1)c1cccnc1,84.4,84.4,317.22999999999996,3.575031804587308,PubChem_only,PubChem,False,True,1,84.4,84.4,84.4,84.4,40244,3,19,"Br,C,N"
CN(C)CC/C=C1/c2ccccc2Sc2ccc(Cl)cc21,98.0,98.0,315.869,3.5082809297961735,PubChem_only,PubChem,False,True,3,56.2,114.0,89.39999999999999,98.0,39751;40046;40047,2,21,"C,Cl,N,S"
CN(C)CC/C=C1\c2ccccc2COc2ccccc21,79.0,79.0,279.383,3.5485728851806,PubChem_only,PubChem,False,True,2,79.0,79.0,79.0,79.0,39752;40220,2,21,"C,N,O"
CN(C)CCCCCCN(C)C,30.0,30.0,172.316,3.7592043500011303,PubChem_only,PubChem,False,True,1,30.0,30.0,30.0,30.0,37909,2,12,"C,N"
CN(C)CCCOC1(Cc2ccccc2)CCCCCC1,132.0,132.0,289.4630000000001,3.3410191276252283,PubChem_only,PubChem,False,True,1,132.0,132.0,132.0,132.0,40041,2,21,"C,N,O"
CN(C)CCOC(c1ccc(Cl)cc1)c1ccccn1,150.0,150.0,290.794,3.2874941823549304,PubChem_only,PubChem,False,True,1,150.0,150.0,150.0,150.0,40043,2,20,"C,Cl,N,O"
CN(C)CC[C@@H](c1ccc(Br)cc1)c1ccccn1,106.0,106.0,319.246,3.478819599202208,PubChem_only,PubChem,False,True,1,106.0,106.0,106.0,106.0,40237,2,19,"Br,C,N"
CN(C)CC[C@@H](c1ccc(Cl)cc1)c1ccccn1,82.0,82.0,274.795,3.525194973921683,PubChem_only,PubChem,False,True,1,82.0,82.0,82.0,82.0,39995,2,19,"C,Cl,N"
CN(C)Cc1ccccc1,200.0,200.0,135.20999999999998,2.8299788171266584,PubChem_only,PubChem,False,True,1,200.0,200.0,200.0,200.0,39683,2,10,"C,N"
CN(C)[C@@H]1C(=O)C(C(N)=O)=C(O)[C@@]2(O)C(=O)C3=C(O)c4c(O)ccc(Cl)c4[C@@](C)(O)[C@H]3C[C@@H]12,197.0,197.0,478.8850000000002,3.385765007792161,PubChem_only,PubChem,False,True,1,197.0,197.0,197.0,197.0,40509,2,33,"C,Cl,N,O"
CN(C)c1ccc(C(=C2C=CC(=[N+](C)C)C=C2)c2ccc(N(C)C)cc2)cc1,5.1,5.1,372.53600000000006,4.863598071042482,PubChem_only,PubChem,False,True,1,5.1,5.1,5.1,5.1,37059,2,28,"C,N"
CN(C)c1ccc(C(=C2C=CC(=[N+](C)C)C=C2)c2ccccc2)cc1,4.2,4.2,329.467,4.894562631003679,PubChem_only,PubChem,False,True,1,4.2,4.2,4.2,4.2,37085,2,25,"C,N"
CN(C)c1ccc(N=Nc2n(C)nc[n+]2C)cc1,99.0,99.0,245.31,3.394080057874218,PubChem_only,PubChem,False,True,1,99.0,99.0,99.0,99.0,40534,2,18,"C,N"
CN(C)c1ccc2nc3ccc(=[N+](C)C)cc-3sc2c1,150.0,150.0,284.408,3.2778505492713528,PubChem_only,PubChem,False,True,1,150.0,150.0,150.0,150.0,36125,2,20,"C,N,S"
CN(CC[C@H](N)CC(=O)N[C@@H]1C=C[C@@H](n2ccc(N)nc2=O)O[C@H]1C(=O)O)C(=N)N,10.0,10.0,422.44600000000025,4.625771202277778,PubChem_only,PubChem,False,True,1,10.0,10.0,10.0,10.0,37520,1,30,"C,N,O"
CN(Cc1cnc2nc(N)nc(N)c2n1)c1c(Cl)cc(C(=O)N[C@@H](CCC(=O)O)C(=O)O)cc1Cl,655.0,655.0,523.3370000000003,2.9025401405147093,PubChem_only,PubChem,False,True,1,655.0,655.0,655.0,655.0,37008,1,35,"C,Cl,N,O"
CN1C(=O)C(O)N=C(c2ccccc2)c2cc(Cl)ccc21,85.0,85.0,300.74500000000006,3.548779490046683,PubChem_only,PubChem,False,True,1,85.0,85.0,85.0,85.0,35936,1,21,"C,Cl,N,O"
CN1C(=O)CC(c2ccccc2)C1=O,485.0,485.0,189.214,2.5912115282299273,PubChem_only,PubChem,False,True,1,485.0,485.0,485.0,485.0,36308,1,14,"C,N,O"
CN1C(=O)CCS(=O)(=O)C1c1ccc(Cl)cc1,514.0,514.0,273.741,2.7263767304434365,PubChem_only,PubChem,False,True,1,514.0,514.0,514.0,514.0,35531,1,17,"C,Cl,N,O,S"
CN1C(=O)CC[C@H]1c1cccnc1,930.0,930.0,176.21900000000002,2.2775697838438598,PubChem_only,PubChem,False,True,1,930.0,930.0,930.0,930.0,39772,1,13,"C,N,O"
CN1C(=O)CN=C(c2ccccc2)c2cc(Cl)ccc21,37.0,37.0,284.74600000000004,3.886255907928641,PubChem_only,PubChem,False,True,1,37.0,37.0,37.0,37.0,35580,1,20,"C,Cl,N,O"
CN1C(=O)OC(C)(C)C1=O,2000.0,2000.0,143.142,1.8547370852794427,PubChem_only,PubChem,False,True,1,2000.0,2000.0,2000.0,2000.0,35976,1,10,"C,N,O"
CN1C(=O)[C@@H](NC(=O)c2cc3ccccc3[nH]2)N=C(c2ccccc2)c2ccccc21,1.0,1.0,408.4610000000001,5.611150596257989,PubChem_only,PubChem,False,True,1,1.0,1.0,1.0,1.0,39625,1,31,"C,N,O"
CN1C(=O)[C@]23CC4=CC=C[C@H](O)[C@H]4N2C(=O)[C@@]1(CO)SS3,32.0,32.0,326.399,4.008598841200805,PubChem_only,PubChem,False,True,1,32.0,32.0,32.0,32.0,36166,1,21,"C,N,O,S"
CN1C(C(=O)Nc2ccccn2)=C(O)c2ccccc2S1(=O)=O,290.0,290.0,331.35300000000007,3.057892909056371,PubChem_only,PubChem,False,True,1,290.0,290.0,290.0,290.0,40503,1,23,"C,N,O,S"
CN1C(C(=O)Nc2ccccn2)=C(O)c2sccc2S1(=O)=O,446.0,446.0,337.38200000000006,2.878787049685586,PubChem_only,PubChem,False,True,1,446.0,446.0,446.0,446.0,40506,1,22,"C,N,O,S"
CN1C(CCl)Nc2cc(Cl)c(S(N)(=O)=O)cc2S1(=O)=O,870.0,870.0,360.2440000000001,2.617077503588876,PubChem_only,PubChem,False,True,1,870.0,870.0,870.0,870.0,35760,1,20,"C,Cl,N,O,S"
CN1CCC(=C2c3ccccc3CC(=O)c3sccc32)CC1,108.0,108.0,309.4340000000001,3.4571442759226976,PubChem_only,PubChem,False,True,1,108.0,108.0,108.0,108.0,35720,1,22,"C,N,O,S"
CN1CCC(=C2c3ccccc3CCc3cccnc32)CC1,105.0,105.0,290.4100000000001,3.4418222677447763,PubChem_only,PubChem,False,True,1,105.0,105.0,105.0,105.0,39993,3,22,"C,N"
CN1CCC/C1=N/S(=O)(=O)c1ccc(N)cc1,681.0,681.0,253.327,2.570534368150577,PubChem_only,PubChem,False,True,1,681.0,681.0,681.0,681.0,40268,1,17,"C,N,O,S"
CN1CCC[C@H]1c1cccnc1,5.9,5.9,162.236,4.43929521842146,PubChem_only,PubChem,False,True,1,5.9,5.9,5.9,5.9,38964,1,12,"C,N"
CN1CCN(CC/C=C2/c3ccccc3Sc3ccc(S(=O)(=O)N(C)C)cc32)CC1,106.0,106.0,443.63800000000026,3.621722873482637,PubChem_only,PubChem,False,True,2,100.0,112.0,106.0,106.0,39781;40327,3,30,"C,N,O,S"
CN1CC[C@]23c4c5ccc(O)c4O[C@H]2C(=O)CC[C@@]3(O)[C@H]1C5,250.5,250.5,301.342,3.080251936143313,PubChem_only,PubChem,False,True,2,200.0,301.0,250.5,250.5,40067;40114,2,22,"C,N,O"
CN1CC[C@]23c4c5ccc(O)c4O[C@H]2[C@@H](O)C=C[C@H]3[C@H]1C5,148.0,148.0,285.343,3.2851055075609423,PubChem_only,PubChem,False,True,3,140.0,420.0,236.0,148.0,40073;40163;40177,5,21,"C,N,O"
CN1CC[C@]23c4c5ccc(OC(=O)c6cccnc6)c4O[C@H]2[C@@H](OC(=O)c2cccnc2)C=C[C@H]3[C@H]1C5,118.0,118.0,495.5350000000002,3.6231923271358544,PubChem_only,PubChem,False,True,1,118.0,118.0,118.0,118.0,40174,2,37,"C,N,O"
CN1CC[C@]23c4c5ccc(OCCN6CCOCC6)c4O[C@H]2[C@@H](O)C=C[C@H]3[C@H]1C5,400.0,400.0,398.50300000000004,2.998371603860986,PubChem_only,PubChem,False,True,1,400.0,400.0,400.0,400.0,40082,1,29,"C,N,O"
CN1CCc2cc3c(cc2C(=O)Cc2ccc4c(c2C1)OCO4)OCO3,292.0,292.0,353.37400000000014,3.082851741057021,PubChem_only,PubChem,False,True,2,102.0,482.0,292.0,292.0,35883;37810,2,26,"C,N,O"
CN1CCc2cc3c(cc2[C@H]1[C@@H]1OC(=O)c2c1ccc1c2OCO1)OCO3,8.48,8.48,367.3570000000002,4.636692467498499,PubChem_only,PubChem,False,True,1,8.48,8.48,8.48,8.48,36949,1,27,"C,N,O"
CN1C[C@H](CNC(=O)OCc2ccccc2)C[C@@H]2c3cccc4c3c(cn4C)C[C@H]21,85.0,85.0,403.5260000000002,3.676452596721119,PubChem_only,PubChem,False,True,1,85.0,85.0,85.0,85.0,38055,1,30,"C,N,O"
CN1Cc2c(ccc3c2OCO3)[C@@H]2[C@H]1c1cc3c(cc1C[C@@H]2O)OCO3,1300.0,1300.0,353.37400000000014,2.4342912401986023,PubChem_only,PubChem,False,True,1,1300.0,1300.0,1300.0,1300.0,39369,2,26,"C,N,O"
CN1[C@@H](CC(=O)c2ccccc2)CCC[C@H]1C[C@H](O)c1ccccc1,41.7,41.7,337.463,3.908090108040076,PubChem_only,PubChem,False,True,2,39.9,43.5,41.7,41.7,39124;39125,2,25,"C,N,O"
CN1[C@@H]2CC(OC(=O)[C@H](CO)c3ccccc3)C[C@H]1[C@@H]1O[C@@H]12,252.0,252.0,303.358,3.0805549116386017,PubChem_only,PubChem,False,True,2,104.0,400.0,252.0,252.0,39851;40275,2,22,"C,N,O"
CN1[C@@H]2CC[C@H]1CC(=C1c3ccccc3CSc3ccccc31)C2,95.0,95.0,333.50000000000006,3.5453722329637203,PubChem_only,PubChem,False,True,1,95.0,95.0,95.0,95.0,40450,2,24,"C,N,S"
CN1[C@@H]2CC[C@H]1CC(O)C2,209.5,209.5,141.21399999999997,2.828693727638287,PubChem_only,PubChem,False,True,2,139.0,280.0,209.5,209.5,39663;39664,1,10,"C,N,O"
CN1[C@@H]2CC[C@H]1CC(OC(c1ccccc1)c1ccccc1)C2,65.0,65.0,307.43700000000007,3.674842776946528,PubChem_only,PubChem,False,True,1,65.0,65.0,65.0,65.0,39958,2,23,"C,N,O"
CN1[C@H]2C[C@H](OC(=O)[C@H](CO)c3ccccc3)C[C@@H]1[C@@H](O)C2,350.0,350.0,305.374,2.9407640134611217,PubChem_only,PubChem,False,True,1,350.0,350.0,350.0,350.0,40287,1,22,"C,N,O"
CN=C(NC#N)NCCSCc1nc[nH]c1C,306.0,306.0,252.347,2.9162767195558668,PubChem_only,PubChem,False,True,1,306.0,306.0,306.0,306.0,35545,1,17,"C,N,S"
CNC(=C[N+](=O)[O-])NCCSCc1ccc(CN(C)C)o1,300.0,300.0,314.411,3.0203764771633934,PubChem_only,PubChem,False,True,1,300.0,300.0,300.0,300.0,38341,2,21,"C,N,O,S"
CNC(=O)/C=C(\C)OP(=O)(OC)OC,3.8,3.8,223.16499999999996,4.768842486575382,PubChem_only,PubChem,False,True,1,3.8,3.8,3.8,3.8,40131,1,14,"C,N,O,P"
CNC(=O)Oc1ccc2c(c1)[C@]1(C)CCN(C)[C@@H]1N2C,0.644,0.644,275.352,5.63100236793655,PubChem_only,PubChem,False,True,1,0.644,0.644,0.644,0.644,36089,1,20,"C,N,O"
CNC(=O)[C@@H](C)[C@H]1C(=O)/C(=C(O)/C=C/C(C)=C/[C@@H](C)[C@H]2O[C@@]3(C)O[C@H](C=C[C@@]34CO4)[C@@H]2C)C(=O)N1[C@@H]1CC[C@H](O)[C@H](C)O1,533.0,533.0,600.7090000000003,3.051936929697971,PubChem_only,PubChem,False,True,1,533.0,533.0,533.0,533.0,40518,1,43,"C,N,O"
CNC[C@H](O)c1ccc(O)c(O)c1,4.332,4.332,183.207,4.626253615282998,PubChem_only,PubChem,False,True,2,4.0,4.664,4.332,4.332,36028;39602,2,13,"C,N,O"
CNNCc1ccc(C(=O)NC(C)C)cc1,656.5,656.5,221.304,2.527754533308484,PubChem_only,PubChem,False,True,2,614.0,699.0,656.5,656.5,35873;36877,2,16,"C,N,O"
CN[C@@H](C)CC1CCCCC1,70.0,70.0,155.28499999999997,3.3460314663784767,PubChem_only,PubChem,False,True,1,70.0,70.0,70.0,70.0,39164,2,11,"C,N"
CN[C@@H](C)Cc1ccccc1,42.5,42.5,149.237,3.5454875801084755,PubChem_only,PubChem,False,True,2,15.0,70.0,42.5,42.5,38546;38547,2,11,"C,N"
CN[C@@H](C)[C@@H](O)c1ccccc1,202.0,202.0,165.236,2.912753303671323,PubChem_only,PubChem,False,True,1,202.0,202.0,202.0,202.0,36867,2,12,"C,N,O"
CN[C@@H](C)[C@H](O)c1ccccc1,296.0,296.0,165.236,2.7468129620590083,PubChem_only,PubChem,False,True,2,242.0,350.0,296.0,296.0,36811;38497,2,12,"C,N,O"
CN[C@@H](C)[C@H]1[C@H](O)C[C@@]2(C)[C@@H]3CC[C@H]4C(C)(C)[C@@H](NC)CC[C@@]45C[C@@]35CC[C@]12C,9.2,9.2,402.66700000000026,4.641158211735046,PubChem_only,PubChem,False,True,1,9.2,9.2,9.2,9.2,39554,1,29,"C,N,O"
CN[C@@H]1[C@@H](O)[C@@H](O[C@@H]2[C@@H](O)[C@H](O[C@H]3OC(CN)=CC[C@H]3N)[C@@H](N)C[C@H]2N)OC[C@]1(C)O,221.0,221.0,447.53300000000024,3.3064327909712823,PubChem_only,PubChem,False,True,1,221.0,221.0,221.0,221.0,38193,1,31,"C,N,O"
CN[C@@H]1[C@H](O)[C@H](NC)[C@H]2O[C@@]3(O)C(=O)C[C@@H](C)O[C@H]3O[C@@H]2[C@H]1O,3108.5,3108.5,332.353,2.0290487316032633,PubChem_only,PubChem,False,True,2,2350.0,3867.0,3108.5,3108.5,38094;38483,8,23,"C,N,O"
CN[C@@H]1[C@H](O[C@H]2[C@H](O[C@H]3[C@H](O)[C@@H](O)[C@H](N=C(N)N)[C@@H](O)[C@@H]3N=C(N)N)O[C@@H](C)[C@]2(O)C=O)O[C@@H](CO)[C@H](O)[C@H]1O,525.0,525.0,581.5800000000005,3.0444501597149936,PubChem_only,PubChem,False,True,1,525.0,525.0,525.0,525.0,37693,1,40,"C,N,O"
CN[C@@H]1[C@H](O[C@H]2[C@H](O[C@H]3[C@H](O)[C@@H](O)[C@H](N=C(N)N)[C@@H](O)[C@@H]3N=C(N)N)O[C@@H](C)[C@]2(O)CO)O[C@@H](CO)[C@H](O)[C@H]1O,533.0,533.0,583.5960000000005,3.0393850975260945,PubChem_only,PubChem,False,True,1,533.0,533.0,533.0,533.0,39578,1,40,"C,N,O"
CN[C@H](C)[C@@H](O)c1ccccc1,254.0,254.0,165.236,2.8132709564980085,PubChem_only,PubChem,False,True,3,248.0,255.0,252.33333333333334,254.0,36848;38696;38697,2,12,"C,N,O"
CN[C@H](C)[C@H](O)c1ccccc1,266.0,266.0,165.236,2.7932230364868795,PubChem_only,PubChem,False,True,2,248.0,284.0,266.0,266.0,38459;38460,2,12,"C,N,O"
CN[C@H](CC(C)C)C(=O)N[C@H]1C(=O)N[C@@H](CC(N)=O)C(=O)N[C@H]2C(=O)N[C@H]3C(=O)N[C@H](C(=O)N[C@H](C(=O)O)c4cc(O)cc(O)c4-c4cc3ccc4O)[C@H](O)c3ccc(c(Cl)c3)Oc3cc2cc(c3O[C@@H]2O[C@H](CO)[C@@H](O)[C@H](O)[C@H]2O[C@H]2C[C@](C)(N)[C@H](O)[C@H](C)O2)Oc2ccc(cc2Cl)[C@H]1O,1734.0,1734.0,1449.2710000000004,2.9221005088941956,PubChem_only,PubChem,False,True,2,1734.0,1734.0,1734.0,1734.0,37416;40222,2,101,"C,Cl,N,O"
CN[C@H]1CCc2cc(OC)c(OC)c(OC)c2-c2ccc(OC)c(=O)cc21,35.0,35.0,371.4330000000001,4.025812441701931,PubChem_only,PubChem,False,True,1,35.0,35.0,35.0,35.0,39533,1,27,"C,N,O"
CN[N+](=O)[O-],500.0,500.0,76.055,2.1821577663347815,PubChem_only,PubChem,False,True,1,500.0,500.0,500.0,500.0,39571,1,5,"C,N,O"
CNc1ccc2oc(C[C@H]3O[C@@]4(CC[C@H]3C)O[C@H]([C@H](C)C(=O)c3ccc[nH]3)[C@H](C)C[C@H]4C)nc2c1C(=O)O,10.0,10.0,523.6300000000003,4.719024520348587,PubChem_only,PubChem,False,True,1,10.0,10.0,10.0,10.0,40362,1,38,"C,N,O"
CO/N=C(\C(=O)N[C@@H]1C(=O)N2C(C(=O)OC(C)OC(C)=O)=C(COC(N)=O)CS[C@H]12)c1ccco1,510.0,510.0,510.4810000000003,3.0004094062726607,PubChem_only,PubChem,False,True,1,510.0,510.0,510.0,510.0,40203,1,35,"C,N,O,S"
CO/N=C(\C(=O)N[C@@H]1C(=O)N2C(C(=O)OCOC(=O)C(C)(C)C)=C(/C=C\c3scnc3C)CS[C@H]12)c1csc(N)n1,5000.0,5000.0,620.735,2.093936229334098,PubChem_only,PubChem,False,True,1,5000.0,5000.0,5000.0,5000.0,40254,1,41,"C,N,O,S"
CO/N=C(\C(=O)Sc1nc2ccccc2s1)c1csc(N)n1,253.0,253.0,350.4500000000001,3.1415055431437455,PubChem_only,PubChem,False,True,1,253.0,253.0,253.0,253.0,40184,1,22,"C,N,O,S"
COC(=O)/C(=C1\OC(=O)C(c2ccccc2)=C1O)c1ccccc1,75.0,75.0,322.31600000000003,3.633220601348801,PubChem_only,PubChem,False,True,1,75.0,75.0,75.0,75.0,40517,1,24,"C,O"
COC(=O)/C=C(/C)OP(=O)(OC)OC,45.0,45.0,224.14899999999997,3.697324291904938,PubChem_only,PubChem,False,True,1,45.0,45.0,45.0,45.0,40234,1,14,"C,O,P"
COC(=O)/C=C(\C)OP(=O)(OC)OC,2.0,2.0,224.14899999999997,5.0495068100163,PubChem_only,PubChem,False,True,2,2.0,2.0,2.0,2.0,40105;40106,1,14,"C,O,P"
COC(=O)/C=C/c1ccc(O)c(OC)c1,1189.0,1189.0,208.21299999999997,2.243325987040021,PubChem_only,PubChem,False,True,1,1189.0,1189.0,1189.0,1189.0,40109,1,15,"C,O"
COC(=O)C1=C(C)NC(C)=C(C(=O)OC)C1c1ccccc1[N+](=O)[O-],185.0,185.0,346.33900000000006,3.272329670253359,PubChem_only,PubChem,False,True,1,185.0,185.0,185.0,185.0,35788,1,25,"C,N,O"
COC(=O)C1=C(C)NC(C)=C(C(=O)O[C@@H]2CCCN(Cc3ccccc3)C2)[C@@H]1c1cccc([N+](=O)[O-])c1,21.5,21.5,505.5710000000002,4.3713436945573285,PubChem_only,PubChem,False,True,1,21.5,21.5,21.5,21.5,39738,2,37,"C,N,O"
COC(=O)C1=CO[C@@H](C)[C@H]2CN3CCc4c([nH]c5ccccc45)[C@@H]3C[C@H]12,165.0,165.0,352.434,3.3295938547886146,PubChem_only,PubChem,False,True,1,165.0,165.0,165.0,165.0,39612,1,26,"C,N,O"
COC(=O)C1=CO[C@@H](O)[C@@H]2C(CO)=CC[C@H]12,190.0,190.0,226.22799999999998,3.0757927551314435,PubChem_only,PubChem,False,True,1,190.0,190.0,190.0,190.0,39615,1,16,"C,O"
COC(=O)C[C@](O)(CCC(C)(C)O)C(=O)O[C@@H]1C(OC)=C[C@]23CCCN2CCc2cc4c(cc2[C@H]13)OCO4,4.17,4.17,531.6020000000004,5.105450551208393,PubChem_only,PubChem,False,True,1,4.17,4.17,4.17,4.17,39557,1,38,"C,N,O"
COC(=O)C[C@](O)(CCCC(C)(C)O)C(=O)O[C@@H]1C(OC)=C[C@]23CCCN2CCc2cc4c(cc2[C@H]13)OCO4,3.17,3.17,545.6290000000004,5.235838182651476,PubChem_only,PubChem,False,True,1,3.17,3.17,3.17,3.17,39558,1,39,"C,N,O"
COC(=O)Nc1nc2ccc(C(=O)c3ccccc3)cc2[nH]1,712.0,712.0,295.298,2.6177805119401247,PubChem_only,PubChem,False,True,1,712.0,712.0,712.0,712.0,35737,1,22,"C,N,O"
COC(=O)[C@@H](N)CS,1340.0,1340.0,135.18800000000002,2.003833344682543,PubChem_only,PubChem,False,True,1,1340.0,1340.0,1340.0,1340.0,39828,2,8,"C,N,O,S"
COC(=O)[C@@H]1[C@H](O)[C@H](C)[C@H](O)[C@H](C)/C=C\C=C(/C)C(=O)Nc2c(C)c(OC(C)=O)c3c(c2O)C(=O)C(C)=C2OCOC(=C23)/C(C)=C/[C@@](C)(O)[C@H](O)[C@@H](C)[C@H]1O,304.0,304.0,769.8410000000002,3.40352745331297,PubChem_only,PubChem,False,True,2,233.0,375.0,304.0,304.0,40562;40563,1,55,"C,N,O"
COC(=O)[C@@H]1[C@H]2CC[C@@H](C[C@@H]1O)N2C,1000.0,1000.0,199.25,2.29939833006815,PubChem_only,PubChem,False,True,1,1000.0,1000.0,1000.0,1000.0,39317,2,14,"C,N,O"
COC(=O)[C@@H]1[C@H]2C[C@H]3c4[nH]c5ccccc5c4CCN3C[C@@H]2CC[C@@H]1O,30.5,30.5,354.4500000000001,4.0652551413412645,PubChem_only,PubChem,False,True,2,16.0,45.0,30.5,30.5,36149;36761,2,26,"C,N,O"
COC(=O)[C@@H]1c2cc3c(c(O)c2[C@@H](O[C@@H]2O[C@@H](C)[C@H](OC)[C@@](C)(OC)[C@H]2OC)C[C@]1(C)O)C(=O)c1c(O)cc2c(c1C3=O)O[C@@H]1O[C@@]2(C)[C@H](O)[C@@H](N(C)C)[C@@H]1O,13.75,13.75,787.8120000000004,4.758119893557021,PubChem_only,PubChem,False,True,1,13.75,13.75,13.75,13.75,40074,1,56,"C,N,O"
COC(=O)[C@@](C)(N)Cc1ccc(O)c(O)c1,1750.0,1750.0,225.24400000000003,2.1096151824782488,PubChem_only,PubChem,False,True,1,1750.0,1750.0,1750.0,1750.0,38060,1,16,"C,N,O"
COC(=O)[C@H]1[C@@H](OC(=O)c2ccccc2)C[C@@H]2CC[C@H]1N2,61.5,61.5,289.331,3.672519852292436,PubChem_only,PubChem,False,True,2,40.0,83.0,61.5,61.5,39723;39901,2,21,"C,N,O"
COC(=O)[C@H]1[C@@H](OC(=O)c2ccccc2)C[C@@H]2CC[C@H]1N2C,63.5,63.5,303.35800000000006,3.6791817271281704,PubChem_only,PubChem,False,True,2,59.0,68.0,63.5,63.5,39653;39741,2,22,"C,N,O"
COC(=O)[C@H]1[C@H]2C[C@@H]3c4[nH]c5cc(OC)ccc5c4CCN3C[C@H]2C[C@@H](OC(=O)/C=C/c2cc(OC)c(OC)c(OC)c2)[C@@H]1OC,65.0,65.0,634.7260000000003,3.98967293184797,PubChem_only,PubChem,False,True,1,65.0,65.0,65.0,65.0,39986,1,46,"C,N,O"
COC(=O)[C@H]1[C@H]2C[C@@H]3c4[nH]c5cc(OC)ccc5c4CCN3C[C@H]2C[C@@H](OC(=O)c2cc(OC)c(OC)c(OC)c2)[C@@H]1OC,5.0,5.0,608.6880000000004,5.0854247355882505,PubChem_only,PubChem,False,True,1,5.0,5.0,5.0,5.0,36010,1,44,"C,N,O"
COC12C[C@@H](CO)CN(C)[C@@H]1Cc1cn(C)c3cccc2c13,172.0,172.0,300.40200000000004,3.2421743728562475,PubChem_only,PubChem,False,True,1,172.0,172.0,172.0,172.0,39383,1,22,"C,N,O"
COC1=C(C)C(=O)C2=C(C1=O)[C@@H](COC(N)=O)[C@@]1(OC)[C@H]3N[C@H]3CN21,2.1,2.1,349.343,5.22103275071867,PubChem_only,PubChem,False,True,1,2.1,2.1,2.1,2.1,37703,1,25,"C,N,O"
COC1=C(C)C(=O)C2=C(C1=O)[C@H](CNC(=O)[C@H](C)N)N1[C@@H](O)[C@H]3Cc4cc(C)c(OC)c(O)c4[C@@H]([C@@H]1C2)N3C,3.54,3.54,540.6170000000003,5.1838864361813695,PubChem_only,PubChem,False,True,1,3.54,3.54,3.54,3.54,39304,1,39,"C,N,O"
COC1=C(C)C(=O)C2=C(C1=O)[C@H](COC(N)=O)[C@@]1(O)[C@@H]3[C@H](CN21)N3C,4.5,4.5,349.343,4.890039531677245,PubChem_only,PubChem,False,True,1,4.5,4.5,4.5,4.5,37704,1,25,"C,N,O"
COC1=C2C[C@@H](C)C[C@H](OC)[C@H](O)[C@@H](C)/C=C(\C)[C@H](OC(N)=O)[C@@H](OC)/C=C\C=C(/C)C(=O)NC(=CC1=O)C2=O,1.0,1.0,560.6440000000002,5.748687178703142,PubChem_only,PubChem,False,True,1,1.0,1.0,1.0,1.0,40072,1,40,"C,N,O"
COC1=CC(=O)C[C@@H](C)[C@]12Oc1c(Cl)c(OC)cc(OC)c1C2=O,200.0,200.0,352.7700000000001,3.2464616494226846,PubChem_only,PubChem,False,True,1,200.0,200.0,200.0,200.0,39586,1,24,"C,Cl,O"
COC1=CC(=O)O[C@@H](/C=C/c2ccccc2)C1,420.0,420.0,230.263,2.73897486820557,PubChem_only,PubChem,False,True,1,420.0,420.0,420.0,420.0,40010,1,17,"C,O"
COC1=CC(=O)O[C@@H](CCc2ccc3c(c2)OCO3)C1,420.0,420.0,276.288,2.8181127322422546,PubChem_only,PubChem,False,True,1,420.0,420.0,420.0,420.0,38953,1,20,"C,O"
COC1=CC(=O)O[C@@H](CCc2ccccc2)C1,325.0,325.0,232.279,2.8541265866759513,PubChem_only,PubChem,False,True,1,325.0,325.0,325.0,325.0,40332,1,17,"C,O"
COC1=CC(=O)c2c(O)c(C)c(CC(C)=O)c(O)c2C1=O,500.0,500.0,290.271,2.7638336447609206,PubChem_only,PubChem,False,True,1,500.0,500.0,500.0,500.0,36931,1,21,"C,O"
COC1=CC=C2[C@H]3Cc4ccc(O)c5c4[C@@]2(CCN3C)[C@H]1O5,26.1,26.1,297.354,4.056633277656905,PubChem_only,PubChem,False,True,1,26.1,26.1,26.1,26.1,40153,1,22,"C,N,O"
COC1=CC=C2[C@H]3Cc4ccc(OC)c5c4[C@@]2(CCN3C)[C@H]1O5,20.0,20.0,311.381,4.192262113380898,PubChem_only,PubChem,False,True,1,20.0,20.0,20.0,20.0,40091,1,23,"C,N,O"
COC1=C[C@@H]2[C@@H]3Cc4ccc(OC)c(O)c4[C@]2(CCN3C)CC1=O,285.0,285.0,329.39600000000013,3.0628734610290045,PubChem_only,PubChem,False,True,1,285.0,285.0,285.0,285.0,40150,1,24,"C,N,O"
COCC1=C(C(=O)OC(C)OC(=O)OC(C)C)N2C(=O)[C@@H](NC(=O)/C(=N\OC)c3csc(N)n3)[C@H]2SC1,2535.0,2535.0,557.6070000000001,2.342350253433316,PubChem_only,PubChem,False,True,1,2535.0,2535.0,2535.0,2535.0,40269,1,37,"C,N,O,S"
COCCO,2147.0,2147.0,76.095,1.5495240769368368,PubChem_only,PubChem,False,True,1,2147.0,2147.0,2147.0,2147.0,36583,1,5,"C,O"
COCCOC(=O)C1=C(C)NC(C)=C(C(=O)OC/C=C/c2ccccc2)C1c1cccc([N+](=O)[O-])c1,1845.0,1845.0,492.52800000000013,2.4264345544904997,PubChem_only,PubChem,False,True,1,1845.0,1845.0,1845.0,1845.0,40026,1,36,"C,N,O"
COC[C@@]12CC[C@H](OC)[C@@]34[C@@H]5C[C@@]6(O)[C@H](OC(=O)c7ccccc7)[C@@H]5[C@@](OC(C)=O)([C@@H]([C@H](OC)[C@H]13)[C@H]4N(C)C2)[C@@H](O)[C@@H]6OC,1.01,1.01,615.7200000000001,5.785061886920367,PubChem_only,PubChem,False,True,1,1.01,1.01,1.01,1.01,40544,1,44,"C,N,O"
COC[C@H]1OC(=O)c2coc3c2[C@@]1(C)C1=C(C3=O)[C@@H]2CCC(=O)[C@@]2(C)C[C@H]1OC(C)=O,18.0,18.0,428.4370000000003,4.376614464530723,PubChem_only,PubChem,False,True,1,18.0,18.0,18.0,18.0,39564,1,31,"C,O"
COP(=O)(OC)O/C(C)=C/C(=O)N(C)C,9.5,9.5,237.19199999999998,4.397376431787669,PubChem_only,PubChem,False,True,1,9.5,9.5,9.5,9.5,40130,1,15,"C,N,O,P"
COP(=O)(OC)O/C(C)=C/C(=O)OC(C)c1ccccc1,71.0,71.0,314.274,3.6460501044474136,PubChem_only,PubChem,False,True,1,71.0,71.0,71.0,71.0,40132,1,21,"C,O,P"
CO[C@@H]1C[C@@H](C[C@H]2CC[C@H](C)[C@H]([C@@H](C)C(=O)O)O2)O[C@]2(O[C@](C)([C@H]3CC[C@@](C)([C@@H]4O[C@@H]([C@H]5O[C@@](O)(CO)[C@H](C)C[C@@H]5C)C[C@@H]4C)O3)C[C@H]2C)[C@@H]1C,2.5,2.5,724.9730000000002,5.46238182387225,PubChem_only,PubChem,False,True,1,2.5,2.5,2.5,2.5,38175,1,51,"C,O"
CO[C@@H]1[C@@H](OC(=O)c2ccc(C)[nH]2)[C@@H](O)[C@H](Oc2ccc3c(O)c(NC(=O)c4c[nH]c(C(=O)Nc5c(O)c6ccc(O[C@@H]7OC(C)(C)[C@H](OC)[C@@H](OC(=O)c8ccc(C)[nH]8)[C@H]7O)c(C)c6oc5=O)c4C)c(=O)oc3c2C)OC1(C)C,159.0,159.0,1110.0919999999996,3.84396184855326,PubChem_only,PubChem,False,True,1,159.0,159.0,159.0,159.0,40499,1,80,"C,N,O"
CO[C@@H]1[C@@H](OC(N)=O)[C@@H](O)[C@H](Oc2ccc3c(O)c(NC(=O)c4ccc(O)c(CC=C(C)C)c4)c(=O)oc3c2C)OC1(C)C,262.0,262.0,612.6320000000002,3.3688983865253728,PubChem_only,PubChem,False,True,2,262.0,262.0,262.0,262.0,40464;40500,2,44,"C,N,O"
CO[C@@H]1[C@@H](O[C@@H]2O[C@H](C)[C@@H](O[C@@H]3CC(C)(C)[C@H](O)[C@@H](C)O3)[C@H](N(C)C)[C@H]2O)[C@@H](CC=O)C[C@@H](C)[C@@H](O)/C=C/C=C/C[C@@H](C)OC(=O)C[C@H]1O,511.7,511.7,699.8790000000002,3.1360075456498206,PubChem_only,PubChem,False,True,1,511.7,511.7,511.7,511.7,40265,2,49,"C,N,O"
CO[C@@H]1[C@@H](O[C@@H]2O[C@H](C)[C@@H](O[C@H]3C[C@@](C)(O)[C@@H](O)[C@H](C)O3)[C@H](N(C)C)[C@H]2O)[C@@H](CC=O)C[C@@H](C)[C@@H](O)/C=C/C=C/C[C@@H](C)OC(=O)C[C@H]1O,668.0,668.0,701.8510000000002,3.021468460557202,PubChem_only,PubChem,False,True,1,668.0,668.0,668.0,668.0,40031,1,49,"C,N,O"
CO[C@@H]1[C@@H](O[C@@H]2O[C@H](C)[C@@H](O[C@H]3C[C@@](C)(O)[C@@H](OC(=O)CC(C)C)[C@H](C)O3)[C@H](N(C)C)[C@H]2O)[C@@H](CC=O)C[C@@H](C)[C@@H](O)/C=C/C=C/C[C@@H](C)OC(=O)C[C@H]1OC(C)=O,780.0,780.0,828.0060000000002,3.0259388811444605,PubChem_only,PubChem,False,True,1,780.0,780.0,780.0,780.0,40027,1,58,"C,N,O"
CO[C@@H]1[C@H](C)[C@H]([C@]2(C)CC[C@H]([C@]3(C)CC[C@]4(C[C@H](OC)[C@@H](C)[C@@H]([C@@H](C)[C@H]5O[C@@](O)([C@H](C)C(=O)O)[C@H](C)[C@@H](OC)[C@H]5C)O4)O3)O2)O[C@H]1[C@H]1O[C@](C)(O)[C@H](C)[C@@H](OC)[C@@H]1C,13.0,13.0,829.0780000000003,4.804652038769436,PubChem_only,PubChem,False,True,1,13.0,13.0,13.0,13.0,40484,2,58,"C,O"
CO[C@@H]1[C@H](O)C[C@@H](O[C@@H]2C[C@H](Oc3cc4cc5c(c(O)c4c(O)c3C)C(=O)[C@@H](O[C@H]3C[C@@H](O[C@H]4C[C@@H](O[C@H]6C[C@](C)(O)[C@@H](OC(C)=O)[C@H](C)O6)[C@H](O)[C@@H](C)O4)[C@H](O)[C@@H](C)O3)[C@H]([C@H](OC)C(=O)[C@@H](O)[C@@H](C)O)C5)O[C@H](C)[C@@H]2OC(C)=O)O[C@@H]1C,0.8,0.8,1183.257,6.16998909538737,PubChem_only,PubChem,False,True,1,0.8,0.8,0.8,0.8,39739,1,83,"C,O"
CO[C@@]12[C@H](COC(N)=O)C3=C(C(=O)C(C)=C(N)C3=O)N1C[C@@H]1N[C@@H]12,4.0,4.0,334.33200000000005,4.922117954987358,PubChem_only,PubChem,False,True,1,4.0,4.0,4.0,4.0,36000,1,24,"C,N,O"
CO[C@H](C(=O)[C@@H](O)[C@@H](C)O)[C@@H]1Cc2cc3cc(O[C@H]4C[C@@H](O[C@H]5C[C@@H](O)[C@H](O)[C@@H](C)O5)[C@H](O)[C@@H](C)O4)c(C)c(O)c3c(O)c2C(=O)[C@H]1O[C@H]1C[C@@H](O[C@H]2C[C@@H](O[C@H]3C[C@](C)(O)[C@H](O)[C@@H](C)O3)[C@@H](O)[C@@H](C)O2)[C@H](O)[C@@H](C)O1,1.09,1.09,1085.156,5.998065678095668,PubChem_only,PubChem,False,True,1,1.09,1.09,1.09,1.09,39320,1,76,"C,O"
CO[C@H]1/C=C/O[C@@]2(C)Oc3c(C)c(O)c4c(O)c(c(/C=N/N5CCN(C)CC5)c(O)c4c3C2=O)NC(=O)/C(C)=C\C=C\[C@H](C)[C@H](O)[C@@H](C)[C@@H](O)[C@@H](C)[C@H](OC(C)=O)[C@@H]1C,416.0,416.0,822.9530000000003,3.296281702126824,PubChem_only,PubChem,False,True,1,416.0,416.0,416.0,416.0,40553,1,59,"C,N,O"
CO[C@H]1/C=C/O[C@@]2(C)Oc3c(C)c(O)c4c(O)c(c(/C=N/N5CCN(C6CCCC6)CC5)c(O)c4c3C2=O)NC(=O)/C(C)=C\C=C\[C@H](C)[C@H](O)[C@@H](C)[C@@H](O)[C@@H](C)[C@H](OC(C)=O)[C@@H]1C,710.0,710.0,877.0450000000004,3.091763528284717,PubChem_only,PubChem,False,True,1,710.0,710.0,710.0,710.0,40556,1,63,"C,N,O"
CO[C@H]1/C=C/O[C@@]2(C)Oc3c(C)c(O)c4c(O)c(c(C=O)c(O)c4c3C2=O)NC(=O)/C(C)=C\C=C\[C@H](C)[C@H](O)[C@@H](C)[C@@H](O)[C@@H](C)[C@H](OC(C)=O)[C@@H]1C,416.0,416.0,725.7880000000004,3.241716452779176,PubChem_only,PubChem,False,True,1,416.0,416.0,416.0,416.0,40258,1,52,"C,N,O"
CO[C@H]1/C=C/O[C@@]2(C)Oc3c(C)c(O)c4c(O)c(cc(O)c4c3C2=O)NC(=O)/C(C)=C\C=C\[C@H](C)[C@H](O)[C@@H](C)[C@@H](O)[C@@H](C)[C@H](OC(C)=O)[C@@H]1C,625.0,625.0,697.7780000000002,3.0478372552641186,PubChem_only,PubChem,False,True,1,625.0,625.0,625.0,625.0,40204,1,50,"C,N,O"
CO[C@H]1/C=C/O[C@@]2(C)Oc3c(C)c(O)c4c(c3C2=O)C(=O)C=C(NC(=O)/C(C)=C\C=C\[C@H](C)[C@H](O)[C@@H](C)[C@@H](O)[C@@H](C)[C@H](OC(C)=O)[C@@H]1C)C4=O,258.0,258.0,695.7620000000003,3.430840999504712,PubChem_only,PubChem,False,True,1,258.0,258.0,258.0,258.0,40249,1,50,"C,N,O"
CO[C@H]1/C=C/[C@@](C)(O)/C=C/C(=O)O[C@H](C)[C@@H](C)CC/C=C/1C,1500.0,1500.0,308.41800000000006,2.313048457510501,PubChem_only,PubChem,False,True,1,1500.0,1500.0,1500.0,1500.0,40260,1,22,"C,O"
CO[C@H]1C=CC2=CCN3CCC4=C(CC(=O)OC4)[C@]23C1,24.0,24.0,273.332,4.056479237437613,PubChem_only,PubChem,False,True,1,24.0,24.0,24.0,24.0,36920,1,20,"C,N,O"
CO[C@H]1C[C@@H]2CC[C@@H](C)[C@@](O)(O2)C(=O)C(=O)N2CCCC[C@H]2C(=O)O[C@H]([C@H](C)C[C@@H]2CC[C@@H](O)[C@H](OC)C2)CC(=O)[C@H](C)/C=C(\C)[C@@H](O)[C@@H](OC)C(=O)[C@H](C)C[C@H](C)/C=C/C=C/C=C/1C,597.0,597.0,914.187,3.1850607100763964,PubChem_only,PubChem,False,True,1,597.0,597.0,597.0,597.0,40069,1,65,"C,N,O"
CO[C@H]1C[C@H](O[C@H]2CC[C@]3(C=O)[C@H]4CC[C@]5(C)[C@@H](C6=CC(=O)OC6)CC[C@]5(O)[C@@H]4CC[C@]3(O)C2)O[C@H](C)[C@H]1O,12.0,12.0,548.6730000000005,4.66013234319981,PubChem_only,PubChem,False,True,1,12.0,12.0,12.0,12.0,39606,1,39,"C,O"
CO[C@H]1[C@@H](O)C[C@H](O[C@H]2[C@@H](O)C[C@H](O[C@H]3[C@@H](O)C[C@H](O[C@H]4CC[C@@]5(C)[C@H](CC[C@@H]6[C@@H]5C[C@@H](O)[C@]5(C)[C@@H](C7=CC(=O)OC7)CC[C@]65O)C4)O[C@@H]3C)O[C@@H]2C)O[C@@H]1C,4.8,4.8,794.9760000000002,5.219112780306169,PubChem_only,PubChem,False,True,1,4.8,4.8,4.8,4.8,39635,1,56,"C,O"
CO[C@H]1[C@@H](O)[C@@H](C)O[C@H](O[C@H]2[C@H](Oc3cccc4c(O)c5c(=O)oc6ccc(C)c7c(=O)oc(c34)c5c67)O[C@H](C)[C@H](O)[C@@H]2O)[C@@H]1O,300.0,300.0,640.5940000000006,3.32946161189179,PubChem_only,PubChem,False,True,1,300.0,300.0,300.0,300.0,40005,1,46,"C,O"
CO[C@]12CC[C@@]3(C[C@@H]1[C@](C)(O)C(C)(C)C)[C@H]1Cc4ccc(O)c5c4[C@@]3(CCN1CC1CC1)[C@H]2O5,90.0,90.0,467.6500000000003,3.7156784292421183,PubChem_only,PubChem,False,True,1,90.0,90.0,90.0,90.0,39725,1,34,"C,N,O"
CO[C@]12C[C@@H](COC(=O)c3cncc(Br)c3)CN(C)[C@@H]1Cc1cn(C)c3cccc2c13,198.0,198.0,484.39400000000023,3.388533564806037,PubChem_only,PubChem,False,True,1,198.0,198.0,198.0,198.0,38169,1,31,"Br,C,N,O"
CO[C@]12C[C@@H](COC(=O)c3cncc(Cl)c3)CN(C)[C@@H]1Cc1cn(C)c3cccc2c13,203.0,203.0,439.9430000000002,3.3359003740524247,PubChem_only,PubChem,False,True,1,203.0,203.0,203.0,203.0,39523,1,31,"C,Cl,N,O"
COc1c(C)c2c(c(O)c1C/C=C(\C)CCC(=O)O)C(=O)OC2,505.0,505.0,320.341,2.802321148850568,PubChem_only,PubChem,False,True,1,505.0,505.0,505.0,505.0,39654,1,23,"C,O"
COc1c(O)cc2c(c1OC)-c1ccc(OC)c(=O)cc1[C@@H](NC(C)=O)CC2,0.57,0.57,385.41600000000017,5.830054884142209,PubChem_only,PubChem,False,True,1,0.57,0.57,0.57,0.57,39562,1,28,"C,N,O"
COc1c(O)cc2c(c1OC)-c1ccc(SC)c(=O)cc1[C@@H](NC(C)=O)CC2,11.3,11.3,401.4840000000002,4.550589798907945,PubChem_only,PubChem,False,True,1,11.3,11.3,11.3,11.3,38911,1,28,"C,N,O,S"
COc1c(O[C@@H]2O[C@H](CO)[C@@H](O)[C@H](O)[C@H]2O)cc2c(c1OC)-c1ccc(OC)c(=O)cc1[C@@H](NC(C)=O)CC2,280.0,280.0,547.5570000000002,3.291271304036517,PubChem_only,PubChem,False,True,1,280.0,280.0,280.0,280.0,39008,1,39,"C,N,O"
COc1c(O[C@@H]2O[C@H](CO)[C@@H](O)[C@H](O)[C@H]2O)cc2c(c1OC)-c1ccc(SC)c(=O)cc1[C@@H](NC(C)=O)CC2,1.0,1.0,563.6250000000002,5.750990248314627,PubChem_only,PubChem,False,True,1,1.0,1.0,1.0,1.0,40323,1,39,"C,N,O,S"
COc1c(O[C@@H]2O[C@H](CO)[C@@H](O)[C@H](O)[C@H]2O)cc2occ(-c3ccc(O)cc3)c(=O)c2c1O,4200.0,4200.0,462.40700000000027,2.0417751094920003,PubChem_only,PubChem,False,True,1,4200.0,4200.0,4200.0,4200.0,40019,1,33,"C,O"
COc1c2occc2cc2ccc(=O)oc12,250.0,250.0,216.19199999999995,2.9368996105468392,PubChem_only,PubChem,False,True,1,250.0,250.0,250.0,250.0,35759,1,16,"C,O"
COc1cc(/C=C/C(=O)CC(=O)/C=C/c2ccc(O)c(OC)c2)ccc1O,1500.0,1500.0,368.3850000000001,2.390210679109047,PubChem_only,PubChem,False,True,1,1500.0,1500.0,1500.0,1500.0,39786,1,27,"C,O"
COc1cc(/C=C/C(C)=O)ccc1O,610.0,610.0,192.214,2.4984551815232003,PubChem_only,PubChem,False,True,1,610.0,610.0,610.0,610.0,40101,1,14,"C,O"
COc1cc(=O)oc(/C=C/C=C/C=C/C(C)=C/[C@]2(C)O[C@H](C)[C@](C)(O)[C@H]2O)c1C,7.2,7.2,402.48700000000014,4.747419361143572,PubChem_only,PubChem,False,True,1,7.2,7.2,7.2,7.2,40245,1,29,"C,O"
COc1cc(C)c(/C=C/C(C)=C/C=C/C(C)=C/C(=O)O)c(C)c1C,700.0,700.0,326.4360000000001,2.6687000075528906,PubChem_only,PubChem,False,True,1,700.0,700.0,700.0,700.0,40063,1,24,"C,O"
COc1cc(CNC(=O)CCCC/C=C/C(C)C)ccc1O,6.5,6.5,305.418,4.671981272247524,PubChem_only,PubChem,False,True,1,6.5,6.5,6.5,6.5,39803,1,22,"C,N,O"
COc1cc(CNC(=O)CCCC/C=C\C(C)C)ccc1O,25.0,25.0,305.418,4.086954620218342,PubChem_only,PubChem,False,True,1,25.0,25.0,25.0,25.0,39802,1,22,"C,N,O"
COc1cc(Cc2cnc(N)nc2N)cc(OC)c1OC,400.0,400.0,290.32300000000004,2.8608214515908883,PubChem_only,PubChem,False,True,1,400.0,400.0,400.0,400.0,35977,1,21,"C,N,O"
COc1cc([C@@H]2c3cc4c(cc3[C@@H](O[C@@H]3O[C@@H]5CO[C@@H](C)O[C@H]5[C@H](O)[C@H]3O)[C@H]3COC(=O)[C@H]23)OCO4)cc(OC)c1O,64.0,64.0,588.5620000000004,3.9636122448346525,PubChem_only,PubChem,False,True,1,64.0,64.0,64.0,64.0,38204,1,42,"C,O"
COc1cc([C@@H]2c3cc4c(cc3[C@@H](O[C@@H]3O[C@@H]5CO[C@@H](c6cccs6)O[C@H]5[C@H](O)[C@H]3O)[C@H]3COC(=O)[C@H]23)OCO4)cc(OC)c1O,29.57,29.57,656.6620000000001,4.346490560548122,PubChem_only,PubChem,False,True,1,29.57,29.57,29.57,29.57,39669,1,46,"C,O,S"
COc1cc([C@@H]2c3cc4c(cc3[C@H](O)[C@H]3COC(=O)[C@@H]23)OCO4)cc(OC)c1OC,280.0,280.0,414.41000000000025,3.170272195347707,PubChem_only,PubChem,False,True,1,280.0,280.0,280.0,280.0,38731,1,30,"C,O"
COc1cc([C@@H]2c3cc4c(cc3[C@H](O)[C@H]3COC(=O)[C@H]23)OCO4)cc(OC)c1OC,30.0,30.0,414.41000000000025,4.140308971970264,PubChem_only,PubChem,False,True,1,30.0,30.0,30.0,30.0,36988,1,30,"C,O"
COc1cc2c(c(OC)c1OC)-c1c(cc(OC)c(OC)c1OC)C[C@](C)(O)[C@@H](C)C2,518.0,518.0,432.51300000000026,2.9216694057976023,PubChem_only,PubChem,False,True,1,518.0,518.0,518.0,518.0,39854,1,31,"C,O"
COc1cc2c(c(OC)c1OC)-c1ccc(O)c(=O)cc1[C@@H](N)CC2,200.0,200.0,343.37900000000013,3.2347437358627356,PubChem_only,PubChem,False,True,1,200.0,200.0,200.0,200.0,39671,1,25,"C,N,O"
COc1cc2c(c(OC)c1OC)-c1ccc(O)c(=O)cc1[C@@H](NC(C)=O)CC2,84.0,84.0,385.41600000000017,3.6616504537528187,PubChem_only,PubChem,False,True,1,84.0,84.0,84.0,84.0,39540,1,28,"C,N,O"
COc1cc2c(c(OC)c1OC)-c1ccc(OC)c(=O)cc1[C@@H](N)CC2,46.0,46.0,357.4060000000002,3.8904040073247024,PubChem_only,PubChem,False,True,1,46.0,46.0,46.0,46.0,37659,1,26,"C,N,O"
COc1cc2c(c(OC)c1OC)-c1ccc(OC)c(=O)cc1[C@@H](NC(C)=O)CC2,1.6,1.6,399.4430000000002,5.397334832153979,PubChem_only,PubChem,False,True,1,1.6,1.6,1.6,1.6,36148,1,29,"C,N,O"
COc1cc2c(c(OC)c1OC)-c1ccc(OC)c(=O)cc1[C@@H](NC=O)CC2,2.666,2.666,385.41600000000017,5.16006959473686,PubChem_only,PubChem,False,True,1,2.666,2.666,2.666,2.666,37841,1,28,"C,N,O"
COc1cc2c(c(OC)c1OC)-c1ccc(SC)c(=O)cc1[C@@H](N)CC2,66.0,66.0,373.4740000000002,3.752716437545121,PubChem_only,PubChem,False,True,1,66.0,66.0,66.0,66.0,37601,1,26,"C,N,O,S"
COc1cc2c(c(OC)c1OC)-c1ccc(SC)c(=O)cc1[C@@H](NC(C)=O)CC2,0.997,0.997,415.51100000000025,5.619887367223794,PubChem_only,PubChem,False,True,1,0.997,0.997,0.997,0.997,37600,1,29,"C,N,O,S"
COc1cc2c(c(OC)c1OC)-c1ccc(SC)c(=O)cc1[C@@H](NC=O)CC2,58.2,58.2,401.4840000000002,3.838745257741476,PubChem_only,PubChem,False,True,1,58.2,58.2,58.2,58.2,37602,1,28,"C,N,O,S"
COc1cc2c(c3oc(=O)c4c(c13)CCC4=O)[C@@H]1C=CO[C@@H]1O2,9.5,9.5,312.277,4.516816393219532,PubChem_only,PubChem,False,True,1,9.5,9.5,9.5,9.5,39353,1,23,"C,O"
COc1cc2c(cc1O)C[C@H]1c3c(cc(O)c(OC)c3-2)CCN1C,145.0,145.0,327.3800000000001,3.353684142129439,PubChem_only,PubChem,False,True,1,145.0,145.0,145.0,145.0,36932,1,24,"C,N,O"
COc1cc2c(cc1O)C[C@H]1c3cc(O)c(OC)cc3CC[N+]1(C)C2,69.5,69.5,342.41500000000013,3.6925679767495216,PubChem_only,PubChem,False,True,1,69.5,69.5,69.5,69.5,38380,2,25,"C,N,O"
COc1cc2c(cc1OC)-c1c(OC)c(OC)cc3c1[C@H](C2)N(C)CC3,167.0,167.0,355.43400000000014,3.328042497921364,PubChem_only,PubChem,False,True,1,167.0,167.0,167.0,167.0,37547,1,26,"C,N,O"
COc1cc2c(cc1OC)[C@@H](Cc1ccc(Oc3cc(C[C@@H]4c5cc(OC)c(OC)cc5CCN4C)ccc3O)cc1)N(C)CC2,185.0,185.0,624.7780000000002,3.5285540001377758,PubChem_only,PubChem,False,True,1,185.0,185.0,185.0,185.0,38759,1,46,"C,N,O"
COc1cc2c(cc1OC)[C@@H]1Cc3ccc(OC)c(OC)c3CN1CC2,100.0,100.0,355.4340000000002,3.5507589690689474,PubChem_only,PubChem,False,True,1,100.0,100.0,100.0,100.0,38730,1,26,"C,N,O"
COc1cc2c(cc1OC)[C@@]13CCN4CC5=CCO[C@H]6CC(=O)N2[C@H]1[C@H]6[C@H]5C[C@H]43,62.0,62.0,394.4710000000001,3.8036233915505693,PubChem_only,PubChem,False,True,1,62.0,62.0,62.0,62.0,39613,1,29,"C,N,O"
COc1cc2c3c(c1OC)-c1ccccc1C[C@H]3N(C)CC2,83.0,83.0,295.3820000000001,3.5513059343518716,PubChem_only,PubChem,False,True,1,83.0,83.0,83.0,83.0,36930,1,22,"C,N,O"
COc1cc2nc(N3CCN(C(=O)C4COc5ccccc5O4)CC3)nc(N)c2cc1OC,247.0,247.0,451.4830000000003,3.2619444489088196,PubChem_only,PubChem,False,True,1,247.0,247.0,247.0,247.0,38462,2,33,"C,N,O"
COc1ccc(/C(Cl)=C/C=O)cc1,187.0,187.0,196.633,3.0218147986952375,PubChem_only,PubChem,False,True,1,187.0,187.0,187.0,187.0,40241,1,13,"C,Cl,O"
COc1ccc(/C=C/C#N)cc1,218.0,218.0,159.188,2.863453832798256,PubChem_only,PubChem,False,True,1,218.0,218.0,218.0,218.0,39811,1,12,"C,N,O"
COc1ccc(/C=C/C(=O)Nc2ccccc2C(=O)O)cc1OC,385.0,385.0,327.33600000000007,2.929533041584961,PubChem_only,PubChem,False,True,1,385.0,385.0,385.0,385.0,40034,1,24,"C,N,O"
COc1ccc(/C=C/C(=O)c2ccc(O)c(C(=O)O)c2)cc1,630.0,630.0,298.294,2.6753039684304456,PubChem_only,PubChem,False,True,1,630.0,630.0,630.0,630.0,40200,1,22,"C,O"
COc1ccc(/C=C2/SC(=S)N(NC(=O)c3ccncc3)C2=O)cc1,700.0,700.0,371.44300000000004,2.7247941382848913,PubChem_only,PubChem,False,True,1,700.0,700.0,700.0,700.0,39796,1,25,"C,N,O,S"
COc1ccc(/C=N/NC(=O)CSc2nc3ccccc3s2)cc1,2300.0,2300.0,357.46000000000004,2.191499615011265,PubChem_only,PubChem,False,True,1,2300.0,2300.0,2300.0,2300.0,40278,1,24,"C,N,O,S"
COc1ccc(C(=O)O[C@H]2CC[C@@]3(C)[C@@H]4CC[C@H]5[C@]6(O)C[C@H](O)[C@@]7(O)[C@@H](CN8C[C@@H](C)CC[C@H]8[C@@]7(C)O)[C@]6(O)C[C@@]53O[C@]24O)cc1OC,1.35,1.35,673.8000000000003,5.698197238150096,PubChem_only,PubChem,False,True,1,1.35,1.35,1.35,1.35,36193,1,48,"C,N,O"
COc1ccc(C(=O)c2ccccc2)c(O)c1,300.0,300.0,228.247,2.8812838233070117,PubChem_only,PubChem,False,True,1,300.0,300.0,300.0,300.0,35816,1,17,"C,O"
COc1ccc(C2C(=O)c3ccccc3C2=O)cc1,200.0,200.0,252.269,3.1008338899859305,PubChem_only,PubChem,False,True,1,200.0,200.0,200.0,200.0,35472,1,19,"C,O"
COc1ccc(CCNC[C@H](O)c2ccc(O)cc2)cc1OC,1651.0,1651.0,317.3850000000001,2.283839324357152,PubChem_only,PubChem,False,True,1,1651.0,1651.0,1651.0,1651.0,40077,1,23,"C,N,O"
COc1ccc(C[C@H](N)C(=O)N[C@H]2[C@@H](O)[C@H](n3cnc4c(N(C)C)ncnc43)O[C@@H]2CO)cc1,580.0,580.0,471.51800000000026,2.910070282834824,PubChem_only,PubChem,False,True,1,580.0,580.0,580.0,580.0,39624,3,34,"C,N,O"
COc1ccc(C[C@H]2NC[C@H](O)[C@H]2OC(C)=O)cc1,400.0,400.0,265.30899999999997,2.821691991349581,PubChem_only,PubChem,False,True,1,400.0,400.0,400.0,400.0,39550,1,19,"C,N,O"
COc1ccc(C[C@H]2c3cc(O)c(OC)cc3CCN2C)cc1O,56.0,56.0,329.3960000000001,3.769530294031314,PubChem_only,PubChem,False,True,1,56.0,56.0,56.0,56.0,39581,1,24,"C,N,O"
COc1ccc(O)cc1,250.0,250.0,124.13899999999997,2.6959682339382303,PubChem_only,PubChem,False,True,1,250.0,250.0,250.0,250.0,36772,1,9,"C,O"
COc1ccc(OC)c([C@@H](O)[C@H](C)N)c1,92.0,92.0,211.261,3.3610315038379612,PubChem_only,PubChem,False,True,1,92.0,92.0,92.0,92.0,40525,2,15,"C,N,O"
COc1ccc([C@@H]2CC(=O)c3c(O)cc(O[C@@H]4O[C@H](CO[C@@H]5O[C@@H](C)[C@H](O)[C@@H](O)[C@H]5O)[C@@H](O)[C@H](O)[C@H]4O)cc3O2)cc1O,1000.0,1000.0,610.5650000000002,2.7857319051992477,PubChem_only,PubChem,False,True,1,1000.0,1000.0,1000.0,1000.0,36991,1,43,"C,O"
COc1ccc([C@@H]2Sc3ccccc3N(CCN(C)C)C(=O)[C@@H]2OC(C)=O)cc1,177.0,177.0,414.52700000000016,3.3695795569903995,PubChem_only,PubChem,False,True,1,177.0,177.0,177.0,177.0,38453,2,29,"C,N,O,S"
COc1ccc2c(c1)N(C[C@H](C)CN(C)C)c1ccccc1S2,96.75,96.75,328.481,3.5308592804672676,PubChem_only,PubChem,False,True,2,58.5,135.0,96.75,96.75,38729;40359,2,23,"C,N,O,S"
COc1ccc2c(c1)c(CC(=O)OC/C=C(\C)CC/C=C(\C)CCC=C(C)C)c(C)n2C(=O)c1ccc(Cl)cc1,1305.0,1305.0,562.1500000000003,2.6342417033257486,PubChem_only,PubChem,False,True,1,1305.0,1305.0,1305.0,1305.0,40030,1,40,"C,Cl,N,O"
COc1ccc2c(c1O)-c1c(O)c(OC)cc3c1[C@H](C2)[N+](C)(C)CC3,19.6,19.6,342.41500000000013,4.24229670998316,PubChem_only,PubChem,False,True,1,19.6,19.6,19.6,19.6,38756,1,25,"C,N,O"
COc1ccc2c(c1O)-c1c(OC)c(OC)cc3c1[C@H](C2)N(C)CC3,52.0,52.0,341.40700000000015,3.817269077743234,PubChem_only,PubChem,False,True,1,52.0,52.0,52.0,52.0,40444,2,25,"C,N,O"
COc1ccc2c(c1O)-c1c3c(cc4c1[C@H](C2)N(C)CC4)OCO3,182.5,182.5,325.36400000000015,3.251106629819827,PubChem_only,PubChem,False,True,2,145.0,220.0,182.5,182.5,37193;40431,2,24,"C,N,O"
COc1ccc2c(c1OC)C(=O)O[C@@H]2[C@H]1c2c(cc3c(c2OC)OCO3)CCN1C,770.5,770.5,413.4260000000003,2.7296251424962916,PubChem_only,PubChem,False,True,2,581.0,960.0,770.5,770.5,39556;40326,2,30,"C,N,O"
COc1ccc2c(c1OC)C(=O)O[C@H]2[C@H]1c2c(cc3c(c2OC)OCO3)CCN1C,255.0,255.0,413.4260000000003,3.209857605116775,PubChem_only,PubChem,False,True,1,255.0,255.0,255.0,255.0,38131,1,30,"C,N,O"
COc1ccc2c3c1O[C@H]1C(=O)CC[C@@]4(O)[C@@H](C2)N(C)CC[C@]314,320.0,320.0,315.3690000000001,2.9936690226875196,PubChem_only,PubChem,False,True,1,320.0,320.0,320.0,320.0,40066,1,23,"C,N,O"
COc1ccc2c3c1O[C@H]1C[C@@H](O)C=C[C@@]31CCN(C)C2,10.0,10.0,287.35900000000004,4.4584248036591285,PubChem_only,PubChem,False,True,1,10.0,10.0,10.0,10.0,36872,1,21,"C,N,O"
COc1ccc2c3c1O[C@H]1[C@@H](O)C=C[C@H]4[C@@H](C2)N(C)CC[C@@]341,110.0,110.0,299.3700000000001,3.434815592187326,PubChem_only,PubChem,False,True,3,60.0,115.0,95.0,110.0,40052;40111;40411,2,22,"C,N,O"
COc1ccc2c3c1O[C@H]1[C@@H](O)C=C[C@H]4[C@@H](C2)NCC[C@@]341,365.0,365.0,285.34300000000013,2.893074358499425,PubChem_only,PubChem,False,True,1,365.0,365.0,365.0,365.0,40325,1,21,"C,N,O"
COc1ccc2c3c1O[C@H]1[C@@H](O)CC[C@H]4[C@@H](C2)N(C)CC[C@@]341,252.0,252.0,301.3860000000001,3.0777225337930822,PubChem_only,PubChem,False,True,1,252.0,252.0,252.0,252.0,40175,2,22,"C,N,O"
COc1ccc2c3c1O[C@H]1[C@@H](OC(=O)c4cccnc4)C=C[C@H]4[C@@H](C2)N(C)CC[C@@]341,48.0,48.0,404.4660000000002,3.925640782681496,PubChem_only,PubChem,False,True,1,48.0,48.0,48.0,48.0,40159,1,30,"C,N,O"
COc1ccc2c3c4n(c2c1)[C@@H](C=C(C)C)OOC(C)(C)C[C@@H]4N1C(=O)[C@@H]2CCCN2C(=O)[C@]1(O)[C@H]3O,2.4,2.4,511.5750000000004,5.328698071211242,PubChem_only,PubChem,False,True,1,2.4,2.4,2.4,2.4,40400,1,37,"C,N,O"
COc1ccc2cc(CCC(C)=O)ccc2c1,2380.0,2380.0,228.29099999999997,1.9819118334202226,PubChem_only,PubChem,False,True,1,2380.0,2380.0,2380.0,2380.0,35781,1,17,"C,O"
COc1ccc2cc([C@H](C)C(=O)O)ccc2c1,500.0,500.0,230.26299999999998,2.6632541542674515,PubChem_only,PubChem,False,True,1,500.0,500.0,500.0,500.0,39290,1,17,"C,O"
COc1ccc2cc1Oc1ccc(cc1)C[C@H]1c3c(cc4c(c3Oc3cc5c(cc3OC)CCN(C)[C@@H]5C2)OCO4)CCN1C,125.0,125.0,606.7190000000002,3.6860775825062104,PubChem_only,PubChem,False,True,1,125.0,125.0,125.0,125.0,36939,1,45,"C,N,O"
COc1ccc2cc1Oc1ccc(cc1)C[C@H]1c3cc(c(OC)cc3CCN1C)Oc1c(OC)c(OC)cc3c1[C@H](C2)N(C)CC3,41.3,41.3,622.7620000000001,4.17837205305246,PubChem_only,PubChem,False,True,1,41.3,41.3,41.3,41.3,38748,1,46,"C,N,O"
COc1cccc2c1C(=O)c1c(O)c3c(c(O)c1C2=O)C[C@@](O)(C(=O)CO)C[C@@H]3O[C@H]1C[C@H](N)[C@H](O)[C@H](C)O1,10.93,10.93,543.5250000000003,4.696599362760276,PubChem_only,PubChem,False,True,2,10.7,11.16,10.93,10.93,38136;39632,2,39,"C,N,O"
COc1cccc2c1C(=O)c1c(O)c3c(c(O)c1C2=O)C[C@@](O)(C(C)=NNC(=O)c1ccccc1)C[C@@H]3O[C@H]1C[C@H](N)[C@H](O)[C@H](C)O1,28.71,28.71,645.6650000000002,4.351974052452239,PubChem_only,PubChem,False,True,1,28.71,28.71,28.71,28.71,40542,2,47,"C,N,O"
COc1cccc2c1C(=O)c1c(O)c3c(c(O)c1C2=O)C[C@@](O)(C(C)=O)C[C@@H]3O[C@H]1C[C@H](N)[C@H](O)[C@H](C)O1,2.775,2.775,527.5260000000003,5.278980881967454,PubChem_only,PubChem,False,True,2,2.5,3.05,2.775,2.775,38081;38444,2,38,"C,N,O"
COc1cccc2c1C(=O)c1c(O)c3c(c(O)c1C2=O)C[C@@](O)([C@H](C)O)C[C@@H]3O[C@H]1C[C@H](N)[C@H](O)[C@H](C)O1,6.5,6.5,529.5420000000003,4.910987054722016,PubChem_only,PubChem,False,True,1,6.5,6.5,6.5,6.5,39629,1,38,"C,N,O"
COc1ccccc1/C=C\C(=O)O,1500.0,1500.0,178.18699999999998,2.0747847569515088,PubChem_only,PubChem,False,True,1,1500.0,1500.0,1500.0,1500.0,39814,1,13,"C,O"
COc1ccccc1OCC(O)CO,495.0,495.0,198.21799999999996,2.602537890901472,PubChem_only,PubChem,False,True,1,495.0,495.0,495.0,495.0,35669,1,14,"C,O"
COc1ccccc1OCC(O)COC(N)=O,950.0,950.0,241.24299999999994,2.4047311152534956,PubChem_only,PubChem,False,True,1,950.0,950.0,950.0,950.0,35758,1,17,"C,N,O"
CS(=O)(=O)NC(=O)CCC/C=C\C[C@H]1C(=O)C[C@@H](O)[C@@H]1/C=C/[C@@H](O)COc1ccccc1,18.0,18.0,465.56800000000015,4.41271061709476,PubChem_only,PubChem,False,True,1,18.0,18.0,18.0,18.0,40085,1,32,"C,N,O,S"
CS(=O)(=O)c1ccc([C@@H](O)[C@@H](COC(=O)CN)NC(=O)C(Cl)Cl)cc1,1543.0,1543.0,413.279,2.4278774119167728,PubChem_only,PubChem,False,True,1,1543.0,1543.0,1543.0,1543.0,39357,2,25,"C,Cl,N,O,S"
CS(C)=O,2500.0,2500.0,78.136,1.4949111660386842,PubChem_only,PubChem,False,True,1,2500.0,2500.0,2500.0,2500.0,35348,1,4,"C,O,S"
CSc1nc(N=[N+]=[N-])nc(NC(C)C)n1,265.0,265.0,225.28100000000003,2.929478691319591,PubChem_only,PubChem,False,True,1,265.0,265.0,265.0,265.0,39867,1,15,"C,N,S"
CSc1ncnc2c1ncn2[C@@H]1O[C@H](CO)[C@@H](O)[C@H]1O,137.0,137.0,298.324,3.3379676263608333,PubChem_only,PubChem,False,True,1,137.0,137.0,137.0,137.0,36865,1,20,"C,N,O,S"
CSc1nsc(N)n1,375.0,375.0,147.228,2.593959144781199,PubChem_only,PubChem,False,True,1,375.0,375.0,375.0,375.0,39122,1,8,"C,N,S"
C[C@@H](Cc1ccccc1)N(C)Cc1ccccc1,67.0,67.0,239.36199999999997,3.5529804022658564,PubChem_only,PubChem,False,True,2,32.0,102.0,67.0,67.0,40076;40350,2,18,"C,N"
C[C@@H](Cc1ccccc1)NCc1ccccc1Cl,103.0,103.0,259.78,3.401768487759377,PubChem_only,PubChem,False,True,1,103.0,103.0,103.0,103.0,40527,2,18,"C,Cl,N"
C[C@@H](N)[C@@H](O)c1ccccc1,377.0,377.0,151.20899999999997,2.6032362910520725,PubChem_only,PubChem,False,True,1,377.0,377.0,377.0,377.0,40233,2,11,"C,N,O"
C[C@@H](NCCc1ccc(O)cc1)[C@@H](O)c1ccc(O)cc1,281.5,281.5,287.35900000000004,3.0089464044717635,PubChem_only,PubChem,False,True,2,265.0,298.0,281.5,281.5,39885;39886,2,21,"C,N,O"
C[C@@H]([C@H](O)c1ccccc1)N(C)C,216.0,216.0,179.26299999999998,2.919036908996686,PubChem_only,PubChem,False,True,3,185.0,220.0,207.0,216.0,39384;39385;39386,2,13,"C,N,O"
C[C@@H]1C/C=C/C=C/C=C/C=C/[C@H](O[C@@H]2O[C@H](C)[C@@H](O)[C@H](N)[C@@H]2O)C[C@@H]2O[C@](O)(C[C@@H](O)C[C@H]3O[C@@H]3/C=C/C(=O)O1)C[C@H](O)[C@H]2C(=O)O,40.0,40.0,665.7330000000004,4.22124009388372,PubChem_only,PubChem,False,True,1,40.0,40.0,40.0,40.0,40059,1,47,"C,N,O"
C[C@@H]1CCN(C(=O)[C@H](CCCN=C(N)N)NS(=O)(=O)c2cccc3c2NC[C@H](C)C3)[C@@H](C(=O)O)C1,475.0,475.0,508.6450000000003,3.029721170098349,PubChem_only,PubChem,False,True,1,475.0,475.0,475.0,475.0,39285,1,35,"C,N,O,S"
C[C@@H]1CC[C@@]2(NC1)O[C@H]1C[C@H]3[C@@H]4CC=C5C[C@@H](O)CC[C@]5(C)[C@H]4CC[C@]3(C)[C@H]1[C@@H]2C,899.0,899.0,413.6460000000003,2.6628691372774953,PubChem_only,PubChem,False,True,1,899.0,899.0,899.0,899.0,39623,1,30,"C,N,O"
C[C@@H]1CC[C@@]2(NC1)O[C@H]1C[C@H]3[C@@H]4CC=C5C[C@@H](O[C@@H]6O[C@H](CO)[C@H](O)[C@H](O[C@@H]7O[C@H](CO)[C@@H](O)[C@H](O)[C@H]7O)[C@H]6O[C@@H]6O[C@@H](C)[C@H](O)[C@@H](O)[C@H]6O)CC[C@]5(C)[C@H]4CC[C@]3(C)[C@H]1[C@@H]2C,77.3,77.3,884.07,4.0583071595677715,PubChem_only,PubChem,False,True,1,77.3,77.3,77.3,77.3,39178,1,62,"C,N,O"
C[C@@H]1CC[C@@]2(OC1)O[C@H]1C[C@H]3[C@@H]4CC=C5C[C@@H](O)CC[C@]5(C)[C@H]4CC[C@]3(C)[C@H]1[C@@H]2C,3564.0,3564.0,414.6300000000003,2.0657230263271678,PubChem_only,PubChem,False,True,1,3564.0,3564.0,3564.0,3564.0,39103,1,30,"C,O"
C[C@@H]1CC[C@H]2[C@@H](C)C(=O)O[C@@H]3O[C@@]4(C)CC[C@@H]1[C@]32OO4,1558.0,1558.0,282.33599999999996,2.258198804210092,PubChem_only,PubChem,False,True,1,1558.0,1558.0,1558.0,1558.0,38629,1,20,"C,O"
C[C@@H]1CN(CCCn2c3ccccc3c3ccccc32)C[C@H](C)N1,185.0,185.0,321.46800000000013,3.2399660198833673,PubChem_only,PubChem,False,True,1,185.0,185.0,185.0,185.0,38360,3,24,"C,N"
C[C@@H]1C[C@@H](O)[C@@]2(O)[C@@]13C[C@@H](OC(=O)[C@@H]3O)[C@](C)(O)[C@@]21COC1=O,0.7,0.7,328.3170000000001,5.671195330729235,PubChem_only,PubChem,False,True,1,0.7,0.7,0.7,0.7,39171,1,23,"C,O"
C[C@@H]1C[C@@H]([C@H](O)CC2CC(=O)NC(=O)C2)C(=O)[C@@H](C)C1,100.0,100.0,281.35200000000003,3.449250006697677,PubChem_only,PubChem,False,True,1,100.0,100.0,100.0,100.0,36155,1,20,"C,N,O"
C[C@@H]1C[C@@]2(O[C@H]2C)C(=O)O[C@@H]2CCN(C)C/C=C(/COC(=O)[C@]1(C)O)C2=O,630.0,630.0,381.4250000000001,2.782068605449966,PubChem_only,PubChem,False,True,1,630.0,630.0,630.0,630.0,40255,1,27,"C,N,O"
C[C@@H]1C[C@H](O)[C@]2(O)O[C@@H]3C[C@@]4(C=O)[C@@H](CC[C@@H]5[C@@H]4CC[C@]4(C)[C@@H](C6=CC(=O)OC6)CC[C@]54O)C[C@H]3O[C@@H]2O1,9.8,9.8,532.6300000000005,4.7351995484223135,PubChem_only,PubChem,False,True,1,9.8,9.8,9.8,9.8,37508,1,38,"C,O"
C[C@@H]1C[C@H]2[C@@H]3CCC4=CC(=O)C=C[C@]4(C)[C@@]3(F)[C@@H](O)C[C@]2(C)[C@@]1(O)C(=O)CO,410.0,410.0,392.4670000000002,2.981019288895507,PubChem_only,PubChem,False,True,1,410.0,410.0,410.0,410.0,35998,1,28,"C,F,O"
C[C@@H]1C[C@H]2[C@@H]3CCC4=CC(=O)C=C[C@]4(C)[C@@]3(F)[C@@H](O)C[C@]2(C)[C@@]1(O)C(=O)COC(=O)c1ccncc1,281.0,281.0,497.56300000000033,3.24814175777994,PubChem_only,PubChem,False,True,1,281.0,281.0,281.0,281.0,37546,1,36,"C,F,N,O"
C[C@@H]1C[C@H]2[C@@H]3CCC4=CC(=O)C=C[C@]4(C)[C@@]3(F)[C@@H](O)C[C@]2(C)[C@@]1(O)C(=O)COP(=O)(O)O,550.0,550.0,472.44600000000025,2.9339894868595384,PubChem_only,PubChem,False,True,1,550.0,550.0,550.0,550.0,37557,3,32,"C,F,O,P"
C[C@@H]1NC(=O)[C@H](C[C@@](C)(O)CO)NC(=O)[C@@H]2Cc3c([nH]c4ccccc34)SC[C@H](NC(=O)[C@@H]([C@H](C)O)NC1=O)C(=O)N1C[C@@H](O)C[C@H]1C(=O)N[C@@H](C)C(=O)N2,2.0,2.0,788.881,5.595981500649235,PubChem_only,PubChem,False,True,1,2.0,2.0,2.0,2.0,39604,1,55,"C,N,O,S"
C[C@@H]1O[C@@H](CC(=O)O)CC2=C1C(=O)c1c(O)cccc1C2=O,28.2,28.2,302.28200000000004,4.030163178675134,PubChem_only,PubChem,False,True,1,28.2,28.2,28.2,28.2,39619,1,22,"C,O"
C[C@@H]1O[C@@H](OC[C@H]2O[C@@H](Oc3c(-c4ccc(O)c(O)c4)oc4cc(O)cc(O)c4c3=O)[C@H](O)[C@@H](O)[C@@H]2O)[C@H](O)[C@H](O)[C@H]1O,200.0,200.0,610.5210000000004,3.4846706112365196,PubChem_only,PubChem,False,True,1,200.0,200.0,200.0,200.0,39984,1,43,"C,O"
C[C@@H]1O[C@@H](O[C@H]2CC[C@H](O[C@H]3[C@H](O)C[C@H](c4ccc5c(c4O)C(=O)C4=C(C5=O)[C@@]5(O)C(=O)C[C@](C)(O[C@H]6CC[C@H](O[C@H]7C=CC(=O)[C@H](C)O7)[C@H](C)O6)C[C@@]5(O)C=C4)O[C@@H]3C)O[C@H]2C)C=CC1=O,100.0,100.0,934.9850000000002,3.9708046435254762,PubChem_only,PubChem,False,True,1,100.0,100.0,100.0,100.0,38750,1,67,"C,O"
C[C@@H]1O[C@@H](O[C@H]2CC[C@]3(C=O)[C@H]4CC[C@]5(C)[C@@H](C6=CC(=O)OC6)CC[C@]5(O)[C@@H]4CC[C@]3(O)C2)[C@H](O)[C@H](O)[C@H]1O,10.0,10.0,550.6450000000004,4.740871700070577,PubChem_only,PubChem,False,True,1,10.0,10.0,10.0,10.0,39605,1,39,"C,O"
C[C@@H]1O[C@@H](O[C@H]2CC[C@]3(C=O)[C@H]4CC[C@]5(C)[C@@H](c6ccc(=O)oc6)CC[C@]5(O)[C@@H]4CC[C@]3(O)C2)[C@H](O)[C@H](O)[C@H]1O[C@@H]1O[C@H](CO)[C@@H](O)[C@H](O)[C@H]1O,8.4,8.4,724.7970000000007,4.935937101026657,PubChem_only,PubChem,False,True,1,8.4,8.4,8.4,8.4,39607,1,51,"C,O"
C[C@@H]1O[C@@H](O[C@H]2[C@H](O[C@H]3CC[C@@]4(C)[C@@H](CC[C@]5(C)[C@@H]4CC=C4[C@@H]6CC(C)(C)CC[C@]6(C(=O)O)CC[C@]45C)[C@]3(C)CO)OC[C@H](O)[C@@H]2O)[C@H](O)[C@H](O)[C@H]1O,1800.0,1800.0,750.9670000000006,2.6203483479690517,PubChem_only,PubChem,False,True,1,1800.0,1800.0,1800.0,1800.0,38754,1,53,"C,O"
C[C@@H]1O[C@@H](Oc2c(-c3ccc(O)c(O)c3)oc3cc(O)cc(O)c3c2=O)[C@H](O)[C@H](O)[C@H]1O,200.0,200.0,448.38000000000017,3.3506162369758314,PubChem_only,PubChem,False,True,1,200.0,200.0,200.0,200.0,39977,1,32,"C,O"
C[C@@H]1O[C@@H]1P(=O)(O)O,2175.0,2175.0,138.059,1.8026054620564682,PubChem_only,PubChem,False,True,3,994.0,4000.0,2389.6666666666665,2175.0,38763;39022;39656,3,8,"C,O,P"
C[C@@H]1[C@H](O)[C@@H](C)/C=C/C=C/C=C/C=C/C=C/C=C/C=C/[C@H](O[C@@H]2O[C@H](C)[C@@H](O)[C@H](N)[C@@H]2O)C[C@@H]2O[C@](O)(C[C@@H](O)C[C@@H](O)[C@H](O)CC[C@@H](O)C[C@@H](O)CC(=O)O[C@H]1C)C[C@H](O)[C@H]2C(=O)O,27.74,27.74,924.0910000000002,4.522608283803058,PubChem_only,PubChem,False,True,1,27.74,27.74,27.74,27.74,39987,1,65,"C,N,O"
C[C@@H]1[C@H](O)[C@@H](C)/C=C/C=C/CC/C=C/C=C/C=C/C=C/C(O[C@H]2O[C@H](C)[C@@H](O)[C@H](N)[C@@H]2O)CC2O[C@](O)(CC(O)C(O)CCC(O)CC(O)CC(O)CC(=O)O[C@H]1C)CC(O)C2C(=O)O,4.4,4.4,926.1070000000002,5.323208490352309,PubChem_only,PubChem,False,True,1,4.4,4.4,4.4,4.4,40236,1,65,"C,N,O"
C[C@@](Cc1ccc(O)c(O)c1)(NN)C(=O)O,308.0,308.0,226.232,2.866003318397105,PubChem_only,PubChem,False,True,2,148.0,468.0,308.0,308.0,38176;38231,2,16,"C,N,O"
C[C@@]12C(=O)OC(=O)[C@]1(C)[C@H]1CC[C@@H]2O1,1.0,1.0,196.20199999999997,5.292703430080305,PubChem_only,PubChem,False,True,1,1.0,1.0,1.0,1.0,36080,1,14,"C,O"
C[C@@]12CC[C@@H]3[C@@](CC[C@H]4[C@@]3(C)CCC[C@@]4(C)C(=O)O)(CC1=O)C2,1070.0,1070.0,318.45700000000005,2.4736670218638728,PubChem_only,PubChem,False,True,1,1070.0,1070.0,1070.0,1070.0,39105,1,23,"C,O"
C[C@@]12C[C@@]3(O)O[C@@H](O1)[C@]1(COC(=O)c4ccccc4)[C@H]3C[C@@]12O[C@@H]1O[C@H](CO)[C@@H](O)[C@H](O)[C@H]1O,3530.0,3530.0,480.4660000000002,2.133887955014602,PubChem_only,PubChem,False,True,1,3530.0,3530.0,3530.0,3530.0,39617,1,34,"C,O"
C[C@H](CCC(=O)O)C[C@H](C)C[C@H](C)C(=O)/C=C(\O)[C@H](C)C[C@H](C)C/C=C/[C@@H](C)[C@@H](O)[C@@H](C)[C@@H](O)C[C@@H]1CC[C@@](C)([C@H]2CC[C@@](C)([C@@H](C)O)O2)O1,12.0,12.0,709.0179999999999,4.771476014807435,PubChem_only,PubChem,False,True,1,12.0,12.0,12.0,12.0,40264,2,50,"C,O"
C[C@H](CCC(=O)O)[C@H]1CC[C@H]2[C@@H]3[C@@H](O)C[C@@H]4C[C@H](O)CC[C@]4(C)[C@H]3CC[C@]12C,1200.0,1200.0,392.5800000000002,2.5147469246343817,PubChem_only,PubChem,False,True,1,1200.0,1200.0,1200.0,1200.0,38129,1,28,"C,O"
C[C@H](CCC(=O)O)[C@H]1CC[C@H]2[C@@H]3[C@H](O)C[C@@H]4C[C@H](O)CC[C@]4(C)[C@H]3CC[C@]12C,86.0,86.0,392.5800000000002,3.659429719438439,PubChem_only,PubChem,False,True,1,86.0,86.0,86.0,86.0,36928,1,28,"C,O"
C[C@H](COc1ccccc1)N[C@H](C)[C@@H](O)c1ccc(O)cc1,118.0,118.0,301.386,3.407241067268501,PubChem_only,PubChem,False,True,1,118.0,118.0,118.0,118.0,40357,1,22,"C,N,O"
C[C@H](N)Cc1ccccc1,4.4,4.4,135.20999999999998,4.487556136304453,PubChem_only,PubChem,False,True,1,4.4,4.4,4.4,4.4,36032,1,10,"C,N"
C[C@H](N)[C@@H](O)c1ccccc1,161.0,161.0,151.20899999999997,2.9727517652260156,PubChem_only,PubChem,False,True,1,161.0,161.0,161.0,161.0,39015,2,11,"C,N,O"
C[C@H](N)[C@H](O)c1ccccc1,293.5,293.5,151.20899999999997,2.711969535674232,PubChem_only,PubChem,False,True,4,176.0,428.0,297.75,293.5,36955;38456;38457;38458,2,11,"C,N,O"
C[C@H](NCCn1cnc2c1c(=O)n(C)c(=O)n2C)[C@H](O)c1ccccc1,525.0,525.0,357.41400000000004,2.8330122565254623,PubChem_only,PubChem,False,True,1,525.0,525.0,525.0,525.0,40176,2,26,"C,N,O"
C[C@H](O)C(=O)O,3194.0,3194.0,90.07799999999999,1.4502838231803135,PubChem_only,PubChem,False,True,1,3194.0,3194.0,3194.0,3194.0,39150,1,6,"C,O"
C[C@H]1C(=O)O[C@@H]2CCN3CC=C(COC(=O)[C@](C)(O)[C@]1(C)O)[C@H]23,259.0,259.0,325.361,3.0990657301253806,PubChem_only,PubChem,False,True,1,259.0,259.0,259.0,259.0,36839,1,23,"C,N,O"
C[C@H]1C/C=C/[C@H]2[C@@H]3O[C@]3(C)[C@@H](C)[C@H]3[C@H](Cc4ccccc4)NC(=O)[C@]32OC(=O)O/C=C/[C@@](C)(O)C1=O,2.7,2.7,495.57200000000023,5.263742996440486,PubChem_only,PubChem,False,True,1,2.7,2.7,2.7,2.7,40146,1,36,"C,N,O"
C[C@H]1CCC/C=C/[C@@H]2C[C@H](O)C[C@H]2[C@H](O)/C=C/C(=O)O1,250.0,250.0,280.36400000000003,3.049782238835557,PubChem_only,PubChem,False,True,1,250.0,250.0,250.0,250.0,40071,1,20,"C,O"
C[C@H]1CCCC(=O)CCC/C=C/c2cc(O)cc(O)c2C(=O)O1,5.0,5.0,318.3690000000001,4.803960768974654,PubChem_only,PubChem,False,True,1,5.0,5.0,5.0,5.0,40012,1,23,"C,O"
C[C@H]1CC[C@@H]2[C@@H](C)[C@H]3[C@H](C[C@H]4[C@@H]5CC=C6C[C@@H](O[C@@H]7O[C@H](CO)[C@@H](O[C@@H]8O[C@@H](C)[C@H](O)[C@@H](O)[C@H]8O)[C@H](O)[C@H]7O[C@@H]7O[C@@H](C)[C@H](O)[C@@H](O)[C@H]7O)CC[C@]6(C)[C@H]5CC[C@]34C)N2C1,19.0,19.0,852.0719999999999,4.651722693205347,PubChem_only,PubChem,False,True,1,19.0,19.0,19.0,19.0,39622,1,60,"C,N,O"
C[C@H]1CC[C@@H]2[C@@H](C)[C@H]3[C@H](C[C@H]4[C@@H]5CC=C6C[C@@H](O[C@@H]7O[C@H](CO)[C@H](O)[C@H](O[C@@H]8O[C@H](CO)[C@@H](O)[C@H](O)[C@H]8O)[C@H]7O[C@H]7O[C@@H](C)[C@H](O)[C@@H](O)[C@H]7O)CC[C@]6(C)[C@H]5CC[C@]34C)N2C1,32.0,32.0,868.0709999999999,4.433405269491584,PubChem_only,PubChem,False,True,1,32.0,32.0,32.0,32.0,38078,1,61,"C,N,O"
C[C@H]1CC[C@]2(NC1)O[C@H]1C[C@H]3[C@@H]4CC[C@H]5C[C@@H](O[C@@H]6O[C@H](CO)[C@H](O[C@@H]7O[C@H](CO)[C@@H](O)[C@H](O[C@@H]8OC[C@@H](O)[C@H](O)[C@H]8O)[C@H]7O[C@@H]7O[C@H](CO)[C@@H](O)[C@H](O)[C@H]7O)[C@H](O)[C@H]6O)CC[C@]5(C)[C@H]4CC[C@]3(C)[C@H]1[C@@H]2C,25.0,25.0,1034.2000000000003,4.616664524764014,PubChem_only,PubChem,False,True,1,25.0,25.0,25.0,25.0,38047,1,72,"C,N,O"
C[C@H]1C[C@@H]2[C@H]([C@@H](O)C[C@@]3(C)[C@H]2CC[C@]3(O)C(=O)CO)[C@@]2(C)C=CC(=O)C=C12,2292.0,2292.0,374.4770000000001,2.213210535629779,PubChem_only,PubChem,False,True,1,2292.0,2292.0,2292.0,2292.0,36290,1,27,"C,O"
C[C@H]1C[C@H]2[C@@H]3CCC4=CC(=O)C=C[C@]4(C)[C@@]3(F)[C@@H](O)C[C@]2(C)[C@@]1(O)C(=O)COP(=O)(O)O,933.0,933.0,472.44600000000025,2.7044705326072824,PubChem_only,PubChem,False,True,2,700.0,1166.0,933.0,933.0,38508;39151,3,32,"C,F,O,P"
C[C@H]1O[C@@H](O[C@H]2CC[C@@]3(C)[C@@H](CC[C@]4(C)[C@@H]3C=C[C@]35OC[C@@]6(CCC(C)(C)C[C@H]63)[C@H](O)C[C@]54C)[C@]2(C)CO)[C@H](O)[C@@H](O[C@@H]2O[C@H](CO)[C@@H](O)[C@H](O)[C@H]2O)[C@H]1O,1530.0,1530.0,780.993000000001,2.7079557105180925,PubChem_only,PubChem,False,True,1,1530.0,1530.0,1530.0,1530.0,39152,1,55,"C,O"
C[C@H]1O[C@@H](O[C@H]2CC[C@@]3(C)[C@H](CC[C@@H]4[C@@H]3C[C@@H](O)[C@]3(C)[C@@H](C5=CC(=O)OC5)CC[C@]43O)C2)C[C@H](O)[C@@H]1O[C@H]1C[C@H](O)[C@H](O[C@H]2C[C@H](O)[C@H](O[C@@H]3O[C@H](CO)[C@@H](O)[C@H](O)[C@H]3O)[C@@H](C)O2)[C@@H](C)O1,10.36,10.36,943.0900000000007,4.959193384452484,PubChem_only,PubChem,False,True,1,10.36,10.36,10.36,10.36,38049,1,66,"C,O"
C[C@H]1O[C@@H](O[C@H]2CC[C@]3(C=O)[C@H]4CC[C@]5(C)[C@@H](C6=CC(=O)OC6)CC[C@]5(O)[C@@H]4CC[C@]3(O)C2)C[C@H](O)[C@@H]1O,7.8,7.8,534.6460000000005,4.835971719269744,PubChem_only,PubChem,False,True,1,7.8,7.8,7.8,7.8,39608,1,38,"C,O"
C[C@H]1O[C@@H](O[C@H]2[C@@H](O)C[C@H](O[C@H]3[C@@H](O)C[C@H](O[C@H]4CC[C@@]5(C)[C@H](CC[C@@H]6[C@@H]5CC[C@]5(C)[C@@H](C7=CC(=O)OC7)CC[C@]65O)C4)O[C@@H]3C)O[C@@H]2C)C[C@H](O)[C@@H]1O,3.9,3.9,764.9500000000003,5.2925684419392,PubChem_only,PubChem,False,True,1,3.9,3.9,3.9,3.9,39588,1,54,"C,O"
C[C@H]1O[C@@H](O[C@H]2[C@@H](O)C[C@H](O[C@H]3[C@@H](O)C[C@H](O[C@H]4CC[C@@]5(C)[C@H](CC[C@@H]6[C@@H]5C[C@@H](O)[C@]5(C)[C@@H](C7=CC(=O)OC7)CC[C@]65O)C4)O[C@@H]3C)O[C@@H]2C)C[C@H](O)[C@@H]1O,3.964,3.964,780.9490000000002,5.294489027319141,PubChem_only,PubChem,False,True,1,3.964,3.964,3.964,3.964,39824,1,55,"C,O"
C[C@H]1c2cccc(O)c2C(O)=C2C(=O)[C@]3(O)C(O)=C(C(N)=O)C(=O)[C@@H](N(C)C)[C@@H]3[C@@H](O)[C@@H]21,294.5,294.5,444.44000000000017,3.1787278397989835,PubChem_only,PubChem,False,True,2,179.0,410.0,294.5,294.5,40498;40515,2,32,"C,N,O"
C[C@](N)(Cc1ccc(O)c(O)c1)C(=O)O,150.0,150.0,211.21699999999998,3.1486376108149488,PubChem_only,PubChem,False,True,1,150.0,150.0,150.0,150.0,38249,1,15,"C,N,O"
C[C@]1(O)CC[C@H]2[C@@H]3CCC4=CC(=O)CC[C@]4(C)[C@@]3(F)[C@@H](O)C[C@@]21C,2350.0,2350.0,336.44700000000006,2.155848797906653,PubChem_only,PubChem,False,True,1,2350.0,2350.0,2350.0,2350.0,36224,1,24,"C,F,O"
C[C@]12C=C(C=O)C(=O)C=C1CC[C@@H]1[C@@H]2[C@H](O)C[C@@]2(C)[C@H]1CC[C@]2(C)O,187.0,187.0,344.45100000000014,3.265285843384449,PubChem_only,PubChem,False,True,1,187.0,187.0,187.0,187.0,37569,1,25,"C,O"
C[C@]12C=CC(=O)C=C1CC[C@@H]1[C@@H]2C(=O)C[C@@]2(C)[C@H]1CC[C@]2(O)C(=O)CO,135.0,135.0,358.43400000000014,3.4240754303523144,PubChem_only,PubChem,False,True,1,135.0,135.0,135.0,135.0,36045,1,26,"C,O"
C[C@]12C=CC(=O)C=C1CC[C@@H]1[C@@H]2[C@@H](O)C[C@@]2(C)[C@H]1CC[C@]2(O)C(=O)CO,65.0,65.0,360.4500000000002,3.743931673216726,PubChem_only,PubChem,False,True,1,65.0,65.0,65.0,65.0,36004,1,26,"C,O"
C[C@]12CCC(=O)C=C1CC[C@@H]1[C@@H]2CC[C@@]2(C)[C@H]1CC[C@@]21CCC(=O)O1,490.0,490.0,342.47900000000016,2.8444378667087533,PubChem_only,PubChem,False,True,1,490.0,490.0,490.0,490.0,39128,1,25,"C,O"
C[C@]12CCC(=O)C=C1CC[C@@H]1[C@@H]2CC[C@@]2(C)[C@H]1CC[C@]2(C)O,400.0,400.0,302.458,2.8786050847361264,PubChem_only,PubChem,False,True,1,400.0,400.0,400.0,400.0,36097,1,22,"C,O"
C[C@]12CCC(=O)C=C1CC[C@@H]1[C@@H]2[C@@H](O)C[C@@]2(C)[C@H]1CC[C@]2(O)C(=O)COP(=O)(O)O,740.0,740.0,442.4450000000002,2.7766275718427993,PubChem_only,PubChem,False,True,1,740.0,740.0,740.0,740.0,39601,3,30,"C,O,P"
C[C@]12CCC(=O)C=C1CC[C@H]1[C@@H]3CC[C@](O)(C(=O)CO)[C@@]3(C)C[C@H](O)[C@@]12F,170.0,170.0,380.45600000000013,3.349855516174722,PubChem_only,PubChem,False,True,1,170.0,170.0,170.0,170.0,38126,1,27,"C,F,O"
C[C@]12CCC(=O)C[C@@H]1CC[C@@H]1[C@@H]2CC[C@@]2(C)[C@H]1CC[C@]2(C)O,1240.0,1240.0,304.47400000000005,2.390128527607543,PubChem_only,PubChem,False,True,1,1240.0,1240.0,1240.0,1240.0,36993,1,22,"C,O"
C[C@]12CC[C@H](O)C[C@H]1CC[C@@H]1[C@@H]2CC[C@]2(C)[C@@H](c3ccc(=O)oc3)C[C@H]3O[C@]132,14.0,14.0,384.51600000000013,4.438786380155279,PubChem_only,PubChem,False,True,1,14.0,14.0,14.0,14.0,40285,1,28,"C,O"
C[C@]12CC[C@H]3[C@@H](CC[C@@]45O[C@@H]4C(O)=C(C#N)C[C@]35C)[C@@H]1CC[C@@H]2O,1205.0,1205.0,329.44000000000005,2.436789282363069,PubChem_only,PubChem,False,True,1,1205.0,1205.0,1205.0,1205.0,39730,1,24,"C,N,O"
C[C@]12COC(=O)C[C@@H]1CC[C@@H]1[C@@H]2CC[C@@]2(C)[C@H]1CC[C@]2(C)O,922.0,922.0,306.446,2.521623035881799,PubChem_only,PubChem,False,True,1,922.0,922.0,922.0,922.0,36047,1,22,"C,O"
C[C@]12Cc3nonc3C[C@@H]1CC[C@@H]1[C@@H]2CC[C@@]2(C)[C@H]1CC[C@]2(C)O,494.0,494.0,330.4720000000001,2.825407719858281,PubChem_only,PubChem,False,True,1,494.0,494.0,494.0,494.0,37403,1,24,"C,N,O"
C[N+](C)(C)CCCCCCCCCC[N+](C)(C)C,0.9,0.9,258.4939999999999,5.458207957537511,PubChem_only,PubChem,False,True,1,0.9,0.9,0.9,0.9,37038,3,18,"C,N"
C[N+](C)(C)CCOC(=O)CCC(=O)OCC[N+](C)(C)C,1.695,1.695,290.404,5.233832891465414,PubChem_only,PubChem,False,True,2,1.25,2.14,1.695,1.695,35914;37808,3,20,"C,N,O"
C[N+](C)(C)C[C@H](O)CC(=O)O,1690.0,1690.0,162.20899999999997,1.9821882423138766,PubChem_only,PubChem,False,True,1,1690.0,1690.0,1690.0,1690.0,39737,2,11,"C,N,O"
C[N+](C)(C)C[C@H](O)CC(=O)[O-],750.0,750.0,161.20099999999996,2.332306468203518,PubChem_only,PubChem,False,True,1,750.0,750.0,750.0,750.0,37037,1,11,"C,N,O"
C[N+](C)([O-])CCC=C1c2ccccc2CCc2ccccc21,320.0,320.0,293.41,2.962324933064693,PubChem_only,PubChem,False,True,1,320.0,320.0,320.0,320.0,37720,1,22,"C,N,O"
C[N+]1(C)CCC(=C(c2ccccc2)c2ccccc2)CC1,47.0,47.0,278.4190000000001,3.77260101134187,PubChem_only,PubChem,False,True,1,47.0,47.0,47.0,47.0,36137,2,21,"C,N"
C[N+]1(C)CCC(OC(=O)C(O)(c2ccccc2)C2CCCC2)C1,90.0,90.0,318.43700000000024,3.5487810143318703,PubChem_only,PubChem,False,True,1,90.0,90.0,90.0,90.0,37122,2,23,"C,N,O"
C[N+]1(C)CCCC(OC(=O)C(O)(c2ccccc2)c2ccccc2)C1,88.0,88.0,340.4430000000001,3.5875617367339183,PubChem_only,PubChem,False,True,1,88.0,88.0,88.0,88.0,36225,2,25,"C,N,O"
C[N+]1(C)CCCCC1COC(=O)C(O)(c1ccccc1)c1ccccc1,112.0,112.0,354.47,3.5003614625871866,PubChem_only,PubChem,False,True,1,112.0,112.0,112.0,112.0,38138,2,26,"C,N,O"
C[N+]1(C)[C@@H]2CC(OC(=O)[C@H](CO)c3ccccc3)C[C@H]1[C@@H]1O[C@@H]12,150.0,150.0,318.3930000000001,3.3268722519735445,PubChem_only,PubChem,False,True,1,150.0,150.0,150.0,150.0,40149,2,23,"C,N,O"
C[N+]12CCC(CC1)C(OC(=O)C(O)(c1ccccc1)c1ccccc1)C2,54.0,54.0,352.45400000000006,3.8147086839164195,PubChem_only,PubChem,False,True,1,54.0,54.0,54.0,54.0,37660,2,26,"C,N,O"
Cc1[nH]c2ccccc2[n+]1Cc1ccc(Cl)cc1,90.0,90.0,257.74399999999997,3.456946054730697,PubChem_only,PubChem,False,True,1,90.0,90.0,90.0,90.0,40347,2,18,"C,Cl,N"
Cc1[nH]cnc1CCN,995.5,995.5,125.17500000000001,2.0994763357075183,PubChem_only,PubChem,False,True,2,991.0,1000.0,995.5,995.5,38217;39518,3,9,"C,N"
Cc1c(N)nc([C@H](CC(N)=O)NC[C@H](N)C(N)=O)nc1C(=O)N[C@H](C(=O)N[C@H](C)[C@@H](O)[C@H](C)C(=O)N[C@H](C(=O)NCCc1nc(-c2nc(C(=O)NCCC[S+](C)C)cs2)cs1)[C@@H](C)O)[C@@H](OC1OC(CO)C(O)C(O)C1OC1OC(CO)C(O)C(OC(N)=O)C1O)c1cnc[nH]1,35.0,35.0,1415.5760000000005,4.606865146549419,PubChem_only,PubChem,False,True,2,35.0,35.0,35.0,35.0,40119;40120,1,96,"C,N,O,S"
Cc1c2oc3c(C)ccc(C(=O)N[C@@H]4C(=O)N[C@H](C(C)C)C(=O)N5CCC[C@H]5C(=O)N(C)CC(=O)N(C)[C@@H](C(C)C)C(=O)O[C@@H]4C)c3nc-2c(C(=O)N[C@@H]2C(=O)N[C@H](C(C)C)C(=O)N3CCC[C@H]3C(=O)N(C)CC(=O)N(C)[C@@H](C(C)C)C(=O)O[C@@H]2C)c(N)c1=O,0.75,0.75,1255.4379999999994,6.223734006486596,PubChem_only,PubChem,False,True,1,0.75,0.75,0.75,0.75,39674,1,90,"C,N,O"
Cc1cc(-c2ccc(N=Nc3ccc4c(S(=O)(=O)O)cc(S(=O)(=O)O)c(N)c4c3O)c(C)c2)ccc1N=Nc1ccc2c(S(=O)(=O)O)cc(S(=O)(=O)O)c(N)c2c1O,340.0,340.0,872.8940000000001,3.4094825912565394,PubChem_only,PubChem,False,True,1,340.0,340.0,340.0,340.0,39679,5,58,"C,N,O,S"
Cc1cc(C(=C2C=CC(=O)C=C2)c2ccc(O)cc2)ccc1O,49.0,49.0,304.345,3.793170091214952,PubChem_only,PubChem,False,True,1,49.0,49.0,49.0,49.0,39196,1,23,"C,O"
Cc1cc(C(=O)NNCc2ccccc2)no1,138.0,138.0,231.25500000000002,3.22421204505928,PubChem_only,PubChem,False,True,1,138.0,138.0,138.0,138.0,35709,1,17,"C,N,O"
Cc1cc(C)cc(OCC2CNC(=O)O2)c1,490.0,490.0,221.256,2.654698976659133,PubChem_only,PubChem,False,True,1,490.0,490.0,490.0,490.0,37460,1,16,"C,N,O"
Cc1cc(C2CCCCC2)n(O)c(=O)c1,83.0,83.0,207.273,3.3974646409058864,PubChem_only,PubChem,False,True,1,83.0,83.0,83.0,83.0,38251,2,15,"C,N,O"
Cc1cc(Cl)ccc1N=CN(C)C,85.5,85.5,196.68099999999998,3.3617962930116607,PubChem_only,PubChem,False,True,1,85.5,85.5,85.5,85.5,40374,2,13,"C,Cl,N"
Cc1cc(N)c2ccccc2[n+]1CCCCCCCCCC[n+]1c(C)cc(N)c2ccccc21,19.65,19.65,456.6780000000002,4.366247535702788,PubChem_only,PubChem,False,True,2,18.3,21.0,19.65,19.65,36997;39220,3,34,"C,N"
Cc1cc(O)c2c(c1O)C(=O)[C@]13C(=C2O)C(=O)[C@@H]2[C@H](O)[C@H]1[C@@H]1[C@@H](O)[C@H]3C(=O)C3=C(O)c4c(O)cc(C)c(O)c4C(=O)[C@]312,41.0,41.0,574.4940000000001,4.146501640568278,PubChem_only,PubChem,False,True,1,41.0,41.0,41.0,41.0,40552,1,42,"C,O"
Cc1cc[n+]([O-])cc1,1242.0,1242.0,109.12799999999999,1.9438146000761527,PubChem_only,PubChem,False,True,1,1242.0,1242.0,1242.0,1242.0,37341,1,8,"C,N,O"
Cc1ccc(/C=C/C#N)cc1,760.0,760.0,143.18900000000002,2.275096063800028,PubChem_only,PubChem,False,True,1,760.0,760.0,760.0,760.0,40158,1,11,"C,N"
Cc1ccc(O[C@@H]2O[C@H](CO)[C@@H](O)[C@H](O)[C@H]2O)cc1,1280.0,1280.0,270.281,2.324605547433834,PubChem_only,PubChem,False,True,1,1280.0,1280.0,1280.0,1280.0,38954,1,19,"C,O"
Cc1ccc([P+](=O)O)cc1,125.0,125.0,155.11300000000003,3.0937381844939438,PubChem_only,PubChem,False,True,1,125.0,125.0,125.0,125.0,40209,1,10,"C,O,P"
Cc1ccc[n+]([O-])c1,1689.0,1689.0,109.128,1.8103065463457055,PubChem_only,PubChem,False,True,1,1689.0,1689.0,1689.0,1689.0,37342,1,8,"C,N,O"
Cc1cccc(CN2CCNCC2)c1,100.0,100.0,190.29,3.279415966117126,PubChem_only,PubChem,False,True,1,100.0,100.0,100.0,100.0,38863,1,14,"C,N"
Cc1cccc(N)c1N,286.0,286.0,122.17100000000002,2.6306020955708327,PubChem_only,PubChem,False,True,1,286.0,286.0,286.0,286.0,37598,1,9,"C,N"
Cc1ccccc1N=C(N)Nc1ccccc1C,25.0,25.0,239.322,3.9810426148867997,PubChem_only,PubChem,False,True,1,25.0,25.0,25.0,25.0,36414,1,18,"C,N"
Cc1cn([C@H]2C[C@H](O)[C@@H](CO)O2)c(=O)[nH]c1=O,2512.0,2512.0,242.23099999999997,1.9842100870094914,PubChem_only,PubChem,False,True,1,2512.0,2512.0,2512.0,2512.0,36016,1,17,"C,N,O"
Cc1cnc[nH]c1=O,213.0,213.0,110.11599999999999,2.713470823678859,PubChem_only,PubChem,False,True,1,213.0,213.0,213.0,213.0,39458,1,8,"C,N,O"
Cc1cnccn1,1820.0,1820.0,94.11699999999999,1.7135966875077493,PubChem_only,PubChem,False,True,1,1820.0,1820.0,1820.0,1820.0,36567,1,7,"C,N"
Cc1ncc(CO)c(CO)c1O,966.0,966.0,169.18,2.2433718942081438,PubChem_only,PubChem,False,True,1,966.0,966.0,966.0,966.0,35399,1,12,"C,N,O"
Cc1ncc(C[n+]2csc(CCO)c2C)c(N)n1,293.5,293.5,265.36199999999997,2.9562306261629847,PubChem_only,PubChem,False,True,2,200.0,387.0,293.5,293.5,36157;37012,3,18,"C,N,O,S"
Cc1ncc([N+](=O)[O-])n1CCO,870.0,870.0,171.15599999999998,2.2938728756359805,PubChem_only,PubChem,False,True,1,870.0,870.0,870.0,870.0,35770,1,12,"C,N,O"
Cc1nnc2n1-c1ccc(Cl)cc1C(c1ccccc1)=NC2,380.0,380.0,308.77200000000005,2.9098543142281286,PubChem_only,PubChem,False,True,1,380.0,380.0,380.0,380.0,35453,1,22,"C,Cl,N"
Cc1nnc2n1-c1ccc(Cl)cc1C(c1ccccc1Cl)=NC2,1625.0,1625.0,343.21700000000004,2.3247154255848055,PubChem_only,PubChem,False,True,1,1625.0,1625.0,1625.0,1625.0,35967,1,23,"C,Cl,N"
Cc1oncc1C(=O)Nc1ccc(C(F)(F)F)cc1,185.0,185.0,270.21,3.164529689060406,PubChem_only,PubChem,False,True,1,185.0,185.0,185.0,185.0,35725,1,19,"C,F,N,O"
Cl/C=C/Cl,3952.0,3952.0,96.94400000000002,1.389703999236864,PubChem_only,PubChem,False,True,1,3952.0,3952.0,3952.0,3952.0,39718,1,4,"C,Cl"
ClC1=C(Cl)[C@]2(Cl)[C@@H]3[C@H]4C[C@H]([C@@H]5O[C@H]45)[C@@H]3[C@@]1(Cl)C2(Cl)Cl,5.0,5.0,380.913,4.881855790409259,PubChem_only,PubChem,False,True,1,5.0,5.0,5.0,5.0,40375,1,19,"C,Cl,O"
ClC1=C(Cl)[C@]2(Cl)[C@H]3[C@H]([C@@H]4C=C[C@H]3C4)[C@@]1(Cl)C2(Cl)Cl,50.0,50.0,364.914,3.8632205211445863,PubChem_only,PubChem,False,True,1,50.0,50.0,50.0,50.0,40373,1,18,"C,Cl"
ClCC1CO1,170.0,170.0,92.525,2.7358101723888755,PubChem_only,PubChem,False,True,1,170.0,170.0,170.0,170.0,36518,1,5,"C,Cl,O"
ClCCN(Cc1ccccc1)Cc1ccccc1,75.0,75.0,259.78000000000003,3.5395444490728494,PubChem_only,PubChem,False,True,1,75.0,75.0,75.0,75.0,36070,2,18,"C,Cl,N"
Clc1cc(Cl)c(OCC#CI)cc1Cl,89.0,89.0,361.39300000000003,3.60858972959656,PubChem_only,PubChem,False,True,1,89.0,89.0,89.0,89.0,35674,1,14,"C,Cl,I,O"
Clc1ccc(C(Cn2ccnc2)OCc2ccsc2Cl)c(Cl)c1,508.0,508.0,387.71900000000005,2.882653371655893,PubChem_only,PubChem,False,True,1,508.0,508.0,508.0,508.0,35952,1,23,"C,Cl,N,O,S"
Clc1ccc(CO/N=C(\Cn2ccnc2)c2ccc(Cl)cc2Cl)c(Cl)c1,595.0,595.0,429.1340000000001,2.858075959028822,PubChem_only,PubChem,False,True,1,595.0,595.0,595.0,595.0,40293,2,26,"C,Cl,N,O"
Clc1ccc(COC(Cn2ccnc2)c2ccc(Cl)cc2Cl)c(Cl)c1,350.0,350.0,416.1350000000001,3.0751662003242393,PubChem_only,PubChem,False,True,2,220.0,480.0,350.0,350.0,35773;38623,2,25,"C,Cl,N,O"
Clc1ccc(COC(Cn2ccnc2)c2ccc(Cl)cc2Cl)cc1,180.0,180.0,381.69000000000005,3.3264382767957286,PubChem_only,PubChem,False,True,1,180.0,180.0,180.0,180.0,38624,2,24,"C,Cl,N,O"
Clc1ccc(CSC(Cn2ccnc2)c2ccc(Cl)cc2Cl)cc1,810.0,810.0,397.75800000000015,2.691133904376275,PubChem_only,PubChem,False,True,1,810.0,810.0,810.0,810.0,38511,2,24,"C,Cl,N,S"
Clc1ccc(OC[C@H]2CCN2)cn1,3.794,3.794,198.653,4.718997801477589,PubChem_only,PubChem,False,True,1,3.794,3.794,3.794,3.794,39942,1,13,"C,Cl,N,O"
Clc1ccc2c(c1)C(c1ccccc1)=NCc1nncn1-2,438.0,438.0,294.745,2.8279723360337563,PubChem_only,PubChem,False,True,1,438.0,438.0,438.0,438.0,35615,1,21,"C,Cl,N"
Clc1ccccc1C(c1ccccc1)(c1ccccc1)n1ccnc1,108.0,108.0,344.845,3.5042001779316694,PubChem_only,PubChem,False,True,1,108.0,108.0,108.0,108.0,35557,1,25,"C,Cl,N"
Cn1c(=O)c2[nH]cnc2n(C)c1=O,70.0,70.0,180.16699999999997,3.410577207059721,PubChem_only,PubChem,False,True,1,70.0,70.0,70.0,70.0,35459,1,13,"C,N,O"
Cn1c(=O)c2c(ncn2C)n(C)c1=O,168.0,168.0,194.194,3.062926525683682,PubChem_only,PubChem,False,True,1,168.0,168.0,168.0,168.0,35517,1,14,"C,N,O"
Cn1c(=O)c2c(ncn2CC(O)CO)n(C)c1=O,195.0,195.0,254.24599999999998,3.115219517620296,PubChem_only,PubChem,False,True,1,195.0,195.0,195.0,195.0,35607,1,18,"C,N,O"
Cn1c(=O)c2n[nH]nc2n(C)c1=O,515.0,515.0,181.155,2.546243096314969,PubChem_only,PubChem,False,True,1,515.0,515.0,515.0,515.0,39069,1,13,"C,N,O"
Cn1c2ncnc-2c(O)n(C)c1=O,184.0,184.0,180.16699999999997,2.9908574240644414,PubChem_only,PubChem,False,True,1,184.0,184.0,184.0,184.0,40334,4,13,"C,N,O"
Cn1cnc([N+](=O)[O-])c1Sc1ncnc2nc[nH]c12,273.0,273.0,277.269,3.006738669051595,PubChem_only,PubChem,False,True,1,273.0,273.0,273.0,273.0,35485,1,19,"C,N,O,S"
FC(F)(F)c1nc2c(Cl)c(Cl)ccc2[nH]1,14.0,14.0,255.026,4.260456423504405,PubChem_only,PubChem,False,True,1,14.0,14.0,14.0,14.0,37668,1,15,"C,Cl,F,N"
Fc1ccc(C(c2ccc(F)cc2)N2CCN(C/C=C/c3ccccc3)CC2)cc1,379.0,379.0,404.5040000000001,3.0282836105892135,PubChem_only,PubChem,False,True,1,379.0,379.0,379.0,379.0,40042,3,30,"C,F,N"
Fc1ccccc1C1=NCC(=S)N(CC(F)(F)F)c2ccc(Cl)cc21,845.0,845.0,386.8010000000001,2.6606308792480364,PubChem_only,PubChem,False,True,1,845.0,845.0,845.0,845.0,35890,1,25,"C,Cl,F,N,S"
N#C/C(=C/c1ccccc1)c1ccccc1,100.0,100.0,205.26,3.3123043245687063,PubChem_only,PubChem,False,True,1,100.0,100.0,100.0,100.0,39793,1,16,"C,N"
N#C/C(=C1/SCC(c2ccccc2Cl)S1)n1ccnc1,1743.0,1743.0,319.84200000000004,2.2636381053539187,PubChem_only,PubChem,False,True,1,1743.0,1743.0,1743.0,1743.0,39857,1,20,"C,Cl,N,S"
N#C/C=C/C#N,38.0,38.0,78.07400000000001,3.3127228337204158,PubChem_only,PubChem,False,True,1,38.0,38.0,38.0,38.0,39711,1,6,"C,N"
N#C/C=C/c1ccc(C(=O)O)cc1,645.0,645.0,173.171,2.4289154502141566,PubChem_only,PubChem,False,True,1,645.0,645.0,645.0,645.0,40201,1,13,"C,N,O"
N#C/C=C/c1ccc(Cl)cc1,78.0,78.0,163.607,3.3217072785295256,PubChem_only,PubChem,False,True,1,78.0,78.0,78.0,78.0,40133,1,11,"C,Cl,N"
N#[N+]c1ccc2c(S(=O)(=O)Cl)cccc2c1[O-],200.0,200.0,268.681,3.1282069603601492,PubChem_only,PubChem,False,True,1,200.0,200.0,200.0,200.0,39146,1,17,"C,Cl,N,O,S"
N=C(N)c1ccc(/C=C/c2ccc(C(=N)N)cc2)cc1,115.0,115.0,264.332,3.361451901598291,PubChem_only,PubChem,False,True,1,115.0,115.0,115.0,115.0,40099,1,20,"C,N"
N=Nc1c(O)[nH]c2ccccc12,873.0,873.0,161.164,2.2662537940897574,PubChem_only,PubChem,False,True,1,873.0,873.0,873.0,873.0,37553,1,12,"C,N,O"
N=c1ccn2c(n1)O[C@H]1[C@H](O)[C@@H](CO)O[C@H]12,2528.0,2528.0,225.204,1.9497990304344137,PubChem_only,PubChem,False,True,1,2528.0,2528.0,2528.0,2528.0,37935,2,16,"C,N,O"
N=c1nc2n3c(nc(N)nc3n1)NC(N)=N2,1998.0,1998.0,218.18400000000003,2.038227415586522,PubChem_only,PubChem,False,True,1,1998.0,1998.0,1998.0,1998.0,38769,1,16,"C,N"
NC(=Nc1ccccc1)Nc1ccccc1,25.0,25.0,211.26799999999997,3.9268937123468444,PubChem_only,PubChem,False,True,1,25.0,25.0,25.0,25.0,36472,1,16,"C,N"
NC(=O)CC[C@H](NC(=O)Cc1ccccc1)C(=O)O,1400.0,1400.0,264.281,2.2759379057668823,PubChem_only,PubChem,False,True,1,1400.0,1400.0,1400.0,1400.0,39003,1,19,"C,N,O"
NC(=O)N(CC(=O)O)/N=C/c1ccc([N+](=O)[O-])o1,820.0,820.0,256.174,2.494721197187616,PubChem_only,PubChem,False,True,1,820.0,820.0,820.0,820.0,40305,1,18,"C,N,O"
NC(=O)N/N=C/c1ccc([N+](=O)[O-])o1,96.0,96.0,198.13799999999998,3.3146965418814855,PubChem_only,PubChem,False,True,1,96.0,96.0,96.0,96.0,40144,1,14,"C,N,O"
NC(=O)N1c2ccccc2C=Cc2ccccc21,114.0,114.0,236.274,3.3165110824085353,PubChem_only,PubChem,False,True,1,114.0,114.0,114.0,114.0,35520,1,18,"C,N,O"
NC(=O)NC(=O)/C=C\C(=O)O,700.0,700.0,158.11299999999997,2.3538695389385675,PubChem_only,PubChem,False,True,1,700.0,700.0,700.0,700.0,40107,1,11,"C,N,O"
NC(=O)NC(=O)Cc1ccccc1,1550.0,1550.0,178.191,2.0605540669119127,PubChem_only,PubChem,False,True,1,1550.0,1550.0,1550.0,1550.0,35837,1,13,"C,N,O"
NC(=O)NC1CCCCC1,1370.0,1370.0,142.20199999999997,2.016185137414947,PubChem_only,PubChem,False,True,1,1370.0,1370.0,1370.0,1370.0,38641,1,10,"C,N,O"
NC(=O)SC[C@H](N)C(=O)O,1070.0,1070.0,164.186,2.185952344757392,PubChem_only,PubChem,False,True,1,1070.0,1070.0,1070.0,1070.0,39281,1,10,"C,N,O,S"
NC(=O)c1ccc[n+]([C@@H]2O[C@H](COP(=O)([O-])OP(=O)(O)OC[C@H]3O[C@@H](n4cnc5c(N)ncnc54)[C@H](O)[C@@H]3O)[C@@H](O)[C@H]2O)c1,4333.0,4333.0,663.4300000000004,2.185006417190201,PubChem_only,PubChem,False,True,1,4333.0,4333.0,4333.0,4333.0,36050,1,44,"C,N,O,P"
NC(=O)c1ccc[n+]([C@@H]2O[C@H](COP(=O)([O-])OP(=O)(O)OC[C@H]3O[C@@H](n4cnc5c(N)ncnc54)[C@H](OP(=O)(O)O)[C@@H]3O)[C@@H](O)[C@H]2O)c1,3166.0,3166.0,743.4090000000006,2.370716904003988,PubChem_only,PubChem,False,True,1,3166.0,3166.0,3166.0,3166.0,36049,1,48,"C,N,O,P"
NC(=O)c1ccccc1O,180.0,180.0,137.13799999999998,2.881885306386722,PubChem_only,PubChem,False,True,1,180.0,180.0,180.0,180.0,35897,1,10,"C,N,O"
NC(=O)c1cccnc1,2050.0,2050.0,122.12699999999997,1.7750578279073215,PubChem_only,PubChem,False,True,1,2050.0,2050.0,2050.0,2050.0,35377,1,9,"C,N,O"
NC(=O)c1cnccn1,1680.0,1680.0,123.11499999999998,1.8650016876990594,PubChem_only,PubChem,False,True,1,1680.0,1680.0,1680.0,1680.0,35395,1,9,"C,N,O"
NC(=O)c1ncn([C@@H]2O[C@H](CO)[C@@H](O)[C@H]2O)c1O,5000.0,5000.0,259.218,1.7146951511544073,PubChem_only,PubChem,False,True,1,5000.0,5000.0,5000.0,5000.0,39139,1,18,"C,N,O"
NC(=O)c1ncn([C@@H]2O[C@H](CO)[C@@H](O)[C@H]2O)n1,1300.0,1300.0,244.20700000000002,2.273814756187377,PubChem_only,PubChem,False,True,1,1300.0,1300.0,1300.0,1300.0,38220,1,17,"C,N,O"
NC(=S)N[C@@H]1c2ccccc2CC[C@H]1O,680.0,680.0,222.31299999999996,2.514455946588294,PubChem_only,PubChem,False,True,1,680.0,680.0,680.0,680.0,40404,1,15,"C,N,O,S"
NC(=S)N[C@@H]1c2ccccc2C[C@H]1O,680.0,680.0,208.28599999999997,2.486151167001084,PubChem_only,PubChem,False,True,1,680.0,680.0,680.0,680.0,39941,1,14,"C,N,O,S"
NC(N)=N/N=C/c1c(Cl)cccc1Cl,75.0,75.0,231.086,3.488712371802163,PubChem_only,PubChem,False,True,1,75.0,75.0,75.0,75.0,40178,2,14,"C,Cl,N"
NC(N)=NC(N)=NCCc1ccccc1,145.0,145.0,205.26500000000001,3.150946901335788,PubChem_only,PubChem,False,True,2,140.0,150.0,145.0,145.0,36637;37289,2,15,"C,N"
NC(N)=NC(N)=Nc1ccccc1,243.0,243.0,177.211,2.862884402705707,PubChem_only,PubChem,False,True,1,243.0,243.0,243.0,243.0,36072,2,13,"C,N"
NC(N)=NCCN1CCCCCCC1,140.0,140.0,198.31399999999994,3.1512253386789966,PubChem_only,PubChem,False,True,2,100.0,180.0,140.0,140.0,35670;38938,2,14,"C,N"
NC(N)=NCc1ccccc1,100.0,100.0,149.19699999999997,3.1737600905860828,PubChem_only,PubChem,False,True,1,100.0,100.0,100.0,100.0,37538,1,11,"C,N"
NC(N)=NN=C(C=Cc1ccc([N+](=O)[O-])o1)C=Cc1ccc([N+](=O)[O-])o1,300.0,300.0,360.2860000000001,3.0795261319078304,PubChem_only,PubChem,False,True,1,300.0,300.0,300.0,300.0,37275,1,26,"C,N,O"
NC/C=C/c1ccccc1,230.0,230.0,133.194,2.762756825561572,PubChem_only,PubChem,False,True,1,230.0,230.0,230.0,230.0,40261,2,10,"C,N"
NC1CCC(c2ccccc2)CC1,59.0,59.0,175.27499999999995,3.472867964141783,PubChem_only,PubChem,False,True,1,59.0,59.0,59.0,59.0,38075,1,13,"C,N"
NC1CCc2ccccc2C1,110.0,110.0,147.22099999999995,3.126577078196687,PubChem_only,PubChem,False,True,1,110.0,110.0,110.0,110.0,40387,2,11,"C,N"
NC1CONC1=O,3200.0,3200.0,102.09299999999999,1.5038459874144896,PubChem_only,PubChem,False,True,1,3200.0,3200.0,3200.0,3200.0,35338,1,7,"C,N,O"
NC1CS(=O)(=O)CC1O,140.0,140.0,151.187,3.033386413747601,PubChem_only,PubChem,False,True,1,140.0,140.0,140.0,140.0,39560,1,9,"C,N,O,S"
NCC(=O)O,4450.0,4450.0,75.067,1.2270890489579227,PubChem_only,PubChem,False,True,1,4450.0,4450.0,4450.0,4450.0,35354,1,5,"C,N,O"
NCC1CCCO1,200.0,200.0,101.149,2.7039315978528404,PubChem_only,PubChem,False,True,1,200.0,200.0,200.0,200.0,39549,1,7,"C,N,O"
NCC[C@H](O)C(=O)N[C@@H]1C[C@H](N)[C@@H](O[C@H]2O[C@H](CN)[C@@H](O)[C@H](O)[C@H]2N)[C@H](O[C@@H]2O[C@H](CO)[C@H](O)[C@H]2O)[C@H]1O,2198.0,2198.0,555.5820000000003,2.4027204787345733,PubChem_only,PubChem,False,True,1,2198.0,2198.0,2198.0,2198.0,40370,1,38,"C,N,O"
NCC[C@H](O)C(=O)N[C@@H]1C[C@H](N)[C@@H](O[C@H]2O[C@H](CN)[C@@H](O)[C@H](O)[C@H]2O)[C@H](O)[C@H]1O[C@H]1O[C@H](CO)[C@@H](O)[C@H](N)[C@H]1O,1840.0,1840.0,585.6080000000002,2.502789177984999,PubChem_only,PubChem,False,True,2,750.0,2930.0,1840.0,1840.0,38225;38238,3,40,"C,N,O"
NC[C@@H]1O[C@H](O[C@H]2[C@@H](O)[C@H](O[C@@H]3[C@@H](O)[C@H](N)C[C@H](N)[C@H]3O[C@H]3O[C@H](CN)[C@@H](O)[C@H](O)[C@H]3N)O[C@@H]2CO)[C@H](N)[C@@H](O)[C@@H]1O,250.0,250.0,614.6500000000003,3.3906878772855107,PubChem_only,PubChem,False,True,3,116.0,270.0,212.0,250.0,36659;36660;39364,2,42,"C,N,O"
NC[C@@H]1O[C@H](O[C@H]2[C@@H](O)[C@H](O[C@@H]3[C@@H](O)[C@H](N)C[C@H](N)[C@H]3O[C@H]3O[C@H](CO)[C@@H](O)[C@H](O)[C@H]3N)O[C@@H]2CO)[C@H](N)[C@@H](O)[C@@H]1O,750.0,750.0,615.6340000000004,2.914261333480268,PubChem_only,PubChem,False,True,1,750.0,750.0,750.0,750.0,39599,2,42,"C,N,O"
NC[C@H](O)c1ccc(O)c(O)c1,6.0,6.0,169.17999999999998,4.450197770239994,PubChem_only,PubChem,False,True,1,6.0,6.0,6.0,6.0,39575,1,12,"C,N,O"
NC[C@H]1O[C@H](O[C@H]2[C@H](O)[C@@H](O[C@H]3O[C@H](CO)[C@@H](O)[C@H](N)[C@H]3O)[C@H](N)C[C@@H]2N)[C@H](N)C[C@@H]1O,445.0,445.0,467.5200000000002,3.0214401832732714,PubChem_only,PubChem,False,True,1,445.0,445.0,445.0,445.0,38199,1,32,"C,N,O"
NC[C@H]1O[C@H](O[C@H]2[C@H](O)[C@@H](O[C@H]3O[C@H](CO)[C@@H](O)[C@H](N)[C@H]3O)[C@H](N)C[C@@H]2N)[C@H](O)[C@@H](O)[C@@H]1O,1073.5,1073.5,484.50300000000016,2.65449442173611,PubChem_only,PubChem,False,True,2,794.0,1353.0,1073.5,1073.5,36103;39598,2,33,"C,N,O"
NC[C@H]1O[C@H](O[C@H]2[C@H](O[C@@H]3O[C@H](CO)[C@@H](O)[C@H]3O)[C@@H](O)[C@H](N)C[C@@H]2N)[C@H](N)[C@@H](O)[C@@H]1O,1981.0,1981.0,454.47700000000015,2.3606274339648,PubChem_only,PubChem,False,True,1,1981.0,1981.0,1981.0,1981.0,39742,2,31,"C,N,O"
NCc1ccc(S(N)(=O)=O)cc1,2322.0,2322.0,186.236,1.904201419836445,PubChem_only,PubChem,False,True,1,2322.0,2322.0,2322.0,2322.0,37956,2,12,"C,N,O,S"
NNC(=O)C(=O)NN,200.0,200.0,118.096,2.7712051923191607,PubChem_only,PubChem,False,True,1,200.0,200.0,200.0,200.0,37338,1,8,"C,N,O"
NNC(=O)c1ccncc1,100.0,100.0,137.142,3.1371704786763175,PubChem_only,PubChem,False,True,1,100.0,100.0,100.0,100.0,35711,1,10,"C,N,O"
NNC1CCCCC1,185.0,185.0,114.19200000000001,2.7904639510098397,PubChem_only,PubChem,False,True,1,185.0,185.0,185.0,185.0,39476,2,8,"C,N"
NNCCc1ccccc1,135.0,135.0,136.19799999999998,3.0038369617297693,PubChem_only,PubChem,False,True,3,100.0,162.0,132.33333333333334,135.0,35690;38037;38393,3,10,"C,N"
NNc1nc2ccccc2s1,100.0,100.0,165.22099999999998,3.2180652464014114,PubChem_only,PubChem,False,True,1,100.0,100.0,100.0,100.0,37143,1,11,"C,N,S"
NNc1nncc2ccccc12,81.5,81.5,160.17999999999998,3.2934506805870587,PubChem_only,PubChem,False,True,2,80.0,83.0,81.5,81.5,35683;36826,2,12,"C,N"
NS(=O)(=O)Cc1noc2ccccc12,699.0,699.0,212.23000000000002,2.4823295983227567,PubChem_only,PubChem,False,True,1,699.0,699.0,699.0,699.0,35994,1,14,"C,N,O,S"
NS(=O)(=O)c1cc(Cl)c(Cl)c(S(N)(=O)=O)c1,304.0,304.0,305.16400000000004,3.001659715256284,PubChem_only,PubChem,False,True,1,304.0,304.0,304.0,304.0,35588,1,16,"C,Cl,N,O,S"
NS(=O)(=O)c1cc2c(cc1C(F)(F)F)NC(Cc1ccccc1)NS2(=O)=O,4800.0,4800.0,421.4220000000001,1.943475966485971,PubChem_only,PubChem,False,True,1,4800.0,4800.0,4800.0,4800.0,35492,1,27,"C,F,N,O,S"
NS(=O)(=O)c1cc2c(cc1Cl)NC(C(Cl)Cl)NS2(=O)=O,540.0,540.0,380.66200000000003,2.8481457652340847,PubChem_only,PubChem,False,True,1,540.0,540.0,540.0,540.0,35969,1,20,"C,Cl,N,O,S"
NS(=O)(=O)c1cc2c(cc1Cl)NC(C1CC3C=CC1C3)NS2(=O)=O,1500.0,1500.0,389.8860000000001,2.414846381795532,PubChem_only,PubChem,False,True,1,1500.0,1500.0,1500.0,1500.0,35568,1,24,"C,Cl,N,O,S"
NS(=O)(=O)c1cc2c(cc1Cl)NC=NS2(=O)=O,1400.0,1400.0,295.72900000000004,2.3247658790488517,PubChem_only,PubChem,False,True,1,1400.0,1400.0,1400.0,1400.0,35533,1,17,"C,Cl,N,O,S"
NS(=O)(=O)c1cc2c(cc1Cl)NCNS2(=O)=O,578.0,578.0,297.74500000000006,2.7119166387346487,PubChem_only,PubChem,False,True,1,578.0,578.0,578.0,578.0,35684,1,17,"C,Cl,N,O,S"
N[C@@H](C(=O)N[C@@H]1C(=O)N2C(C(=O)O)=C(Cl)CS[C@H]12)c1ccccc1,1227.0,1227.0,367.814,2.476783692917393,PubChem_only,PubChem,False,True,2,1227.0,1227.0,1227.0,1227.0,38353;38354,2,24,"C,Cl,N,O,S"
N[C@@H](C=O)[C@@H](O)[C@@H](O)[C@H](O)CO,2660.0,2660.0,179.17199999999997,1.8283885048802433,PubChem_only,PubChem,False,True,1,2660.0,2660.0,2660.0,2660.0,38787,2,12,"C,N,O"
N[C@@H](CCC(=O)N[C@@H](CS)C(=O)NCC(=O)O)C(=O)O,4020.0,4020.0,307.32800000000003,1.8833760766204257,PubChem_only,PubChem,False,True,1,4020.0,4020.0,4020.0,4020.0,39242,1,20,"C,N,O,S"
N[C@@H](CCC(=O)O)C(=O)O,1070.0,1070.0,147.13,2.1383174572861585,PubChem_only,PubChem,False,True,2,770.0,1370.0,1070.0,1070.0,38950;39394,2,10,"C,N,O"
N[C@@H](CS)C(=O)O,1325.0,1325.0,121.16099999999997,1.9611469708439973,PubChem_only,PubChem,False,True,2,1250.0,1400.0,1325.0,1325.0,36044;38385,2,7,"C,N,O,S"
N[C@@H](CSC(c1ccccc1)(c1ccccc1)c1ccccc1)C(=O)O,396.0,396.0,363.4820000000001,2.962787723095593,PubChem_only,PubChem,False,True,1,396.0,396.0,396.0,396.0,38817,1,26,"C,N,O,S"
N[C@@H](CSCC(=O)O)C(=O)O,1433.0,1433.0,179.197,2.09708454431296,PubChem_only,PubChem,False,True,1,1433.0,1433.0,1433.0,1433.0,39355,1,11,"C,N,O,S"
N[C@@H](Cc1c[nH]c2ccc(O)cc12)C(=O)O,298.0,298.0,220.22799999999998,2.868656270688578,PubChem_only,PubChem,False,True,1,298.0,298.0,298.0,298.0,39576,1,16,"C,N,O"
N[C@@H](Cc1c[nH]c2ccccc12)C(=O)O,4800.0,4800.0,204.22899999999998,1.6288761734690187,PubChem_only,PubChem,False,True,1,4800.0,4800.0,4800.0,4800.0,36198,1,15,"C,N,O"
N[C@@H](Cc1ccc(O)c(O)c1)C(=O)O,588.0,588.0,197.18999999999997,2.5255075609238915,PubChem_only,PubChem,False,True,1,588.0,588.0,588.0,588.0,36108,1,14,"C,N,O"
N[C@@H]1CONC1=O,180.0,180.0,102.09299999999999,2.7537234606310896,PubChem_only,PubChem,False,True,1,180.0,180.0,180.0,180.0,36171,1,7,"C,N,O"
N[C@@H]1C[C@H]1c1ccccc1,18.15,18.15,133.194,3.8656080322070334,PubChem_only,PubChem,False,True,2,11.3,25.0,18.15,18.15,37680;37681,1,10,"C,N"
N[C@H](CO)Cc1ccccc1,76.0,76.0,151.209,3.298764048977074,PubChem_only,PubChem,False,True,1,76.0,76.0,76.0,76.0,39658,1,11,"C,N,O"
N[C@H]1CONC1=O,1889.0,1889.0,102.09299999999999,1.732764007812562,PubChem_only,PubChem,False,True,1,1889.0,1889.0,1889.0,1889.0,39662,1,7,"C,N,O"
Nc1[nH]c(=O)ncc1F,1190.0,1190.0,129.094,2.0353590963080834,PubChem_only,PubChem,False,True,1,1190.0,1190.0,1190.0,1190.0,35645,1,9,"C,F,N,O"
Nc1ccc(S(=O)(=O)c2ccc(N)cc2)cc1,313.0,313.0,248.30700000000002,2.8994446253368387,PubChem_only,PubChem,False,True,1,313.0,313.0,313.0,313.0,35573,1,17,"C,N,O,S"
Nc1ccc(S(N)(=O)=O)cc1,5.0,5.0,172.20900000000003,4.537085840506346,PubChem_only,PubChem,False,True,1,5.0,5.0,5.0,5.0,35925,1,11,"C,N,O,S"
Nc1ccn([C@@H]2O[C@H](CO)[C@@H](O)[C@@H]2O)c(=O)n1,2302.0,2302.0,243.21900000000002,2.0238921792380307,PubChem_only,PubChem,False,True,2,825.0,3779.0,2302.0,2302.0,36180;36181,2,17,"C,N,O"
Nc1ccn([C@@H]2O[C@H](CO)[C@@H](O)[C@H]2O)c(=O)n1,2700.0,2700.0,243.21900000000002,1.9546337343728162,PubChem_only,PubChem,False,True,1,2700.0,2700.0,2700.0,2700.0,36152,1,17,"C,N,O"
Nc1n[n+]([O-])c2ccccc2[n+]1[O-],89.0,89.0,178.15099999999998,3.3013982578375916,PubChem_only,PubChem,False,True,1,89.0,89.0,89.0,89.0,40559,1,13,"C,N,O"
Nc1n[nH]c(-c2ccccc2)n1,397.0,397.0,160.17999999999998,2.6058177825639204,PubChem_only,PubChem,False,True,1,397.0,397.0,397.0,397.0,39067,1,12,"C,N"
Nc1nc(Cl)nc2c1ncn2[C@H]1C[C@H](O)[C@@H](CO)O1,150.0,150.0,285.69100000000003,3.2798053001513434,PubChem_only,PubChem,False,True,1,150.0,150.0,150.0,150.0,37718,1,19,"C,Cl,N,O"
Nc1nc(F)nc2c1ncn2[C@@H]1O[C@H](CO)[C@@H](O)[C@@H]1O,375.0,375.0,285.235,2.881171547190697,PubChem_only,PubChem,False,True,1,375.0,375.0,375.0,375.0,39747,1,20,"C,F,N,O"
Nc1nc(F)nc2c1ncn2[C@@H]1O[C@H](CO)[C@@H](O)[C@H]1O,27.04,27.04,285.235,4.023196127648817,PubChem_only,PubChem,False,True,1,27.04,27.04,27.04,27.04,36762,1,20,"C,F,N,O"
Nc1nc(N)c2nc(-c3ccccc3)c(N)nc2n1,249.0,249.0,253.26900000000003,3.007382688518556,PubChem_only,PubChem,False,True,1,249.0,249.0,249.0,249.0,35966,1,19,"C,N"
Nc1nc(N)c2nc(CNc3ccc(C(=O)N[C@@H](CCC(=O)O)C(=O)O)cc3)cnc2n1,1.9,1.9,440.42000000000024,5.365113431627577,PubChem_only,PubChem,False,True,1,1.9,1.9,1.9,1.9,39343,1,32,"C,N,O"
Nc1nc2ccc(OC(F)(F)F)cc2s1,46.0,46.0,234.20199999999994,3.7068327677877124,PubChem_only,PubChem,False,True,1,46.0,46.0,46.0,46.0,35895,1,15,"C,F,N,O,S"
Nc1ncn([C@@H]2O[C@H](CO)[C@@H](O)[C@H]2O)c(=O)n1,68.0,68.0,244.207,3.5552491957879773,PubChem_only,PubChem,False,True,1,68.0,68.0,68.0,68.0,36845,1,17,"C,N,O"
Nc1ncn([C@H]2C[C@H](O)[C@@H](CO)O2)c(=O)n1,190.0,190.0,228.20799999999997,3.07957726391007,PubChem_only,PubChem,False,True,1,190.0,190.0,190.0,190.0,39666,1,16,"C,N,O"
Nc1ncn[nH]1,200.0,200.0,84.082,2.623673037739571,PubChem_only,PubChem,False,True,1,200.0,200.0,200.0,200.0,35428,1,6,"C,N"
Nc1ncnc2[nH]ncc12,181.0,181.0,135.13,2.8730732018959584,PubChem_only,PubChem,False,True,1,181.0,181.0,181.0,181.0,38805,1,10,"C,N"
Nc1ncnc2c([C@@H]3O[C@H](CO)[C@@H](O)[C@H]3O)[nH]nc12,400.0,400.0,267.245,2.8248495972292877,PubChem_only,PubChem,False,True,1,400.0,400.0,400.0,400.0,39657,1,19,"C,N,O"
Nc1ncnc2c1ccn2[C@@H]1O[C@H](CO)[C@@H](O)[C@H]1O,6.0,6.0,266.25699999999995,4.647149783983942,PubChem_only,PubChem,False,True,1,6.0,6.0,6.0,6.0,36177,1,19,"C,N,O"
Nc1ncnc2c1ncn2C1O[C@H](C(=O)NC2CC2)[C@@H](O)[C@H]1O,2.0,2.0,320.309,5.204539145920303,PubChem_only,PubChem,False,True,1,2.0,2.0,2.0,2.0,39230,1,23,"C,N,O"
Nc1ncnc2c1ncn2[C@@H]1O[C@H](CO)[C@@H](O)[C@@H]1O,3867.0,3867.0,267.245,1.8395354164841846,PubChem_only,PubChem,False,True,2,3057.0,4677.0,3867.0,3867.0,37778;38149,2,19,"C,N,O"
Nc1ncnc2c1ncn2[C@@H]1O[C@H](CO)[C@@H](O)[C@H]1O,500.0,500.0,267.245,2.7279395842212315,PubChem_only,PubChem,False,True,1,500.0,500.0,500.0,500.0,38386,1,19,"C,N,O"
Nc1ncnc2c1ncn2[C@@H]1O[C@H](COP(=O)(O)O)[C@@H](O)[C@H]1O,4000.0,4000.0,347.224,1.9385497444948616,PubChem_only,PubChem,False,True,1,4000.0,4000.0,4000.0,4000.0,36119,1,23,"C,N,O,P"
Nc1ncnc2c1ncn2[C@@H]1O[C@H](COP(=O)(O)OP(=O)(O)O)[C@@H](O)[C@H]1O,3333.0,3333.0,427.20300000000003,2.1077989801700614,PubChem_only,PubChem,False,True,1,3333.0,3333.0,3333.0,3333.0,36100,1,27,"C,N,O,P"
O/N=C(\c1ccccc1)C(O)c1ccccc1,150.0,150.0,227.263,3.1804374762565155,PubChem_only,PubChem,False,True,1,150.0,150.0,150.0,150.0,40100,1,17,"C,N,O"
O/N=C/c1ccccn1,200.0,200.0,122.12699999999998,2.7857816932990946,PubChem_only,PubChem,False,True,1,200.0,200.0,200.0,200.0,40560,1,9,"C,N,O"
O/N=C/c1cccnc1,200.0,200.0,122.12699999999998,2.7857816932990946,PubChem_only,PubChem,False,True,1,200.0,200.0,200.0,200.0,40092,1,9,"C,N,O"
O/N=C/c1ccncc1,150.0,150.0,122.12699999999998,2.9107204299073945,PubChem_only,PubChem,False,True,1,150.0,150.0,150.0,150.0,40561,1,9,"C,N,O"
O=C(/C=C/C=C/c1ccc2c(c1)OCO2)N1CCCCC1,43.0,43.0,285.343,3.821898767376313,PubChem_only,PubChem,False,True,1,43.0,43.0,43.0,43.0,39713,1,21,"C,N,O"
O=C(/C=C/C=C/c1ccccc1)c1ccccc1,226.0,226.0,234.29800000000003,3.0156601422678677,PubChem_only,PubChem,False,True,1,226.0,226.0,226.0,226.0,39809,1,18,"C,O"
O=C(/C=C/Cl)c1ccccc1,25.0,25.0,166.607,3.823753235682694,PubChem_only,PubChem,False,True,1,25.0,25.0,25.0,25.0,40213,1,11,"C,Cl,O"
O=C(/C=C/c1ccc(O)c(O)c1)OC1[C@H](O)CC(OC(=O)/C=C/c2ccc(O)c(O)c2)(C(=O)O)C[C@H]1O,1900.0,1900.0,516.4550000000003,2.4342788854002224,PubChem_only,PubChem,False,True,1,1900.0,1900.0,1900.0,1900.0,40376,1,37,"C,O"
O=C(/C=C/c1ccccc1)c1ccccc1,681.0,681.0,208.26000000000002,2.4854587521422706,PubChem_only,PubChem,False,True,1,681.0,681.0,681.0,681.0,39707,1,16,"C,O"
O=C(/C=N/O)c1ccccc1,75.0,75.0,149.14899999999997,3.2985590824998927,PubChem_only,PubChem,False,True,1,75.0,75.0,75.0,75.0,40299,1,11,"C,N,O"
O=C(C1CCCCC1)N1CC(=O)N2CCc3ccccc3C2C1,376.0,376.0,312.41300000000007,2.919541252335211,PubChem_only,PubChem,False,True,1,376.0,376.0,376.0,376.0,35866,1,23,"C,N,O"
O=C(CBr)C(=O)CBr,9.4,9.4,243.88199999999998,4.414051894277994,PubChem_only,PubChem,False,True,1,9.4,9.4,9.4,9.4,37814,1,8,"Br,C,O"
O=C(CC1(c2ccccc2)CCCCC1)N1CCN(CCc2ccccc2)CC1,175.0,175.0,390.5710000000001,3.3486619449825468,PubChem_only,PubChem,False,True,1,175.0,175.0,175.0,175.0,40505,2,29,"C,N,O"
O=C(CCBr)N1CCN(C(=O)CCBr)CC1,285.0,285.0,356.058,3.0966758880437295,PubChem_only,PubChem,False,True,1,285.0,285.0,285.0,285.0,35854,1,16,"Br,C,N,O"
O=C(CSc1nc2ccccc2s1)N/N=C/c1cc(Br)ccc1O,1780.0,1780.0,422.3290000000001,2.375230901771831,PubChem_only,PubChem,False,True,1,1780.0,1780.0,1780.0,1780.0,40566,2,24,"Br,C,N,O,S"
O=C(N/N=C/c1c(Cl)cccc1Cl)c1cccnc1,120.0,120.0,294.141,3.3893743185230814,PubChem_only,PubChem,False,True,1,120.0,120.0,120.0,120.0,40279,1,19,"C,Cl,N,O"
O=C(NN1C(=O)/C(=C/c2ccccc2)SC1=S)c1ccncc1,400.0,400.0,341.41700000000003,2.9312251505895346,PubChem_only,PubChem,False,True,1,400.0,400.0,400.0,400.0,39795,1,23,"C,N,O,S"
O=C(NN1C(=O)/C(=C/c2ccccc2Cl)SC1=S)c1ccncc1,375.0,375.0,375.8620000000001,3.0009971526268804,PubChem_only,PubChem,False,True,1,375.0,375.0,375.0,375.0,39798,1,24,"C,Cl,N,O,S"
O=C(NNC1=NCCC1)c1ccco1,660.0,660.0,193.20600000000002,2.466476673734449,PubChem_only,PubChem,False,True,1,660.0,660.0,660.0,660.0,38367,1,14,"C,N,O"
O=C(N[C@H](CO)[C@H](O)c1ccc([N+](=O)[O-])cc1)C(Cl)Cl,1100.0,1100.0,323.13199999999995,2.4679872834916137,PubChem_only,PubChem,False,True,1,1100.0,1100.0,1100.0,1100.0,36083,1,20,"C,Cl,N,O"
O=C(Nc1ncn[nH]1)c1ccccc1O,500.0,500.0,204.18900000000002,2.6110623378811924,PubChem_only,PubChem,False,True,1,500.0,500.0,500.0,500.0,39041,1,15,"C,N,O"
O=C(O)/C=C/C(=O)O,290.0,290.0,116.07199999999999,2.602329469797578,PubChem_only,PubChem,False,True,2,100.0,480.0,290.0,290.0,39645;40232,2,8,"C,O"
O=C(O)/C=C/c1ccc(O)cc1,908.5,908.5,164.16,2.2569424117876693,PubChem_only,PubChem,False,True,2,657.0,1160.0,908.5,908.5,39702;39703,1,12,"C,O"
O=C(O)/C=C/c1ccco1,276.0,276.0,138.12199999999999,2.6993537762211997,PubChem_only,PubChem,False,True,1,276.0,276.0,276.0,276.0,39719,1,10,"C,O"
O=C(O)C(=O)CBr,72.0,72.0,166.958,3.365274737217371,PubChem_only,PubChem,False,True,1,72.0,72.0,72.0,72.0,38675,1,7,"Br,C,O"
O=C(O)C(=O)CCl,153.0,153.0,122.507,2.9034694740014646,PubChem_only,PubChem,False,True,1,153.0,153.0,153.0,153.0,39278,1,7,"C,Cl,O"
O=C(O)C1(C(=O)O)CCC1,118.0,118.0,144.12599999999998,3.086860326304351,PubChem_only,PubChem,False,True,1,118.0,118.0,118.0,118.0,40521,4,10,"C,O"
O=C(O)C1=C[C@@H](O)[C@@H](O)[C@H](O)C1,1000.0,1000.0,174.152,2.2409284663565647,PubChem_only,PubChem,False,True,1,1000.0,1000.0,1000.0,1000.0,36720,1,12,"C,O"
O=C(O)C=Cc1ccccc1,160.0,160.0,148.161,2.9666139179252946,PubChem_only,PubChem,False,True,1,160.0,160.0,160.0,160.0,36726,1,11,"C,O"
O=C(O)CCC(=O)OC[C@@H](NC(=O)C(Cl)Cl)[C@H](O)c1ccc([N+](=O)[O-])cc1,1400.0,1400.0,423.20500000000015,2.4804227543970527,PubChem_only,PubChem,False,True,1,1400.0,1400.0,1400.0,1400.0,39729,1,27,"C,Cl,N,O"
O=C(O)CCCC/C=C(\c1ccccc1)c1cccnc1,320.0,320.0,281.355,2.944104659148121,PubChem_only,PubChem,False,True,1,320.0,320.0,320.0,320.0,40058,1,21,"C,N,O"
O=C(O)CN(CC(=O)O)C1CCCCC1N(CC(=O)O)CC(=O)O,225.0,225.0,346.33600000000007,3.1873151186553916,PubChem_only,PubChem,False,True,2,150.0,300.0,225.0,225.0,36941;40568,3,24,"C,N,O"
O=C(O)CN(CCN(CC(=O)O)CC(=O)O)CCN(CC(=O)O)CC(=O)O,543.0,543.0,393.3490000000002,2.85997822082317,PubChem_only,PubChem,False,True,1,543.0,543.0,543.0,543.0,35591,1,27,"C,N,O"
O=C(O)CN(CCOCCOCCN(CC(=O)O)CC(=O)O)CC(=O)O,150.0,150.0,380.35000000000014,3.404092161535357,PubChem_only,PubChem,False,True,1,150.0,150.0,150.0,150.0,36159,1,26,"C,N,O"
O=C(O)[C@@H](S)[C@@H](S)C(=O)O,500.0,500.0,182.222,2.561630804644614,PubChem_only,PubChem,False,True,1,500.0,500.0,500.0,500.0,39823,1,10,"C,O,S"
O=C(O)[C@@H]1C[C@@H]2CC[C@H]1O2,350.0,350.0,142.154,2.608691040242394,PubChem_only,PubChem,False,True,1,350.0,350.0,350.0,350.0,39345,1,10,"C,O"
O=C(O)[C@@H]1[C@H](C(=O)O)[C@@H]2C=C[C@H]1O2,55.0,55.0,184.14700000000002,3.524801958518526,PubChem_only,PubChem,False,True,1,55.0,55.0,55.0,55.0,39336,1,13,"C,O"
O=C(O)[C@@H]1[C@H](C(=O)O)[C@H]2CC[C@@H]1O2,14.0,14.0,186.16299999999998,4.123765333273339,PubChem_only,PubChem,False,True,1,14.0,14.0,14.0,14.0,39337,1,13,"C,O"
O=C(O)[C@H]1/C(=C/CO)O[C@@H]2CC(=O)N21,1531.0,1531.0,199.16199999999998,2.114231288145383,PubChem_only,PubChem,False,True,1,1531.0,1531.0,1531.0,1531.0,39988,1,14,"C,N,O"
O=C(O)[C@H]1CCCC[C@]1(O)c1ccccc1,1210.0,1210.0,220.26800000000006,2.260166038169479,PubChem_only,PubChem,False,True,1,1210.0,1210.0,1210.0,1210.0,38628,1,16,"C,O"
O=C(O)c1cc(=O)c2ccccc2o1,585.0,585.0,190.154,2.5119495993985588,PubChem_only,PubChem,False,True,1,585.0,585.0,585.0,585.0,35542,1,14,"C,O"
O=C(O)c1cncc(Br)c1,462.0,462.0,202.007,2.640724443438519,PubChem_only,PubChem,False,True,1,462.0,462.0,462.0,462.0,38958,1,10,"Br,C,N,O"
O=C(OC1CC2CCC(C1)[N+]21CCCC1)C(O)(c1ccccc1)c1ccccc1,50.0,50.0,392.519,3.8948906794088,PubChem_only,PubChem,False,True,1,50.0,50.0,50.0,50.0,39154,2,29,"C,N,O"
O=C(OC1C[C@H]2CC[C@@H](C1)[N+]21CCCC1)C(O)(c1ccccc1)c1ccccc1,50.0,50.0,392.519,3.8948906794088,PubChem_only,PubChem,False,True,1,50.0,50.0,50.0,50.0,40070,2,29,"C,N,O"
O=C(OOC(=O)c1ccccc1)c1ccccc1,250.0,250.0,242.23000000000002,2.9862879205050135,PubChem_only,PubChem,False,True,1,250.0,250.0,250.0,250.0,36382,1,18,"C,O"
O=C(O[C@H]1CN2CCC1CC2)C(O)(c1ccccc1)c1ccccc1,103.0,103.0,337.41900000000004,3.5153323092765323,PubChem_only,PubChem,False,True,1,103.0,103.0,103.0,103.0,39759,1,25,"C,N,O"
O=C(c1ccc(F)cc1)C1CCN(CCn2c(=O)[nH]c3ccccc3c2=O)CC1,71.5,71.5,395.43400000000014,3.7427679660636866,PubChem_only,PubChem,False,True,1,71.5,71.5,71.5,71.5,40433,2,29,"C,F,N,O"
O=C(c1ccccc1)c1ccc2n1CCC2C(=O)O,225.0,225.0,255.27299999999997,3.054822364177763,PubChem_only,PubChem,False,True,1,225.0,225.0,225.0,225.0,38909,2,19,"C,N,O"
O=C/C=C(\Cl)c1ccc(Br)cc1,158.0,158.0,245.503,3.1913997165330175,PubChem_only,PubChem,False,True,1,158.0,158.0,158.0,158.0,40240,1,12,"Br,C,Cl,O"
O=C/C=C(\Cl)c1ccc(Cl)cc1,170.0,170.0,201.052,3.0728594763026034,PubChem_only,PubChem,False,True,1,170.0,170.0,170.0,170.0,40186,1,12,"C,Cl,O"
O=C/C=C(\Cl)c1ccccc1,221.0,221.0,166.607,2.8773009706696215,PubChem_only,PubChem,False,True,1,221.0,221.0,221.0,221.0,40187,1,11,"C,Cl,O"
O=C/C=C/c1ccccc1,200.0,200.0,132.16199999999998,2.820076606515652,PubChem_only,PubChem,False,True,1,200.0,200.0,200.0,200.0,39701,1,10,"C,O"
O=C1C(c2[nH]c3ccccc3c2O)=Nc2ccccc21,2200.0,2200.0,262.26800000000003,2.076322623602624,PubChem_only,PubChem,False,True,1,2200.0,2200.0,2200.0,2200.0,36942,1,20,"C,N,O"
O=C1C(c2c(O)[nH]c3ccccc23)=Nc2ccccc21,1100.0,1100.0,262.26800000000003,2.3773526192666052,PubChem_only,PubChem,False,True,1,1100.0,1100.0,1100.0,1100.0,36934,1,20,"C,N,O"
O=C1C=C2C=C[C@@H]3C[C@@]2(O1)[C@H]1CCCCN31,31.8,31.8,217.26799999999994,3.834568646617723,PubChem_only,PubChem,False,True,1,31.8,31.8,31.8,31.8,39621,1,16,"C,N,O"
O=C1CCCN1Cc1ncnn1-c1ccccc1,713.0,713.0,242.28200000000007,2.5312316201871896,PubChem_only,PubChem,False,True,1,713.0,713.0,713.0,713.0,39727,1,18,"C,N,O"
O=C1CCC[C@@H]2[C@H]3CCCN4CCC[C@@H](CN12)[C@@H]34,150.0,150.0,248.36999999999995,3.2190078782568894,PubChem_only,PubChem,False,True,1,150.0,150.0,150.0,150.0,38974,1,18,"C,N,O"
O=C1CCC[C@@H]2[C@H]3CCCN4CCC[C@H](CN12)[C@@H]34,64.3,64.3,248.36999999999995,3.586888164388349,PubChem_only,PubChem,False,True,1,64.3,64.3,64.3,64.3,39328,1,18,"C,N,O"
O=C1CCC[C@@H]2[C@H]3CCC[N@+]4([O-])CCC[C@@H](CN12)[C@@H]34,521.0,521.0,264.3689999999999,2.705372804979079,PubChem_only,PubChem,False,True,1,521.0,521.0,521.0,521.0,40473,1,19,"C,N,O"
O=C1CCC[C@@H]2[C@H]3C[C@@H](CN12)[C@@H]1CCCCN1C3,167.0,167.0,248.36999999999992,3.1723826661649874,PubChem_only,PubChem,False,True,2,159.0,175.0,167.0,167.0,38975;39221,2,18,"C,N,O"
O=C1CCO1,405.0,405.0,72.063,2.2502573147318263,PubChem_only,PubChem,False,True,1,405.0,405.0,405.0,405.0,35499,1,5,"C,O"
O=C1CC[C@@H](C(=O)N2CSC[C@H]2C(=O)O)N1,3700.0,3700.0,244.272,1.8196719641818868,PubChem_only,PubChem,False,True,1,3700.0,3700.0,3700.0,3700.0,38528,1,16,"C,N,O,S"
O=C1CCc2ccccc2O1,200.0,200.0,148.16099999999997,2.8697039049172384,PubChem_only,PubChem,False,True,1,200.0,200.0,200.0,200.0,35345,1,11,"C,O"
O=C1CN(/N=C/c2ccc([N+](=O)[O-])o2)C(=O)N1,100.0,100.0,238.15899999999996,3.376866998094019,PubChem_only,PubChem,False,True,1,100.0,100.0,100.0,100.0,40273,1,17,"C,N,O"
O=C1CN=C(c2ccccc2)c2c(sc3c2CCCC3)N1,630.0,630.0,296.395,2.6725303236366877,PubChem_only,PubChem,False,True,1,630.0,630.0,630.0,630.0,40558,1,21,"C,N,O,S"
O=C1CN=C(c2ccccc2)c2cc(Cl)ccc2N1CC1CC1,1020.0,1020.0,324.8110000000001,2.503030556807243,PubChem_only,PubChem,False,True,1,1020.0,1020.0,1020.0,1020.0,35865,1,23,"C,Cl,N,O"
O=C1C[C@@H]2OCC=C3CN4CC[C@]56c7ccccc7N1[C@H]5[C@H]2[C@H]3C[C@H]46,0.98,0.98,334.41900000000004,5.533064868196329,PubChem_only,PubChem,False,True,1,0.98,0.98,0.98,0.98,39584,1,25,"C,N,O"
O=C1N=C(O)CN1/N=C/c1ccc(-c2ccc([N+](=O)[O-])cc2)o1,534.0,534.0,314.25700000000006,2.769743703243567,PubChem_only,PubChem,False,True,1,534.0,534.0,534.0,534.0,40395,2,23,"C,N,O"
O=C1NC(=O)C(Br)=C1Br,11.0,11.0,254.86499999999998,4.364917513784837,PubChem_only,PubChem,False,True,1,11.0,11.0,11.0,11.0,37368,1,9,"Br,C,N,O"
O=C1NC(=O)C(c2ccccc2)(c2ccccc2)N1,100.0,100.0,252.27300000000002,3.401870771807764,PubChem_only,PubChem,False,True,1,100.0,100.0,100.0,100.0,35435,1,19,"C,N,O"
O=C1NC(=S)S/C1=C\c1ccc(Cl)cc1,75.0,75.0,255.75100000000003,3.5327560771103195,PubChem_only,PubChem,False,True,1,75.0,75.0,75.0,75.0,39797,1,15,"C,Cl,N,O,S"
O=C1NC(=S)S/C1=C\c1ccccc1,60.0,60.0,221.30600000000004,3.5668419382004948,PubChem_only,PubChem,False,True,1,60.0,60.0,60.0,60.0,39794,1,14,"C,N,O,S"
O=C1Nc2ccc(Cl)cc2C(c2ccccc2)=NC1O,767.0,767.0,286.718,2.5726595946245916,PubChem_only,PubChem,False,True,1,767.0,767.0,767.0,767.0,35809,1,20,"C,Cl,N,O"
O=C1Nc2ccc(Cl)cc2C(c2ccccc2Cl)=NC1O,1810.0,1810.0,321.163,2.2490469311602053,PubChem_only,PubChem,False,True,1,1810.0,1810.0,1810.0,1810.0,35730,1,21,"C,Cl,N,O"
O=C1OC(=O)[C@H]2[C@@H]1[C@@H]1CC[C@H]2O1,4.0,4.0,168.14799999999997,4.623631714731675,PubChem_only,PubChem,False,True,1,4.0,4.0,4.0,4.0,40316,1,12,"C,O"
O=C1O[C@H]([C@@H](O)CO)C(O)=C1O,821.5,821.5,176.124,2.331210972508349,PubChem_only,PubChem,False,True,2,643.0,1000.0,821.5,821.5,40465;40497,2,12,"C,O"
O=C1[C@@H]2C[C@@H](CN3CCCC[C@H]23)[C@@H]2CCCCN12,468.0,468.0,248.36999999999995,2.7248532842384465,PubChem_only,PubChem,False,True,1,468.0,468.0,468.0,468.0,39529,1,18,"C,N,O"
O=C1c2c(O)cc(O)cc2O[C@H](c2cc(O)c(O)c(O)c2)[C@H]1O,1410.0,1410.0,320.253,2.356274094074672,PubChem_only,PubChem,False,True,1,1410.0,1410.0,1410.0,1410.0,39312,1,23,"C,O"
O=C1c2c(O)cc(O)cc2O[C@H](c2ccc(O)c(O)c2)[C@H]1O,985.0,985.0,304.25399999999996,2.4898000660725543,PubChem_only,PubChem,False,True,1,985.0,985.0,985.0,985.0,39580,1,22,"C,O"
O=C1c2c(O)ccc(O)c2C(=O)c2c(NCCNCCO)ccc(NCCNCCO)c21,11.33,11.33,444.4880000000002,4.593630130799121,PubChem_only,PubChem,False,True,2,7.1,15.56,11.33,11.33,35774;38355,3,32,"C,N,O"
O=C1c2ccccc2C(=O)C1c1ccccc1,150.0,150.0,222.243,3.170736831804796,PubChem_only,PubChem,False,True,1,150.0,150.0,150.0,150.0,35840,1,17,"C,O"
O=CC1CCCO1,100.0,100.0,100.117,3.0005078275226227,PubChem_only,PubChem,False,True,1,100.0,100.0,100.0,100.0,37859,1,7,"C,O"
O=CNNc1nc(-c2ccc([N+](=O)[O-])o2)cs1,445.0,445.0,254.227,2.7568616616269717,PubChem_only,PubChem,False,True,1,445.0,445.0,445.0,445.0,39960,1,17,"C,N,O,S"
O=C[C@H](NC(=O)N(CCCl)N=O)[C@@H](O)[C@H](O)[C@H](O)CO,35.0,35.0,313.6940000000001,3.9524381677111564,PubChem_only,PubChem,False,True,1,35.0,35.0,35.0,35.0,39667,1,20,"C,Cl,N,O"
O=Ic1ccccc1C(=O)O,196.0,196.0,264.018,3.1293774654913378,PubChem_only,PubChem,False,True,1,196.0,196.0,196.0,196.0,38592,1,11,"C,I,O"
O=NC=C1C=CN(O)C=C1,829.0,829.0,138.12599999999998,2.221720904680974,PubChem_only,PubChem,False,True,1,829.0,829.0,829.0,829.0,37236,1,10,"C,N,O"
O=NN(CCCl)C(=O)NC1CCCCC1,53.0,53.0,233.69899999999996,3.644380984445648,PubChem_only,PubChem,False,True,1,53.0,53.0,53.0,53.0,35728,1,15,"C,Cl,N,O"
O=NN1CCC[C@H]1C(=O)O,203.0,203.0,144.13,2.8512583487190755,PubChem_only,PubChem,False,True,1,203.0,203.0,203.0,203.0,40337,1,10,"C,N,O"
O=NN1CCC[C@H]1c1cccnc1,1000.0,1000.0,177.20700000000002,2.2484808733147372,PubChem_only,PubChem,False,True,1,1000.0,1000.0,1000.0,1000.0,40381,1,13,"C,N,O"
O=Nc1ccc(O)c(Cl)c1,240.0,240.0,157.55599999999998,2.817223704784606,PubChem_only,PubChem,False,True,1,240.0,240.0,240.0,240.0,39109,1,10,"C,Cl,N,O"
O=Nc1ccc(O)cc1,260.0,260.0,123.11099999999996,2.6753235110195623,PubChem_only,PubChem,False,True,1,260.0,260.0,260.0,260.0,36495,1,9,"C,N,O"
O=Nc1ccc(O)cc1Br,1090.0,1090.0,202.00699999999995,2.2679399210540208,PubChem_only,PubChem,False,True,1,1090.0,1090.0,1090.0,1090.0,39110,1,10,"Br,C,N,O"
O=P(O)(O)OC1C(OP(=O)(O)O)C(OP(=O)(O)O)C(OP(=O)(O)O)C(OP(=O)(O)O)C1OP(=O)(O)O,1880.0,1880.0,660.0300000000004,2.5454058264878197,PubChem_only,PubChem,False,True,1,1880.0,1880.0,1880.0,1880.0,37669,3,36,"C,O,P"
O=P1(N(CCCl)CCCl)NCCCO1,265.0,265.0,261.089,2.9935427009120463,PubChem_only,PubChem,False,True,2,110.0,420.0,265.0,265.0,35566;35567,1,14,"C,Cl,N,O,P"
O=P1(NCCCl)OCCCN1CCCl,406.0,406.0,261.08899999999994,2.80826254127166,PubChem_only,PubChem,False,True,2,397.0,415.0,406.0,406.0,35695;35696,1,14,"C,Cl,N,O,P"
O=S(=O)(O)c1cc(S(=O)(=O)O)c2c(N=Nc3ccc(S(=O)(=O)O)c4ccccc34)c(O)ccc2c1,1600.0,1600.0,538.5370000000001,2.527095564056653,PubChem_only,PubChem,False,True,1,1600.0,1600.0,1600.0,1600.0,37592,4,35,"C,N,O,S"
O=S(=O)(O)c1ccc(N=Nc2c(O)ccc3cc(S(=O)(=O)O)ccc23)cc1,4600.0,4600.0,408.4130000000001,1.9483417257744569,PubChem_only,PubChem,False,True,1,4600.0,4600.0,4600.0,4600.0,37606,3,27,"C,N,O,S"
O=S(=O)(O)c1ccccc1,140.0,140.0,158.178,3.053018044349363,PubChem_only,PubChem,False,True,1,140.0,140.0,140.0,140.0,40409,2,10,"C,O,S"
O=[N+]([O-])OCC(CO[N+](=O)[O-])O[N+](=O)[O-],104.0,104.0,227.08499999999998,3.339155108736995,PubChem_only,PubChem,False,True,1,104.0,104.0,104.0,104.0,35795,1,15,"C,N,O"
O=[N+]([O-])O[C@@H]1CO[C@H]2[C@@H]1OC[C@@H]2O,1810.0,1810.0,191.13899999999998,2.023670734669944,PubChem_only,PubChem,False,True,1,1810.0,1810.0,1810.0,1810.0,38022,1,13,"C,N,O"
O=[N+]([O-])O[C@H]1CO[C@H]2[C@@H]1OC[C@H]2O[N+](=O)[O-],720.0,720.0,236.13599999999997,2.515829705850784,PubChem_only,PubChem,False,True,1,720.0,720.0,720.0,720.0,36315,1,16,"C,N,O"
O=[N+]([O-])c1ccc(/C=C/c2cnc(N(CO)CO)nn2)o1,1296.0,1296.0,293.239,2.3546167282763446,PubChem_only,PubChem,False,True,1,1296.0,1296.0,1296.0,1296.0,40218,1,21,"C,N,O"
O=[N+]1C=CC=CC1=C1C=CC=CN1[O-],2628.0,2628.0,188.186,1.8549619502922046,PubChem_only,PubChem,False,True,1,2628.0,2628.0,2628.0,2628.0,37838,1,14,"C,N,O"
O=c1[nH]c(=O)n([C@@H]2O[C@H](CO)[C@@H](O)[C@H]2O)cc1F,160.0,160.0,262.193,3.2145011101063994,PubChem_only,PubChem,False,True,1,160.0,160.0,160.0,160.0,36843,1,18,"C,F,N,O"
O=c1[nH]c(=O)n([C@H]2C[C@H](O)[C@@H](CO)O2)cc1/C=C/Br,1420.0,1420.0,333.13800000000003,2.3703358297342483,PubChem_only,PubChem,False,True,1,1420.0,1420.0,1420.0,1420.0,39655,1,19,"Br,C,N,O"
O=c1[nH]c(=O)n([C@H]2C[C@H](O)[C@@H](CO)O2)cc1Br,3050.0,3050.0,307.1,2.0029799770962833,PubChem_only,PubChem,False,True,1,3050.0,3050.0,3050.0,3050.0,36104,1,17,"Br,C,N,O"
O=c1[nH]c(=O)n([C@H]2C[C@H](O)[C@@H](CO)O2)cc1C(F)(F)F,1931.0,1931.0,296.20099999999996,2.185804246623718,PubChem_only,PubChem,False,True,1,1931.0,1931.0,1931.0,1931.0,36183,1,20,"C,F,N,O"
O=c1[nH]c(=O)n([C@H]2C[C@H](O)[C@@H](CO)O2)cc1F,650.0,650.0,246.194,2.578364107879965,PubChem_only,PubChem,False,True,1,650.0,650.0,650.0,650.0,36017,1,17,"C,F,N,O"
O=c1[nH]c(=O)n([C@H]2C[C@H](O)[C@@H](CO)O2)cc1I,1000.0,1000.0,354.1,2.5491259267581112,PubChem_only,PubChem,False,True,1,1000.0,1000.0,1000.0,1000.0,36059,1,17,"C,I,N,O"
O=c1[nH]c(CCl)nc2sc3c(c12)CCCC3,220.0,220.0,254.74199999999996,3.0636778733463084,PubChem_only,PubChem,False,True,1,220.0,220.0,220.0,220.0,39263,1,16,"C,Cl,N,O,S"
O=c1[nH]c2cc(Cl)ccc2o1,50.0,50.0,169.56699999999998,3.530371332308827,PubChem_only,PubChem,False,True,1,50.0,50.0,50.0,50.0,35540,1,11,"C,Cl,N,O"
O=c1[nH]c2ccccc2[nH]c1=O,200.0,200.0,162.14799999999997,2.908881600611612,PubChem_only,PubChem,False,True,1,200.0,200.0,200.0,200.0,38016,1,12,"C,N,O"
O=c1[nH]cc(F)c(=O)[nH]1,100.0,100.0,130.078,3.114203850854227,PubChem_only,PubChem,False,True,1,100.0,100.0,100.0,100.0,35651,1,9,"C,F,N,O"
O=c1[nH]cncc1-c1ccccc1,306.0,306.0,172.187,2.7502789329392647,PubChem_only,PubChem,False,True,1,306.0,306.0,306.0,306.0,39492,1,13,"C,N,O"
O=c1c(CO)c/c(=N\Nc2ccc(S(=O)(=O)O)c3ccccc23)c(=O)/c1=N/Nc1ccc(S(=O)(=O)O)c2ccccc12,220.0,220.0,608.6100000000002,3.441916403100599,PubChem_only,PubChem,False,True,1,220.0,220.0,220.0,220.0,40577,3,42,"C,N,O,S"
O=c1cc/c(=N/O)c(=O)/c1=N\O,300.0,300.0,168.108,2.7484671266150156,PubChem_only,PubChem,False,True,1,300.0,300.0,300.0,300.0,40564,1,12,"C,N,O"
O=c1ccc2cc(O[C@@H]3O[C@H](CO)[C@@H](O)[C@H](O)[C@H]3O)c(O)cc2o1,1900.0,1900.0,340.2840000000001,2.2530879282926413,PubChem_only,PubChem,False,True,1,1900.0,1900.0,1900.0,1900.0,40009,1,24,"C,O"
O=c1cccc2n1C[C@@H]1CNC[C@H]2C1,8.55,8.55,190.24599999999998,4.3473494195912314,PubChem_only,PubChem,False,True,1,8.55,8.55,8.55,8.55,36947,1,14,"C,N,O"
O=c1ccn([C@@H]2O[C@H](CO)[C@@H](O)[C@H]2O)c(=O)[nH]1,4335.0,4335.0,244.20300000000003,1.7507618930769082,PubChem_only,PubChem,False,True,1,4335.0,4335.0,4335.0,4335.0,36102,1,17,"C,N,O"
O=c1ccn([C@@H]2O[C@H](COP(=O)(O)O)[C@@H](O)[C@H]2O)c(=O)[nH]1,3458.0,3458.0,324.182,1.9719639083182827,PubChem_only,PubChem,False,True,2,3394.0,3522.0,3458.0,3458.0,39339;39340,3,21,"C,N,O,P"
O=c1n(C[C@@H]2CO2)c(=O)n(C[C@@H]2CO2)c(=O)n1C[C@@H]1CO1,430.0,430.0,297.267,2.8396782447004782,PubChem_only,PubChem,False,True,1,430.0,430.0,430.0,430.0,39393,1,21,"C,N,O"
O=c1oc2ccccc2c(O)c1Cc1c(O)c2ccccc2oc1=O,91.0,91.0,336.29900000000004,3.567684183601548,PubChem_only,PubChem,False,True,1,91.0,91.0,91.0,91.0,40502,1,25,"C,O"
OC(Cn1cncn1)(Cn1cncn1)c1ccc(F)cc1F,1273.0,1273.0,306.276,2.381284562869096,PubChem_only,PubChem,False,True,1,1273.0,1273.0,1273.0,1273.0,35644,1,22,"C,F,N,O"
OC1C[C@H]2CC[C@@H](C1)N2,180.0,180.0,127.187,2.8491702184984775,PubChem_only,PubChem,False,True,1,180.0,180.0,180.0,180.0,38760,1,9,"C,N,O"
OCC(S)CS,25.0,25.0,124.23,3.6962864765500028,PubChem_only,PubChem,False,True,1,25.0,25.0,25.0,25.0,35593,1,6,"C,O,S"
OCCN1CCN(CC/C=C2/c3ccccc3Sc3ccc(C(F)(F)F)cc32)CC1,150.0,150.0,434.52700000000016,3.4619255081195655,PubChem_only,PubChem,False,True,1,150.0,150.0,150.0,150.0,40022,1,30,"C,F,N,O,S"
OCCN1CCN(CC/C=C2/c3ccccc3Sc3ccc(Cl)cc32)CC1,222.0,222.0,400.9750000000002,3.2567643216096736,PubChem_only,PubChem,False,True,1,222.0,222.0,222.0,222.0,40235,3,27,"C,Cl,N,O,S"
OC[C@@H](O)CF,14.0,14.0,94.08500000000002,3.827392353567311,PubChem_only,PubChem,False,True,1,14.0,14.0,14.0,14.0,39483,1,6,"C,F,O"
OC[C@@H](O)CN1CCN(c2ccccc2)CC1,408.0,408.0,236.31500000000003,2.7628311260857568,PubChem_only,PubChem,False,True,1,408.0,408.0,408.0,408.0,38527,1,17,"C,N,O"
OC[C@@H](O)[C@H]1O[C@@H]2O[C@H](C(Cl)(Cl)Cl)O[C@@H]2[C@H]1O,175.0,175.0,309.52900000000005,3.2476632959459684,PubChem_only,PubChem,False,True,1,175.0,175.0,175.0,175.0,40288,1,17,"C,Cl,O"
OC[C@H](O)CF,26.0,26.0,94.08500000000002,3.558547041274731,PubChem_only,PubChem,False,True,1,26.0,26.0,26.0,26.0,39507,1,6,"C,F,O"
OC[C@H](O)CN1CCN(c2ccccc2)CC1,319.0,319.0,236.31500000000003,2.869700606118456,PubChem_only,PubChem,False,True,1,319.0,319.0,319.0,319.0,39758,1,17,"C,N,O"
OC[C@H]1O[C@@H](Oc2ccccc2)[C@H](O)[C@@H](O)[C@@H]1O,980.0,980.0,256.254,2.4174445775493423,PubChem_only,PubChem,False,True,1,980.0,980.0,980.0,980.0,38493,1,18,"C,O"
OC[C@H]1O[C@@H]2O[C@H]3[C@H](O)[C@@H](O)[C@@H](O[C@H]4[C@H](O)[C@@H](O)[C@@H](O[C@H]5[C@H](O)[C@@H](O)[C@@H](O[C@H]6[C@H](O)[C@@H](O)[C@@H](O[C@H]7[C@H](O)[C@@H](O)[C@@H](O[C@H]8[C@H](O)[C@@H](O)[C@@H](O[C@H]1[C@H](O)[C@H]2O)O[C@@H]8CO)O[C@@H]7CO)O[C@@H]6CO)O[C@@H]5CO)O[C@@H]4CO)O[C@@H]3CO,330.0,330.0,1134.987000000001,3.5364769473247364,PubChem_only,PubChem,False,True,1,330.0,330.0,330.0,330.0,39643,1,77,"C,O"
OC[C@H]1O[C@H](Oc2ccccc2)[C@H](O)[C@@H](O)[C@@H]1O,2080.0,2080.0,256.254,2.090607318279076,PubChem_only,PubChem,False,True,1,2080.0,2080.0,2080.0,2080.0,39104,1,18,"C,O"
O[C@@H](CS)[C@@H](O)CS,154.0,154.0,154.256,3.000721344680572,PubChem_only,PubChem,False,True,1,154.0,154.0,154.0,154.0,39572,1,8,"C,O,S"
O[C@@H]([C@H](O)[C@H](O)CBr)[C@H](O)CBr,900.0,900.0,307.966,2.534260262816146,PubChem_only,PubChem,False,True,1,900.0,900.0,900.0,900.0,39736,1,12,"Br,C,O"
O[C@H](CS)[C@H](O)CS,179.0,179.0,154.256,2.935389034537142,PubChem_only,PubChem,False,True,1,179.0,179.0,179.0,179.0,39652,1,8,"C,O,S"
O[C@H]([C@H](O)[C@@H](O)CBr)[C@H](O)CBr,550.0,550.0,307.966,2.7481400827612266,PubChem_only,PubChem,False,True,1,550.0,550.0,550.0,550.0,40053,1,12,"Br,C,O"
O[C@H]([C@H](O)[C@@H]1CO1)[C@H]1CO1,15.0,15.0,146.14199999999997,3.98868378745304,PubChem_only,PubChem,False,True,1,15.0,15.0,15.0,15.0,40410,1,10,"C,O"
O[C@H]1CCN2Cc3ccccc3N=C12,79.0,79.0,188.23,3.377061750947117,PubChem_only,PubChem,False,True,1,79.0,79.0,79.0,79.0,39753,1,14,"C,N,O"
O[C@H]1[C@H]2c3cc4c(cc3CN3CCC(=C[C@@H]1O)[C@H]23)OCO4,117.0,117.0,287.31500000000005,3.390172438270063,PubChem_only,PubChem,False,True,1,117.0,117.0,117.0,117.0,39322,2,21,"C,N,O"
Oc1c(Cl)cc(Cl)c(Cl)c1Cc1c(O)c(Cl)cc(Cl)c1Cl,20.0,20.0,406.90700000000004,4.308465165398998,PubChem_only,PubChem,False,True,1,20.0,20.0,20.0,20.0,35678,1,21,"C,Cl,O"
Oc1c(I)cc(Cl)c2cccnc12,590.0,590.0,305.502,2.714162046098853,PubChem_only,PubChem,False,True,1,590.0,590.0,590.0,590.0,35549,1,13,"C,Cl,I,N,O"
Oc1cc(Cl)ccc1Oc1ccc(Cl)cc1Cl,84.0,84.0,289.54499999999996,3.537436783669751,PubChem_only,PubChem,False,True,1,84.0,84.0,84.0,84.0,35970,1,17,"C,Cl,O"
Oc1cc(O)c2c(c1)O[C@H](c1ccc(O)c(O)c1)[C@@H](O)C2,68.0,68.0,290.271,3.630294736390703,PubChem_only,PubChem,False,True,1,68.0,68.0,68.0,68.0,36780,1,21,"C,O"
Oc1cc(O)c2c(c1)O[C@H](c1ccc(O)c(O)c1)[C@H](O)C2,1000.0,1000.0,290.271,2.46280364909694,PubChem_only,PubChem,False,True,1,1000.0,1000.0,1000.0,1000.0,38728,1,21,"C,O"
Oc1cc(O)cc(/C=C/c2ccc(O)c(O)c2)c1,217.0,217.0,244.24599999999998,3.051367726189559,PubChem_only,PubChem,False,True,1,217.0,217.0,217.0,217.0,39754,1,18,"C,O"
Oc1cc(O)cc(/C=C/c2ccccc2)c1,20.0,20.0,212.248,4.025813610940791,PubChem_only,PubChem,False,True,1,20.0,20.0,20.0,20.0,39976,1,16,"C,O"
Oc1ccc2c(c1)OC[C@]1(O)Cc3cc(O)c(O)cc3[C@H]21,1500.0,1500.0,286.283,2.2807043005432974,PubChem_only,PubChem,False,True,1,1500.0,1500.0,1500.0,1500.0,38757,1,21,"C,O"
Oc1ccc2c(c1)[C@@]13CCCC[C@@]1(O)[C@@H](C2)N(CC1CCC1)CC3,192.0,192.0,327.46800000000013,3.2318676386702885,PubChem_only,PubChem,False,True,1,192.0,192.0,192.0,192.0,40161,2,24,"C,N,O"
Oc1cccc2cccnc12,43.0,43.0,145.16099999999997,3.528381495771652,PubChem_only,PubChem,False,True,1,43.0,43.0,43.0,43.0,35442,1,11,"C,N,O"
Oc1cn[nH]c1,92.0,92.0,84.07799999999999,2.9608945450455333,PubChem_only,PubChem,False,True,1,92.0,92.0,92.0,92.0,39177,1,6,"C,N,O"
[2H]C([2H])([2H])C([2H])(N)C([2H])([2H])c1ccccc1,143.0,143.0,141.24661066799996,2.994641997887686,PubChem_only,PubChem,False,True,1,143.0,143.0,143.0,143.0,39920,1,10,"C,H,N"
[N-]=[N+]=CC(=O)CC[C@H](N)C(=O)O,220.0,220.0,171.156,2.8909694474323926,PubChem_only,PubChem,False,True,1,220.0,220.0,220.0,220.0,36788,1,12,"C,N,O"
[N-]=[N+]=CC(=O)OC[C@H](N)C(=O)O,100.0,100.0,173.128,3.2383673120238727,PubChem_only,PubChem,False,True,1,100.0,100.0,100.0,100.0,39675,1,12,"C,N,O"
[N-]=[N+]=NC(=O)c1cccnc1,60.0,60.0,148.12499999999997,3.3924771129705356,PubChem_only,PubChem,False,True,1,60.0,60.0,60.0,60.0,37701,1,11,"C,N,O"
[O-][n+]1ccccc1,1425.0,1425.0,95.10099999999998,1.8243702192826698,PubChem_only,PubChem,False,True,1,1425.0,1425.0,1425.0,1425.0,37235,1,7,"C,N,O"
[O-][n+]1ccccc1-c1ccccn1,480.0,480.0,172.187,2.5547591220452577,PubChem_only,PubChem,False,True,1,480.0,480.0,480.0,480.0,38205,1,13,"C,N,O"
c1ccc(-c2ccn[nH]2)cc1,193.0,193.0,144.177,2.8733386755796824,PubChem_only,PubChem,False,True,1,193.0,193.0,193.0,193.0,37572,1,11,"C,N"
c1ccc(-c2ncn[nH]2)cc1,387.0,387.0,145.16500000000002,2.574150953417106,PubChem_only,PubChem,False,True,1,387.0,387.0,387.0,387.0,37651,1,11,"C,N"
c1ccc(C2(c3ccccc3)CC2C2=NCCN2)cc1,73.1,73.1,262.35599999999994,3.554973623869597,PubChem_only,PubChem,False,True,1,73.1,73.1,73.1,73.1,38377,2,20,"C,N"
c1ccc([C@H]2CN3CCSC3=N2)cc1,38.5,38.5,204.298,3.724803385566358,PubChem_only,PubChem,False,True,2,34.0,43.0,38.5,38.5,38000;38030,2,14,"C,N,S"
c1ccc2[nH]cnc2c1,445.0,445.0,118.13899999999998,2.4240332794250357,PubChem_only,PubChem,False,True,1,445.0,445.0,445.0,445.0,36020,1,9,"C,N"
c1ccc2[nH]ncc2c1,440.0,440.0,118.13899999999998,2.42894061391978,PubChem_only,PubChem,False,True,1,440.0,440.0,440.0,440.0,36794,1,9,"C,N"
c1ccc2c(c1)Sc1ccccc1N2CCCNCCn1cnc2ccccc21,300.0,300.0,400.55100000000016,3.1255365655968728,PubChem_only,PubChem,False,True,1,300.0,300.0,300.0,300.0,39903,2,29,"C,N,S"
c1ccsc1,100.0,100.0,84.14299999999999,2.9250179921142934,PubChem_only,PubChem,False,True,1,100.0,100.0,100.0,100.0,36589,1,5,"C,S"
c1cncc(-c2cnc[nH]2)c1,250.0,250.0,145.165,2.7639219097639796,PubChem_only,PubChem,False,True,1,250.0,250.0,250.0,250.0,39884,1,11,"C,N"
c1cncc([C@@H]2CCCCN2)c1,24.2,24.2,162.23600000000002,3.8263318640831727,PubChem_only,PubChem,False,True,1,24.2,24.2,24.2,24.2,39888,2,12,"C,N"
c1cncc([C@@H]2CCCN2)c1,14.66,14.66,148.209,4.004740606696218,PubChem_only,PubChem,False,True,1,14.66,14.66,14.66,14.66,38973,1,11,"C,N"
