feature,feature_type,mean_abs_shap,mean_shap,spearman_feature_value_vs_shap,interpretation_for_y
RDKit2D_PEOE_VSA1,RDKit2D,0.04949548,0.021775436,0.3794468642404155,"Higher feature value tends to increase predicted y, indicating higher toxicity / lower LD50"
RDKit2D_SMR_VSA6,RDKit2D,0.042611778,-0.01023004,0.7767970151805851,"Higher feature value tends to increase predicted y, indicating higher toxicity / lower LD50"
RDKit2D_Chi2n,RDKit2D,0.041509565,0.027753985,0.7590799868132363,"Higher feature value tends to increase predicted y, indicating higher toxicity / lower LD50"
RDKit2D_BCUT2D_MRLOW,RDKit2D,0.0372365,0.0010935282,-0.00035897995052106333,"Higher feature value tends to decrease predicted y, indicating lower toxicity / higher LD50"
RDKit2D_MolLogP,RDKit2D,0.034720637,-0.018574433,0.7637553523769947,"Higher feature value tends to increase predicted y, indicating higher toxicity / lower LD50"
RDKit2D_NumAtomStereoCenters,RDKit2D,0.03312249,0.02796153,0.7539181673745321,"Higher feature value tends to increase predicted y, indicating higher toxicity / lower LD50"
RDKit2D_Chi3n,RDKit2D,0.03255003,0.02118339,0.7980011113829818,"Higher feature value tends to increase predicted y, indicating higher toxicity / lower LD50"
RDKit2D_Chi4n,RDKit2D,0.028939132,0.014856977,0.7012378064679744,"Higher feature value tends to increase predicted y, indicating higher toxicity / lower LD50"
RDKit2D_BCUT2D_LOGPHI,RDKit2D,0.028304502,0.017328674,0.5914155977063171,"Higher feature value tends to increase predicted y, indicating higher toxicity / lower LD50"
RDKit2D_NumAliphaticRings,RDKit2D,0.028077379,0.020177491,0.7111218278569101,"Higher feature value tends to increase predicted y, indicating higher toxicity / lower LD50"
RDKit2D_EState_VSA8,RDKit2D,0.021360269,-0.005292967,0.8416050130544998,"Higher feature value tends to increase predicted y, indicating higher toxicity / lower LD50"
RDKit2D_fr_bicyclic,RDKit2D,0.018774934,0.008160865,0.5774740183767507,"Higher feature value tends to increase predicted y, indicating higher toxicity / lower LD50"
RDKit2D_NumAliphaticHeterocycles,RDKit2D,0.01614008,0.0089251455,0.626636271455805,"Higher feature value tends to increase predicted y, indicating higher toxicity / lower LD50"
RDKit2D_SlogP_VSA2,RDKit2D,0.016132116,-0.0021641147,0.694606799743798,"Higher feature value tends to increase predicted y, indicating higher toxicity / lower LD50"
RDKit2D_fr_alkyl_halide,RDKit2D,0.015317555,-0.00028031712,0.40180755336710994,"Higher feature value tends to increase predicted y, indicating higher toxicity / lower LD50"
RDKit2D_SMR_VSA5,RDKit2D,0.015245171,0.006923679,0.6336053392317047,"Higher feature value tends to increase predicted y, indicating higher toxicity / lower LD50"
RDKit2D_VSA_EState9,RDKit2D,0.01388579,0.0014165762,0.6657977222493777,"Higher feature value tends to increase predicted y, indicating higher toxicity / lower LD50"
RDKit2D_fr_C_O,RDKit2D,0.012077631,-0.002337858,-0.7662964257869757,"Higher feature value tends to decrease predicted y, indicating lower toxicity / higher LD50"
RDKit2D_FractionCSP3,RDKit2D,0.011557662,0.0029418867,-0.1253404577367472,"Higher feature value tends to decrease predicted y, indicating lower toxicity / higher LD50"
RDKit2D_MaxPartialCharge,RDKit2D,0.010872822,0.0019228213,-0.3772179709828044,"Higher feature value tends to decrease predicted y, indicating lower toxicity / higher LD50"
RDKit2D_MinPartialCharge,RDKit2D,0.010246716,-0.002812013,0.6641602194066645,"Higher feature value tends to increase predicted y, indicating higher toxicity / lower LD50"
ECFP4_count_bit_881,ECFP4_count,0.0101272045,-0.0033867906,0.4857926929373323,"Higher feature value tends to increase predicted y, indicating higher toxicity / lower LD50"
RDKit2D_SMR_VSA1,RDKit2D,0.010049873,-0.0041792435,-0.6622573666572303,"Higher feature value tends to decrease predicted y, indicating lower toxicity / higher LD50"
ECFP4_count_bit_1323,ECFP4_count,0.0098071685,-0.002061996,-0.425480716582384,"Higher feature value tends to decrease predicted y, indicating lower toxicity / higher LD50"
RDKit2D_SMR_VSA3,RDKit2D,0.009709225,-0.0052420422,0.7356248109222071,"Higher feature value tends to increase predicted y, indicating higher toxicity / lower LD50"
RDKit2D_AvgIpc,RDKit2D,0.009399681,0.0005955974,0.5372358690119643,"Higher feature value tends to increase predicted y, indicating higher toxicity / lower LD50"
RDKit2D_BCUT2D_CHGHI,RDKit2D,0.009315663,0.0043058046,0.04779566516986123,"Higher feature value tends to increase predicted y, indicating higher toxicity / lower LD50"
RDKit2D_SlogP_VSA5,RDKit2D,0.009026746,4.579022e-05,0.041231306416023676,"Higher feature value tends to increase predicted y, indicating higher toxicity / lower LD50"
RDKit2D_HallKierAlpha,RDKit2D,0.008864977,0.0030977163,0.4676860670885747,"Higher feature value tends to increase predicted y, indicating higher toxicity / lower LD50"
RDKit2D_BertzCT,RDKit2D,0.008806206,-0.00231297,-0.07622605448156251,"Higher feature value tends to decrease predicted y, indicating lower toxicity / higher LD50"
RDKit2D_BCUT2D_MRHI,RDKit2D,0.008729837,-0.0021123858,0.37567498275071165,"Higher feature value tends to increase predicted y, indicating higher toxicity / lower LD50"
RDKit2D_BCUT2D_MWLOW,RDKit2D,0.008610473,0.0026696727,-0.6054532174519487,"Higher feature value tends to decrease predicted y, indicating lower toxicity / higher LD50"
RDKit2D_VSA_EState4,RDKit2D,0.008456967,0.0022272044,0.20576746188572673,"Higher feature value tends to increase predicted y, indicating higher toxicity / lower LD50"
RDKit2D_MinAbsPartialCharge,RDKit2D,0.008275547,0.0003310425,-0.6157478214972973,"Higher feature value tends to decrease predicted y, indicating lower toxicity / higher LD50"
RDKit2D_VSA_EState7,RDKit2D,0.008269036,0.0021304726,0.51673952445758,"Higher feature value tends to increase predicted y, indicating higher toxicity / lower LD50"
RDKit2D_BCUT2D_LOGPLOW,RDKit2D,0.008259338,0.00038069644,-0.14465633226436694,"Higher feature value tends to decrease predicted y, indicating lower toxicity / higher LD50"
RDKit2D_NumAmideBonds,RDKit2D,0.008070397,0.0014107355,-0.6730645467264372,"Higher feature value tends to decrease predicted y, indicating lower toxicity / higher LD50"
RDKit2D_VSA_EState2,RDKit2D,0.008019416,-0.0020924602,-0.2555781293853364,"Higher feature value tends to decrease predicted y, indicating lower toxicity / higher LD50"
RDKit2D_Chi3v,RDKit2D,0.0078042466,-0.0013045595,0.6696303611076767,"Higher feature value tends to increase predicted y, indicating higher toxicity / lower LD50"
RDKit2D_SMR_VSA7,RDKit2D,0.007729617,-0.001662505,0.6804754918655349,"Higher feature value tends to increase predicted y, indicating higher toxicity / lower LD50"
RDKit2D_Phi,RDKit2D,0.007620058,-0.00069945166,0.7595068437953065,"Higher feature value tends to increase predicted y, indicating higher toxicity / lower LD50"
RDKit2D_qed,RDKit2D,0.0076043312,0.002280318,-0.6472478422026844,"Higher feature value tends to decrease predicted y, indicating lower toxicity / higher LD50"
RDKit2D_PEOE_VSA7,RDKit2D,0.0073552346,-0.00061423844,0.7242128215134485,"Higher feature value tends to increase predicted y, indicating higher toxicity / lower LD50"
RDKit2D_BalabanJ,RDKit2D,0.0072725057,0.0017776338,0.41917381435938234,"Higher feature value tends to increase predicted y, indicating higher toxicity / lower LD50"
RDKit2D_BCUT2D_MWHI,RDKit2D,0.00710354,-0.00044968823,0.058160962992275966,"Higher feature value tends to increase predicted y, indicating higher toxicity / lower LD50"
RDKit2D_PEOE_VSA9,RDKit2D,0.0069074277,-0.0010169193,-0.22355174872784883,"Higher feature value tends to decrease predicted y, indicating lower toxicity / higher LD50"
RDKit2D_VSA_EState8,RDKit2D,0.00689776,-0.00062803505,0.49936033208743424,"Higher feature value tends to increase predicted y, indicating higher toxicity / lower LD50"
RDKit2D_BCUT2D_CHGLO,RDKit2D,0.0068670847,-0.00077246263,0.7009417680486635,"Higher feature value tends to increase predicted y, indicating higher toxicity / lower LD50"
RDKit2D_SMR_VSA10,RDKit2D,0.0067156297,-0.0002354465,0.31342170523243107,"Higher feature value tends to increase predicted y, indicating higher toxicity / lower LD50"
RDKit2D_NumRotatableBonds,RDKit2D,0.0064588957,-0.00053932646,0.5043709313490461,"Higher feature value tends to increase predicted y, indicating higher toxicity / lower LD50"
RDKit2D_FpDensityMorgan1,RDKit2D,0.006316951,-0.00060133217,-0.045822771686013716,"Higher feature value tends to decrease predicted y, indicating lower toxicity / higher LD50"
RDKit2D_HeavyAtomMolWt,RDKit2D,0.006313333,-0.0032493554,0.4065029253989304,"Higher feature value tends to increase predicted y, indicating higher toxicity / lower LD50"
RDKit2D_NumBridgeheadAtoms,RDKit2D,0.0060904217,0.003245642,0.5744655019449654,"Higher feature value tends to increase predicted y, indicating higher toxicity / lower LD50"
RDKit2D_EState_VSA4,RDKit2D,0.0059849243,-0.0011715998,0.48581492793220915,"Higher feature value tends to increase predicted y, indicating higher toxicity / lower LD50"
RDKit2D_SMR_VSA2,RDKit2D,0.005910529,-0.0020815143,0.251427199426599,"Higher feature value tends to increase predicted y, indicating higher toxicity / lower LD50"
RDKit2D_PEOE_VSA11,RDKit2D,0.00590373,0.0024143888,0.7726137018381647,"Higher feature value tends to increase predicted y, indicating higher toxicity / lower LD50"
RDKit2D_PEOE_VSA6,RDKit2D,0.0057689855,0.0002463097,0.33270483091125214,"Higher feature value tends to increase predicted y, indicating higher toxicity / lower LD50"
RDKit2D_Kappa2,RDKit2D,0.005749492,-0.0012356412,0.49233257212535103,"Higher feature value tends to increase predicted y, indicating higher toxicity / lower LD50"
RDKit2D_TPSA,RDKit2D,0.005584736,-0.00082694663,-0.41016999291545675,"Higher feature value tends to decrease predicted y, indicating lower toxicity / higher LD50"
RDKit2D_MolMR,RDKit2D,0.0055374596,-0.0013150057,0.7857725347862853,"Higher feature value tends to increase predicted y, indicating higher toxicity / lower LD50"
RDKit2D_Kappa3,RDKit2D,0.005304325,0.0019432545,0.010408587458981175,"Higher feature value tends to increase predicted y, indicating higher toxicity / lower LD50"
RDKit2D_MinAbsEStateIndex,RDKit2D,0.005282256,0.00011629084,-0.14589764689165988,"Higher feature value tends to decrease predicted y, indicating lower toxicity / higher LD50"
RDKit2D_fr_NH2,RDKit2D,0.0052479766,0.00052493665,0.6755892189053033,"Higher feature value tends to increase predicted y, indicating higher toxicity / lower LD50"
RDKit2D_SPS,RDKit2D,0.0051250197,0.0014735322,0.3274966736662251,"Higher feature value tends to increase predicted y, indicating higher toxicity / lower LD50"
RDKit2D_SlogP_VSA1,RDKit2D,0.0050349976,0.00036458927,0.6804811523046912,"Higher feature value tends to increase predicted y, indicating higher toxicity / lower LD50"
RDKit2D_PEOE_VSA8,RDKit2D,0.0050029913,0.00011627808,0.3109834586121901,"Higher feature value tends to increase predicted y, indicating higher toxicity / lower LD50"
RDKit2D_NHOHCount,RDKit2D,0.0049839024,0.0021812422,0.7974416438492947,"Higher feature value tends to increase predicted y, indicating higher toxicity / lower LD50"
RDKit2D_SlogP_VSA6,RDKit2D,0.0048480197,-0.0006901132,0.5964409035927102,"Higher feature value tends to increase predicted y, indicating higher toxicity / lower LD50"
RDKit2D_VSA_EState3,RDKit2D,0.004779749,0.0006672638,0.24899829297783538,"Higher feature value tends to increase predicted y, indicating higher toxicity / lower LD50"
ECFP4_count_bit_1480,ECFP4_count,0.0047084824,0.0011327666,-0.46754360389695876,"Higher feature value tends to decrease predicted y, indicating lower toxicity / higher LD50"
RDKit2D_PEOE_VSA5,RDKit2D,0.004682243,0.0014816994,-0.4056208091540951,"Higher feature value tends to decrease predicted y, indicating lower toxicity / higher LD50"
RDKit2D_LabuteASA,RDKit2D,0.004611442,-0.0006015949,0.29433145812213085,"Higher feature value tends to increase predicted y, indicating higher toxicity / lower LD50"
RDKit2D_VSA_EState1,RDKit2D,0.004590181,-0.0005366922,-0.506154205486215,"Higher feature value tends to decrease predicted y, indicating lower toxicity / higher LD50"
RDKit2D_SMR_VSA4,RDKit2D,0.004582487,0.0017840592,0.7615586207511219,"Higher feature value tends to increase predicted y, indicating higher toxicity / lower LD50"
ECFP4_count_bit_547,ECFP4_count,0.004571996,0.002569852,0.41413314415220126,"Higher feature value tends to increase predicted y, indicating higher toxicity / lower LD50"
RDKit2D_Chi4v,RDKit2D,0.0045652566,-0.0010273017,0.3878208741402381,"Higher feature value tends to increase predicted y, indicating higher toxicity / lower LD50"
RDKit2D_VSA_EState5,RDKit2D,0.0045643584,-0.000917746,0.2523772987541421,"Higher feature value tends to increase predicted y, indicating higher toxicity / lower LD50"
RDKit2D_MaxAbsPartialCharge,RDKit2D,0.0045261164,0.000555578,-0.17490183366500292,"Higher feature value tends to decrease predicted y, indicating lower toxicity / higher LD50"
RDKit2D_PEOE_VSA2,RDKit2D,0.0044788495,0.00041562776,-0.0553760601107461,"Higher feature value tends to decrease predicted y, indicating lower toxicity / higher LD50"
ECFP4_count_bit_1380,ECFP4_count,0.004441814,-0.00056138384,0.5491844625944153,"Higher feature value tends to increase predicted y, indicating higher toxicity / lower LD50"
RDKit2D_fr_allylic_oxid,RDKit2D,0.004415045,0.0023926955,0.620609779511802,"Higher feature value tends to increase predicted y, indicating higher toxicity / lower LD50"
RDKit2D_EState_VSA3,RDKit2D,0.0044115605,2.499342e-05,0.29813751523454407,"Higher feature value tends to increase predicted y, indicating higher toxicity / lower LD50"
RDKit2D_MinEStateIndex,RDKit2D,0.0042979056,-0.00055599754,0.28702106468683886,"Higher feature value tends to increase predicted y, indicating higher toxicity / lower LD50"
ECFP4_count_bit_1325,ECFP4_count,0.0042254613,0.0020155003,0.7337675988398138,"Higher feature value tends to increase predicted y, indicating higher toxicity / lower LD50"
RDKit2D_Chi1n,RDKit2D,0.004200972,0.0014690881,0.0727773571054806,"Higher feature value tends to increase predicted y, indicating higher toxicity / lower LD50"
RDKit2D_Kappa1,RDKit2D,0.0041905697,0.00060097466,0.4544608428663114,"Higher feature value tends to increase predicted y, indicating higher toxicity / lower LD50"
RDKit2D_NumSaturatedHeterocycles,RDKit2D,0.0041882605,0.0011814163,0.6046157904133848,"Higher feature value tends to increase predicted y, indicating higher toxicity / lower LD50"
RDKit2D_FpDensityMorgan3,RDKit2D,0.004129986,0.00012727742,0.36921929994627684,"Higher feature value tends to increase predicted y, indicating higher toxicity / lower LD50"
RDKit2D_EState_VSA6,RDKit2D,0.0041179024,-0.00025381366,0.13625475924940667,"Higher feature value tends to increase predicted y, indicating higher toxicity / lower LD50"
RDKit2D_MaxAbsEStateIndex,RDKit2D,0.004111445,0.0007735785,-0.4061096954983025,"Higher feature value tends to decrease predicted y, indicating lower toxicity / higher LD50"
RDKit2D_EState_VSA2,RDKit2D,0.0040075216,-0.00064690306,-0.3587296077766338,"Higher feature value tends to decrease predicted y, indicating lower toxicity / higher LD50"
RDKit2D_FpDensityMorgan2,RDKit2D,0.0039948346,0.0012609656,0.1912544229924462,"Higher feature value tends to increase predicted y, indicating higher toxicity / lower LD50"
RDKit2D_Chi2v,RDKit2D,0.0039575174,-0.0008788746,-0.48983544558881276,"Higher feature value tends to decrease predicted y, indicating lower toxicity / higher LD50"
RDKit2D_EState_VSA5,RDKit2D,0.003900577,-8.1190934e-05,0.44395453481090863,"Higher feature value tends to increase predicted y, indicating higher toxicity / lower LD50"
RDKit2D_EState_VSA10,RDKit2D,0.0037735826,0.0015626287,0.5370550833823539,"Higher feature value tends to increase predicted y, indicating higher toxicity / lower LD50"
RDKit2D_NumHeterocycles,RDKit2D,0.0037565276,0.0007146332,0.265908945411004,"Higher feature value tends to increase predicted y, indicating higher toxicity / lower LD50"
ECFP4_count_bit_1239,ECFP4_count,0.0037142436,-0.0015628661,0.15832785382572243,"Higher feature value tends to increase predicted y, indicating higher toxicity / lower LD50"
RDKit2D_SlogP_VSA3,RDKit2D,0.0035876203,-0.00029363847,-0.23853449971061444,"Higher feature value tends to decrease predicted y, indicating lower toxicity / higher LD50"
RDKit2D_PEOE_VSA10,RDKit2D,0.003585271,0.0010927817,0.44175730001643143,"Higher feature value tends to increase predicted y, indicating higher toxicity / lower LD50"
ECFP4_count_bit_80,ECFP4_count,0.003579774,-0.0008226444,0.672435315683641,"Higher feature value tends to increase predicted y, indicating higher toxicity / lower LD50"
RDKit2D_MolWt,RDKit2D,0.003340422,-0.00064874685,0.3196407979151826,"Higher feature value tends to increase predicted y, indicating higher toxicity / lower LD50"
RDKit2D_fr_quatN,RDKit2D,0.0033092464,-0.00024177843,0.29973347222660846,"Higher feature value tends to increase predicted y, indicating higher toxicity / lower LD50"
RDKit2D_SlogP_VSA10,RDKit2D,0.0032319562,0.0012255874,-0.673407013850201,"Higher feature value tends to decrease predicted y, indicating lower toxicity / higher LD50"
ECFP4_count_bit_695,ECFP4_count,0.0031985128,9.707987e-05,-0.7159565112299885,"Higher feature value tends to decrease predicted y, indicating lower toxicity / higher LD50"
ECFP4_count_bit_650,ECFP4_count,0.003189117,-0.00093511224,-0.863329236686936,"Higher feature value tends to decrease predicted y, indicating lower toxicity / higher LD50"
ECFP4_count_bit_1917,ECFP4_count,0.003134565,-0.00061917707,-0.8618442694466975,"Higher feature value tends to decrease predicted y, indicating lower toxicity / higher LD50"
RDKit2D_ExactMolWt,RDKit2D,0.0031325151,-0.0004114458,0.3028124819023889,"Higher feature value tends to increase predicted y, indicating higher toxicity / lower LD50"
RDKit2D_EState_VSA7,RDKit2D,0.0030709007,0.00025634863,0.351539037506438,"Higher feature value tends to increase predicted y, indicating higher toxicity / lower LD50"
RDKit2D_NumHAcceptors,RDKit2D,0.0029566137,-0.00027410267,0.6465320558791662,"Higher feature value tends to increase predicted y, indicating higher toxicity / lower LD50"
RDKit2D_EState_VSA1,RDKit2D,0.002956442,0.0007395507,0.3996769916751124,"Higher feature value tends to increase predicted y, indicating higher toxicity / lower LD50"
RDKit2D_VSA_EState6,RDKit2D,0.0029370433,0.0005941027,0.1783029799424158,"Higher feature value tends to increase predicted y, indicating higher toxicity / lower LD50"
ECFP4_count_bit_875,ECFP4_count,0.002935662,0.00081105344,-0.6794514250374066,"Higher feature value tends to decrease predicted y, indicating lower toxicity / higher LD50"
ECFP4_count_bit_352,ECFP4_count,0.0029220723,0.00020699447,0.4527710163718165,"Higher feature value tends to increase predicted y, indicating higher toxicity / lower LD50"
RDKit2D_fr_Ar_N,RDKit2D,0.0029010712,0.0005096261,-0.689381601215827,"Higher feature value tends to decrease predicted y, indicating lower toxicity / higher LD50"
ECFP4_count_bit_283,ECFP4_count,0.002871921,4.770148e-05,0.5542745510262158,"Higher feature value tends to increase predicted y, indicating higher toxicity / lower LD50"
RDKit2D_Chi1v,RDKit2D,0.002848893,0.0014498407,-0.09691180112167797,"Higher feature value tends to decrease predicted y, indicating lower toxicity / higher LD50"
RDKit2D_SlogP_VSA4,RDKit2D,0.002806276,-9.8780265e-06,0.47114437402324794,"Higher feature value tends to increase predicted y, indicating higher toxicity / lower LD50"
RDKit2D_Chi0v,RDKit2D,0.0027943598,-0.00088452845,0.22740646324311273,"Higher feature value tends to increase predicted y, indicating higher toxicity / lower LD50"
RDKit2D_PEOE_VSA12,RDKit2D,0.0027836207,0.00022469448,-0.5159178902784106,"Higher feature value tends to decrease predicted y, indicating lower toxicity / higher LD50"
ECFP4_count_bit_1152,ECFP4_count,0.0027444358,-0.00036341127,0.6629201810742984,"Higher feature value tends to increase predicted y, indicating higher toxicity / lower LD50"
ECFP4_count_bit_747,ECFP4_count,0.002730255,0.00045616544,0.21677425387616706,"Higher feature value tends to increase predicted y, indicating higher toxicity / lower LD50"
ECFP4_count_bit_1214,ECFP4_count,0.0026456956,0.00091619336,0.21677406506112412,"Higher feature value tends to increase predicted y, indicating higher toxicity / lower LD50"
RDKit2D_fr_NH0,RDKit2D,0.0026383915,-0.00096007413,0.6625910326185775,"Higher feature value tends to increase predicted y, indicating higher toxicity / lower LD50"
RDKit2D_Chi0n,RDKit2D,0.0026365116,0.00018646999,-0.1739566025152702,"Higher feature value tends to decrease predicted y, indicating lower toxicity / higher LD50"
RDKit2D_NumHeteroatoms,RDKit2D,0.0026217923,-0.0005314841,-0.06336276879879714,"Higher feature value tends to decrease predicted y, indicating lower toxicity / higher LD50"
RDKit2D_PEOE_VSA14,RDKit2D,0.00257756,0.00055300683,0.4283484437945413,"Higher feature value tends to increase predicted y, indicating higher toxicity / lower LD50"
RDKit2D_fr_amidine,RDKit2D,0.0025740957,-0.0017357374,0.14934359248535256,"Higher feature value tends to increase predicted y, indicating higher toxicity / lower LD50"
RDKit2D_fr_ether,RDKit2D,0.002563435,-0.00083174027,-0.852432450612016,"Higher feature value tends to decrease predicted y, indicating lower toxicity / higher LD50"
RDKit2D_fr_C_O_noCOO,RDKit2D,0.002558144,-0.00022021697,-0.7810015803113786,"Higher feature value tends to decrease predicted y, indicating lower toxicity / higher LD50"
RDKit2D_Chi0,RDKit2D,0.0024528399,0.00081426295,-0.369401477185665,"Higher feature value tends to decrease predicted y, indicating lower toxicity / higher LD50"
ECFP4_count_bit_2004,ECFP4_count,0.0024291603,-0.00017273113,-0.2570028820373191,"Higher feature value tends to decrease predicted y, indicating lower toxicity / higher LD50"
RDKit2D_fr_halogen,RDKit2D,0.0024082111,-0.00017870934,0.5935118887112758,"Higher feature value tends to increase predicted y, indicating higher toxicity / lower LD50"
RDKit2D_fr_COO,RDKit2D,0.0023901502,0.00088413636,0.5920504715412108,"Higher feature value tends to increase predicted y, indicating higher toxicity / lower LD50"
ECFP4_count_bit_1750,ECFP4_count,0.002362562,0.0010653986,0.25652387426939377,"Higher feature value tends to increase predicted y, indicating higher toxicity / lower LD50"
ECFP4_count_bit_314,ECFP4_count,0.0023623556,0.00026099305,0.10406737378913533,"Higher feature value tends to increase predicted y, indicating higher toxicity / lower LD50"
RDKit2D_SlogP_VSA12,RDKit2D,0.0023525027,-0.0006555926,0.4472078841683757,"Higher feature value tends to increase predicted y, indicating higher toxicity / lower LD50"
ECFP4_count_bit_1019,ECFP4_count,0.0023489918,0.0019008564,0.8457839982531069,"Higher feature value tends to increase predicted y, indicating higher toxicity / lower LD50"
RDKit2D_fr_ketone,RDKit2D,0.0023058315,0.0009289729,0.5206544400075671,"Higher feature value tends to increase predicted y, indicating higher toxicity / lower LD50"
RDKit2D_EState_VSA9,RDKit2D,0.0022702906,0.00031056648,0.35306902575906607,"Higher feature value tends to increase predicted y, indicating higher toxicity / lower LD50"
ECFP4_count_bit_1279,ECFP4_count,0.0022528933,-0.000395151,-0.33484402042112793,"Higher feature value tends to decrease predicted y, indicating lower toxicity / higher LD50"
ECFP4_count_bit_706,ECFP4_count,0.0022274645,0.0011446831,0.3167661427774282,"Higher feature value tends to increase predicted y, indicating higher toxicity / lower LD50"
ECFP4_count_bit_926,ECFP4_count,0.0022132776,-0.00012276403,-0.03797161839465292,"Higher feature value tends to decrease predicted y, indicating lower toxicity / higher LD50"
ECFP4_count_bit_1944,ECFP4_count,0.0021771824,0.0011217657,0.24601795817511996,"Higher feature value tends to increase predicted y, indicating higher toxicity / lower LD50"
ECFP4_count_bit_1747,ECFP4_count,0.0021675923,0.0011788558,0.42273093068129547,"Higher feature value tends to increase predicted y, indicating higher toxicity / lower LD50"
ECFP4_count_bit_1057,ECFP4_count,0.002120521,3.7623453e-05,-0.17254783476426627,"Higher feature value tends to decrease predicted y, indicating lower toxicity / higher LD50"
RDKit2D_PEOE_VSA3,RDKit2D,0.002116318,0.00015793914,-0.18843154040567148,"Higher feature value tends to decrease predicted y, indicating lower toxicity / higher LD50"
RDKit2D_fr_amide,RDKit2D,0.002090816,0.00033753578,-0.7032892123026339,"Higher feature value tends to decrease predicted y, indicating lower toxicity / higher LD50"
ECFP4_count_bit_389,ECFP4_count,0.0020818561,0.00024278721,0.633938274709032,"Higher feature value tends to increase predicted y, indicating higher toxicity / lower LD50"
ECFP4_count_bit_694,ECFP4_count,0.0020657592,0.0012508008,0.6468302975902879,"Higher feature value tends to increase predicted y, indicating higher toxicity / lower LD50"
RDKit2D_Ipc,RDKit2D,0.0020575973,0.00072091364,-0.033904324130858005,"Higher feature value tends to decrease predicted y, indicating lower toxicity / higher LD50"
RDKit2D_fr_epoxide,RDKit2D,0.0020142135,0.0011656585,0.32490990046430634,"Higher feature value tends to increase predicted y, indicating higher toxicity / lower LD50"
ECFP4_count_bit_807,ECFP4_count,0.0019989002,-0.0009270194,-0.6961042018591702,"Higher feature value tends to decrease predicted y, indicating lower toxicity / higher LD50"
ECFP4_count_bit_1171,ECFP4_count,0.0019962902,0.00030764542,0.6747484589992816,"Higher feature value tends to increase predicted y, indicating higher toxicity / lower LD50"
ECFP4_count_bit_147,ECFP4_count,0.0019653416,0.00031107327,-0.47084834613541177,"Higher feature value tends to decrease predicted y, indicating lower toxicity / higher LD50"
ECFP4_count_bit_1189,ECFP4_count,0.0019541862,-0.000110562556,0.14934486221008783,"Higher feature value tends to increase predicted y, indicating higher toxicity / lower LD50"
ECFP4_count_bit_1385,ECFP4_count,0.0019319544,0.00063524244,-0.37824919567041676,"Higher feature value tends to decrease predicted y, indicating lower toxicity / higher LD50"
RDKit2D_SMR_VSA9,RDKit2D,0.0018613248,4.370055e-06,0.5358543792063767,"Higher feature value tends to increase predicted y, indicating higher toxicity / lower LD50"
ECFP4_count_bit_1162,ECFP4_count,0.0018450039,-0.0010810394,-0.619862360447606,"Higher feature value tends to decrease predicted y, indicating lower toxicity / higher LD50"
ECFP4_count_bit_1257,ECFP4_count,0.0018399509,0.0011994469,0.733693845863038,"Higher feature value tends to increase predicted y, indicating higher toxicity / lower LD50"
ECFP4_count_bit_1912,ECFP4_count,0.0018201529,0.0007213808,0.18992735737247105,"Higher feature value tends to increase predicted y, indicating higher toxicity / lower LD50"
RDKit2D_fr_lactam,RDKit2D,0.0017897205,-0.00090702844,-0.20381960867369905,"Higher feature value tends to decrease predicted y, indicating lower toxicity / higher LD50"
RDKit2D_NumSpiroAtoms,RDKit2D,0.0017512621,-1.305709e-05,0.4761024437615696,"Higher feature value tends to increase predicted y, indicating higher toxicity / lower LD50"
ECFP4_count_bit_102,ECFP4_count,0.0017093604,0.001178946,-0.0527761380552487,"Higher feature value tends to decrease predicted y, indicating lower toxicity / higher LD50"
ECFP4_count_bit_1004,ECFP4_count,0.001699473,9.3219256e-05,0.3516403996059983,"Higher feature value tends to increase predicted y, indicating higher toxicity / lower LD50"
ECFP4_count_bit_920,ECFP4_count,0.0016929944,-0.0003267398,0.1294575878442412,"Higher feature value tends to increase predicted y, indicating higher toxicity / lower LD50"
ECFP4_count_bit_1088,ECFP4_count,0.0016843965,-0.00024163154,0.605388945001115,"Higher feature value tends to increase predicted y, indicating higher toxicity / lower LD50"
ECFP4_count_bit_1405,ECFP4_count,0.0016683975,0.0014232763,-0.12579133325847386,"Higher feature value tends to decrease predicted y, indicating lower toxicity / higher LD50"
ECFP4_count_bit_787,ECFP4_count,0.0016595791,0.00049527286,0.37230273364964656,"Higher feature value tends to increase predicted y, indicating higher toxicity / lower LD50"
ECFP4_count_bit_904,ECFP4_count,0.0016567333,0.0010689016,0.2907629554898815,"Higher feature value tends to increase predicted y, indicating higher toxicity / lower LD50"
RDKit2D_fr_Al_OH,RDKit2D,0.0016558322,-0.00088143203,-0.7657488769156425,"Higher feature value tends to decrease predicted y, indicating lower toxicity / higher LD50"
ECFP4_count_bit_276,ECFP4_count,0.0016431756,0.0005546865,0.2669388117354403,"Higher feature value tends to increase predicted y, indicating higher toxicity / lower LD50"
RDKit2D_NumAromaticRings,RDKit2D,0.0016233118,0.001160852,-0.7776744609318517,"Higher feature value tends to decrease predicted y, indicating lower toxicity / higher LD50"
ECFP4_count_bit_1316,ECFP4_count,0.0016110799,0.0011787759,0.19700350476634873,"Higher feature value tends to increase predicted y, indicating higher toxicity / lower LD50"
RDKit2D_fr_Al_OH_noTert,RDKit2D,0.0015908704,-0.0009290547,-0.6289645935753019,"Higher feature value tends to decrease predicted y, indicating lower toxicity / higher LD50"
ECFP4_count_bit_1417,ECFP4_count,0.0015882566,0.00016078824,0.09273786430685567,"Higher feature value tends to increase predicted y, indicating higher toxicity / lower LD50"
ECFP4_count_bit_950,ECFP4_count,0.0015162837,0.0010787601,-0.10512914366498229,"Higher feature value tends to decrease predicted y, indicating lower toxicity / higher LD50"
RDKit2D_NumSaturatedCarbocycles,RDKit2D,0.0015143125,-0.0006652758,-0.6863788063040116,"Higher feature value tends to decrease predicted y, indicating lower toxicity / higher LD50"
RDKit2D_NumValenceElectrons,RDKit2D,0.0015112746,0.00068050425,-0.4029695605218499,"Higher feature value tends to decrease predicted y, indicating lower toxicity / higher LD50"
RDKit2D_VSA_EState10,RDKit2D,0.001486378,4.737471e-06,-0.013956459175440594,"Higher feature value tends to decrease predicted y, indicating lower toxicity / higher LD50"
ECFP4_count_bit_606,ECFP4_count,0.0014746969,-0.00010404621,0.26188460801091284,"Higher feature value tends to increase predicted y, indicating higher toxicity / lower LD50"
ECFP4_count_bit_1114,ECFP4_count,0.0014742338,0.00021362536,-0.43565767918422743,"Higher feature value tends to decrease predicted y, indicating lower toxicity / higher LD50"
RDKit2D_Chi1,RDKit2D,0.0014732885,0.00011949446,-0.18245837734870152,"Higher feature value tends to decrease predicted y, indicating lower toxicity / higher LD50"
ECFP4_count_bit_1154,ECFP4_count,0.0014712833,6.828604e-05,0.4610959870693048,"Higher feature value tends to increase predicted y, indicating higher toxicity / lower LD50"
ECFP4_count_bit_1,ECFP4_count,0.0014471534,2.4241119e-05,0.6293290879386049,"Higher feature value tends to increase predicted y, indicating higher toxicity / lower LD50"
RDKit2D_NumHDonors,RDKit2D,0.0014429868,0.00024844578,0.44581132756159897,"Higher feature value tends to increase predicted y, indicating higher toxicity / lower LD50"
ECFP4_count_bit_1754,ECFP4_count,0.0014415963,2.6561276e-05,0.4336062450132136,"Higher feature value tends to increase predicted y, indicating higher toxicity / lower LD50"
RDKit2D_PEOE_VSA13,RDKit2D,0.0014397445,0.000111273,-0.43802155385204367,"Higher feature value tends to decrease predicted y, indicating lower toxicity / higher LD50"
ECFP4_count_bit_529,ECFP4_count,0.0014318719,-0.0010476724,-0.3692424797782903,"Higher feature value tends to decrease predicted y, indicating lower toxicity / higher LD50"
ECFP4_count_bit_1011,ECFP4_count,0.0014280989,0.0005755601,0.24601046650502287,"Higher feature value tends to increase predicted y, indicating higher toxicity / lower LD50"
ECFP4_count_bit_335,ECFP4_count,0.0014261564,0.0005109238,0.26694216967701556,"Higher feature value tends to increase predicted y, indicating higher toxicity / lower LD50"
ECFP4_count_bit_1250,ECFP4_count,0.0014202624,0.00067239563,0.2618526178828252,"Higher feature value tends to increase predicted y, indicating higher toxicity / lower LD50"
ECFP4_count_bit_1951,ECFP4_count,0.0014115664,-0.0008147633,0.42251554485042625,"Higher feature value tends to increase predicted y, indicating higher toxicity / lower LD50"
ECFP4_count_bit_1689,ECFP4_count,0.0014024109,0.00072488724,0.358788679212201,"Higher feature value tends to increase predicted y, indicating higher toxicity / lower LD50"
ECFP4_count_bit_1722,ECFP4_count,0.0013906525,0.00011622029,0.006151130087089105,"Higher feature value tends to increase predicted y, indicating higher toxicity / lower LD50"
ECFP4_count_bit_446,ECFP4_count,0.0013841945,0.00053713087,0.2767081642076941,"Higher feature value tends to increase predicted y, indicating higher toxicity / lower LD50"
ECFP4_count_bit_1022,ECFP4_count,0.0013627305,-2.6807095e-06,0.1970035028257223,"Higher feature value tends to increase predicted y, indicating higher toxicity / lower LD50"
RDKit2D_NOCount,RDKit2D,0.0013545553,0.00021664354,-0.5542249734465575,"Higher feature value tends to decrease predicted y, indicating lower toxicity / higher LD50"
ECFP4_count_bit_1607,ECFP4_count,0.0013533045,0.00070384104,0.3902751298395672,"Higher feature value tends to increase predicted y, indicating higher toxicity / lower LD50"
ECFP4_count_bit_981,ECFP4_count,0.0013383552,-0.00029999932,0.2815167582807536,"Higher feature value tends to increase predicted y, indicating higher toxicity / lower LD50"
ECFP4_count_bit_1738,ECFP4_count,0.0013360982,-0.0003396508,-0.5212198563914399,"Higher feature value tends to decrease predicted y, indicating lower toxicity / higher LD50"
ECFP4_count_bit_1532,ECFP4_count,0.001331076,0.00043122814,0.16448650502152942,"Higher feature value tends to increase predicted y, indicating higher toxicity / lower LD50"
ECFP4_count_bit_1292,ECFP4_count,0.00132595,0.0006372157,0.6562390455997573,"Higher feature value tends to increase predicted y, indicating higher toxicity / lower LD50"
ECFP4_count_bit_1422,ECFP4_count,0.0013250186,-0.0010816107,0.18992836828368115,"Higher feature value tends to increase predicted y, indicating higher toxicity / lower LD50"
ECFP4_count_bit_1430,ECFP4_count,0.0013240725,-5.316926e-05,0.27686352161743616,"Higher feature value tends to increase predicted y, indicating higher toxicity / lower LD50"
ECFP4_count_bit_1145,ECFP4_count,0.0013160924,-0.0002087008,0.4073221649575034,"Higher feature value tends to increase predicted y, indicating higher toxicity / lower LD50"
RDKit2D_fr_Ndealkylation2,RDKit2D,0.0013136738,-0.00056616496,0.3421437410634325,"Higher feature value tends to increase predicted y, indicating higher toxicity / lower LD50"
ECFP4_count_bit_1564,ECFP4_count,0.0012946631,-0.0001317768,-0.34116673690759813,"Higher feature value tends to decrease predicted y, indicating lower toxicity / higher LD50"
ECFP4_count_bit_202,ECFP4_count,0.001286021,0.00022949613,0.3826136496102832,"Higher feature value tends to increase predicted y, indicating higher toxicity / lower LD50"
RDKit2D_fr_Ndealkylation1,RDKit2D,0.0012780508,-6.0935676e-05,0.5737596205884077,"Higher feature value tends to increase predicted y, indicating higher toxicity / lower LD50"
ECFP4_count_bit_206,ECFP4_count,0.0012769713,-1.0996762e-05,-0.11085666765366126,"Higher feature value tends to decrease predicted y, indicating lower toxicity / higher LD50"
ECFP4_count_bit_918,ECFP4_count,0.0012759698,0.0010470551,0.34424366217570446,"Higher feature value tends to increase predicted y, indicating higher toxicity / lower LD50"
ECFP4_count_bit_1516,ECFP4_count,0.0012615448,0.00082718034,0.47362515351771456,"Higher feature value tends to increase predicted y, indicating higher toxicity / lower LD50"
ECFP4_count_bit_1737,ECFP4_count,0.0012585507,0.00038746913,0.3552522480419437,"Higher feature value tends to increase predicted y, indicating higher toxicity / lower LD50"
ECFP4_count_bit_1017,ECFP4_count,0.0012371113,-0.0003678239,-0.43345243715097104,"Higher feature value tends to decrease predicted y, indicating lower toxicity / higher LD50"
ECFP4_count_bit_1070,ECFP4_count,0.0012311664,6.986761e-05,0.4220711794990429,"Higher feature value tends to increase predicted y, indicating higher toxicity / lower LD50"
ECFP4_count_bit_794,ECFP4_count,0.001219929,0.0005543763,-0.25450702942255493,"Higher feature value tends to decrease predicted y, indicating lower toxicity / higher LD50"
RDKit2D_SlogP_VSA8,RDKit2D,0.0011891447,0.00016387724,0.4488501665273982,"Higher feature value tends to increase predicted y, indicating higher toxicity / lower LD50"
ECFP4_count_bit_1482,ECFP4_count,0.0011843446,-0.00086614134,0.1375390448579182,"Higher feature value tends to increase predicted y, indicating higher toxicity / lower LD50"
RDKit2D_MaxEStateIndex,RDKit2D,0.001180653,0.00033688077,-0.3348610774685064,"Higher feature value tends to decrease predicted y, indicating lower toxicity / higher LD50"
ECFP4_count_bit_1298,ECFP4_count,0.0011730328,0.00027952602,0.22895733447266972,"Higher feature value tends to increase predicted y, indicating higher toxicity / lower LD50"
ECFP4_count_bit_1357,ECFP4_count,0.0011627798,-0.00020581081,0.04121628946997548,"Higher feature value tends to increase predicted y, indicating higher toxicity / lower LD50"
ECFP4_count_bit_1552,ECFP4_count,0.0011613602,0.00023524262,0.1825621603255,"Higher feature value tends to increase predicted y, indicating higher toxicity / lower LD50"
RDKit2D_NumSaturatedRings,RDKit2D,0.0011500367,0.00018708289,0.3790092948377141,"Higher feature value tends to increase predicted y, indicating higher toxicity / lower LD50"
ECFP4_count_bit_432,ECFP4_count,0.0011487419,0.00043591496,0.29531283530668784,"Higher feature value tends to increase predicted y, indicating higher toxicity / lower LD50"
RDKit2D_fr_priamide,RDKit2D,0.0011390024,0.0001249721,-0.335394026382961,"Higher feature value tends to decrease predicted y, indicating lower toxicity / higher LD50"
ECFP4_count_bit_827,ECFP4_count,0.0011324782,-0.00011812093,0.17487281867653223,"Higher feature value tends to increase predicted y, indicating higher toxicity / lower LD50"
ECFP4_count_bit_255,ECFP4_count,0.0011301202,5.712877e-05,0.25142326712991736,"Higher feature value tends to increase predicted y, indicating higher toxicity / lower LD50"
ECFP4_count_bit_1873,ECFP4_count,0.0011100974,-5.0208302e-05,0.20276915850806793,"Higher feature value tends to increase predicted y, indicating higher toxicity / lower LD50"
ECFP4_count_bit_835,ECFP4_count,0.0011099688,-0.0006133427,-0.4004633068103839,"Higher feature value tends to decrease predicted y, indicating lower toxicity / higher LD50"
ECFP4_count_bit_1906,ECFP4_count,0.0011046488,0.00028436733,0.16681398639434458,"Higher feature value tends to increase predicted y, indicating higher toxicity / lower LD50"
ECFP4_count_bit_1224,ECFP4_count,0.0010989833,-0.00012212695,0.3328155352435295,"Higher feature value tends to increase predicted y, indicating higher toxicity / lower LD50"
ECFP4_count_bit_1997,ECFP4_count,0.0010844618,0.00086661853,0.3479526886450277,"Higher feature value tends to increase predicted y, indicating higher toxicity / lower LD50"
ECFP4_count_bit_579,ECFP4_count,0.001079476,-0.000591031,0.10580092903954841,"Higher feature value tends to increase predicted y, indicating higher toxicity / lower LD50"
RDKit2D_RingCount,RDKit2D,0.0010780472,-0.0001212605,0.08538157352971756,"Higher feature value tends to increase predicted y, indicating higher toxicity / lower LD50"
ECFP4_count_bit_378,ECFP4_count,0.0010526525,0.00034072757,-0.45501647074716123,"Higher feature value tends to decrease predicted y, indicating lower toxicity / higher LD50"
ECFP4_count_bit_656,ECFP4_count,0.0010502365,0.0001298489,-0.04302257787160557,"Higher feature value tends to decrease predicted y, indicating lower toxicity / higher LD50"
ECFP4_count_bit_83,ECFP4_count,0.0010295748,0.00047221658,0.26692457736473757,"Higher feature value tends to increase predicted y, indicating higher toxicity / lower LD50"
ECFP4_count_bit_2033,ECFP4_count,0.0010270561,-9.6581854e-05,-0.331930480592237,"Higher feature value tends to decrease predicted y, indicating lower toxicity / higher LD50"
ECFP4_count_bit_1602,ECFP4_count,0.0010218493,0.00039088624,0.6013811230499861,"Higher feature value tends to increase predicted y, indicating higher toxicity / lower LD50"
ECFP4_count_bit_1970,ECFP4_count,0.0010002515,-4.4595803e-05,0.49233617305784316,"Higher feature value tends to increase predicted y, indicating higher toxicity / lower LD50"
ECFP4_count_bit_979,ECFP4_count,0.0009990116,-0.00019151722,0.2229591859822651,"Higher feature value tends to increase predicted y, indicating higher toxicity / lower LD50"
RDKit2D_fr_sulfide,RDKit2D,0.0009845614,0.00021293056,-0.39137764631994737,"Higher feature value tends to decrease predicted y, indicating lower toxicity / higher LD50"
ECFP4_count_bit_1043,ECFP4_count,0.0009797614,0.0001425502,-0.26657823172914535,"Higher feature value tends to decrease predicted y, indicating lower toxicity / higher LD50"
RDKit2D_fr_Ar_NH,RDKit2D,0.0009624956,-8.991254e-05,-0.3081597058759767,"Higher feature value tends to decrease predicted y, indicating lower toxicity / higher LD50"
ECFP4_count_bit_921,ECFP4_count,0.0009488534,0.0005548741,0.1841049821619846,"Higher feature value tends to increase predicted y, indicating higher toxicity / lower LD50"
RDKit2D_fr_Al_COO,RDKit2D,0.00094401924,0.00044125164,0.22978080510606375,"Higher feature value tends to increase predicted y, indicating higher toxicity / lower LD50"
ECFP4_count_bit_812,ECFP4_count,0.00094330654,0.00047789677,0.2347933761983309,"Higher feature value tends to increase predicted y, indicating higher toxicity / lower LD50"
ECFP4_count_bit_1060,ECFP4_count,0.0009368196,-0.00040230362,-0.7197327795080317,"Higher feature value tends to decrease predicted y, indicating lower toxicity / higher LD50"
ECFP4_count_bit_841,ECFP4_count,0.00091991917,-9.025571e-06,-0.5491346366936667,"Higher feature value tends to decrease predicted y, indicating lower toxicity / higher LD50"
ECFP4_count_bit_1729,ECFP4_count,0.0009145,-0.00026666658,0.18992736158204396,"Higher feature value tends to increase predicted y, indicating higher toxicity / lower LD50"
RDKit2D_NumAromaticHeterocycles,RDKit2D,0.0009087073,0.00025523384,-0.6605707715442365,"Higher feature value tends to decrease predicted y, indicating lower toxicity / higher LD50"
ECFP4_count_bit_1808,ECFP4_count,0.00090791855,-2.369642e-05,-0.25178074054484884,"Higher feature value tends to decrease predicted y, indicating lower toxicity / higher LD50"
ECFP4_count_bit_1928,ECFP4_count,0.0009048196,9.4127696e-05,0.36742754742669814,"Higher feature value tends to increase predicted y, indicating higher toxicity / lower LD50"
ECFP4_count_bit_1356,ECFP4_count,0.00089927926,0.00045933353,0.2776881693996069,"Higher feature value tends to increase predicted y, indicating higher toxicity / lower LD50"
ECFP4_count_bit_636,ECFP4_count,0.0008988976,0.000352027,0.21040185591082897,"Higher feature value tends to increase predicted y, indicating higher toxicity / lower LD50"
ECFP4_count_bit_1581,ECFP4_count,0.0008967818,-2.5081383e-05,0.28150376434128277,"Higher feature value tends to increase predicted y, indicating higher toxicity / lower LD50"
ECFP4_count_bit_573,ECFP4_count,0.00089162803,-0.00024224642,-0.29107803296600865,"Higher feature value tends to decrease predicted y, indicating lower toxicity / higher LD50"
ECFP4_count_bit_935,ECFP4_count,0.0008810831,0.00042621646,-0.4498784932937243,"Higher feature value tends to decrease predicted y, indicating lower toxicity / higher LD50"
RDKit2D_NumUnspecifiedAtomStereoCenters,RDKit2D,0.00088029087,-0.000723407,0.22717092143562811,"Higher feature value tends to increase predicted y, indicating higher toxicity / lower LD50"
ECFP4_count_bit_577,ECFP4_count,0.00084919314,0.00054998975,0.3288429168741454,"Higher feature value tends to increase predicted y, indicating higher toxicity / lower LD50"
ECFP4_count_bit_1981,ECFP4_count,0.0008441676,-0.00063922093,0.12945741663835478,"Higher feature value tends to increase predicted y, indicating higher toxicity / lower LD50"
ECFP4_count_bit_782,ECFP4_count,0.000843701,0.00022448176,0.21713883395459926,"Higher feature value tends to increase predicted y, indicating higher toxicity / lower LD50"
ECFP4_count_bit_1090,ECFP4_count,0.00084035634,0.00029068798,0.13976432676707534,"Higher feature value tends to increase predicted y, indicating higher toxicity / lower LD50"
ECFP4_count_bit_1960,ECFP4_count,0.0008378992,3.2598025e-05,0.22890820148409718,"Higher feature value tends to increase predicted y, indicating higher toxicity / lower LD50"
RDKit2D_HeavyAtomCount,RDKit2D,0.00083378557,-0.00015891597,-0.10117527925559,"Higher feature value tends to decrease predicted y, indicating lower toxicity / higher LD50"
ECFP4_count_bit_844,ECFP4_count,0.000832205,-0.00039757232,-0.20938047483656594,"Higher feature value tends to decrease predicted y, indicating lower toxicity / higher LD50"
ECFP4_count_bit_1617,ECFP4_count,0.0008269669,0.00017214945,0.2048563805734865,"Higher feature value tends to increase predicted y, indicating higher toxicity / lower LD50"
ECFP4_count_bit_1389,ECFP4_count,0.0008266185,0.00046294637,0.18256211984895462,"Higher feature value tends to increase predicted y, indicating higher toxicity / lower LD50"
ECFP4_count_bit_1476,ECFP4_count,0.0008240943,-4.63308e-05,0.3923229052989475,"Higher feature value tends to increase predicted y, indicating higher toxicity / lower LD50"
ECFP4_count_bit_1203,ECFP4_count,0.0008177355,-0.00040080634,0.12945758561255286,"Higher feature value tends to increase predicted y, indicating higher toxicity / lower LD50"
RDKit2D_fr_guanido,RDKit2D,0.00081357465,0.00025214176,0.22294845067322847,"Higher feature value tends to increase predicted y, indicating higher toxicity / lower LD50"
ECFP4_count_bit_1487,ECFP4_count,0.000811309,-0.00043216872,-0.47852920948543476,"Higher feature value tends to decrease predicted y, indicating lower toxicity / higher LD50"
ECFP4_count_bit_1236,ECFP4_count,0.00081075076,0.00019363387,0.43140558389625683,"Higher feature value tends to increase predicted y, indicating higher toxicity / lower LD50"
RDKit2D_PEOE_VSA4,RDKit2D,0.0008093982,7.278011e-06,-0.1774517662315323,"Higher feature value tends to decrease predicted y, indicating lower toxicity / higher LD50"
ECFP4_count_bit_1138,ECFP4_count,0.0008053415,0.00023216267,-0.16681398680515405,"Higher feature value tends to decrease predicted y, indicating lower toxicity / higher LD50"
RDKit2D_fr_urea,RDKit2D,0.0008050003,0.00028776837,-0.21757396315214086,"Higher feature value tends to decrease predicted y, indicating lower toxicity / higher LD50"
ECFP4_count_bit_623,ECFP4_count,0.00079928956,-0.00015012956,0.22295789040279404,"Higher feature value tends to increase predicted y, indicating higher toxicity / lower LD50"
ECFP4_count_bit_667,ECFP4_count,0.0007938149,-0.00042975746,0.2445836508763687,"Higher feature value tends to increase predicted y, indicating higher toxicity / lower LD50"
ECFP4_count_bit_454,ECFP4_count,0.00078733725,-0.0004376661,-0.23522134700487474,"Higher feature value tends to decrease predicted y, indicating lower toxicity / higher LD50"
RDKit2D_fr_aniline,RDKit2D,0.00078706275,0.0001573537,-0.4282136294459598,"Higher feature value tends to decrease predicted y, indicating lower toxicity / higher LD50"
RDKit2D_fr_ketone_Topliss,RDKit2D,0.0007857647,0.00037495245,0.4591520906229939,"Higher feature value tends to increase predicted y, indicating higher toxicity / lower LD50"
ECFP4_count_bit_1982,ECFP4_count,0.0007845832,6.7594606e-06,-0.18760184100951752,"Higher feature value tends to decrease predicted y, indicating lower toxicity / higher LD50"
ECFP4_count_bit_1136,ECFP4_count,0.00078376534,-0.00013964964,-0.2571165978151964,"Higher feature value tends to decrease predicted y, indicating lower toxicity / higher LD50"
ECFP4_count_bit_294,ECFP4_count,0.00078144483,-0.00011198152,0.3242157451931692,"Higher feature value tends to increase predicted y, indicating higher toxicity / lower LD50"
ECFP4_count_bit_1618,ECFP4_count,0.0007800227,0.00011777275,0.1876905183504229,"Higher feature value tends to increase predicted y, indicating higher toxicity / lower LD50"
ECFP4_count_bit_57,ECFP4_count,0.0007789614,0.00034182656,0.25671160473417176,"Higher feature value tends to increase predicted y, indicating higher toxicity / lower LD50"
ECFP4_count_bit_155,ECFP4_count,0.00077683,5.863162e-05,-0.11265095986332534,"Higher feature value tends to decrease predicted y, indicating lower toxicity / higher LD50"
ECFP4_count_bit_1434,ECFP4_count,0.0007723698,0.00040783576,0.1970035037960355,"Higher feature value tends to increase predicted y, indicating higher toxicity / lower LD50"
ECFP4_count_bit_375,ECFP4_count,0.0007699054,-0.0006860943,0.09166954041999013,"Higher feature value tends to increase predicted y, indicating higher toxicity / lower LD50"
ECFP4_count_bit_1027,ECFP4_count,0.0007698685,-3.212945e-05,-0.3424143644938586,"Higher feature value tends to decrease predicted y, indicating lower toxicity / higher LD50"
ECFP4_count_bit_1028,ECFP4_count,0.00076572987,0.00012069399,0.22525592225731958,"Higher feature value tends to increase predicted y, indicating higher toxicity / lower LD50"
RDKit2D_NumAliphaticCarbocycles,RDKit2D,0.000760185,0.00015376603,0.1316341450914223,"Higher feature value tends to increase predicted y, indicating higher toxicity / lower LD50"
ECFP4_count_bit_1832,ECFP4_count,0.00075850385,0.00036623096,0.33274331420500136,"Higher feature value tends to increase predicted y, indicating higher toxicity / lower LD50"
ECFP4_count_bit_1457,ECFP4_count,0.0007340837,-3.7147543e-05,0.35112199983911685,"Higher feature value tends to increase predicted y, indicating higher toxicity / lower LD50"
ECFP4_count_bit_1427,ECFP4_count,0.0007338059,-0.00022831028,-0.256711602837576,"Higher feature value tends to decrease predicted y, indicating lower toxicity / higher LD50"
RDKit2D_fr_ester,RDKit2D,0.0007290862,-0.00013585888,-0.4801632818584308,"Higher feature value tends to decrease predicted y, indicating lower toxicity / higher LD50"
ECFP4_count_bit_2018,ECFP4_count,0.00072819286,2.5937245e-05,0.2104056944175729,"Higher feature value tends to increase predicted y, indicating higher toxicity / lower LD50"
ECFP4_count_bit_470,ECFP4_count,0.00071621937,0.00031870336,0.3119787957461268,"Higher feature value tends to increase predicted y, indicating higher toxicity / lower LD50"
ECFP4_count_bit_1821,ECFP4_count,0.00071474497,0.0006093058,-0.09166954109724837,"Higher feature value tends to decrease predicted y, indicating lower toxicity / higher LD50"
ECFP4_count_bit_1911,ECFP4_count,0.000708977,7.037768e-05,0.10435238287684406,"Higher feature value tends to increase predicted y, indicating higher toxicity / lower LD50"
ECFP4_count_bit_1025,ECFP4_count,0.00070783054,9.2449256e-05,0.19700350428119207,"Higher feature value tends to increase predicted y, indicating higher toxicity / lower LD50"
ECFP4_count_bit_679,ECFP4_count,0.0007040434,-0.00036389852,-0.5016547965323995,"Higher feature value tends to decrease predicted y, indicating lower toxicity / higher LD50"
ECFP4_count_bit_222,ECFP4_count,0.00070121017,-0.00012544527,0.040490501686572686,"Higher feature value tends to increase predicted y, indicating higher toxicity / lower LD50"
ECFP4_count_bit_583,ECFP4_count,0.00069546903,0.00022096516,0.18256276688235534,"Higher feature value tends to increase predicted y, indicating higher toxicity / lower LD50"
ECFP4_count_bit_1322,ECFP4_count,0.00069440436,-0.00030534636,0.09136689137885182,"Higher feature value tends to increase predicted y, indicating higher toxicity / lower LD50"
RDKit2D_fr_furan,RDKit2D,0.0006901336,-4.69943e-05,0.1908882897889484,"Higher feature value tends to increase predicted y, indicating higher toxicity / lower LD50"
ECFP4_count_bit_1210,ECFP4_count,0.00068834546,-2.7062662e-05,-0.18256494857118089,"Higher feature value tends to decrease predicted y, indicating lower toxicity / higher LD50"
ECFP4_count_bit_1847,ECFP4_count,0.0006825182,-6.0536513e-05,-0.2445408971544912,"Higher feature value tends to decrease predicted y, indicating lower toxicity / higher LD50"
ECFP4_count_bit_119,ECFP4_count,0.00067583803,0.00023062792,0.1599102202006188,"Higher feature value tends to increase predicted y, indicating higher toxicity / lower LD50"
ECFP4_count_bit_802,ECFP4_count,0.0006752191,0.00012867464,-0.294891951723779,"Higher feature value tends to decrease predicted y, indicating lower toxicity / higher LD50"
ECFP4_count_bit_728,ECFP4_count,0.0006735636,0.00017937356,-0.24599151117087406,"Higher feature value tends to decrease predicted y, indicating lower toxicity / higher LD50"
ECFP4_count_bit_610,ECFP4_count,0.00066941226,-0.0005363554,-0.45607897350631066,"Higher feature value tends to decrease predicted y, indicating lower toxicity / higher LD50"
ECFP4_count_bit_1631,ECFP4_count,0.00066811655,0.00016597947,-0.24047691571006624,"Higher feature value tends to decrease predicted y, indicating lower toxicity / higher LD50"
ECFP4_count_bit_1810,ECFP4_count,0.000666578,0.00027998537,0.31656810164013544,"Higher feature value tends to increase predicted y, indicating higher toxicity / lower LD50"
ECFP4_count_bit_1039,ECFP4_count,0.0006625927,-1.8048015e-05,0.4396690486139552,"Higher feature value tends to increase predicted y, indicating higher toxicity / lower LD50"
ECFP4_count_bit_1234,ECFP4_count,0.0006621331,-0.00048168897,-0.3847937527675808,"Higher feature value tends to decrease predicted y, indicating lower toxicity / higher LD50"
ECFP4_count_bit_145,ECFP4_count,0.0006583882,-4.912681e-05,0.24132923335373563,"Higher feature value tends to increase predicted y, indicating higher toxicity / lower LD50"
ECFP4_count_bit_614,ECFP4_count,0.0006505947,0.00045139025,0.2104000763743343,"Higher feature value tends to increase predicted y, indicating higher toxicity / lower LD50"
ECFP4_count_bit_463,ECFP4_count,0.0006493386,-0.00025318863,0.24848721519620331,"Higher feature value tends to increase predicted y, indicating higher toxicity / lower LD50"
ECFP4_count_bit_1942,ECFP4_count,0.0006486168,-0.0004224979,0.18250543724650864,"Higher feature value tends to increase predicted y, indicating higher toxicity / lower LD50"
ECFP4_count_bit_1934,ECFP4_count,0.0006473453,-0.0001108249,0.17487405837534004,"Higher feature value tends to increase predicted y, indicating higher toxicity / lower LD50"
RDKit2D_fr_para_hydroxylation,RDKit2D,0.0006466452,0.0002960353,-0.1532534689688017,"Higher feature value tends to decrease predicted y, indicating lower toxicity / higher LD50"
ECFP4_count_bit_871,ECFP4_count,0.0006398528,0.00032550868,0.27189301267074606,"Higher feature value tends to increase predicted y, indicating higher toxicity / lower LD50"
ECFP4_count_bit_1134,ECFP4_count,0.00063727965,-0.00015824304,-0.15832673470333547,"Higher feature value tends to decrease predicted y, indicating lower toxicity / higher LD50"
ECFP4_count_bit_2007,ECFP4_count,0.0006364442,-1.3355816e-05,0.10580116180408847,"Higher feature value tends to increase predicted y, indicating higher toxicity / lower LD50"
ECFP4_count_bit_240,ECFP4_count,0.0006361146,-0.00038211935,-0.20128742082080464,"Higher feature value tends to decrease predicted y, indicating lower toxicity / higher LD50"
ECFP4_count_bit_116,ECFP4_count,0.00063424156,-0.0001182728,0.35883348510871693,"Higher feature value tends to increase predicted y, indicating higher toxicity / lower LD50"
ECFP4_count_bit_305,ECFP4_count,0.00063339295,-5.4748216e-05,0.24047971085235562,"Higher feature value tends to increase predicted y, indicating higher toxicity / lower LD50"
RDKit2D_fr_NH1,RDKit2D,0.00063219154,9.8058335e-05,0.28770565046030494,"Higher feature value tends to increase predicted y, indicating higher toxicity / lower LD50"
ECFP4_count_bit_1049,ECFP4_count,0.0006291862,0.00039398973,0.014610701224535417,"Higher feature value tends to increase predicted y, indicating higher toxicity / lower LD50"
ECFP4_count_bit_371,ECFP4_count,0.0006278033,-1.6753478e-05,-0.25141650901724244,"Higher feature value tends to decrease predicted y, indicating lower toxicity / higher LD50"
ECFP4_count_bit_710,ECFP4_count,0.0006275728,0.0003400589,0.182562767331949,"Higher feature value tends to increase predicted y, indicating higher toxicity / lower LD50"
ECFP4_count_bit_1379,ECFP4_count,0.00062646373,-0.00022946051,0.18992837062234513,"Higher feature value tends to increase predicted y, indicating higher toxicity / lower LD50"
ECFP4_count_bit_1005,ECFP4_count,0.0006257787,0.00026370928,0.19299542053921337,"Higher feature value tends to increase predicted y, indicating higher toxicity / lower LD50"
ECFP4_count_bit_34,ECFP4_count,0.0006248744,-1.7227323e-05,0.2038225079653998,"Higher feature value tends to increase predicted y, indicating higher toxicity / lower LD50"
ECFP4_count_bit_786,ECFP4_count,0.0006206718,0.00025713793,0.30880330521815813,"Higher feature value tends to increase predicted y, indicating higher toxicity / lower LD50"
ECFP4_count_bit_132,ECFP4_count,0.0006202568,0.00012878676,0.1397643260786857,"Higher feature value tends to increase predicted y, indicating higher toxicity / lower LD50"
ECFP4_count_bit_495,ECFP4_count,0.0006189075,1.8195791e-05,0.17487467542435595,"Higher feature value tends to increase predicted y, indicating higher toxicity / lower LD50"
ECFP4_count_bit_866,ECFP4_count,0.00060919486,0.00020419165,0.17487328340037278,"Higher feature value tends to increase predicted y, indicating higher toxicity / lower LD50"
ECFP4_count_bit_392,ECFP4_count,0.0006049493,-0.00010306121,-0.33709210664640565,"Higher feature value tends to decrease predicted y, indicating lower toxicity / higher LD50"
ECFP4_count_bit_609,ECFP4_count,0.0006028552,-5.9768823e-05,-0.06115269584127974,"Higher feature value tends to decrease predicted y, indicating lower toxicity / higher LD50"
ECFP4_count_bit_1295,ECFP4_count,0.00060011056,-0.00021091824,0.27647077463894043,"Higher feature value tends to increase predicted y, indicating higher toxicity / lower LD50"
ECFP4_count_bit_13,ECFP4_count,0.0005949122,0.00028863296,-0.1962210505417572,"Higher feature value tends to decrease predicted y, indicating lower toxicity / higher LD50"
ECFP4_count_bit_1957,ECFP4_count,0.00058979273,-0.00021929832,-0.26188249152809673,"Higher feature value tends to decrease predicted y, indicating lower toxicity / higher LD50"
ECFP4_count_bit_1076,ECFP4_count,0.00058945565,1.9011617e-05,0.1397643277996598,"Higher feature value tends to increase predicted y, indicating higher toxicity / lower LD50"
ECFP4_count_bit_1921,ECFP4_count,0.00058896956,0.0002412314,0.49810420155620666,"Higher feature value tends to increase predicted y, indicating higher toxicity / lower LD50"
ECFP4_count_bit_1854,ECFP4_count,0.0005879041,0.00020938592,-0.06194176916432149,"Higher feature value tends to decrease predicted y, indicating lower toxicity / higher LD50"
ECFP4_count_bit_590,ECFP4_count,0.00058766484,-0.0002825831,-0.25180353041664005,"Higher feature value tends to decrease predicted y, indicating lower toxicity / higher LD50"
ECFP4_count_bit_1879,ECFP4_count,0.0005776645,0.00027575085,0.19438908245467165,"Higher feature value tends to increase predicted y, indicating higher toxicity / lower LD50"
RDKit2D_fr_pyridine,RDKit2D,0.0005698304,-0.00012546485,0.2620784690916848,"Higher feature value tends to increase predicted y, indicating higher toxicity / lower LD50"
ECFP4_count_bit_263,ECFP4_count,0.00056456815,5.7537134e-05,0.11200794171259627,"Higher feature value tends to increase predicted y, indicating higher toxicity / lower LD50"
ECFP4_count_bit_649,ECFP4_count,0.0005625161,0.00017253062,0.17183128441492904,"Higher feature value tends to increase predicted y, indicating higher toxicity / lower LD50"
ECFP4_count_bit_1537,ECFP4_count,0.00056225975,-0.00013873007,-0.1294575881630538,"Higher feature value tends to decrease predicted y, indicating lower toxicity / higher LD50"
ECFP4_count_bit_770,ECFP4_count,0.00056162005,0.00011223385,0.1841263196650026,"Higher feature value tends to increase predicted y, indicating higher toxicity / lower LD50"
ECFP4_count_bit_1035,ECFP4_count,0.0005609756,0.000112607486,0.30517622160099334,"Higher feature value tends to increase predicted y, indicating higher toxicity / lower LD50"
ECFP4_count_bit_564,ECFP4_count,0.0005593293,0.00011334073,-0.26188037734325176,"Higher feature value tends to decrease predicted y, indicating lower toxicity / higher LD50"
ECFP4_count_bit_1697,ECFP4_count,0.0005592146,-8.527336e-05,0.13622637822919226,"Higher feature value tends to increase predicted y, indicating higher toxicity / lower LD50"
ECFP4_count_bit_507,ECFP4_count,0.00055425375,-0.00018308818,0.06293642774426401,"Higher feature value tends to increase predicted y, indicating higher toxicity / lower LD50"
ECFP4_count_bit_1213,ECFP4_count,0.0005503768,0.00029664955,0.14934365881486916,"Higher feature value tends to increase predicted y, indicating higher toxicity / lower LD50"
ECFP4_count_bit_742,ECFP4_count,0.0005440737,0.00025643516,0.14934392301903432,"Higher feature value tends to increase predicted y, indicating higher toxicity / lower LD50"
ECFP4_count_bit_687,ECFP4_count,0.0005434619,0.00021975505,-0.2652680596989799,"Higher feature value tends to decrease predicted y, indicating lower toxicity / higher LD50"
ECFP4_count_bit_519,ECFP4_count,0.000543403,0.00047356778,0.44675208792079607,"Higher feature value tends to increase predicted y, indicating higher toxicity / lower LD50"
ECFP4_count_bit_460,ECFP4_count,0.00054211577,0.0002526256,0.2104056944175729,"Higher feature value tends to increase predicted y, indicating higher toxicity / lower LD50"
ECFP4_count_bit_268,ECFP4_count,0.0005402068,6.520327e-06,-0.149343922651248,"Higher feature value tends to decrease predicted y, indicating lower toxicity / higher LD50"
ECFP4_count_bit_81,ECFP4_count,0.000539134,0.00018410625,0.1824763266277199,"Higher feature value tends to increase predicted y, indicating higher toxicity / lower LD50"
ECFP4_count_bit_89,ECFP4_count,0.00053818634,-3.1163407e-05,0.1583284145556583,"Higher feature value tends to increase predicted y, indicating higher toxicity / lower LD50"
ECFP4_count_bit_1889,ECFP4_count,0.0005363436,0.00013440923,0.19700289180727792,"Higher feature value tends to increase predicted y, indicating higher toxicity / lower LD50"
ECFP4_count_bit_1861,ECFP4_count,0.00053333864,0.00045067052,-0.11823369480449124,"Higher feature value tends to decrease predicted y, indicating lower toxicity / higher LD50"
RDKit2D_fr_unbrch_alkane,RDKit2D,0.00053256535,-0.00021986556,-0.00416362606881681,"Higher feature value tends to decrease predicted y, indicating lower toxicity / higher LD50"
ECFP4_count_bit_1008,ECFP4_count,0.0005321185,-4.25843e-06,-0.13438221742494832,"Higher feature value tends to decrease predicted y, indicating lower toxicity / higher LD50"
ECFP4_count_bit_1739,ECFP4_count,0.00053073873,0.0001960491,0.16681398680515405,"Higher feature value tends to increase predicted y, indicating higher toxicity / lower LD50"
ECFP4_count_bit_591,ECFP4_count,0.00052844733,-0.00011061762,0.20496132328193006,"Higher feature value tends to increase predicted y, indicating higher toxicity / lower LD50"
ECFP4_count_bit_338,ECFP4_count,0.0005270897,0.00015716083,0.22294964347650423,"Higher feature value tends to increase predicted y, indicating higher toxicity / lower LD50"
ECFP4_count_bit_1919,ECFP4_count,0.0005270883,-0.00018054502,0.13976494416228136,"Higher feature value tends to increase predicted y, indicating higher toxicity / lower LD50"
ECFP4_count_bit_703,ECFP4_count,0.00052650267,0.00023323006,-0.1431072774970095,"Higher feature value tends to decrease predicted y, indicating lower toxicity / higher LD50"
ECFP4_count_bit_700,ECFP4_count,0.0005167888,-0.00018987863,0.14934392301903432,"Higher feature value tends to increase predicted y, indicating higher toxicity / lower LD50"
ECFP4_count_bit_1096,ECFP4_count,0.0005166741,0.00015643438,0.2404706785766892,"Higher feature value tends to increase predicted y, indicating higher toxicity / lower LD50"
ECFP4_count_bit_1526,ECFP4_count,0.00051539723,4.5594417e-05,-0.158328973338012,"Higher feature value tends to decrease predicted y, indicating lower toxicity / higher LD50"
ECFP4_count_bit_1855,ECFP4_count,0.0005122544,-0.0001787953,-0.22425732111426347,"Higher feature value tends to decrease predicted y, indicating lower toxicity / higher LD50"
ECFP4_count_bit_1463,ECFP4_count,0.0005115916,0.00023294172,0.19467144215331394,"Higher feature value tends to increase predicted y, indicating higher toxicity / lower LD50"
ECFP4_count_bit_74,ECFP4_count,0.0005091921,0.0002647583,-0.21107621902306933,"Higher feature value tends to decrease predicted y, indicating lower toxicity / higher LD50"
ECFP4_count_bit_1819,ECFP4_count,0.00050823804,0.00027819717,0.3658188614352438,"Higher feature value tends to increase predicted y, indicating higher toxicity / lower LD50"
ECFP4_count_bit_1766,ECFP4_count,0.00050717907,0.0003450934,-0.10580116206464286,"Higher feature value tends to decrease predicted y, indicating lower toxicity / higher LD50"
ECFP4_count_bit_1977,ECFP4_count,0.00050700066,-0.00029444884,-0.4014934501322316,"Higher feature value tends to decrease predicted y, indicating lower toxicity / higher LD50"
ECFP4_count_bit_192,ECFP4_count,0.00050526304,-1.9138302e-05,0.28149683305737655,"Higher feature value tends to increase predicted y, indicating higher toxicity / lower LD50"
ECFP4_count_bit_905,ECFP4_count,0.000505185,-0.0001444637,-0.18256276643276165,"Higher feature value tends to decrease predicted y, indicating lower toxicity / higher LD50"
ECFP4_count_bit_1783,ECFP4_count,0.00050440506,-3.9238017e-05,-0.36583181735118525,"Higher feature value tends to decrease predicted y, indicating lower toxicity / higher LD50"
ECFP4_count_bit_1693,ECFP4_count,0.00050260825,-0.00029899037,0.06966507613621613,"Higher feature value tends to increase predicted y, indicating higher toxicity / lower LD50"
ECFP4_count_bit_109,ECFP4_count,0.00050246646,0.00021185045,0.17936824404331575,"Higher feature value tends to increase predicted y, indicating higher toxicity / lower LD50"
ECFP4_count_bit_425,ECFP4_count,0.0005006549,-0.00025994622,0.09960631740668728,"Higher feature value tends to increase predicted y, indicating higher toxicity / lower LD50"
ECFP4_count_bit_354,ECFP4_count,0.0004967932,-2.3823168e-05,0.2104056944175729,"Higher feature value tends to increase predicted y, indicating higher toxicity / lower LD50"
ECFP4_count_bit_31,ECFP4_count,0.00049516157,0.00019146097,0.15555017978304014,"Higher feature value tends to increase predicted y, indicating higher toxicity / lower LD50"
ECFP4_count_bit_1667,ECFP4_count,0.00049301295,6.645299e-05,-0.03022577135520606,"Higher feature value tends to decrease predicted y, indicating lower toxicity / higher LD50"
ECFP4_count_bit_1984,ECFP4_count,0.0004897595,0.00016746273,0.32481109454172524,"Higher feature value tends to increase predicted y, indicating higher toxicity / lower LD50"
ECFP4_count_bit_1351,ECFP4_count,0.0004857556,-0.00022448791,-0.09534170507860207,"Higher feature value tends to decrease predicted y, indicating lower toxicity / higher LD50"
ECFP4_count_bit_1109,ECFP4_count,0.00048515352,-0.00024259224,0.2103327064766238,"Higher feature value tends to increase predicted y, indicating higher toxicity / lower LD50"
ECFP4_count_bit_1240,ECFP4_count,0.00048504665,0.00017021364,0.21677812064041346,"Higher feature value tends to increase predicted y, indicating higher toxicity / lower LD50"
RDKit2D_fr_piperdine,RDKit2D,0.00048480325,4.4580218e-05,0.4272800824555065,"Higher feature value tends to increase predicted y, indicating higher toxicity / lower LD50"
ECFP4_count_bit_179,ECFP4_count,0.00048403637,0.00022715508,0.16681398557272561,"Higher feature value tends to increase predicted y, indicating higher toxicity / lower LD50"
ECFP4_count_bit_1785,ECFP4_count,0.00048047182,-9.295557e-05,-0.22846674557238716,"Higher feature value tends to decrease predicted y, indicating lower toxicity / higher LD50"
ECFP4_count_bit_1073,ECFP4_count,0.0004791383,-8.8726e-05,-0.14971447695846307,"Higher feature value tends to decrease predicted y, indicating lower toxicity / higher LD50"
ECFP4_count_bit_1435,ECFP4_count,0.00047792733,-0.00015066947,-0.16070776709672688,"Higher feature value tends to decrease predicted y, indicating lower toxicity / higher LD50"
ECFP4_count_bit_789,ECFP4_count,0.00047748437,0.0003579341,-0.09166954222601219,"Higher feature value tends to decrease predicted y, indicating lower toxicity / higher LD50"
ECFP4_count_bit_1083,ECFP4_count,0.00047613028,0.00031700433,0.2269968479560501,"Higher feature value tends to increase predicted y, indicating higher toxicity / lower LD50"
ECFP4_count_bit_536,ECFP4_count,0.00047581678,-0.0002388911,0.07488299866421683,"Higher feature value tends to increase predicted y, indicating higher toxicity / lower LD50"
ECFP4_count_bit_1513,ECFP4_count,0.0004714158,-0.00013154246,-0.17487328340037278,"Higher feature value tends to decrease predicted y, indicating lower toxicity / higher LD50"
ECFP4_count_bit_823,ECFP4_count,0.00047082177,-0.00012744412,-0.18260991084773037,"Higher feature value tends to decrease predicted y, indicating lower toxicity / higher LD50"
ECFP4_count_bit_1127,ECFP4_count,0.00046974287,0.00028362492,0.11128299633507462,"Higher feature value tends to increase predicted y, indicating higher toxicity / lower LD50"
ECFP4_count_bit_190,ECFP4_count,0.00046969994,6.0337334e-05,0.14934095557893648,"Higher feature value tends to increase predicted y, indicating higher toxicity / lower LD50"
ECFP4_count_bit_760,ECFP4_count,0.00046911326,-7.993878e-05,-0.31661792446920217,"Higher feature value tends to decrease predicted y, indicating lower toxicity / higher LD50"
ECFP4_count_bit_1514,ECFP4_count,0.00046897677,0.00023017265,0.17487328340037278,"Higher feature value tends to increase predicted y, indicating higher toxicity / lower LD50"
ECFP4_count_bit_692,ECFP4_count,0.0004673934,-0.00014183247,0.12945718867988376,"Higher feature value tends to increase predicted y, indicating higher toxicity / lower LD50"
ECFP4_count_bit_1557,ECFP4_count,0.00046668455,4.8713402e-05,0.20130880253111064,"Higher feature value tends to increase predicted y, indicating higher toxicity / lower LD50"
ECFP4_count_bit_684,ECFP4_count,0.00046667436,-0.00011985431,-0.2167821762553173,"Higher feature value tends to decrease predicted y, indicating lower toxicity / higher LD50"
ECFP4_count_bit_1123,ECFP4_count,0.00046588635,4.815186e-05,0.019927486107942646,"Higher feature value tends to increase predicted y, indicating higher toxicity / lower LD50"
ECFP4_count_bit_608,ECFP4_count,0.00046517092,-0.00023396325,-0.17667195843866376,"Higher feature value tends to decrease predicted y, indicating lower toxicity / higher LD50"
ECFP4_count_bit_576,ECFP4_count,0.00046499865,0.00014075045,0.18992735737247105,"Higher feature value tends to increase predicted y, indicating higher toxicity / lower LD50"
ECFP4_count_bit_167,ECFP4_count,0.00046489423,0.00018630066,0.22294755531756297,"Higher feature value tends to increase predicted y, indicating higher toxicity / lower LD50"
ECFP4_count_bit_1853,ECFP4_count,0.00046465165,3.138995e-05,-0.11341229929212705,"Higher feature value tends to decrease predicted y, indicating lower toxicity / higher LD50"
ECFP4_count_bit_780,ECFP4_count,0.00046294334,0.00013158465,0.1397632153190227,"Higher feature value tends to increase predicted y, indicating higher toxicity / lower LD50"
ECFP4_count_bit_1898,ECFP4_count,0.00046224377,-5.8641497e-05,-0.21676585178632427,"Higher feature value tends to decrease predicted y, indicating lower toxicity / higher LD50"
ECFP4_count_bit_1163,ECFP4_count,0.00046145162,7.325815e-05,-0.35381414622495344,"Higher feature value tends to decrease predicted y, indicating lower toxicity / higher LD50"
ECFP4_count_bit_1827,ECFP4_count,0.0004614462,-0.000295515,-0.18992736158204396,"Higher feature value tends to decrease predicted y, indicating lower toxicity / higher LD50"
RDKit2D_fr_nitro_arom_nonortho,RDKit2D,0.00046102493,0.0001490979,0.12945758848186642,"Higher feature value tends to increase predicted y, indicating higher toxicity / lower LD50"
ECFP4_count_bit_1723,ECFP4_count,0.0004607525,0.00016794846,0.246183763305854,"Higher feature value tends to increase predicted y, indicating higher toxicity / lower LD50"
ECFP4_count_bit_913,ECFP4_count,0.00045851464,4.692841e-05,-0.22506980084057374,"Higher feature value tends to decrease predicted y, indicating lower toxicity / higher LD50"
ECFP4_count_bit_712,ECFP4_count,0.00045690403,-0.00020450637,0.10580116180408847,"Higher feature value tends to increase predicted y, indicating higher toxicity / lower LD50"
ECFP4_count_bit_1363,ECFP4_count,0.0004542304,7.979984e-05,0.1294575881630538,"Higher feature value tends to increase predicted y, indicating higher toxicity / lower LD50"
ECFP4_count_bit_1098,ECFP4_count,0.00045200324,-0.00021612337,0.10580116180408847,"Higher feature value tends to increase predicted y, indicating higher toxicity / lower LD50"
ECFP4_count_bit_231,ECFP4_count,0.00044464404,0.000119923585,0.46328508875385344,"Higher feature value tends to increase predicted y, indicating higher toxicity / lower LD50"
ECFP4_count_bit_29,ECFP4_count,0.00044445234,8.190826e-05,0.23698792531832746,"Higher feature value tends to increase predicted y, indicating higher toxicity / lower LD50"
ECFP4_count_bit_227,ECFP4_count,0.0004436971,1.0560745e-05,0.1289081965081053,"Higher feature value tends to increase predicted y, indicating higher toxicity / lower LD50"
ECFP4_count_bit_1414,ECFP4_count,0.00044212438,0.00012130264,-0.14934365881486916,"Higher feature value tends to decrease predicted y, indicating lower toxicity / higher LD50"
ECFP4_count_bit_1905,ECFP4_count,0.00044209172,0.00012460437,0.312807364924031,"Higher feature value tends to increase predicted y, indicating higher toxicity / lower LD50"
ECFP4_count_bit_52,ECFP4_count,0.0004416762,0.00024594186,0.2229571983393828,"Higher feature value tends to increase predicted y, indicating higher toxicity / lower LD50"
ECFP4_count_bit_740,ECFP4_count,0.00044097984,0.00015070853,0.16622547382328093,"Higher feature value tends to increase predicted y, indicating higher toxicity / lower LD50"
ECFP4_count_bit_653,ECFP4_count,0.00044080865,-0.00013377916,0.2460198300690564,"Higher feature value tends to increase predicted y, indicating higher toxicity / lower LD50"
ECFP4_count_bit_1849,ECFP4_count,0.00044045696,2.8641944e-05,-0.2595192830437419,"Higher feature value tends to decrease predicted y, indicating lower toxicity / higher LD50"
RDKit2D_fr_phenol,RDKit2D,0.0004391986,0.00016606195,0.5417087630928122,"Higher feature value tends to increase predicted y, indicating higher toxicity / lower LD50"
ECFP4_count_bit_342,ECFP4_count,0.0004379125,-0.000100609934,0.1058011623251973,"Higher feature value tends to increase predicted y, indicating higher toxicity / lower LD50"
ECFP4_count_bit_244,ECFP4_count,0.00043729044,9.503606e-05,-0.0916695415487539,"Higher feature value tends to decrease predicted y, indicating lower toxicity / higher LD50"
ECFP4_count_bit_70,ECFP4_count,0.00043618327,-0.0001791068,0.08998955151006566,"Higher feature value tends to increase predicted y, indicating higher toxicity / lower LD50"
ECFP4_count_bit_715,ECFP4_count,0.00043552375,2.4060362e-06,-0.2804112973410693,"Higher feature value tends to decrease predicted y, indicating lower toxicity / higher LD50"
ECFP4_count_bit_555,ECFP4_count,0.0004350823,9.741357e-06,0.2544287849412498,"Higher feature value tends to increase predicted y, indicating higher toxicity / lower LD50"
ECFP4_count_bit_878,ECFP4_count,0.0004336342,0.0001490551,0.3035553154419721,"Higher feature value tends to increase predicted y, indicating higher toxicity / lower LD50"
ECFP4_count_bit_1993,ECFP4_count,0.00043306538,-0.0002583806,0.15832911449571455,"Higher feature value tends to increase predicted y, indicating higher toxicity / lower LD50"
ECFP4_count_bit_428,ECFP4_count,0.0004319482,0.00011592967,-0.08693279956882323,"Higher feature value tends to decrease predicted y, indicating lower toxicity / higher LD50"
ECFP4_count_bit_252,ECFP4_count,0.00042922178,-4.0986877e-05,-0.025797493909872165,"Higher feature value tends to decrease predicted y, indicating lower toxicity / higher LD50"
ECFP4_count_bit_790,ECFP4_count,0.00042884005,-2.4888383e-05,0.21677580368037647,"Higher feature value tends to increase predicted y, indicating higher toxicity / lower LD50"
ECFP4_count_bit_2013,ECFP4_count,0.00042308588,0.00020584454,0.149343922651248,"Higher feature value tends to increase predicted y, indicating higher toxicity / lower LD50"
RDKit2D_fr_imidazole,RDKit2D,0.0004220352,0.0001143103,0.2846944350507661,"Higher feature value tends to increase predicted y, indicating higher toxicity / lower LD50"
ECFP4_count_bit_75,ECFP4_count,0.000422009,-0.0002482394,-0.21392633569798,"Higher feature value tends to decrease predicted y, indicating lower toxicity / higher LD50"
ECFP4_count_bit_680,ECFP4_count,0.00042055658,6.7776265e-05,0.07822248813311526,"Higher feature value tends to increase predicted y, indicating higher toxicity / lower LD50"
ECFP4_count_bit_229,ECFP4_count,0.0004205334,5.075204e-05,0.2104079416844033,"Higher feature value tends to increase predicted y, indicating higher toxicity / lower LD50"
ECFP4_count_bit_1803,ECFP4_count,0.0004189703,3.288352e-05,-0.2861073913524182,"Higher feature value tends to decrease predicted y, indicating lower toxicity / higher LD50"
ECFP4_count_bit_62,ECFP4_count,0.00041877286,0.00019104376,-0.11128299606102021,"Higher feature value tends to decrease predicted y, indicating lower toxicity / higher LD50"
ECFP4_count_bit_1999,ECFP4_count,0.00041523678,9.094975e-05,-0.0725527775253279,"Higher feature value tends to decrease predicted y, indicating lower toxicity / higher LD50"
ECFP4_count_bit_1006,ECFP4_count,0.0004130792,-7.481315e-06,0.14934333232414282,"Higher feature value tends to increase predicted y, indicating higher toxicity / lower LD50"
ECFP4_count_bit_1809,ECFP4_count,0.00041164484,-0.0002651042,0.0,No clear monotonic direction
ECFP4_count_bit_347,ECFP4_count,0.00041161085,0.00013836211,-0.12945787350871435,"Higher feature value tends to decrease predicted y, indicating lower toxicity / higher LD50"
ECFP4_count_bit_620,ECFP4_count,0.0004110703,-0.00016845386,0.14934438437031491,"Higher feature value tends to increase predicted y, indicating higher toxicity / lower LD50"
ECFP4_count_bit_1313,ECFP4_count,0.00041089498,0.00021994743,0.11359738816559359,"Higher feature value tends to increase predicted y, indicating higher toxicity / lower LD50"
ECFP4_count_bit_718,ECFP4_count,0.00040925524,7.65254e-05,-0.16080117033243146,"Higher feature value tends to decrease predicted y, indicating lower toxicity / higher LD50"
ECFP4_count_bit_1394,ECFP4_count,0.00040803207,0.00019060913,0.1583284141657461,"Higher feature value tends to increase predicted y, indicating higher toxicity / lower LD50"
ECFP4_count_bit_1959,ECFP4_count,0.00040766498,-4.3290886e-05,0.14884138917347742,"Higher feature value tends to increase predicted y, indicating higher toxicity / lower LD50"
RDKit2D_fr_C_S,RDKit2D,0.00040695365,7.0963615e-05,-0.10015179905095886,"Higher feature value tends to decrease predicted y, indicating lower toxicity / higher LD50"
ECFP4_count_bit_408,ECFP4_count,0.0004058735,-0.00021367306,-0.16577150442738192,"Higher feature value tends to decrease predicted y, indicating lower toxicity / higher LD50"
ECFP4_count_bit_1871,ECFP4_count,0.00040494822,-8.13515e-05,0.11823348768053242,"Higher feature value tends to increase predicted y, indicating higher toxicity / lower LD50"
ECFP4_count_bit_156,ECFP4_count,0.00040421248,-0.00016393387,-0.149343922651248,"Higher feature value tends to decrease predicted y, indicating lower toxicity / higher LD50"
ECFP4_count_bit_1199,ECFP4_count,0.0004040649,6.3822474e-05,-0.12220041351148084,"Higher feature value tends to decrease predicted y, indicating lower toxicity / higher LD50"
ECFP4_count_bit_937,ECFP4_count,0.00040372435,0.00013280271,0.12304592631248065,"Higher feature value tends to increase predicted y, indicating higher toxicity / lower LD50"
ECFP4_count_bit_387,ECFP4_count,0.00040331722,-5.718197e-05,-0.0018799804872806076,"Higher feature value tends to decrease predicted y, indicating lower toxicity / higher LD50"
ECFP4_count_bit_622,ECFP4_count,0.00040243598,0.00025792318,0.3440742424014679,"Higher feature value tends to increase predicted y, indicating higher toxicity / lower LD50"
ECFP4_count_bit_1980,ECFP4_count,0.00040145562,0.00020085686,0.41096269150382225,"Higher feature value tends to increase predicted y, indicating higher toxicity / lower LD50"
ECFP4_count_bit_1423,ECFP4_count,0.00040134753,1.7302153e-05,0.11176147153316551,"Higher feature value tends to increase predicted y, indicating higher toxicity / lower LD50"
ECFP4_count_bit_1800,ECFP4_count,0.00040043614,-2.4883539e-05,-0.27674398752955687,"Higher feature value tends to decrease predicted y, indicating lower toxicity / higher LD50"
ECFP4_count_bit_1822,ECFP4_count,0.00039977013,5.8166188e-05,0.12314432273544378,"Higher feature value tends to increase predicted y, indicating higher toxicity / lower LD50"
RDKit2D_fr_ArN,RDKit2D,0.0003990526,8.108392e-05,-0.2818034547666786,"Higher feature value tends to decrease predicted y, indicating lower toxicity / higher LD50"
ECFP4_count_bit_487,ECFP4_count,0.00039874137,0.000105650695,0.15832715428634683,"Higher feature value tends to increase predicted y, indicating higher toxicity / lower LD50"
ECFP4_count_bit_1481,ECFP4_count,0.00039779037,-0.00016173595,-0.046548062899214475,"Higher feature value tends to decrease predicted y, indicating lower toxicity / higher LD50"
ECFP4_count_bit_104,ECFP4_count,0.00039766036,-0.00015161741,0.10386324033897469,"Higher feature value tends to increase predicted y, indicating higher toxicity / lower LD50"
ECFP4_count_bit_203,ECFP4_count,0.00039752756,9.842993e-05,0.18256495306717155,"Higher feature value tends to increase predicted y, indicating higher toxicity / lower LD50"
RDKit2D_fr_thiocyan,RDKit2D,0.0003966587,-0.000102525606,0.052975106293635325,"Higher feature value tends to increase predicted y, indicating higher toxicity / lower LD50"
ECFP4_count_bit_97,ECFP4_count,0.00039581824,-0.0002093701,0.2347925417331485,"Higher feature value tends to increase predicted y, indicating higher toxicity / lower LD50"
ECFP4_count_bit_1256,ECFP4_count,0.0003958169,-5.5711313e-05,-0.17592422161264046,"Higher feature value tends to decrease predicted y, indicating lower toxicity / higher LD50"
ECFP4_count_bit_1033,ECFP4_count,0.00039572813,0.00023170353,0.23479306789119578,"Higher feature value tends to increase predicted y, indicating higher toxicity / lower LD50"
ECFP4_count_bit_1624,ECFP4_count,0.00039456194,0.00018363442,0.22991848393081385,"Higher feature value tends to increase predicted y, indicating higher toxicity / lower LD50"
ECFP4_count_bit_1633,ECFP4_count,0.00039180048,0.00017427636,0.16308944770224093,"Higher feature value tends to increase predicted y, indicating higher toxicity / lower LD50"
ECFP4_count_bit_1946,ECFP4_count,0.00039157132,2.012418e-05,0.24098006680304493,"Higher feature value tends to increase predicted y, indicating higher toxicity / lower LD50"
ECFP4_count_bit_1657,ECFP4_count,0.00039059232,0.0002285848,0.024529337620935173,"Higher feature value tends to increase predicted y, indicating higher toxicity / lower LD50"
ECFP4_count_bit_722,ECFP4_count,0.000390108,-0.00023826677,-0.32462385387650544,"Higher feature value tends to decrease predicted y, indicating lower toxicity / higher LD50"
ECFP4_count_bit_321,ECFP4_count,0.00038973909,0.0001647491,-0.07415546467587043,"Higher feature value tends to decrease predicted y, indicating lower toxicity / higher LD50"
ECFP4_count_bit_1063,ECFP4_count,0.00038961973,5.429253e-06,-0.18953754868147027,"Higher feature value tends to decrease predicted y, indicating lower toxicity / higher LD50"
ECFP4_count_bit_491,ECFP4_count,0.0003883097,-0.00030665987,0.030556513849584625,"Higher feature value tends to increase predicted y, indicating higher toxicity / lower LD50"
RDKit2D_SlogP_VSA11,RDKit2D,0.0003882121,-0.00010262082,-0.20859813249958273,"Higher feature value tends to decrease predicted y, indicating lower toxicity / higher LD50"
ECFP4_count_bit_1913,ECFP4_count,0.00038819027,-5.3605927e-05,0.0916695415487539,"Higher feature value tends to increase predicted y, indicating higher toxicity / lower LD50"
ECFP4_count_bit_1242,ECFP4_count,0.00038592922,-0.0002827116,0.07488303173566162,"Higher feature value tends to increase predicted y, indicating higher toxicity / lower LD50"
ECFP4_count_bit_1811,ECFP4_count,0.00038541414,0.00029214547,0.2517625255401577,"Higher feature value tends to increase predicted y, indicating higher toxicity / lower LD50"
ECFP4_count_bit_41,ECFP4_count,0.0003841523,7.251337e-06,-0.14266526989884937,"Higher feature value tends to decrease predicted y, indicating lower toxicity / higher LD50"
ECFP4_count_bit_652,ECFP4_count,0.00038366596,-0.00013618109,0.24047928133987714,"Higher feature value tends to increase predicted y, indicating higher toxicity / lower LD50"
ECFP4_count_bit_1574,ECFP4_count,0.0003812062,-9.115516e-05,-0.26187967296460024,"Higher feature value tends to decrease predicted y, indicating lower toxicity / higher LD50"
ECFP4_count_bit_748,ECFP4_count,0.00038097866,0.00033223344,0.25142686710045364,"Higher feature value tends to increase predicted y, indicating higher toxicity / lower LD50"
ECFP4_count_bit_1535,ECFP4_count,0.00038031116,1.8790486e-05,0.244555669512436,"Higher feature value tends to increase predicted y, indicating higher toxicity / lower LD50"
ECFP4_count_bit_2047,ECFP4_count,0.00038018395,-2.477341e-05,-0.0863050587753692,"Higher feature value tends to decrease predicted y, indicating lower toxicity / higher LD50"
ECFP4_count_bit_689,ECFP4_count,0.00037987262,0.00011935593,0.18343033169184417,"Higher feature value tends to increase predicted y, indicating higher toxicity / lower LD50"
ECFP4_count_bit_628,ECFP4_count,0.00037833894,5.6014927e-05,0.20921655359631963,"Higher feature value tends to increase predicted y, indicating higher toxicity / lower LD50"
ECFP4_count_bit_1862,ECFP4_count,0.00037814458,0.00014452812,0.19834636554986496,"Higher feature value tends to increase predicted y, indicating higher toxicity / lower LD50"
ECFP4_count_bit_396,ECFP4_count,0.00037697036,-0.00013192979,0.07488299884862969,"Higher feature value tends to increase predicted y, indicating higher toxicity / lower LD50"
ECFP4_count_bit_749,ECFP4_count,0.00037664428,-0.00016820001,-0.15213564056727513,"Higher feature value tends to decrease predicted y, indicating lower toxicity / higher LD50"
ECFP4_count_bit_1140,ECFP4_count,0.0003765526,-0.000106016596,0.1294575881630538,"Higher feature value tends to increase predicted y, indicating higher toxicity / lower LD50"
ECFP4_count_bit_801,ECFP4_count,0.0003757148,-8.569983e-05,-0.1397643308974134,"Higher feature value tends to decrease predicted y, indicating lower toxicity / higher LD50"
ECFP4_count_bit_1074,ECFP4_count,0.00037548828,-0.00023809884,-0.24047605548758272,"Higher feature value tends to decrease predicted y, indicating lower toxicity / higher LD50"
ECFP4_count_bit_1362,ECFP4_count,0.00037507183,-7.441367e-05,0.18992634740209724,"Higher feature value tends to increase predicted y, indicating higher toxicity / lower LD50"
ECFP4_count_bit_1274,ECFP4_count,0.00037406076,5.4850818e-05,-0.14674294255832862,"Higher feature value tends to decrease predicted y, indicating lower toxicity / higher LD50"
ECFP4_count_bit_1630,ECFP4_count,0.0003735724,-2.8098242e-05,0.16159092258982805,"Higher feature value tends to increase predicted y, indicating higher toxicity / lower LD50"
ECFP4_count_bit_873,ECFP4_count,0.00037307295,3.0140876e-07,0.24047648558920834,"Higher feature value tends to increase predicted y, indicating higher toxicity / lower LD50"
ECFP4_count_bit_764,ECFP4_count,0.00037288907,0.00013278372,0.13345118944412324,"Higher feature value tends to increase predicted y, indicating higher toxicity / lower LD50"
ECFP4_count_bit_1577,ECFP4_count,0.00037195793,-0.00016803014,-0.14934359285313803,"Higher feature value tends to decrease predicted y, indicating lower toxicity / higher LD50"
ECFP4_count_bit_1885,ECFP4_count,0.00036999385,1.1810687e-05,-0.2767442061930378,"Higher feature value tends to decrease predicted y, indicating lower toxicity / higher LD50"
ECFP4_count_bit_1066,ECFP4_count,0.0003697317,-0.00021010611,-0.1485957727586639,"Higher feature value tends to decrease predicted y, indicating lower toxicity / higher LD50"
ECFP4_count_bit_1881,ECFP4_count,0.0003686509,-5.8845573e-05,-0.17487328296971585,"Higher feature value tends to decrease predicted y, indicating lower toxicity / higher LD50"
ECFP4_count_bit_1858,ECFP4_count,0.00036850089,-1.9452269e-05,-0.11823369509566298,"Higher feature value tends to decrease predicted y, indicating lower toxicity / higher LD50"
ECFP4_count_bit_84,ECFP4_count,0.00036801555,3.5196575e-05,-0.1810108377733565,"Higher feature value tends to decrease predicted y, indicating lower toxicity / higher LD50"
ECFP4_count_bit_677,ECFP4_count,0.0003659637,-6.857491e-05,-0.18992550555294818,"Higher feature value tends to decrease predicted y, indicating lower toxicity / higher LD50"
ECFP4_count_bit_1309,ECFP4_count,0.0003656867,5.5389082e-05,-0.04310378891988704,"Higher feature value tends to decrease predicted y, indicating lower toxicity / higher LD50"
ECFP4_count_bit_836,ECFP4_count,0.00036494792,3.1426864e-06,0.15832598811770562,"Higher feature value tends to increase predicted y, indicating higher toxicity / lower LD50"
ECFP4_count_bit_309,ECFP4_count,0.0003629262,-5.1607578e-05,-0.22896019556277683,"Higher feature value tends to decrease predicted y, indicating lower toxicity / higher LD50"
ECFP4_count_bit_2038,ECFP4_count,0.00036243923,6.679976e-05,0.28151754924784633,"Higher feature value tends to increase predicted y, indicating higher toxicity / lower LD50"
ECFP4_count_bit_1093,ECFP4_count,0.00036056657,-6.313621e-05,-0.07872651485112787,"Higher feature value tends to decrease predicted y, indicating lower toxicity / higher LD50"
ECFP4_count_bit_1784,ECFP4_count,0.00036029916,0.00020553783,0.1294575881630538,"Higher feature value tends to increase predicted y, indicating higher toxicity / lower LD50"
ECFP4_count_bit_1367,ECFP4_count,0.00036016662,3.729598e-05,0.17487312892861717,"Higher feature value tends to increase predicted y, indicating higher toxicity / lower LD50"
ECFP4_count_bit_1758,ECFP4_count,0.00035943516,-3.7118487e-05,0.15832841533548278,"Higher feature value tends to increase predicted y, indicating higher toxicity / lower LD50"
ECFP4_count_bit_221,ECFP4_count,0.00035869444,-0.0001692389,0.05516782261307608,"Higher feature value tends to increase predicted y, indicating higher toxicity / lower LD50"
ECFP4_count_bit_1410,ECFP4_count,0.0003583807,-0.00013539831,0.24233581633424953,"Higher feature value tends to increase predicted y, indicating higher toxicity / lower LD50"
ECFP4_count_bit_1696,ECFP4_count,0.00035797973,9.636538e-05,0.28616797956640905,"Higher feature value tends to increase predicted y, indicating higher toxicity / lower LD50"
ECFP4_count_bit_521,ECFP4_count,0.00035696625,0.00018025635,0.2996774579298331,"Higher feature value tends to increase predicted y, indicating higher toxicity / lower LD50"
ECFP4_count_bit_322,ECFP4_count,0.00035602265,2.0352943e-05,-0.1825726334789803,"Higher feature value tends to decrease predicted y, indicating lower toxicity / higher LD50"
ECFP4_count_bit_892,ECFP4_count,0.00035578138,0.00020724631,-0.10580116258575172,"Higher feature value tends to decrease predicted y, indicating lower toxicity / higher LD50"
ECFP4_count_bit_1825,ECFP4_count,0.00035503577,0.00024787927,0.22953511193296688,"Higher feature value tends to increase predicted y, indicating higher toxicity / lower LD50"
ECFP4_count_bit_725,ECFP4_count,0.00035486536,4.306324e-05,0.25487686423269135,"Higher feature value tends to increase predicted y, indicating higher toxicity / lower LD50"
ECFP4_count_bit_1452,ECFP4_count,0.0003541331,2.194981e-05,0.2843665454202273,"Higher feature value tends to increase predicted y, indicating higher toxicity / lower LD50"
ECFP4_count_bit_249,ECFP4_count,0.00035371116,3.0645642e-05,-0.31386454355812926,"Higher feature value tends to decrease predicted y, indicating lower toxicity / higher LD50"
ECFP4_count_bit_1991,ECFP4_count,0.0003535248,1.15567045e-05,0.019969218683777948,"Higher feature value tends to increase predicted y, indicating higher toxicity / lower LD50"
ECFP4_count_bit_1141,ECFP4_count,0.00035235618,-2.7055994e-05,0.06800001982294732,"Higher feature value tends to increase predicted y, indicating higher toxicity / lower LD50"
ECFP4_count_bit_2017,ECFP4_count,0.00035045893,-1.0699625e-05,0.2453281408259457,"Higher feature value tends to increase predicted y, indicating higher toxicity / lower LD50"
ECFP4_count_bit_984,ECFP4_count,0.000350161,-6.694274e-05,0.2320492427469124,"Higher feature value tends to increase predicted y, indicating higher toxicity / lower LD50"
ECFP4_count_bit_40,ECFP4_count,0.00034971233,0.0002914237,0.15285597226419265,"Higher feature value tends to increase predicted y, indicating higher toxicity / lower LD50"
ECFP4_count_bit_245,ECFP4_count,0.00034952126,3.4356075e-05,-0.1878344529252281,"Higher feature value tends to decrease predicted y, indicating lower toxicity / higher LD50"
ECFP4_count_bit_330,ECFP4_count,0.00034935382,-3.3869568e-05,0.0916695397427319,"Higher feature value tends to increase predicted y, indicating higher toxicity / lower LD50"
ECFP4_count_bit_409,ECFP4_count,0.0003492097,3.4518198e-05,0.1657715040191397,"Higher feature value tends to increase predicted y, indicating higher toxicity / lower LD50"
ECFP4_count_bit_1508,ECFP4_count,0.00034834503,0.000214135,-0.04641703806467544,"Higher feature value tends to decrease predicted y, indicating lower toxicity / higher LD50"
ECFP4_count_bit_1771,ECFP4_count,0.00034706987,-6.531963e-05,0.139764327455465,"Higher feature value tends to increase predicted y, indicating higher toxicity / lower LD50"
ECFP4_count_bit_1791,ECFP4_count,0.00034638913,5.2258212e-05,-0.1899867839114677,"Higher feature value tends to decrease predicted y, indicating lower toxicity / higher LD50"
ECFP4_count_bit_110,ECFP4_count,0.00034533878,0.00017918795,-0.07098416617499129,"Higher feature value tends to decrease predicted y, indicating lower toxicity / higher LD50"
ECFP4_count_bit_1701,ECFP4_count,0.00034421968,0.000118443655,0.21961738259248095,"Higher feature value tends to increase predicted y, indicating higher toxicity / lower LD50"
ECFP4_count_bit_1565,ECFP4_count,0.00034292473,0.00010224627,0.1397643260786857,"Higher feature value tends to increase predicted y, indicating higher toxicity / lower LD50"
ECFP4_count_bit_479,ECFP4_count,0.00034264388,0.0001595265,0.2977501712255206,"Higher feature value tends to increase predicted y, indicating higher toxicity / lower LD50"
ECFP4_count_bit_395,ECFP4_count,0.00034260371,0.00010612462,0.16681398680515405,"Higher feature value tends to increase predicted y, indicating higher toxicity / lower LD50"
ECFP4_count_bit_3,ECFP4_count,0.00034086534,9.112918e-05,-0.10580092956065609,"Higher feature value tends to decrease predicted y, indicating lower toxicity / higher LD50"
ECFP4_count_bit_1349,ECFP4_count,0.00034060856,-1.4510671e-05,-0.3219518734641544,"Higher feature value tends to decrease predicted y, indicating lower toxicity / higher LD50"
ECFP4_count_bit_469,ECFP4_count,0.00033668606,-0.00011282793,-0.1413519182091402,"Higher feature value tends to decrease predicted y, indicating lower toxicity / higher LD50"
ECFP4_count_bit_593,ECFP4_count,0.0003365882,0.00014413266,0.15832897450775282,"Higher feature value tends to increase predicted y, indicating higher toxicity / lower LD50"
ECFP4_count_bit_1909,ECFP4_count,0.00033462766,3.7763835e-05,0.1397643277996598,"Higher feature value tends to increase predicted y, indicating higher toxicity / lower LD50"
ECFP4_count_bit_1866,ECFP4_count,0.00033373112,5.011412e-05,-0.08255687005831597,"Higher feature value tends to decrease predicted y, indicating lower toxicity / higher LD50"
ECFP4_count_bit_402,ECFP4_count,0.00033371197,0.00016055678,0.13976433124160825,"Higher feature value tends to increase predicted y, indicating higher toxicity / lower LD50"
ECFP4_count_bit_301,ECFP4_count,0.0003336749,-4.2771822e-05,0.1349200082408882,"Higher feature value tends to increase predicted y, indicating higher toxicity / lower LD50"
ECFP4_count_bit_1326,ECFP4_count,0.00033348682,6.784724e-05,0.1605965946939757,"Higher feature value tends to increase predicted y, indicating higher toxicity / lower LD50"
ECFP4_count_bit_223,ECFP4_count,0.00033305454,-0.00031229702,0.10580116206464286,"Higher feature value tends to increase predicted y, indicating higher toxicity / lower LD50"
ECFP4_count_bit_1582,ECFP4_count,0.00033280562,9.917392e-05,0.24578017661049864,"Higher feature value tends to increase predicted y, indicating higher toxicity / lower LD50"
ECFP4_count_bit_697,ECFP4_count,0.00032848382,-6.1534905e-05,-0.15274072775825887,"Higher feature value tends to decrease predicted y, indicating lower toxicity / higher LD50"
ECFP4_count_bit_1227,ECFP4_count,0.0003283623,-7.825316e-06,-0.12182462783001691,"Higher feature value tends to decrease predicted y, indicating lower toxicity / higher LD50"
ECFP4_count_bit_2005,ECFP4_count,0.00032826135,-0.00016688941,-0.18992837389647493,"Higher feature value tends to decrease predicted y, indicating lower toxicity / higher LD50"
ECFP4_count_bit_953,ECFP4_count,0.00032735177,-0.000111812995,-0.23479128028360777,"Higher feature value tends to decrease predicted y, indicating lower toxicity / higher LD50"
ECFP4_count_bit_914,ECFP4_count,0.00032714987,-5.3855256e-05,-0.15457073937477875,"Higher feature value tends to decrease predicted y, indicating lower toxicity / higher LD50"
ECFP4_count_bit_932,ECFP4_count,0.00032618278,-2.1103193e-05,0.34850642070907417,"Higher feature value tends to increase predicted y, indicating higher toxicity / lower LD50"
ECFP4_count_bit_462,ECFP4_count,0.00032594465,-4.675686e-05,-0.1397643308974134,"Higher feature value tends to decrease predicted y, indicating lower toxicity / higher LD50"
ECFP4_count_bit_558,ECFP4_count,0.0003250748,-6.6046174e-05,0.11823369509566298,"Higher feature value tends to increase predicted y, indicating higher toxicity / lower LD50"
ECFP4_count_bit_885,ECFP4_count,0.000323958,4.5086555e-05,0.17487328512300065,"Higher feature value tends to increase predicted y, indicating higher toxicity / lower LD50"
ECFP4_count_bit_1483,ECFP4_count,0.0003237162,0.00017349565,0.22295670293406283,"Higher feature value tends to increase predicted y, indicating higher toxicity / lower LD50"
ECFP4_count_bit_1556,ECFP4_count,0.00032211692,-0.00019836669,-0.19700350428119207,"Higher feature value tends to decrease predicted y, indicating lower toxicity / higher LD50"
ECFP4_count_bit_1929,ECFP4_count,0.0003219073,9.780737e-05,-0.09983166271404272,"Higher feature value tends to decrease predicted y, indicating lower toxicity / higher LD50"
ECFP4_count_bit_333,ECFP4_count,0.00032142882,7.2015115e-05,-0.15918673362925262,"Higher feature value tends to decrease predicted y, indicating lower toxicity / higher LD50"
ECFP4_count_bit_77,ECFP4_count,0.0003212099,0.00017742635,0.21040531993160325,"Higher feature value tends to increase predicted y, indicating higher toxicity / lower LD50"
ECFP4_count_bit_473,ECFP4_count,0.00032111528,3.4284793e-07,-0.21274072706192718,"Higher feature value tends to decrease predicted y, indicating lower toxicity / higher LD50"
ECFP4_count_bit_800,ECFP4_count,0.0003210162,-0.00032031676,-0.029351468160698016,"Higher feature value tends to decrease predicted y, indicating lower toxicity / higher LD50"
ECFP4_count_bit_1238,ECFP4_count,0.00032077177,5.3176347e-05,0.08616121356668224,"Higher feature value tends to increase predicted y, indicating higher toxicity / lower LD50"
ECFP4_count_bit_1205,ECFP4_count,0.00031940624,0.00019827299,0.2814863698525001,"Higher feature value tends to increase predicted y, indicating higher toxicity / lower LD50"
ECFP4_count_bit_1952,ECFP4_count,0.00031844375,-3.3555123e-05,0.2038212377958931,"Higher feature value tends to increase predicted y, indicating higher toxicity / lower LD50"
ECFP4_count_bit_1458,ECFP4_count,0.00031823706,-8.35619e-05,-0.1397642044588405,"Higher feature value tends to decrease predicted y, indicating lower toxicity / higher LD50"
ECFP4_count_bit_1168,ECFP4_count,0.00031764054,5.2766627e-05,0.24104743728991518,"Higher feature value tends to increase predicted y, indicating higher toxicity / lower LD50"
RDKit2D_fr_COO2,RDKit2D,0.0003170721,3.7006987e-05,0.3475437700188425,"Higher feature value tends to increase predicted y, indicating higher toxicity / lower LD50"
ECFP4_count_bit_542,ECFP4_count,0.0003158219,0.00014522737,0.18413044005264492,"Higher feature value tends to increase predicted y, indicating higher toxicity / lower LD50"
ECFP4_count_bit_54,ECFP4_count,0.00031246772,-6.5134736e-06,-0.15216354908069232,"Higher feature value tends to decrease predicted y, indicating lower toxicity / higher LD50"
ECFP4_count_bit_524,ECFP4_count,0.0003123859,0.0001773253,0.2718723715504982,"Higher feature value tends to increase predicted y, indicating higher toxicity / lower LD50"
ECFP4_count_bit_1297,ECFP4_count,0.0003122115,5.1467003e-05,0.149343922651248,"Higher feature value tends to increase predicted y, indicating higher toxicity / lower LD50"
ECFP4_count_bit_603,ECFP4_count,0.000311965,-2.8294608e-05,0.10580116206464286,"Higher feature value tends to increase predicted y, indicating higher toxicity / lower LD50"
ECFP4_count_bit_1354,ECFP4_count,0.00031139934,0.0001886515,0.13976494450647767,"Higher feature value tends to increase predicted y, indicating higher toxicity / lower LD50"
ECFP4_count_bit_775,ECFP4_count,0.00030971895,-0.00017991301,-0.27189790982292045,"Higher feature value tends to decrease predicted y, indicating lower toxicity / higher LD50"
ECFP4_count_bit_2040,ECFP4_count,0.00030926967,-0.00021002282,-0.18991977545854163,"Higher feature value tends to decrease predicted y, indicating lower toxicity / higher LD50"
ECFP4_count_bit_441,ECFP4_count,0.0003084982,7.416761e-05,0.2952200038871269,"Higher feature value tends to increase predicted y, indicating higher toxicity / lower LD50"
ECFP4_count_bit_239,ECFP4_count,0.00030760848,0.00012008229,0.20444486669838108,"Higher feature value tends to increase predicted y, indicating higher toxicity / lower LD50"
ECFP4_count_bit_457,ECFP4_count,0.00030702015,9.852688e-05,-0.12113440450299467,"Higher feature value tends to decrease predicted y, indicating lower toxicity / higher LD50"
ECFP4_count_bit_2009,ECFP4_count,0.00030505777,0.000121086974,-0.1431075880189024,"Higher feature value tends to decrease predicted y, indicating lower toxicity / higher LD50"
ECFP4_count_bit_1169,ECFP4_count,0.00030420098,-2.9586712e-05,-0.1583284149455706,"Higher feature value tends to decrease predicted y, indicating lower toxicity / higher LD50"
ECFP4_count_bit_1407,ECFP4_count,0.0003036134,3.0429539e-05,0.13976432504610126,"Higher feature value tends to increase predicted y, indicating higher toxicity / lower LD50"
ECFP4_count_bit_828,ECFP4_count,0.00030341058,5.850761e-05,-0.13348086170511056,"Higher feature value tends to decrease predicted y, indicating lower toxicity / higher LD50"
ECFP4_count_bit_1077,ECFP4_count,0.00030283647,-6.3948384e-05,-0.17360990265588316,"Higher feature value tends to decrease predicted y, indicating lower toxicity / higher LD50"
ECFP4_count_bit_1632,ECFP4_count,0.00030275178,9.041017e-05,0.182562767331949,"Higher feature value tends to increase predicted y, indicating higher toxicity / lower LD50"
ECFP4_count_bit_1779,ECFP4_count,0.0003015397,9.806659e-05,0.2229524316380953,"Higher feature value tends to increase predicted y, indicating higher toxicity / lower LD50"
ECFP4_count_bit_1254,ECFP4_count,0.00030130023,6.9776586e-05,0.13976371212618385,"Higher feature value tends to increase predicted y, indicating higher toxicity / lower LD50"
ECFP4_count_bit_1285,ECFP4_count,0.00030043264,9.435231e-05,-0.11204160725646074,"Higher feature value tends to decrease predicted y, indicating lower toxicity / higher LD50"
ECFP4_count_bit_1328,ECFP4_count,0.0002997394,8.4808824e-05,-0.0996435323102399,"Higher feature value tends to decrease predicted y, indicating lower toxicity / higher LD50"
ECFP4_count_bit_1759,ECFP4_count,0.00029938362,1.0981688e-05,0.1397643277996598,"Higher feature value tends to increase predicted y, indicating higher toxicity / lower LD50"
ECFP4_count_bit_674,ECFP4_count,0.00029907524,-2.3524724e-05,0.08052847658985658,"Higher feature value tends to increase predicted y, indicating higher toxicity / lower LD50"
ECFP4_count_bit_1974,ECFP4_count,0.00029729094,6.7758294e-05,-0.07094021688269474,"Higher feature value tends to decrease predicted y, indicating lower toxicity / higher LD50"
ECFP4_count_bit_1575,ECFP4_count,0.00029728012,-6.313887e-05,-0.12221580963681666,"Higher feature value tends to decrease predicted y, indicating lower toxicity / higher LD50"
ECFP4_count_bit_1130,ECFP4_count,0.0002971822,9.404988e-05,-0.0599738658032872,"Higher feature value tends to decrease predicted y, indicating lower toxicity / higher LD50"
ECFP4_count_bit_1459,ECFP4_count,0.00029581346,3.87897e-05,-0.10767065787019314,"Higher feature value tends to decrease predicted y, indicating lower toxicity / higher LD50"
ECFP4_count_bit_2,ECFP4_count,0.00029564102,8.481207e-05,-0.16115425918180828,"Higher feature value tends to decrease predicted y, indicating lower toxicity / higher LD50"
ECFP4_count_bit_1553,ECFP4_count,0.00029557184,-6.0411894e-05,0.149343922651248,"Higher feature value tends to increase predicted y, indicating higher toxicity / lower LD50"
ECFP4_count_bit_930,ECFP4_count,0.00029411895,8.8267894e-05,0.13976469782407705,"Higher feature value tends to increase predicted y, indicating higher toxicity / lower LD50"
ECFP4_count_bit_18,ECFP4_count,0.00028883916,-0.00010306995,-0.1607329226337983,"Higher feature value tends to decrease predicted y, indicating lower toxicity / higher LD50"
ECFP4_count_bit_273,ECFP4_count,0.00028817792,7.654783e-05,0.1583284145556583,"Higher feature value tends to increase predicted y, indicating higher toxicity / lower LD50"
ECFP4_count_bit_1034,ECFP4_count,0.00028795184,-2.7203476e-05,0.1590267775724361,"Higher feature value tends to increase predicted y, indicating higher toxicity / lower LD50"
ECFP4_count_bit_35,ECFP4_count,0.00028787478,0.00014561368,0.22895712559070927,"Higher feature value tends to increase predicted y, indicating higher toxicity / lower LD50"
ECFP4_count_bit_1032,ECFP4_count,0.00028786677,-9.398504e-05,-0.19700463795959752,"Higher feature value tends to decrease predicted y, indicating lower toxicity / higher LD50"
ECFP4_count_bit_1733,ECFP4_count,0.00028741415,1.6662238e-05,0.23466294090069706,"Higher feature value tends to increase predicted y, indicating higher toxicity / lower LD50"
ECFP4_count_bit_1612,ECFP4_count,0.00028719308,0.00016575788,0.22895713122919084,"Higher feature value tends to increase predicted y, indicating higher toxicity / lower LD50"
ECFP4_count_bit_739,ECFP4_count,0.00028409794,0.000117091666,0.36383079156494647,"Higher feature value tends to increase predicted y, indicating higher toxicity / lower LD50"
ECFP4_count_bit_486,ECFP4_count,0.00028397364,-2.8111679e-05,-0.2563156211913925,"Higher feature value tends to decrease predicted y, indicating lower toxicity / higher LD50"
ECFP4_count_bit_1828,ECFP4_count,0.00028371165,6.412926e-05,0.24073734361349522,"Higher feature value tends to increase predicted y, indicating higher toxicity / lower LD50"
ECFP4_count_bit_1935,ECFP4_count,0.00028295326,-0.00010185431,-0.20382359789487678,"Higher feature value tends to decrease predicted y, indicating lower toxicity / higher LD50"
ECFP4_count_bit_1373,ECFP4_count,0.00028222837,7.584435e-05,0.165409042166945,"Higher feature value tends to increase predicted y, indicating higher toxicity / lower LD50"
ECFP4_count_bit_391,ECFP4_count,0.00028174595,-8.188639e-05,-0.0916695415487539,"Higher feature value tends to decrease predicted y, indicating lower toxicity / higher LD50"
ECFP4_count_bit_1312,ECFP4_count,0.00028157234,1.7230044e-05,-0.17682852979209987,"Higher feature value tends to decrease predicted y, indicating lower toxicity / higher LD50"
RDKit2D_NumAromaticCarbocycles,RDKit2D,0.00028087353,5.0429688e-05,0.32629191304750405,"Higher feature value tends to increase predicted y, indicating higher toxicity / lower LD50"
ECFP4_count_bit_773,ECFP4_count,0.00028044093,6.663751e-05,-0.0748829001875628,"Higher feature value tends to decrease predicted y, indicating lower toxicity / higher LD50"
ECFP4_count_bit_825,ECFP4_count,0.00028031666,8.123526e-05,0.18992382132212737,"Higher feature value tends to increase predicted y, indicating higher toxicity / lower LD50"
ECFP4_count_bit_676,ECFP4_count,0.00027826853,-1.7003647e-05,-0.08630505941299448,"Higher feature value tends to decrease predicted y, indicating lower toxicity / higher LD50"
ECFP4_count_bit_1968,ECFP4_count,0.0002781372,0.00011384679,0.1294578173962734,"Higher feature value tends to increase predicted y, indicating higher toxicity / lower LD50"
ECFP4_count_bit_2041,ECFP4_count,0.0002770523,-7.7884826e-05,-0.21677213115447208,"Higher feature value tends to decrease predicted y, indicating lower toxicity / higher LD50"
ECFP4_count_bit_164,ECFP4_count,0.00027698503,3.3842367e-05,0.19700009307073219,"Higher feature value tends to increase predicted y, indicating higher toxicity / lower LD50"
ECFP4_count_bit_862,ECFP4_count,0.00027605382,1.36143735e-05,0.24731094721812247,"Higher feature value tends to increase predicted y, indicating higher toxicity / lower LD50"
ECFP4_count_bit_1296,ECFP4_count,0.00027595012,-6.629334e-05,-0.2167788926118595,"Higher feature value tends to decrease predicted y, indicating lower toxicity / higher LD50"
ECFP4_count_bit_350,ECFP4_count,0.0002751773,-2.355704e-05,0.3365041639559749,"Higher feature value tends to increase predicted y, indicating higher toxicity / lower LD50"
ECFP4_count_bit_503,ECFP4_count,0.00027408398,1.143597e-05,0.16681228906463444,"Higher feature value tends to increase predicted y, indicating higher toxicity / lower LD50"
RDKit2D_fr_nitroso,RDKit2D,0.0002724829,0.000108287684,0.15832841845478085,"Higher feature value tends to increase predicted y, indicating higher toxicity / lower LD50"
ECFP4_count_bit_489,ECFP4_count,0.00027192463,0.00015994167,0.25806877619139423,"Higher feature value tends to increase predicted y, indicating higher toxicity / lower LD50"
ECFP4_count_bit_157,ECFP4_count,0.00027144057,3.4219822e-06,0.22295362125444904,"Higher feature value tends to increase predicted y, indicating higher toxicity / lower LD50"
ECFP4_count_bit_1626,ECFP4_count,0.00027022258,-0.00012174702,-0.222955077636621,"Higher feature value tends to decrease predicted y, indicating lower toxicity / higher LD50"
ECFP4_count_bit_125,ECFP4_count,0.00026975025,9.250068e-05,0.1748732838310298,"Higher feature value tends to increase predicted y, indicating higher toxicity / lower LD50"
ECFP4_count_bit_1446,ECFP4_count,0.00026926163,-3.4859928e-05,0.21677812064041346,"Higher feature value tends to increase predicted y, indicating higher toxicity / lower LD50"
ECFP4_count_bit_1261,ECFP4_count,0.0002691003,-1.5191953e-06,0.15832757462999197,"Higher feature value tends to increase predicted y, indicating higher toxicity / lower LD50"
ECFP4_count_bit_1734,ECFP4_count,0.0002680698,1.1230769e-05,0.13310766061035953,"Higher feature value tends to increase predicted y, indicating higher toxicity / lower LD50"
ECFP4_count_bit_1336,ECFP4_count,0.00026726336,0.00018708198,-0.017095231641277346,"Higher feature value tends to decrease predicted y, indicating lower toxicity / higher LD50"
ECFP4_count_bit_1732,ECFP4_count,0.0002669569,-2.7583183e-06,0.14934392412239325,"Higher feature value tends to increase predicted y, indicating higher toxicity / lower LD50"
ECFP4_count_bit_822,ECFP4_count,0.00026620814,-0.00013194903,-0.1334511884581805,"Higher feature value tends to decrease predicted y, indicating lower toxicity / higher LD50"
ECFP4_count_bit_217,ECFP4_count,0.00026561136,0.00017964112,-0.07488299737332677,"Higher feature value tends to decrease predicted y, indicating lower toxicity / higher LD50"
ECFP4_count_bit_1663,ECFP4_count,0.00026518767,-7.1965956e-06,0.21040494542863206,"Higher feature value tends to increase predicted y, indicating higher toxicity / lower LD50"
ECFP4_count_bit_993,ECFP4_count,0.00026362465,9.99537e-05,0.14934471380098624,"Higher feature value tends to increase predicted y, indicating higher toxicity / lower LD50"
ECFP4_count_bit_1728,ECFP4_count,0.00026309537,4.4623575e-05,0.14307814202100852,"Higher feature value tends to increase predicted y, indicating higher toxicity / lower LD50"
ECFP4_count_bit_1795,ECFP4_count,0.0002617144,-4.773866e-05,0.10580116258575172,"Higher feature value tends to increase predicted y, indicating higher toxicity / lower LD50"
ECFP4_count_bit_1249,ECFP4_count,0.00026088595,0.00010616466,-0.04413555333463741,"Higher feature value tends to decrease predicted y, indicating lower toxicity / higher LD50"
ECFP4_count_bit_1287,ECFP4_count,0.00026079145,0.00010507679,0.28150685063437536,"Higher feature value tends to increase predicted y, indicating higher toxicity / lower LD50"
ECFP4_count_bit_581,ECFP4_count,0.00026020134,6.58828e-05,0.12945673212733003,"Higher feature value tends to increase predicted y, indicating higher toxicity / lower LD50"
ECFP4_count_bit_1661,ECFP4_count,0.00025902825,2.713624e-05,0.12945673212733003,"Higher feature value tends to increase predicted y, indicating higher toxicity / lower LD50"
ECFP4_count_bit_325,ECFP4_count,0.00025810153,-0.00012325225,0.19238815410997995,"Higher feature value tends to increase predicted y, indicating higher toxicity / lower LD50"
ECFP4_count_bit_370,ECFP4_count,0.00025576385,0.00018295649,0.24046465765997105,"Higher feature value tends to increase predicted y, indicating higher toxicity / lower LD50"
ECFP4_count_bit_1419,ECFP4_count,0.00025575724,0.00014111666,0.030613870059011325,"Higher feature value tends to increase predicted y, indicating higher toxicity / lower LD50"
ECFP4_count_bit_1985,ECFP4_count,0.0002552806,3.7878028e-05,-0.030511010451920943,"Higher feature value tends to decrease predicted y, indicating lower toxicity / higher LD50"
ECFP4_count_bit_567,ECFP4_count,0.00025500517,0.000122575,0.11823369509566298,"Higher feature value tends to increase predicted y, indicating higher toxicity / lower LD50"
ECFP4_count_bit_1108,ECFP4_count,0.0002549231,0.0001474811,0.19700324227682847,"Higher feature value tends to increase predicted y, indicating higher toxicity / lower LD50"
ECFP4_count_bit_94,ECFP4_count,0.00025448482,7.2697107e-06,-0.03729723427888602,"Higher feature value tends to decrease predicted y, indicating lower toxicity / higher LD50"
ECFP4_count_bit_970,ECFP4_count,0.00025448165,-0.00011967484,-0.25701078359259777,"Higher feature value tends to decrease predicted y, indicating lower toxicity / higher LD50"
ECFP4_count_bit_1639,ECFP4_count,0.00025343476,1.32236655e-05,0.1058011623251973,"Higher feature value tends to increase predicted y, indicating higher toxicity / lower LD50"
RDKit2D_fr_methoxy,RDKit2D,0.00025340627,4.310978e-05,-0.3003632887390159,"Higher feature value tends to decrease predicted y, indicating lower toxicity / higher LD50"
RDKit2D_SlogP_VSA7,RDKit2D,0.0002529961,1.22632155e-05,-0.05429914306606332,"Higher feature value tends to decrease predicted y, indicating lower toxicity / higher LD50"
ECFP4_count_bit_1787,ECFP4_count,0.00025240975,5.2157295e-05,-0.07488299884862969,"Higher feature value tends to decrease predicted y, indicating lower toxicity / higher LD50"
RDKit2D_fr_aryl_methyl,RDKit2D,0.00025229919,-2.2033873e-05,-0.05495575677356525,"Higher feature value tends to decrease predicted y, indicating lower toxicity / higher LD50"
ECFP4_count_bit_1512,ECFP4_count,0.00025220867,7.365762e-06,-0.21677503064672954,"Higher feature value tends to decrease predicted y, indicating lower toxicity / higher LD50"
ECFP4_count_bit_442,ECFP4_count,0.00025182802,4.2814143e-05,-0.17487328340037278,"Higher feature value tends to decrease predicted y, indicating lower toxicity / higher LD50"
ECFP4_count_bit_1429,ECFP4_count,0.0002511424,-3.780338e-05,0.13976346165983872,"Higher feature value tends to increase predicted y, indicating higher toxicity / lower LD50"
ECFP4_count_bit_625,ECFP4_count,0.00025071407,8.627912e-05,0.2167781227758342,"Higher feature value tends to increase predicted y, indicating higher toxicity / lower LD50"
ECFP4_count_bit_194,ECFP4_count,0.00025052766,0.00016518479,0.2404788512167121,"Higher feature value tends to increase predicted y, indicating higher toxicity / lower LD50"
ECFP4_count_bit_806,ECFP4_count,0.00025029696,-6.629235e-05,-0.2635316043070886,"Higher feature value tends to decrease predicted y, indicating lower toxicity / higher LD50"
RDKit2D_fr_Imine,RDKit2D,0.00024980115,-5.907979e-05,0.31252562374343584,"Higher feature value tends to increase predicted y, indicating higher toxicity / lower LD50"
ECFP4_count_bit_600,ECFP4_count,0.00024921802,-8.510911e-05,-0.14946891213411756,"Higher feature value tends to decrease predicted y, indicating lower toxicity / higher LD50"
ECFP4_count_bit_1361,ECFP4_count,0.00024785867,7.8311736e-05,0.1294575881630538,"Higher feature value tends to increase predicted y, indicating higher toxicity / lower LD50"
RDKit2D_fr_hdrzine,RDKit2D,0.00024777517,8.1003476e-05,-0.21677541849817383,"Higher feature value tends to decrease predicted y, indicating lower toxicity / higher LD50"
ECFP4_count_bit_1495,ECFP4_count,0.00024735066,-7.664784e-06,0.08638631232910172,"Higher feature value tends to increase predicted y, indicating higher toxicity / lower LD50"
ECFP4_count_bit_880,ECFP4_count,0.00024728858,1.728086e-05,0.1583284145556583,"Higher feature value tends to increase predicted y, indicating higher toxicity / lower LD50"
ECFP4_count_bit_1120,ECFP4_count,0.00024718113,0.00012904333,0.2952752379401024,"Higher feature value tends to increase predicted y, indicating higher toxicity / lower LD50"
ECFP4_count_bit_349,ECFP4_count,0.00024708812,-4.1009942e-05,-0.24047454954669994,"Higher feature value tends to decrease predicted y, indicating lower toxicity / higher LD50"
ECFP4_count_bit_795,ECFP4_count,0.0002466227,0.0001849912,-0.11823327851819078,"Higher feature value tends to decrease predicted y, indicating lower toxicity / higher LD50"
ECFP4_count_bit_1593,ECFP4_count,0.00024643552,0.000117259886,0.11823369771620901,"Higher feature value tends to increase predicted y, indicating higher toxicity / lower LD50"
RDKit2D_fr_benzene,RDKit2D,0.00024635345,7.7400015e-05,-0.5620477405285436,"Higher feature value tends to decrease predicted y, indicating lower toxicity / higher LD50"
ECFP4_count_bit_707,ECFP4_count,0.0002463321,0.000110976354,-0.129456960722418,"Higher feature value tends to decrease predicted y, indicating lower toxicity / higher LD50"
ECFP4_count_bit_1627,ECFP4_count,0.00024554797,-5.6440396e-05,0.1431687178830841,"Higher feature value tends to increase predicted y, indicating higher toxicity / lower LD50"
ECFP4_count_bit_1665,ECFP4_count,0.00024497,-8.945013e-05,0.06240313266554169,"Higher feature value tends to increase predicted y, indicating higher toxicity / lower LD50"
ECFP4_count_bit_1683,ECFP4_count,0.00024444776,2.0073783e-05,0.22730831338117563,"Higher feature value tends to increase predicted y, indicating higher toxicity / lower LD50"
ECFP4_count_bit_177,ECFP4_count,0.00024342757,-3.5855268e-05,0.13976433055321855,"Higher feature value tends to increase predicted y, indicating higher toxicity / lower LD50"
ECFP4_count_bit_1988,ECFP4_count,0.00024224765,0.0001679128,0.2404776743351861,"Higher feature value tends to increase predicted y, indicating higher toxicity / lower LD50"
ECFP4_count_bit_2015,ECFP4_count,0.00024153432,-0.00020566031,-0.1397643277996598,"Higher feature value tends to decrease predicted y, indicating lower toxicity / higher LD50"
ECFP4_count_bit_224,ECFP4_count,0.00024134708,0.00013649534,-0.05275163494383691,"Higher feature value tends to decrease predicted y, indicating lower toxicity / higher LD50"
ECFP4_count_bit_430,ECFP4_count,0.00024124885,9.2985276e-05,0.1397649431296923,"Higher feature value tends to increase predicted y, indicating higher toxicity / lower LD50"
ECFP4_count_bit_1253,ECFP4_count,0.00024092416,0.00014940921,0.18992450238451322,"Higher feature value tends to increase predicted y, indicating higher toxicity / lower LD50"
ECFP4_count_bit_251,ECFP4_count,0.00024078847,-5.1662744e-05,0.2843445654726113,"Higher feature value tends to increase predicted y, indicating higher toxicity / lower LD50"
ECFP4_count_bit_1286,ECFP4_count,0.00024076596,0.00017354437,0.21677812544511013,"Higher feature value tends to increase predicted y, indicating higher toxicity / lower LD50"
ECFP4_count_bit_1103,ECFP4_count,0.00023997414,6.8180543e-06,-0.09166954222601219,"Higher feature value tends to decrease predicted y, indicating lower toxicity / higher LD50"
ECFP4_count_bit_11,ECFP4_count,0.00023982351,0.00015194764,0.0,No clear monotonic direction
ECFP4_count_bit_79,ECFP4_count,0.0002397015,-2.269686e-05,0.21761731740312718,"Higher feature value tends to increase predicted y, indicating higher toxicity / lower LD50"
ECFP4_count_bit_832,ECFP4_count,0.00023943305,-0.00023278633,-0.0780505490102118,"Higher feature value tends to decrease predicted y, indicating lower toxicity / higher LD50"
ECFP4_count_bit_336,ECFP4_count,0.00023930027,4.4118613e-05,0.10580093008176378,"Higher feature value tends to increase predicted y, indicating higher toxicity / lower LD50"
ECFP4_count_bit_561,ECFP4_count,0.00023923881,2.6627846e-05,0.3901268503487366,"Higher feature value tends to increase predicted y, indicating higher toxicity / lower LD50"
ECFP4_count_bit_235,ECFP4_count,0.00023863032,0.00012271428,-0.05045454374193178,"Higher feature value tends to decrease predicted y, indicating lower toxicity / higher LD50"
ECFP4_count_bit_238,ECFP4_count,0.00023837607,0.00014639978,0.1899292153061615,"Higher feature value tends to increase predicted y, indicating higher toxicity / lower LD50"
ECFP4_count_bit_151,ECFP4_count,0.00023822885,-4.4872093e-05,0.1825636576366569,"Higher feature value tends to increase predicted y, indicating higher toxicity / lower LD50"
ECFP4_count_bit_941,ECFP4_count,0.00023802789,-8.540157e-06,0.12919348689622864,"Higher feature value tends to increase predicted y, indicating higher toxicity / lower LD50"
ECFP4_count_bit_366,ECFP4_count,0.00023786562,9.347902e-05,-0.17290160122891388,"Higher feature value tends to decrease predicted y, indicating lower toxicity / higher LD50"
ECFP4_count_bit_1586,ECFP4_count,0.00023757508,8.694624e-05,0.20982707727137542,"Higher feature value tends to increase predicted y, indicating higher toxicity / lower LD50"
ECFP4_count_bit_149,ECFP4_count,0.00023745994,0.00013081048,0.1668139872159636,"Higher feature value tends to increase predicted y, indicating higher toxicity / lower LD50"
ECFP4_count_bit_188,ECFP4_count,0.00023745594,0.0001168102,0.16681162474104444,"Higher feature value tends to increase predicted y, indicating higher toxicity / lower LD50"
ECFP4_count_bit_1208,ECFP4_count,0.00023558745,-5.8702044e-05,0.17511081760883626,"Higher feature value tends to increase predicted y, indicating higher toxicity / lower LD50"
ECFP4_count_bit_1590,ECFP4_count,0.00023534674,-2.4865576e-05,-0.139764327455465,"Higher feature value tends to decrease predicted y, indicating lower toxicity / higher LD50"
ECFP4_count_bit_284,ECFP4_count,0.00023513619,-5.067097e-05,-0.12416768186021983,"Higher feature value tends to decrease predicted y, indicating lower toxicity / higher LD50"
ECFP4_count_bit_368,ECFP4_count,0.00023508474,2.4698287e-05,0.14934471416877446,"Higher feature value tends to increase predicted y, indicating higher toxicity / lower LD50"
ECFP4_count_bit_1896,ECFP4_count,0.000233974,-0.00012513202,0.0748829001875628,"Higher feature value tends to increase predicted y, indicating higher toxicity / lower LD50"
ECFP4_count_bit_343,ECFP4_count,0.00023373532,7.559226e-05,0.1924997819913259,"Higher feature value tends to increase predicted y, indicating higher toxicity / lower LD50"
ECFP4_count_bit_2034,ECFP4_count,0.00023284442,-6.493442e-05,-0.0658481020793595,"Higher feature value tends to decrease predicted y, indicating lower toxicity / higher LD50"
ECFP4_count_bit_310,ECFP4_count,0.00023272121,9.69205e-06,-0.1627319597156215,"Higher feature value tends to decrease predicted y, indicating lower toxicity / higher LD50"
ECFP4_count_bit_1353,ECFP4_count,0.00023230432,-7.879829e-05,-0.0008082292670235705,"Higher feature value tends to decrease predicted y, indicating lower toxicity / higher LD50"
ECFP4_count_bit_1413,ECFP4_count,0.00023228944,0.0001243737,0.16591862947476405,"Higher feature value tends to increase predicted y, indicating higher toxicity / lower LD50"
ECFP4_count_bit_1544,ECFP4_count,0.0002321323,6.745336e-05,0.29044961255270185,"Higher feature value tends to increase predicted y, indicating higher toxicity / lower LD50"
ECFP4_count_bit_1971,ECFP4_count,0.00023206239,-3.912078e-05,0.149343922651248,"Higher feature value tends to increase predicted y, indicating higher toxicity / lower LD50"
ECFP4_count_bit_108,ECFP4_count,0.00023179878,-6.5009466e-05,-0.15832841260609717,"Higher feature value tends to decrease predicted y, indicating lower toxicity / higher LD50"
ECFP4_count_bit_1588,ECFP4_count,0.00023177823,0.00019899958,0.0005614472857406681,"Higher feature value tends to increase predicted y, indicating higher toxicity / lower LD50"
RDKit2D_fr_piperzine,RDKit2D,0.00023098894,6.630737e-05,0.14569216079887168,"Higher feature value tends to increase predicted y, indicating higher toxicity / lower LD50"
ECFP4_count_bit_213,ECFP4_count,0.00022993868,-1.3559129e-05,0.10580116310686057,"Higher feature value tends to increase predicted y, indicating higher toxicity / lower LD50"
ECFP4_count_bit_1536,ECFP4_count,0.00022991157,-8.662815e-06,-0.3908942664112795,"Higher feature value tends to decrease predicted y, indicating lower toxicity / higher LD50"
ECFP4_count_bit_1048,ECFP4_count,0.00022968894,-0.000159891,0.09166954041999013,"Higher feature value tends to increase predicted y, indicating higher toxicity / lower LD50"
ECFP4_count_bit_1245,ECFP4_count,0.00022953024,2.8472863e-05,0.19146560682908326,"Higher feature value tends to increase predicted y, indicating higher toxicity / lower LD50"
ECFP4_count_bit_7,ECFP4_count,0.00022782666,0.00013756352,0.2516553767027873,"Higher feature value tends to increase predicted y, indicating higher toxicity / lower LD50"
ECFP4_count_bit_115,ECFP4_count,0.00022781952,4.4679968e-05,-0.1461600315271917,"Higher feature value tends to decrease predicted y, indicating lower toxicity / higher LD50"
ECFP4_count_bit_1401,ECFP4_count,0.00022704575,-0.00015970315,-0.276742048858794,"Higher feature value tends to decrease predicted y, indicating lower toxicity / higher LD50"
ECFP4_count_bit_1137,ECFP4_count,0.00022692626,0.00012084719,0.17487327995511726,"Higher feature value tends to increase predicted y, indicating higher toxicity / lower LD50"
ECFP4_count_bit_36,ECFP4_count,0.00022654154,0.00016241019,0.22295799363552643,"Higher feature value tends to increase predicted y, indicating higher toxicity / lower LD50"
ECFP4_count_bit_5,ECFP4_count,0.00022632844,8.166099e-05,0.009061678037990779,"Higher feature value tends to increase predicted y, indicating higher toxicity / lower LD50"
ECFP4_count_bit_355,ECFP4_count,0.00022598,-5.3479e-05,-0.1335448688464849,"Higher feature value tends to decrease predicted y, indicating lower toxicity / higher LD50"
ECFP4_count_bit_1672,ECFP4_count,0.00022563085,2.5361525e-05,-0.1294576461888758,"Higher feature value tends to decrease predicted y, indicating lower toxicity / higher LD50"
ECFP4_count_bit_1369,ECFP4_count,0.00022557523,-1.9687217e-05,0.1182336942221477,"Higher feature value tends to increase predicted y, indicating higher toxicity / lower LD50"
ECFP4_count_bit_990,ECFP4_count,0.0002255671,-2.6094209e-05,-0.15210682587521446,"Higher feature value tends to decrease predicted y, indicating lower toxicity / higher LD50"
ECFP4_count_bit_1507,ECFP4_count,0.00022497046,4.1417346e-07,0.1766719597439233,"Higher feature value tends to increase predicted y, indicating higher toxicity / lower LD50"
ECFP4_count_bit_1884,ECFP4_count,0.00022487236,0.00012599358,0.28618945876955937,"Higher feature value tends to increase predicted y, indicating higher toxicity / lower LD50"
ECFP4_count_bit_293,ECFP4_count,0.00022446447,-5.034102e-05,-0.1825627682311364,"Higher feature value tends to decrease predicted y, indicating lower toxicity / higher LD50"
ECFP4_count_bit_478,ECFP4_count,0.00022346922,0.00014571138,0.3365702997800699,"Higher feature value tends to increase predicted y, indicating higher toxicity / lower LD50"
ECFP4_count_bit_472,ECFP4_count,0.00022279737,-3.6237285e-05,-0.17487328340037278,"Higher feature value tends to decrease predicted y, indicating lower toxicity / higher LD50"
ECFP4_count_bit_1491,ECFP4_count,0.00022252531,-4.852062e-05,-0.1583284149455706,"Higher feature value tends to decrease predicted y, indicating lower toxicity / higher LD50"
ECFP4_count_bit_833,ECFP4_count,0.00022239341,-6.5828164e-05,-0.2551515554101958,"Higher feature value tends to decrease predicted y, indicating lower toxicity / higher LD50"
ECFP4_count_bit_849,ECFP4_count,0.0002221175,8.883223e-05,0.27409963007174787,"Higher feature value tends to increase predicted y, indicating higher toxicity / lower LD50"
ECFP4_count_bit_1041,ECFP4_count,0.00022180588,5.4624397e-06,-0.14934306223274665,"Higher feature value tends to decrease predicted y, indicating lower toxicity / higher LD50"
ECFP4_count_bit_1876,ECFP4_count,0.00022045603,2.7693908e-05,-0.14908416342728625,"Higher feature value tends to decrease predicted y, indicating lower toxicity / higher LD50"
ECFP4_count_bit_1923,ECFP4_count,0.00022011412,3.4446846e-05,-0.019364838527587885,"Higher feature value tends to decrease predicted y, indicating lower toxicity / higher LD50"
ECFP4_count_bit_1768,ECFP4_count,0.00021986998,6.497794e-05,0.24046938917055274,"Higher feature value tends to increase predicted y, indicating higher toxicity / lower LD50"
ECFP4_count_bit_78,ECFP4_count,0.0002197117,5.3042382e-05,0.0916695415487539,"Higher feature value tends to increase predicted y, indicating higher toxicity / lower LD50"
ECFP4_count_bit_504,ECFP4_count,0.00021923985,7.378516e-05,0.17249593773463873,"Higher feature value tends to increase predicted y, indicating higher toxicity / lower LD50"
ECFP4_count_bit_1485,ECFP4_count,0.00021916753,3.2711472e-05,0.1899273587783548,"Higher feature value tends to increase predicted y, indicating higher toxicity / lower LD50"
ECFP4_count_bit_670,ECFP4_count,0.00021896495,2.1778957e-05,0.139764327455465,"Higher feature value tends to increase predicted y, indicating higher toxicity / lower LD50"
ECFP4_count_bit_212,ECFP4_count,0.0002182778,-0.000102456404,-0.149343922651248,"Higher feature value tends to decrease predicted y, indicating lower toxicity / higher LD50"
ECFP4_count_bit_1518,ECFP4_count,0.00021812381,-0.00015603301,0.09166962214299458,"Higher feature value tends to increase predicted y, indicating higher toxicity / lower LD50"
ECFP4_count_bit_1050,ECFP4_count,0.00021771812,0.0001038227,0.18992651971673088,"Higher feature value tends to increase predicted y, indicating higher toxicity / lower LD50"
ECFP4_count_bit_1831,ECFP4_count,0.00021765077,7.3339375e-05,0.23110827970163303,"Higher feature value tends to increase predicted y, indicating higher toxicity / lower LD50"
ECFP4_count_bit_484,ECFP4_count,0.00021654001,8.424294e-05,-0.1581959075342375,"Higher feature value tends to decrease predicted y, indicating lower toxicity / higher LD50"
ECFP4_count_bit_883,ECFP4_count,0.00021645684,0.0001664299,-0.07488300032393272,"Higher feature value tends to decrease predicted y, indicating lower toxicity / higher LD50"
ECFP4_count_bit_14,ECFP4_count,0.00021574949,-2.252038e-05,0.1899293838695463,"Higher feature value tends to increase predicted y, indicating higher toxicity / lower LD50"
ECFP4_count_bit_72,ECFP4_count,0.00021565567,3.3697477e-05,-0.09166954087149563,"Higher feature value tends to decrease predicted y, indicating lower toxicity / higher LD50"
ECFP4_count_bit_1267,ECFP4_count,0.00021551739,3.6924688e-05,-0.10696993073089887,"Higher feature value tends to decrease predicted y, indicating lower toxicity / higher LD50"
ECFP4_count_bit_781,ECFP4_count,0.00021549646,4.010964e-05,0.2691256918844662,"Higher feature value tends to increase predicted y, indicating higher toxicity / lower LD50"
ECFP4_count_bit_1841,ECFP4_count,0.0002151969,-0.0001256876,-0.21677638307991504,"Higher feature value tends to decrease predicted y, indicating lower toxicity / higher LD50"
ECFP4_count_bit_1844,ECFP4_count,0.00021519224,-1.9110921e-05,-0.06946645489012006,"Higher feature value tends to decrease predicted y, indicating lower toxicity / higher LD50"
ECFP4_count_bit_1071,ECFP4_count,0.00021513268,-9.634981e-05,-0.06142876338668953,"Higher feature value tends to decrease predicted y, indicating lower toxicity / higher LD50"
ECFP4_count_bit_490,ECFP4_count,0.00021510579,-0.00011629812,0.11823369509566298,"Higher feature value tends to increase predicted y, indicating higher toxicity / lower LD50"
ECFP4_count_bit_216,ECFP4_count,0.0002147989,-7.250928e-05,0.2884907135581448,"Higher feature value tends to increase predicted y, indicating higher toxicity / lower LD50"
ECFP4_count_bit_364,ECFP4_count,0.0002139933,3.219384e-07,0.1607339332184007,"Higher feature value tends to increase predicted y, indicating higher toxicity / lower LD50"
ECFP4_count_bit_433,ECFP4_count,0.00021363972,6.018966e-05,0.08610227356167646,"Higher feature value tends to increase predicted y, indicating higher toxicity / lower LD50"
ECFP4_count_bit_1456,ECFP4_count,0.00021353716,-7.2874725e-05,-0.030911021369470625,"Higher feature value tends to decrease predicted y, indicating lower toxicity / higher LD50"
ECFP4_count_bit_242,ECFP4_count,0.00021302281,-7.185416e-05,-0.23806372828095887,"Higher feature value tends to decrease predicted y, indicating lower toxicity / higher LD50"
ECFP4_count_bit_1126,ECFP4_count,0.00021301945,2.4332352e-05,0.22173484122664106,"Higher feature value tends to increase predicted y, indicating higher toxicity / lower LD50"
ECFP4_count_bit_1682,ECFP4_count,0.0002122065,0.00014502754,0.234793068469416,"Higher feature value tends to increase predicted y, indicating higher toxicity / lower LD50"
ECFP4_count_bit_629,ECFP4_count,0.00021188808,7.598318e-05,0.18256074391926302,"Higher feature value tends to increase predicted y, indicating higher toxicity / lower LD50"
ECFP4_count_bit_1176,ECFP4_count,0.00021156555,0.00011275905,0.17186857796872357,"Higher feature value tends to increase predicted y, indicating higher toxicity / lower LD50"
ECFP4_count_bit_173,ECFP4_count,0.00021145417,5.6284665e-05,0.1578515341824855,"Higher feature value tends to increase predicted y, indicating higher toxicity / lower LD50"
ECFP4_count_bit_940,ECFP4_count,0.00021117245,4.9059014e-05,-0.1515081789151348,"Higher feature value tends to decrease predicted y, indicating lower toxicity / higher LD50"
ECFP4_count_bit_1135,ECFP4_count,0.0002110499,-7.62651e-05,-0.222959750392548,"Higher feature value tends to decrease predicted y, indicating lower toxicity / higher LD50"
ECFP4_count_bit_197,ECFP4_count,0.00021085369,0.000118932694,-0.10270153972594546,"Higher feature value tends to decrease predicted y, indicating lower toxicity / higher LD50"
ECFP4_count_bit_1629,ECFP4_count,0.00021042302,8.783754e-06,0.21677850689581782,"Higher feature value tends to increase predicted y, indicating higher toxicity / lower LD50"
ECFP4_count_bit_1599,ECFP4_count,0.00021023279,0.00010188261,0.3385455324991187,"Higher feature value tends to increase predicted y, indicating higher toxicity / lower LD50"
ECFP4_count_bit_1386,ECFP4_count,0.00020983715,4.067183e-05,-0.12941082003408472,"Higher feature value tends to decrease predicted y, indicating lower toxicity / higher LD50"
ECFP4_count_bit_1387,ECFP4_count,0.00020960154,3.5192807e-05,0.15832911449571455,"Higher feature value tends to increase predicted y, indicating higher toxicity / lower LD50"
ECFP4_count_bit_592,ECFP4_count,0.00020943428,2.2830764e-05,-0.1686719186700152,"Higher feature value tends to decrease predicted y, indicating lower toxicity / higher LD50"
ECFP4_count_bit_302,ECFP4_count,0.0002086219,8.2209284e-05,0.14934392338682062,"Higher feature value tends to increase predicted y, indicating higher toxicity / lower LD50"
ECFP4_count_bit_1075,ECFP4_count,0.00020814146,-6.515421e-05,-0.2347860913753016,"Higher feature value tends to decrease predicted y, indicating lower toxicity / higher LD50"
ECFP4_count_bit_127,ECFP4_count,0.00020807376,-5.528663e-05,-0.09986952849630042,"Higher feature value tends to decrease predicted y, indicating lower toxicity / higher LD50"
RDKit2D_fr_Ar_OH,RDKit2D,0.00020767066,2.3546331e-06,0.013878351619663767,"Higher feature value tends to increase predicted y, indicating higher toxicity / lower LD50"
ECFP4_count_bit_1542,ECFP4_count,0.00020723962,4.081478e-05,0.08397655112527878,"Higher feature value tends to increase predicted y, indicating higher toxicity / lower LD50"
ECFP4_count_bit_207,ECFP4_count,0.00020681701,1.45387285e-05,0.13712706022318472,"Higher feature value tends to increase predicted y, indicating higher toxicity / lower LD50"
ECFP4_count_bit_1365,ECFP4_count,0.00020647267,-3.2509186e-06,0.26579490366089825,"Higher feature value tends to increase predicted y, indicating higher toxicity / lower LD50"
ECFP4_count_bit_1616,ECFP4_count,0.00020587779,9.046285e-05,0.19700114118219486,"Higher feature value tends to increase predicted y, indicating higher toxicity / lower LD50"
ECFP4_count_bit_1086,ECFP4_count,0.00020561849,2.2311842e-05,-0.07835414051855182,"Higher feature value tends to decrease predicted y, indicating lower toxicity / higher LD50"
ECFP4_count_bit_275,ECFP4_count,0.0002042019,7.929031e-05,-0.07050178658675699,"Higher feature value tends to decrease predicted y, indicating lower toxicity / higher LD50"
ECFP4_count_bit_1793,ECFP4_count,0.00020420032,-8.202823e-05,-0.17487219905014217,"Higher feature value tends to decrease predicted y, indicating lower toxicity / higher LD50"
ECFP4_count_bit_1666,ECFP4_count,0.00020392534,0.00011223739,-0.10171669423107746,"Higher feature value tends to decrease predicted y, indicating lower toxicity / higher LD50"
ECFP4_count_bit_1290,ECFP4_count,0.00020327029,1.5067265e-05,0.23700326269949507,"Higher feature value tends to increase predicted y, indicating higher toxicity / lower LD50"
ECFP4_count_bit_361,ECFP4_count,0.00020260477,-1.2221439e-05,0.2072721498025636,"Higher feature value tends to increase predicted y, indicating higher toxicity / lower LD50"
ECFP4_count_bit_1237,ECFP4_count,0.00020099686,-2.493434e-05,-0.1294575881630538,"Higher feature value tends to decrease predicted y, indicating lower toxicity / higher LD50"
ECFP4_count_bit_1399,ECFP4_count,0.00020077541,1.5974774e-05,0.21040148085320484,"Higher feature value tends to increase predicted y, indicating higher toxicity / lower LD50"
ECFP4_count_bit_755,ECFP4_count,0.0002002107,-4.8005684e-05,-0.12317795091095184,"Higher feature value tends to decrease predicted y, indicating lower toxicity / higher LD50"
ECFP4_count_bit_602,ECFP4_count,0.0002000044,3.992383e-05,-0.10199242147584743,"Higher feature value tends to decrease predicted y, indicating lower toxicity / higher LD50"
RDKit2D_fr_N_O,RDKit2D,0.00019959931,-6.94275e-05,-0.16681575835976883,"Higher feature value tends to decrease predicted y, indicating lower toxicity / higher LD50"
ECFP4_count_bit_1489,ECFP4_count,0.00019906268,-5.0112714e-05,-0.176285199761997,"Higher feature value tends to decrease predicted y, indicating lower toxicity / higher LD50"
ECFP4_count_bit_1097,ECFP4_count,0.00019902956,3.8851147e-05,-0.19460188016978222,"Higher feature value tends to decrease predicted y, indicating lower toxicity / higher LD50"
ECFP4_count_bit_6,ECFP4_count,0.00019829225,3.1008538e-05,-0.09166946095458406,"Higher feature value tends to decrease predicted y, indicating lower toxicity / higher LD50"
ECFP4_count_bit_456,ECFP4_count,0.00019826116,-2.1827265e-05,0.19007484150121207,"Higher feature value tends to increase predicted y, indicating higher toxicity / lower LD50"
ECFP4_count_bit_1777,ECFP4_count,0.00019824592,9.390295e-05,0.15832701467888763,"Higher feature value tends to increase predicted y, indicating higher toxicity / lower LD50"
ECFP4_count_bit_1769,ECFP4_count,0.00019788276,-0.00014588858,0.030556514000086465,"Higher feature value tends to increase predicted y, indicating higher toxicity / lower LD50"
ECFP4_count_bit_1339,ECFP4_count,0.00019778944,5.2292853e-05,0.07107341764571518,"Higher feature value tends to increase predicted y, indicating higher toxicity / lower LD50"
ECFP4_count_bit_1062,ECFP4_count,0.00019698039,-4.4771812e-05,0.07488299940186832,"Higher feature value tends to increase predicted y, indicating higher toxicity / lower LD50"
ECFP4_count_bit_1660,ECFP4_count,0.00019680975,-5.4694257e-05,-0.14931142615632692,"Higher feature value tends to decrease predicted y, indicating lower toxicity / higher LD50"
ECFP4_count_bit_345,ECFP4_count,0.000195716,-6.9516675e-05,0.16681398762677302,"Higher feature value tends to increase predicted y, indicating higher toxicity / lower LD50"
ECFP4_count_bit_1388,ECFP4_count,0.00019563027,5.107913e-07,-0.10580116102242522,"Higher feature value tends to decrease predicted y, indicating lower toxicity / higher LD50"
ECFP4_count_bit_449,ECFP4_count,0.00019524073,8.848011e-06,-0.05290058142315308,"Higher feature value tends to decrease predicted y, indicating lower toxicity / higher LD50"
ECFP4_count_bit_1823,ECFP4_count,0.00019496749,3.5875753e-05,-0.1424576084982353,"Higher feature value tends to decrease predicted y, indicating lower toxicity / higher LD50"
ECFP4_count_bit_745,ECFP4_count,0.00019451324,2.2850078e-05,0.1278009494699124,"Higher feature value tends to increase predicted y, indicating higher toxicity / lower LD50"
ECFP4_count_bit_1173,ECFP4_count,0.00019424889,-0.000114661125,-0.10318040505277452,"Higher feature value tends to decrease predicted y, indicating lower toxicity / higher LD50"
ECFP4_count_bit_843,ECFP4_count,0.00019378329,-1.0834009e-05,0.1959681156727091,"Higher feature value tends to increase predicted y, indicating higher toxicity / lower LD50"
RDKit2D_fr_nitrile,RDKit2D,0.00019355158,-5.958246e-05,0.1619257793084815,"Higher feature value tends to increase predicted y, indicating higher toxicity / lower LD50"
ECFP4_count_bit_1089,ECFP4_count,0.00019347151,-2.0563146e-05,-0.023360790887773295,"Higher feature value tends to decrease predicted y, indicating lower toxicity / higher LD50"
ECFP4_count_bit_956,ECFP4_count,0.00019340834,1.4879767e-05,0.0023567294769168616,"Higher feature value tends to increase predicted y, indicating higher toxicity / lower LD50"
ECFP4_count_bit_443,ECFP4_count,0.00019307916,-0.00011787386,-0.17487328899891352,"Higher feature value tends to decrease predicted y, indicating lower toxicity / higher LD50"
ECFP4_count_bit_162,ECFP4_count,0.00019291128,-0.00010432859,0.182562767331949,"Higher feature value tends to increase predicted y, indicating higher toxicity / lower LD50"
ECFP4_count_bit_834,ECFP4_count,0.00019289184,3.4461642e-05,-0.11200794226427574,"Higher feature value tends to decrease predicted y, indicating lower toxicity / higher LD50"
ECFP4_count_bit_987,ECFP4_count,0.00019248539,4.104769e-06,-0.18410498261537628,"Higher feature value tends to decrease predicted y, indicating lower toxicity / higher LD50"
ECFP4_count_bit_458,ECFP4_count,0.00019247235,-5.6576523e-06,-0.11281461714798839,"Higher feature value tends to decrease predicted y, indicating lower toxicity / higher LD50"
ECFP4_count_bit_594,ECFP4_count,0.00019240152,6.342828e-05,0.052776138575131686,"Higher feature value tends to increase predicted y, indicating higher toxicity / lower LD50"
ECFP4_count_bit_955,ECFP4_count,0.0001921962,2.5868605e-06,-0.19700324177146186,"Higher feature value tends to decrease predicted y, indicating lower toxicity / higher LD50"
ECFP4_count_bit_1064,ECFP4_count,0.000192106,0.0001065718,0.1397643308974134,"Higher feature value tends to increase predicted y, indicating higher toxicity / lower LD50"
ECFP4_count_bit_784,ECFP4_count,0.0001919984,-9.721364e-05,0.10580116206464286,"Higher feature value tends to increase predicted y, indicating higher toxicity / lower LD50"
ECFP4_count_bit_1807,ECFP4_count,0.00019165486,-0.00016317751,0.05297510642409606,"Higher feature value tends to increase predicted y, indicating higher toxicity / lower LD50"
ECFP4_count_bit_401,ECFP4_count,0.00019124386,7.995379e-05,0.3220847484499936,"Higher feature value tends to increase predicted y, indicating higher toxicity / lower LD50"
ECFP4_count_bit_1668,ECFP4_count,0.00019123331,9.440295e-05,-0.07098479086666346,"Higher feature value tends to decrease predicted y, indicating lower toxicity / higher LD50"
ECFP4_count_bit_1364,ECFP4_count,0.00019122948,4.173089e-05,0.14934392301903432,"Higher feature value tends to increase predicted y, indicating higher toxicity / lower LD50"
ECFP4_count_bit_1195,ECFP4_count,0.00019015373,-1.9599905e-05,0.2519279794132259,"Higher feature value tends to increase predicted y, indicating higher toxicity / lower LD50"
ECFP4_count_bit_1850,ECFP4_count,0.00018970347,0.00012530909,0.11823390309350201,"Higher feature value tends to increase predicted y, indicating higher toxicity / lower LD50"
ECFP4_count_bit_69,ECFP4_count,0.0001896022,7.468928e-07,0.1433530813378981,"Higher feature value tends to increase predicted y, indicating higher toxicity / lower LD50"
ECFP4_count_bit_55,ECFP4_count,0.00018954561,-9.471372e-05,-0.158327858114742,"Higher feature value tends to decrease predicted y, indicating lower toxicity / higher LD50"
ECFP4_count_bit_1391,ECFP4_count,0.00018868064,-4.404944e-05,0.031847978246606234,"Higher feature value tends to increase predicted y, indicating higher toxicity / lower LD50"
ECFP4_count_bit_1264,ECFP4_count,0.00018859148,-4.84053e-05,-0.2229567012868497,"Higher feature value tends to decrease predicted y, indicating lower toxicity / higher LD50"
ECFP4_count_bit_851,ECFP4_count,0.0001885149,6.359369e-05,0.08638647720697766,"Higher feature value tends to increase predicted y, indicating higher toxicity / lower LD50"
ECFP4_count_bit_693,ECFP4_count,0.00018821096,5.9718997e-05,-0.027006498643731443,"Higher feature value tends to decrease predicted y, indicating lower toxicity / higher LD50"
ECFP4_count_bit_1119,ECFP4_count,0.00018805005,4.587287e-06,0.21089028083455896,"Higher feature value tends to increase predicted y, indicating higher toxicity / lower LD50"
ECFP4_count_bit_1148,ECFP4_count,0.00018796773,5.8300986e-05,0.2400179563290468,"Higher feature value tends to increase predicted y, indicating higher toxicity / lower LD50"
ECFP4_count_bit_1252,ECFP4_count,0.00018761381,5.908077e-05,0.1583284145556583,"Higher feature value tends to increase predicted y, indicating higher toxicity / lower LD50"
ECFP4_count_bit_384,ECFP4_count,0.00018692773,2.6707488e-05,-0.08772847276884162,"Higher feature value tends to decrease predicted y, indicating lower toxicity / higher LD50"
ECFP4_count_bit_1798,ECFP4_count,0.00018670574,0.000104975865,-0.0916695415487539,"Higher feature value tends to decrease predicted y, indicating lower toxicity / higher LD50"
ECFP4_count_bit_1015,ECFP4_count,0.00018669631,-7.913343e-05,-0.10010042931456227,"Higher feature value tends to decrease predicted y, indicating lower toxicity / higher LD50"
ECFP4_count_bit_1614,ECFP4_count,0.00018633141,4.4445364e-06,-0.16681553691624224,"Higher feature value tends to decrease predicted y, indicating lower toxicity / higher LD50"
ECFP4_count_bit_1924,ECFP4_count,0.0001863029,4.395372e-05,0.09166954177450666,"Higher feature value tends to increase predicted y, indicating higher toxicity / lower LD50"
ECFP4_count_bit_1576,ECFP4_count,0.0001858811,-9.5383235e-05,-0.12229274508687905,"Higher feature value tends to decrease predicted y, indicating lower toxicity / higher LD50"
ECFP4_count_bit_699,ECFP4_count,0.00018550402,1.7257435e-05,0.25700729035148656,"Higher feature value tends to increase predicted y, indicating higher toxicity / lower LD50"
ECFP4_count_bit_896,ECFP4_count,0.0001852021,-5.038681e-05,-0.1719953287705298,"Higher feature value tends to decrease predicted y, indicating lower toxicity / higher LD50"
ECFP4_count_bit_1609,ECFP4_count,0.00018494295,-3.1230687e-05,-0.13091109729558933,"Higher feature value tends to decrease predicted y, indicating lower toxicity / higher LD50"
ECFP4_count_bit_798,ECFP4_count,0.00018484141,2.2206818e-06,0.3013742273544257,"Higher feature value tends to increase predicted y, indicating higher toxicity / lower LD50"
ECFP4_count_bit_724,ECFP4_count,0.00018455037,-3.693927e-05,0.22885602774704253,"Higher feature value tends to increase predicted y, indicating higher toxicity / lower LD50"
ECFP4_count_bit_1146,ECFP4_count,0.00018445453,-0.00015315051,0.09983166271404272,"Higher feature value tends to increase predicted y, indicating higher toxicity / lower LD50"
ECFP4_count_bit_1094,ECFP4_count,0.0001842531,-3.8014692e-05,0.11823369771620901,"Higher feature value tends to increase predicted y, indicating higher toxicity / lower LD50"
ECFP4_count_bit_256,ECFP4_count,0.00018399565,2.5078009e-05,0.13976371178394978,"Higher feature value tends to increase predicted y, indicating higher toxicity / lower LD50"
ECFP4_count_bit_545,ECFP4_count,0.00018393128,7.129622e-05,0.18992820393796983,"Higher feature value tends to increase predicted y, indicating higher toxicity / lower LD50"
ECFP4_count_bit_1153,ECFP4_count,0.00018311235,8.552374e-05,0.22295670403220494,"Higher feature value tends to increase predicted y, indicating higher toxicity / lower LD50"
ECFP4_count_bit_114,ECFP4_count,0.00018273784,4.052883e-05,-0.013467008360765805,"Higher feature value tends to decrease predicted y, indicating lower toxicity / higher LD50"
ECFP4_count_bit_1914,ECFP4_count,0.00018264019,1.1823396e-05,-0.1583284149455706,"Higher feature value tends to decrease predicted y, indicating lower toxicity / higher LD50"
ECFP4_count_bit_140,ECFP4_count,0.00018242885,3.0199662e-05,0.24235564629826878,"Higher feature value tends to increase predicted y, indicating higher toxicity / lower LD50"
ECFP4_count_bit_319,ECFP4_count,0.00018166925,2.1155296e-05,-0.18655446021575947,"Higher feature value tends to decrease predicted y, indicating lower toxicity / higher LD50"
ECFP4_count_bit_1796,ECFP4_count,0.00018151049,-1.9460429e-05,-0.18792062693568828,"Higher feature value tends to decrease predicted y, indicating lower toxicity / higher LD50"
ECFP4_count_bit_1101,ECFP4_count,0.00018092856,2.6569746e-06,-0.0736448405404104,"Higher feature value tends to decrease predicted y, indicating lower toxicity / higher LD50"
ECFP4_count_bit_1505,ECFP4_count,0.00018089116,-7.430506e-05,-0.15832785772483113,"Higher feature value tends to decrease predicted y, indicating lower toxicity / higher LD50"
ECFP4_count_bit_1708,ECFP4_count,0.0001806555,0.00010725096,-0.04756547349131386,"Higher feature value tends to decrease predicted y, indicating lower toxicity / higher LD50"
ECFP4_count_bit_1215,ECFP4_count,0.0001800661,8.591235e-05,0.14934392559353857,"Higher feature value tends to increase predicted y, indicating higher toxicity / lower LD50"
ECFP4_count_bit_1573,ECFP4_count,0.0001796925,5.9926737e-05,0.01244526817990442,"Higher feature value tends to increase predicted y, indicating higher toxicity / lower LD50"
ECFP4_count_bit_900,ECFP4_count,0.00017926858,1.8983432e-05,-0.17487328296971585,"Higher feature value tends to decrease predicted y, indicating lower toxicity / higher LD50"
ECFP4_count_bit_33,ECFP4_count,0.00017924779,-4.4193577e-05,-0.19129848765247356,"Higher feature value tends to decrease predicted y, indicating lower toxicity / higher LD50"
ECFP4_count_bit_1865,ECFP4_count,0.00017911028,-0.00015264795,7.018091071758351e-05,"Higher feature value tends to increase predicted y, indicating higher toxicity / lower LD50"
ECFP4_count_bit_1972,ECFP4_count,0.00017910976,2.76391e-05,-0.1635710127865588,"Higher feature value tends to decrease predicted y, indicating lower toxicity / higher LD50"
ECFP4_count_bit_1468,ECFP4_count,0.0001790924,4.8067508e-05,0.21040597690535326,"Higher feature value tends to increase predicted y, indicating higher toxicity / lower LD50"
ECFP4_count_bit_1124,ECFP4_count,0.00017908496,6.62067e-05,-0.0916695415487539,"Higher feature value tends to decrease predicted y, indicating lower toxicity / higher LD50"
ECFP4_count_bit_1375,ECFP4_count,0.00017897598,1.2454824e-05,0.13154118054247327,"Higher feature value tends to increase predicted y, indicating higher toxicity / lower LD50"
ECFP4_count_bit_552,ECFP4_count,0.00017890325,5.531124e-05,0.21037842151286748,"Higher feature value tends to increase predicted y, indicating higher toxicity / lower LD50"
ECFP4_count_bit_1334,ECFP4_count,0.00017878467,0.00017510903,,No clear monotonic direction
ECFP4_count_bit_1293,ECFP4_count,0.00017876716,-0.00011658894,0.15832841143636053,"Higher feature value tends to increase predicted y, indicating higher toxicity / lower LD50"
ECFP4_count_bit_1159,ECFP4_count,0.00017872818,-1.7697075e-05,-0.12945758816385883,"Higher feature value tends to decrease predicted y, indicating lower toxicity / higher LD50"
ECFP4_count_bit_1623,ECFP4_count,0.00017864413,8.3979714e-05,0.0613144034697971,"Higher feature value tends to increase predicted y, indicating higher toxicity / lower LD50"
ECFP4_count_bit_1546,ECFP4_count,0.0001786056,2.9700348e-05,0.14934392375460695,"Higher feature value tends to increase predicted y, indicating higher toxicity / lower LD50"
ECFP4_count_bit_1892,ECFP4_count,0.00017844953,0.00011275295,0.21114099587937177,"Higher feature value tends to increase predicted y, indicating higher toxicity / lower LD50"
ECFP4_count_bit_67,ECFP4_count,0.00017823205,1.3323612e-05,-0.03861242384805838,"Higher feature value tends to decrease predicted y, indicating lower toxicity / higher LD50"
ECFP4_count_bit_47,ECFP4_count,0.00017722126,-1.5238828e-05,0.1294571322495319,"Higher feature value tends to increase predicted y, indicating higher toxicity / lower LD50"
ECFP4_count_bit_1658,ECFP4_count,0.00017714476,-2.7689297e-05,0.10580116206464286,"Higher feature value tends to increase predicted y, indicating higher toxicity / lower LD50"
ECFP4_count_bit_816,ECFP4_count,0.00017696618,-2.4951587e-05,-0.02457018215508039,"Higher feature value tends to decrease predicted y, indicating lower toxicity / higher LD50"
ECFP4_count_bit_144,ECFP4_count,0.00017669183,-9.155586e-05,-0.16435514995236208,"Higher feature value tends to decrease predicted y, indicating lower toxicity / higher LD50"
ECFP4_count_bit_2000,ECFP4_count,0.00017660968,-6.0157956e-05,-0.1838090547158138,"Higher feature value tends to decrease predicted y, indicating lower toxicity / higher LD50"
ECFP4_count_bit_1473,ECFP4_count,0.00017654033,5.853883e-05,0.15832715467204775,"Higher feature value tends to increase predicted y, indicating higher toxicity / lower LD50"
RDKit2D_fr_SH,RDKit2D,0.00017632845,-6.951946e-05,-0.030656878520019703,"Higher feature value tends to decrease predicted y, indicating lower toxicity / higher LD50"
ECFP4_count_bit_575,ECFP4_count,0.00017615034,5.8169117e-05,0.11176196126108089,"Higher feature value tends to increase predicted y, indicating higher toxicity / lower LD50"
ECFP4_count_bit_1726,ECFP4_count,0.0001761499,7.419477e-05,0.07636264724243058,"Higher feature value tends to increase predicted y, indicating higher toxicity / lower LD50"
ECFP4_count_bit_1645,ECFP4_count,0.00017613979,1.6134822e-05,-0.15166788286741606,"Higher feature value tends to decrease predicted y, indicating lower toxicity / higher LD50"
ECFP4_count_bit_1635,ECFP4_count,0.00017586965,0.00013628493,0.210820878525145,"Higher feature value tends to increase predicted y, indicating higher toxicity / lower LD50"
ECFP4_count_bit_1026,ECFP4_count,0.00017542532,3.7625116e-05,0.11823390425819115,"Higher feature value tends to increase predicted y, indicating higher toxicity / lower LD50"
ECFP4_count_bit_171,ECFP4_count,0.00017540896,-3.5370864e-05,-0.22767644004710297,"Higher feature value tends to decrease predicted y, indicating lower toxicity / higher LD50"
ECFP4_count_bit_1384,ECFP4_count,0.00017492697,-4.7458838e-05,0.21677889367957365,"Higher feature value tends to increase predicted y, indicating higher toxicity / lower LD50"
ECFP4_count_bit_281,ECFP4_count,0.00017487489,2.858253e-05,-0.14307814202100852,"Higher feature value tends to decrease predicted y, indicating lower toxicity / higher LD50"
ECFP4_count_bit_482,ECFP4_count,0.00017482362,-2.1872998e-05,-0.09471523014062176,"Higher feature value tends to decrease predicted y, indicating lower toxicity / higher LD50"
ECFP4_count_bit_1465,ECFP4_count,0.00017451367,5.8002966e-05,-0.10580111551180846,"Higher feature value tends to decrease predicted y, indicating lower toxicity / higher LD50"
ECFP4_count_bit_161,ECFP4_count,0.00017418075,-7.651731e-06,-0.052975106293635325,"Higher feature value tends to decrease predicted y, indicating lower toxicity / higher LD50"
ECFP4_count_bit_369,ECFP4_count,0.00017373862,0.00015748631,0.16843552755966504,"Higher feature value tends to increase predicted y, indicating higher toxicity / lower LD50"
ECFP4_count_bit_200,ECFP4_count,0.0001734026,7.844633e-05,0.1397643277996598,"Higher feature value tends to increase predicted y, indicating higher toxicity / lower LD50"
ECFP4_count_bit_1772,ECFP4_count,0.00017337009,0.00011740517,0.15832785460554413,"Higher feature value tends to increase predicted y, indicating higher toxicity / lower LD50"
RDKit2D_fr_aldehyde,RDKit2D,0.00017323327,-0.000113877984,-0.2767485241010184,"Higher feature value tends to decrease predicted y, indicating lower toxicity / higher LD50"
ECFP4_count_bit_1621,ECFP4_count,0.00017322917,1.9529882e-05,-0.07488299940186832,"Higher feature value tends to decrease predicted y, indicating lower toxicity / higher LD50"
ECFP4_count_bit_633,ECFP4_count,0.00017300306,-8.70901e-05,-0.10580116180408847,"Higher feature value tends to decrease predicted y, indicating lower toxicity / higher LD50"
ECFP4_count_bit_1899,ECFP4_count,0.0001727179,9.457277e-05,-0.05297510642409606,"Higher feature value tends to decrease predicted y, indicating lower toxicity / higher LD50"
ECFP4_count_bit_1212,ECFP4_count,0.00017271533,3.7739504e-05,0.14934385705998315,"Higher feature value tends to increase predicted y, indicating higher toxicity / lower LD50"
ECFP4_count_bit_1778,ECFP4_count,0.00017263122,9.925135e-05,0.21147436860875785,"Higher feature value tends to increase predicted y, indicating higher toxicity / lower LD50"
ECFP4_count_bit_59,ECFP4_count,0.00017252934,3.779794e-05,-0.10580116258575172,"Higher feature value tends to decrease predicted y, indicating lower toxicity / higher LD50"
ECFP4_count_bit_601,ECFP4_count,0.00017208104,1.5340205e-05,-0.013160285833122282,"Higher feature value tends to decrease predicted y, indicating lower toxicity / higher LD50"
ECFP4_count_bit_1523,ECFP4_count,0.0001717697,3.0001245e-05,0.11823348535116236,"Higher feature value tends to increase predicted y, indicating higher toxicity / lower LD50"
ECFP4_count_bit_533,ECFP4_count,0.00017118045,-7.5111e-05,-0.0650292226198499,"Higher feature value tends to decrease predicted y, indicating lower toxicity / higher LD50"
ECFP4_count_bit_1412,ECFP4_count,0.00017099227,8.338025e-05,0.15832841533548278,"Higher feature value tends to increase predicted y, indicating higher toxicity / lower LD50"
ECFP4_count_bit_1156,ECFP4_count,0.00017069378,9.5198075e-06,0.0916695415487539,"Higher feature value tends to increase predicted y, indicating higher toxicity / lower LD50"
ECFP4_count_bit_675,ECFP4_count,0.00017066784,7.830348e-06,0.03221913323328736,"Higher feature value tends to increase predicted y, indicating higher toxicity / lower LD50"
ECFP4_count_bit_1511,ECFP4_count,0.00017056614,5.98878e-06,0.2289487512723931,"Higher feature value tends to increase predicted y, indicating higher toxicity / lower LD50"
ECFP4_count_bit_587,ECFP4_count,0.00017052639,-7.8663485e-05,-0.20488097851753298,"Higher feature value tends to decrease predicted y, indicating lower toxicity / higher LD50"
ECFP4_count_bit_530,ECFP4_count,0.00016999837,3.842743e-05,-0.11805573280765447,"Higher feature value tends to decrease predicted y, indicating lower toxicity / higher LD50"
ECFP4_count_bit_1209,ECFP4_count,0.00016970542,-5.1234612e-05,-0.1607595674924505,"Higher feature value tends to decrease predicted y, indicating lower toxicity / higher LD50"
ECFP4_count_bit_829,ECFP4_count,0.00016956116,-8.516685e-05,-0.22895631443528724,"Higher feature value tends to decrease predicted y, indicating lower toxicity / higher LD50"
ECFP4_count_bit_262,ECFP4_count,0.00016954895,-7.7252356e-05,-0.149343922651248,"Higher feature value tends to decrease predicted y, indicating lower toxicity / higher LD50"
ECFP4_count_bit_165,ECFP4_count,0.00016937706,-7.84143e-05,0.028209917631324737,"Higher feature value tends to increase predicted y, indicating higher toxicity / lower LD50"
ECFP4_count_bit_888,ECFP4_count,0.00016935483,-1.3958547e-05,-0.0010205879727952605,"Higher feature value tends to decrease predicted y, indicating lower toxicity / higher LD50"
ECFP4_count_bit_611,ECFP4_count,0.00016932345,-3.3262597e-05,-0.174874368192378,"Higher feature value tends to decrease predicted y, indicating lower toxicity / higher LD50"
ECFP4_count_bit_501,ECFP4_count,0.00016919951,2.8866527e-05,0.149343922651248,"Higher feature value tends to increase predicted y, indicating higher toxicity / lower LD50"
ECFP4_count_bit_1687,ECFP4_count,0.00016915715,-2.621025e-05,-0.19700350476634873,"Higher feature value tends to decrease predicted y, indicating lower toxicity / higher LD50"
ECFP4_count_bit_1381,ECFP4_count,0.00016893106,9.142989e-05,0.20414229333617334,"Higher feature value tends to increase predicted y, indicating higher toxicity / lower LD50"
ECFP4_count_bit_1265,ECFP4_count,0.00016882682,-4.8552953e-05,0.10015120853205714,"Higher feature value tends to increase predicted y, indicating higher toxicity / lower LD50"
ECFP4_count_bit_750,ECFP4_count,0.00016817017,-2.2123942e-05,-0.08802174581035482,"Higher feature value tends to decrease predicted y, indicating lower toxicity / higher LD50"
ECFP4_count_bit_826,ECFP4_count,0.00016812421,4.410659e-05,-0.08815803216465394,"Higher feature value tends to decrease predicted y, indicating lower toxicity / higher LD50"
ECFP4_count_bit_890,ECFP4_count,0.00016789902,4.7685207e-05,0.14802265490215152,"Higher feature value tends to increase predicted y, indicating higher toxicity / lower LD50"
ECFP4_count_bit_1655,ECFP4_count,0.00016788003,-4.7298095e-06,-0.16062493758019822,"Higher feature value tends to decrease predicted y, indicating lower toxicity / higher LD50"
ECFP4_count_bit_168,ECFP4_count,0.00016777552,9.070077e-05,-0.0916695420002594,"Higher feature value tends to decrease predicted y, indicating lower toxicity / higher LD50"
ECFP4_count_bit_1603,ECFP4_count,0.00016739607,4.6113164e-05,-0.010456683946481086,"Higher feature value tends to decrease predicted y, indicating lower toxicity / higher LD50"
ECFP4_count_bit_690,ECFP4_count,0.0001672317,5.975691e-05,-0.1294575881630538,"Higher feature value tends to decrease predicted y, indicating lower toxicity / higher LD50"
ECFP4_count_bit_1464,ECFP4_count,0.00016678715,6.7816756e-05,-0.029423861671513268,"Higher feature value tends to decrease predicted y, indicating lower toxicity / higher LD50"
ECFP4_count_bit_1497,ECFP4_count,0.00016656895,7.847277e-05,0.17487328340037278,"Higher feature value tends to increase predicted y, indicating higher toxicity / lower LD50"
ECFP4_count_bit_260,ECFP4_count,0.00016656067,-1.5647362e-05,-0.1402681957085028,"Higher feature value tends to decrease predicted y, indicating lower toxicity / higher LD50"
ECFP4_count_bit_1029,ECFP4_count,0.00016615723,3.4171717e-05,0.19700350428119207,"Higher feature value tends to increase predicted y, indicating higher toxicity / lower LD50"
ECFP4_count_bit_604,ECFP4_count,0.00016615687,4.3872024e-05,0.10580116493074158,"Higher feature value tends to increase predicted y, indicating higher toxicity / lower LD50"
ECFP4_count_bit_1188,ECFP4_count,0.00016603614,-2.0763797e-05,-0.11823390425819115,"Higher feature value tends to decrease predicted y, indicating lower toxicity / higher LD50"
ECFP4_count_bit_28,ECFP4_count,0.00016581795,3.1865602e-05,0.15832799576621,"Higher feature value tends to increase predicted y, indicating higher toxicity / lower LD50"
ECFP4_count_bit_1820,ECFP4_count,0.00016550343,7.497737e-05,-0.06035063990373066,"Higher feature value tends to decrease predicted y, indicating lower toxicity / higher LD50"
ECFP4_count_bit_847,ECFP4_count,0.00016532285,-8.5451946e-05,0.04299047236011306,"Higher feature value tends to increase predicted y, indicating higher toxicity / lower LD50"
ECFP4_count_bit_1500,ECFP4_count,0.00016522082,9.083805e-05,0.12314432516156444,"Higher feature value tends to increase predicted y, indicating higher toxicity / lower LD50"
ECFP4_count_bit_1673,ECFP4_count,0.0001651079,-7.4888674e-05,0.06494874952262217,"Higher feature value tends to increase predicted y, indicating higher toxicity / lower LD50"
ECFP4_count_bit_858,ECFP4_count,0.00016452173,3.7565234e-05,-0.182562767331949,"Higher feature value tends to decrease predicted y, indicating lower toxicity / higher LD50"
ECFP4_count_bit_726,ECFP4_count,0.00016410778,-6.2264935e-06,-0.1397639574349072,"Higher feature value tends to decrease predicted y, indicating lower toxicity / higher LD50"
ECFP4_count_bit_25,ECFP4_count,0.00016408483,-5.1614825e-05,-0.2410164367975195,"Higher feature value tends to decrease predicted y, indicating lower toxicity / higher LD50"
ECFP4_count_bit_1598,ECFP4_count,0.00016381555,-3.185287e-05,-0.17487328340037278,"Higher feature value tends to decrease predicted y, indicating lower toxicity / higher LD50"
ECFP4_count_bit_184,ECFP4_count,0.0001633252,-1.94572e-05,-0.17713967827241714,"Higher feature value tends to decrease predicted y, indicating lower toxicity / higher LD50"
ECFP4_count_bit_1698,ECFP4_count,0.00016300377,6.41376e-05,0.21040569493573485,"Higher feature value tends to increase predicted y, indicating higher toxicity / lower LD50"
ECFP4_count_bit_1196,ECFP4_count,0.00016294257,4.9734175e-05,0.13560268940738915,"Higher feature value tends to increase predicted y, indicating higher toxicity / lower LD50"
ECFP4_count_bit_237,ECFP4_count,0.00016269328,-1.6101209e-05,-0.0562093085850103,"Higher feature value tends to decrease predicted y, indicating lower toxicity / higher LD50"
ECFP4_count_bit_597,ECFP4_count,0.00016268794,-7.928922e-05,0.10580092930010222,"Higher feature value tends to increase predicted y, indicating higher toxicity / lower LD50"
ECFP4_count_bit_1920,ECFP4_count,0.00016256563,0.00011095787,-0.06001196064762631,"Higher feature value tends to decrease predicted y, indicating lower toxicity / higher LD50"
ECFP4_count_bit_654,ECFP4_count,0.00016254673,0.00011218882,-0.10580092930010222,"Higher feature value tends to decrease predicted y, indicating lower toxicity / higher LD50"
ECFP4_count_bit_150,ECFP4_count,0.00016192887,-1.0381098e-05,-0.1583284149455706,"Higher feature value tends to decrease predicted y, indicating lower toxicity / higher LD50"
ECFP4_count_bit_1288,ECFP4_count,0.00016171287,1.5311023e-05,0.1970035052515053,"Higher feature value tends to increase predicted y, indicating higher toxicity / lower LD50"
ECFP4_count_bit_2035,ECFP4_count,0.00016166194,6.108636e-05,0.13976432814385464,"Higher feature value tends to increase predicted y, indicating higher toxicity / lower LD50"
ECFP4_count_bit_1839,ECFP4_count,0.00016165068,-6.405796e-05,0.09390347990633814,"Higher feature value tends to increase predicted y, indicating higher toxicity / lower LD50"
ECFP4_count_bit_902,ECFP4_count,0.00016133001,0.00010163982,0.15832841611530732,"Higher feature value tends to increase predicted y, indicating higher toxicity / lower LD50"
ECFP4_count_bit_324,ECFP4_count,0.00016098541,-6.8334e-05,-0.1583284141657461,"Higher feature value tends to decrease predicted y, indicating lower toxicity / higher LD50"
ECFP4_count_bit_1223,ECFP4_count,0.00016053127,8.941418e-05,0.09909186723859986,"Higher feature value tends to increase predicted y, indicating higher toxicity / lower LD50"
ECFP4_count_bit_26,ECFP4_count,0.00015995665,-5.0542617e-06,0.1294575881630538,"Higher feature value tends to increase predicted y, indicating higher toxicity / lower LD50"
ECFP4_count_bit_1228,ECFP4_count,0.00015994899,7.3151976e-05,0.18992736672707788,"Higher feature value tends to increase predicted y, indicating higher toxicity / lower LD50"
ECFP4_count_bit_713,ECFP4_count,0.00015921028,6.4897584e-05,0.07490961288322598,"Higher feature value tends to increase predicted y, indicating higher toxicity / lower LD50"
ECFP4_count_bit_1191,ECFP4_count,0.0001590632,-4.7838526e-05,-0.08610227334963409,"Higher feature value tends to decrease predicted y, indicating lower toxicity / higher LD50"
ECFP4_count_bit_292,ECFP4_count,0.00015847929,4.2602137e-06,-0.1058009761137364,"Higher feature value tends to decrease predicted y, indicating lower toxicity / higher LD50"
ECFP4_count_bit_1744,ECFP4_count,0.00015821833,-4.36847e-05,-0.15832841572539505,"Higher feature value tends to decrease predicted y, indicating lower toxicity / higher LD50"
ECFP4_count_bit_1477,ECFP4_count,0.0001581276,-0.00014175156,-0.38921901091753186,"Higher feature value tends to decrease predicted y, indicating lower toxicity / higher LD50"
ECFP4_count_bit_1651,ECFP4_count,0.00015785906,8.096759e-05,0.16681014969957653,"Higher feature value tends to increase predicted y, indicating higher toxicity / lower LD50"
ECFP4_count_bit_1045,ECFP4_count,0.00015776126,6.704117e-05,-0.17892215184071525,"Higher feature value tends to decrease predicted y, indicating lower toxicity / higher LD50"
ECFP4_count_bit_1904,ECFP4_count,0.00015754576,5.0138544e-05,-0.13976432814385464,"Higher feature value tends to decrease predicted y, indicating lower toxicity / higher LD50"
ECFP4_count_bit_942,ECFP4_count,0.00015728378,-0.00015635199,,No clear monotonic direction
ECFP4_count_bit_1283,ECFP4_count,0.00015717592,2.9769939e-05,0.16681186218899274,"Higher feature value tends to increase predicted y, indicating higher toxicity / lower LD50"
ECFP4_count_bit_796,ECFP4_count,0.00015692426,0.00011309957,0.1583284192346054,"Higher feature value tends to increase predicted y, indicating higher toxicity / lower LD50"
ECFP4_count_bit_1534,ECFP4_count,0.00015688268,2.1851805e-05,0.0916695415487539,"Higher feature value tends to increase predicted y, indicating higher toxicity / lower LD50"
ECFP4_count_bit_1752,ECFP4_count,0.00015636186,3.9613965e-06,-0.13976358775572345,"Higher feature value tends to decrease predicted y, indicating lower toxicity / higher LD50"
ECFP4_count_bit_440,ECFP4_count,0.00015630147,1.7783879e-06,0.19129732984498288,"Higher feature value tends to increase predicted y, indicating higher toxicity / lower LD50"
ECFP4_count_bit_1570,ECFP4_count,0.00015623364,-6.9781934e-05,0.03061370909677611,"Higher feature value tends to increase predicted y, indicating higher toxicity / lower LD50"
ECFP4_count_bit_1647,ECFP4_count,0.00015604765,-3.584257e-05,0.005137931490010662,"Higher feature value tends to increase predicted y, indicating higher toxicity / lower LD50"
ECFP4_count_bit_1308,ECFP4_count,0.00015572926,5.417678e-06,-0.19423790810991132,"Higher feature value tends to decrease predicted y, indicating lower toxicity / higher LD50"
ECFP4_count_bit_959,ECFP4_count,0.0001557231,-7.560621e-05,0.11823369509566298,"Higher feature value tends to increase predicted y, indicating higher toxicity / lower LD50"
ECFP4_count_bit_574,ECFP4_count,0.00015514615,-1.4316711e-05,-0.043912480243748254,"Higher feature value tends to decrease predicted y, indicating lower toxicity / higher LD50"
ECFP4_count_bit_736,ECFP4_count,0.00015512879,-2.579122e-05,-0.3112532914496151,"Higher feature value tends to decrease predicted y, indicating lower toxicity / higher LD50"
ECFP4_count_bit_1118,ECFP4_count,0.00015504747,4.4456723e-05,0.16556357701340715,"Higher feature value tends to increase predicted y, indicating higher toxicity / lower LD50"
RDKit2D_fr_phenol_noOrthoHbond,RDKit2D,0.00015419812,4.809861e-05,0.24654107297228225,"Higher feature value tends to increase predicted y, indicating higher toxicity / lower LD50"
ECFP4_count_bit_910,ECFP4_count,0.00015404033,5.25075e-05,0.00024334218931543005,"Higher feature value tends to increase predicted y, indicating higher toxicity / lower LD50"
ECFP4_count_bit_1998,ECFP4_count,0.00015401847,2.9990118e-05,-0.09241052275490794,"Higher feature value tends to decrease predicted y, indicating lower toxicity / higher LD50"
ECFP4_count_bit_1082,ECFP4_count,0.00015391115,3.156359e-05,0.11074414696250738,"Higher feature value tends to increase predicted y, indicating higher toxicity / lower LD50"
ECFP4_count_bit_815,ECFP4_count,0.00015382332,-3.6771566e-05,0.1583284145556583,"Higher feature value tends to increase predicted y, indicating higher toxicity / lower LD50"
ECFP4_count_bit_778,ECFP4_count,0.00015361866,3.342841e-05,0.1294575891194917,"Higher feature value tends to increase predicted y, indicating higher toxicity / lower LD50"
ECFP4_count_bit_1299,ECFP4_count,0.00015342624,2.8615816e-05,-0.1465549586381911,"Higher feature value tends to decrease predicted y, indicating lower toxicity / higher LD50"
RDKit2D_fr_Ar_COO,RDKit2D,0.00015304335,-3.625838e-06,0.18256042062247388,"Higher feature value tends to increase predicted y, indicating higher toxicity / lower LD50"
ECFP4_count_bit_1775,ECFP4_count,0.00015302861,-3.312663e-05,0.18992736111431358,"Higher feature value tends to increase predicted y, indicating higher toxicity / lower LD50"
ECFP4_count_bit_172,ECFP4_count,0.00015298098,4.0078572e-05,-0.1294575881630538,"Higher feature value tends to decrease predicted y, indicating lower toxicity / higher LD50"
ECFP4_count_bit_304,ECFP4_count,0.00015288747,-3.200486e-06,0.0863050587753692,"Higher feature value tends to increase predicted y, indicating higher toxicity / lower LD50"
ECFP4_count_bit_1782,ECFP4_count,0.00015263156,1.9868241e-05,0.0916695415487539,"Higher feature value tends to increase predicted y, indicating higher toxicity / lower LD50"
RDKit2D_fr_Nhpyrrole,RDKit2D,0.00015255508,-8.955376e-06,-0.25350257227330947,"Higher feature value tends to decrease predicted y, indicating lower toxicity / higher LD50"
ECFP4_count_bit_714,ECFP4_count,0.00015255324,-0.00013728264,0.05297510642409606,"Higher feature value tends to increase predicted y, indicating higher toxicity / lower LD50"
ECFP4_count_bit_968,ECFP4_count,0.00015230216,1.9632567e-05,0.11823296579465056,"Higher feature value tends to increase predicted y, indicating higher toxicity / lower LD50"
ECFP4_count_bit_1569,ECFP4_count,0.00015221686,9.418939e-05,0.11116417166347889,"Higher feature value tends to increase predicted y, indicating higher toxicity / lower LD50"
ECFP4_count_bit_1908,ECFP4_count,0.00015213879,-1.7991473e-05,-0.26905984064461774,"Higher feature value tends to decrease predicted y, indicating lower toxicity / higher LD50"
ECFP4_count_bit_66,ECFP4_count,0.00015202041,2.9927074e-05,-0.074671961325624,"Higher feature value tends to decrease predicted y, indicating lower toxicity / higher LD50"
ECFP4_count_bit_407,ECFP4_count,0.0001519749,6.376735e-05,-0.07839685425498573,"Higher feature value tends to decrease predicted y, indicating lower toxicity / higher LD50"
ECFP4_count_bit_372,ECFP4_count,0.00015159577,2.1312773e-05,0.11823307168521413,"Higher feature value tends to increase predicted y, indicating higher toxicity / lower LD50"
ECFP4_count_bit_1110,ECFP4_count,0.00015125914,6.923241e-05,0.17224979322655595,"Higher feature value tends to increase predicted y, indicating higher toxicity / lower LD50"
ECFP4_count_bit_638,ECFP4_count,0.00015119324,5.9673264e-05,0.17341076425110788,"Higher feature value tends to increase predicted y, indicating higher toxicity / lower LD50"
ECFP4_count_bit_1280,ECFP4_count,0.0001511303,1.0048131e-05,0.18992736111431358,"Higher feature value tends to increase predicted y, indicating higher toxicity / lower LD50"
ECFP4_count_bit_1042,ECFP4_count,0.00015108983,-7.4420015e-05,-0.10520284591338168,"Higher feature value tends to decrease predicted y, indicating lower toxicity / higher LD50"
ECFP4_count_bit_135,ECFP4_count,0.00015094616,5.5890843e-05,0.12317795030425605,"Higher feature value tends to increase predicted y, indicating higher toxicity / lower LD50"
ECFP4_count_bit_599,ECFP4_count,0.00015061228,0.00011987758,0.03359834215855241,"Higher feature value tends to increase predicted y, indicating higher toxicity / lower LD50"
ECFP4_count_bit_1848,ECFP4_count,0.0001500026,0.00011191729,-0.05290058103232143,"Higher feature value tends to decrease predicted y, indicating lower toxicity / higher LD50"
ECFP4_count_bit_1372,ECFP4_count,0.00014978174,-3.1573163e-06,-0.12317795151764761,"Higher feature value tends to decrease predicted y, indicating lower toxicity / higher LD50"
ECFP4_count_bit_1745,ECFP4_count,0.00014976205,6.1935516e-06,-0.1866712743320948,"Higher feature value tends to decrease predicted y, indicating lower toxicity / higher LD50"
ECFP4_count_bit_1714,ECFP4_count,0.00014949725,-5.1268882e-05,-0.1026011207026422,"Higher feature value tends to decrease predicted y, indicating lower toxicity / higher LD50"
ECFP4_count_bit_562,ECFP4_count,0.00014919703,5.8763567e-06,0.1847415002810135,"Higher feature value tends to increase predicted y, indicating higher toxicity / lower LD50"
ECFP4_count_bit_893,ECFP4_count,0.00014824067,-7.504921e-05,0.05989899644832911,"Higher feature value tends to increase predicted y, indicating higher toxicity / lower LD50"
ECFP4_count_bit_1790,ECFP4_count,0.0001480392,-6.8500085e-05,-0.10580130250517902,"Higher feature value tends to decrease predicted y, indicating lower toxicity / higher LD50"
ECFP4_count_bit_1950,ECFP4_count,0.00014793112,5.4395114e-05,-0.2067006019139223,"Higher feature value tends to decrease predicted y, indicating lower toxicity / higher LD50"
ECFP4_count_bit_373,ECFP4_count,0.0001478243,0.00010460316,0.16681398680515405,"Higher feature value tends to increase predicted y, indicating higher toxicity / lower LD50"
ECFP4_count_bit_315,ECFP4_count,0.0001478179,-5.1288564e-05,-0.1504077864658235,"Higher feature value tends to decrease predicted y, indicating lower toxicity / higher LD50"
ECFP4_count_bit_898,ECFP4_count,0.00014757666,2.7532455e-05,0.18001633309847245,"Higher feature value tends to increase predicted y, indicating higher toxicity / lower LD50"
ECFP4_count_bit_71,ECFP4_count,0.00014751028,6.218024e-05,0.18256277227747988,"Higher feature value tends to increase predicted y, indicating higher toxicity / lower LD50"
ECFP4_count_bit_1085,ECFP4_count,0.00014745808,2.9976358e-05,0.18256276957991757,"Higher feature value tends to increase predicted y, indicating higher toxicity / lower LD50"
ECFP4_count_bit_884,ECFP4_count,0.0001473509,2.713969e-05,0.05636531954558231,"Higher feature value tends to increase predicted y, indicating higher toxicity / lower LD50"
ECFP4_count_bit_1703,ECFP4_count,0.00014730725,-9.494993e-05,0.09166954132300116,"Higher feature value tends to increase predicted y, indicating higher toxicity / lower LD50"
ECFP4_count_bit_475,ECFP4_count,0.00014705342,4.1293253e-05,-0.13976432814385464,"Higher feature value tends to decrease predicted y, indicating lower toxicity / higher LD50"
ECFP4_count_bit_1816,ECFP4_count,0.00014575341,5.4180923e-06,-0.052469498950705996,"Higher feature value tends to decrease predicted y, indicating lower toxicity / higher LD50"
ECFP4_count_bit_948,ECFP4_count,0.00014561976,8.256245e-05,-0.05297510642409606,"Higher feature value tends to decrease predicted y, indicating lower toxicity / higher LD50"
ECFP4_count_bit_882,ECFP4_count,0.00014549828,5.0801147e-05,0.0744585050371738,"Higher feature value tends to increase predicted y, indicating higher toxicity / lower LD50"
ECFP4_count_bit_1550,ECFP4_count,0.00014538808,6.1533656e-06,0.11176196153631483,"Higher feature value tends to increase predicted y, indicating higher toxicity / lower LD50"
ECFP4_count_bit_1887,ECFP4_count,0.00014522369,7.0130513e-06,0.15832757579972254,"Higher feature value tends to increase predicted y, indicating higher toxicity / lower LD50"
ECFP4_count_bit_1560,ECFP4_count,0.00014512507,-7.4497446e-05,0.07488299903304257,"Higher feature value tends to increase predicted y, indicating higher toxicity / lower LD50"
ECFP4_count_bit_537,ECFP4_count,0.00014504284,6.529271e-05,0.11823369509566298,"Higher feature value tends to increase predicted y, indicating higher toxicity / lower LD50"
ECFP4_count_bit_113,ECFP4_count,0.00014480896,-5.531236e-05,-0.13976395777774606,"Higher feature value tends to decrease predicted y, indicating lower toxicity / higher LD50"
ECFP4_count_bit_1640,ECFP4_count,0.00014461562,9.198322e-05,-0.030556514075337392,"Higher feature value tends to decrease predicted y, indicating lower toxicity / higher LD50"
ECFP4_count_bit_1466,ECFP4_count,0.00014441369,1.999638e-05,0.15832701701834043,"Higher feature value tends to increase predicted y, indicating higher toxicity / lower LD50"
ECFP4_count_bit_1475,ECFP4_count,0.00014413719,1.0036413e-05,0.06108737909396596,"Higher feature value tends to increase predicted y, indicating higher toxicity / lower LD50"
ECFP4_count_bit_1818,ECFP4_count,0.0001440629,-1.3354332e-05,-0.19700079213514288,"Higher feature value tends to decrease predicted y, indicating lower toxicity / higher LD50"
ECFP4_count_bit_186,ECFP4_count,0.00014399966,2.8237067e-05,-0.11823369538683477,"Higher feature value tends to decrease predicted y, indicating lower toxicity / higher LD50"
ECFP4_count_bit_1128,ECFP4_count,0.00014393758,4.334891e-05,-0.07594292250541769,"Higher feature value tends to decrease predicted y, indicating lower toxicity / higher LD50"
ECFP4_count_bit_1671,ECFP4_count,0.00014378205,-4.2316555e-05,0.02430234459439811,"Higher feature value tends to increase predicted y, indicating higher toxicity / lower LD50"
ECFP4_count_bit_626,ECFP4_count,0.00014371592,-4.507962e-05,-0.18255962029941653,"Higher feature value tends to decrease predicted y, indicating lower toxicity / higher LD50"
ECFP4_count_bit_919,ECFP4_count,0.00014314924,-5.5521257e-05,-0.1294575891194917,"Higher feature value tends to decrease predicted y, indicating lower toxicity / higher LD50"
RDKit2D_fr_phos_acid,RDKit2D,0.00014260775,3.9626495e-05,0.07904582462606527,"Higher feature value tends to increase predicted y, indicating higher toxicity / lower LD50"
ECFP4_count_bit_1368,ECFP4_count,0.00014258269,-1.4698942e-05,0.11823369305746066,"Higher feature value tends to increase predicted y, indicating higher toxicity / lower LD50"
ECFP4_count_bit_318,ECFP4_count,0.00014242208,4.2944048e-05,-0.11464963901579169,"Higher feature value tends to decrease predicted y, indicating lower toxicity / higher LD50"
ECFP4_count_bit_480,ECFP4_count,0.00014217646,4.3444878e-05,-0.07488299737332677,"Higher feature value tends to decrease predicted y, indicating lower toxicity / higher LD50"
ECFP4_count_bit_1470,ECFP4_count,0.00014208407,2.9116962e-05,-0.16888674743244292,"Higher feature value tends to decrease predicted y, indicating lower toxicity / higher LD50"
ECFP4_count_bit_1882,ECFP4_count,0.00014199925,-3.8395156e-05,-0.07488303026035804,"Higher feature value tends to decrease predicted y, indicating lower toxicity / higher LD50"
ECFP4_count_bit_1691,ECFP4_count,0.0001418965,-4.4431126e-05,-0.09128138434036508,"Higher feature value tends to decrease predicted y, indicating lower toxicity / higher LD50"
ECFP4_count_bit_1765,ECFP4_count,0.00014168996,-2.6996735e-05,0.13036087105221472,"Higher feature value tends to increase predicted y, indicating higher toxicity / lower LD50"
ECFP4_count_bit_1037,ECFP4_count,0.0001416774,2.3853248e-05,0.13155324795525244,"Higher feature value tends to increase predicted y, indicating higher toxicity / lower LD50"
ECFP4_count_bit_208,ECFP4_count,0.00014146157,7.558755e-05,0.1903769808081319,"Higher feature value tends to increase predicted y, indicating higher toxicity / lower LD50"
ECFP4_count_bit_605,ECFP4_count,0.00014140687,2.6379708e-05,0.040953929860254916,"Higher feature value tends to increase predicted y, indicating higher toxicity / lower LD50"
ECFP4_count_bit_765,ECFP4_count,0.00014122075,-0.00011045504,-0.00019850159200184977,"Higher feature value tends to decrease predicted y, indicating lower toxicity / higher LD50"
ECFP4_count_bit_569,ECFP4_count,0.000141032,-4.604793e-05,-0.1583284149455706,"Higher feature value tends to decrease predicted y, indicating lower toxicity / higher LD50"
ECFP4_count_bit_1440,ECFP4_count,0.00014045248,-5.6060842e-05,-0.08524867965678326,"Higher feature value tends to decrease predicted y, indicating lower toxicity / higher LD50"
ECFP4_count_bit_1479,ECFP4_count,0.00014041767,2.69696e-05,-0.10580130276573378,"Higher feature value tends to decrease predicted y, indicating lower toxicity / higher LD50"
ECFP4_count_bit_1643,ECFP4_count,0.00014008838,3.458981e-05,0.07488303173566162,"Higher feature value tends to increase predicted y, indicating higher toxicity / lower LD50"
ECFP4_count_bit_189,ECFP4_count,0.00013996959,6.2049476e-05,0.11823369509566298,"Higher feature value tends to increase predicted y, indicating higher toxicity / lower LD50"
RDKit2D_fr_imide,RDKit2D,0.00013985937,4.504615e-05,-0.2237456218654211,"Higher feature value tends to decrease predicted y, indicating lower toxicity / higher LD50"
ECFP4_count_bit_1441,ECFP4_count,0.00013974459,9.3617535e-05,0.18045186249976178,"Higher feature value tends to increase predicted y, indicating higher toxicity / lower LD50"
ECFP4_count_bit_1916,ECFP4_count,0.00013950486,-1.9911131e-05,-0.08610227334963409,"Higher feature value tends to decrease predicted y, indicating lower toxicity / higher LD50"
ECFP4_count_bit_2046,ECFP4_count,0.0001394842,0.00010581843,-0.05297510642409606,"Higher feature value tends to decrease predicted y, indicating lower toxicity / higher LD50"
ECFP4_count_bit_385,ECFP4_count,0.0001394185,-7.5654956e-05,0.0064700620910890655,"Higher feature value tends to increase predicted y, indicating higher toxicity / lower LD50"
ECFP4_count_bit_857,ECFP4_count,0.00013938306,-2.5938429e-05,-0.012763072755900695,"Higher feature value tends to decrease predicted y, indicating lower toxicity / higher LD50"
ECFP4_count_bit_118,ECFP4_count,0.0001393571,-6.214506e-07,0.030676889466736804,"Higher feature value tends to increase predicted y, indicating higher toxicity / lower LD50"
ECFP4_count_bit_1009,ECFP4_count,0.00013911817,3.4889377e-05,-0.13850639613728125,"Higher feature value tends to decrease predicted y, indicating lower toxicity / higher LD50"
ECFP4_count_bit_2019,ECFP4_count,0.00013868694,-2.1253583e-05,0.149343922651248,"Higher feature value tends to increase predicted y, indicating higher toxicity / lower LD50"
ECFP4_count_bit_915,ECFP4_count,0.00013807912,-0.00010063788,-0.08792700534299364,"Higher feature value tends to decrease predicted y, indicating lower toxicity / higher LD50"
ECFP4_count_bit_1177,ECFP4_count,0.00013800629,9.456235e-05,0.037652984272213225,"Higher feature value tends to increase predicted y, indicating higher toxicity / lower LD50"
ECFP4_count_bit_22,ECFP4_count,0.00013755006,-0.000121340854,-0.29075877750668416,"Higher feature value tends to decrease predicted y, indicating lower toxicity / higher LD50"
ECFP4_count_bit_233,ECFP4_count,0.00013751382,-3.6181867e-05,-0.17231906098591532,"Higher feature value tends to decrease predicted y, indicating lower toxicity / higher LD50"
ECFP4_count_bit_91,ECFP4_count,0.00013732536,5.493732e-05,0.17667159726971343,"Higher feature value tends to increase predicted y, indicating higher toxicity / lower LD50"
ECFP4_count_bit_1018,ECFP4_count,0.00013697625,3.6208854e-05,0.11823369509566298,"Higher feature value tends to increase predicted y, indicating higher toxicity / lower LD50"
ECFP4_count_bit_1930,ECFP4_count,0.00013692564,-1.293582e-05,0.07488299866421683,"Higher feature value tends to increase predicted y, indicating higher toxicity / lower LD50"
ECFP4_count_bit_1915,ECFP4_count,0.00013686038,-3.323031e-05,0.21879893092336894,"Higher feature value tends to increase predicted y, indicating higher toxicity / lower LD50"
ECFP4_count_bit_1382,ECFP4_count,0.00013681842,1.7862778e-05,0.11204294875447733,"Higher feature value tends to increase predicted y, indicating higher toxicity / lower LD50"
ECFP4_count_bit_730,ECFP4_count,0.00013664794,-3.5861185e-06,-0.0916695397427319,"Higher feature value tends to decrease predicted y, indicating lower toxicity / higher LD50"
ECFP4_count_bit_1964,ECFP4_count,0.00013603926,-7.668986e-05,0.16665631763047997,"Higher feature value tends to increase predicted y, indicating higher toxicity / lower LD50"
ECFP4_count_bit_799,ECFP4_count,0.00013576067,-1.765034e-05,-0.09994305748900174,"Higher feature value tends to decrease predicted y, indicating lower toxicity / higher LD50"
ECFP4_count_bit_1235,ECFP4_count,0.00013552947,8.333041e-05,-0.0916695415487539,"Higher feature value tends to decrease predicted y, indicating lower toxicity / higher LD50"
ECFP4_count_bit_960,ECFP4_count,0.00013520171,2.881026e-05,0.24824818800500387,"Higher feature value tends to increase predicted y, indicating higher toxicity / lower LD50"
ECFP4_count_bit_925,ECFP4_count,0.0001351795,-7.976419e-07,0.10580116206464286,"Higher feature value tends to increase predicted y, indicating higher toxicity / lower LD50"
ECFP4_count_bit_323,ECFP4_count,0.00013511154,-3.3443477e-05,0.17656765517692227,"Higher feature value tends to increase predicted y, indicating higher toxicity / lower LD50"
ECFP4_count_bit_1764,ECFP4_count,0.00013494313,9.531468e-06,0.16199735913412355,"Higher feature value tends to increase predicted y, indicating higher toxicity / lower LD50"
RDKit2D_fr_lactone,RDKit2D,0.00013479419,8.105118e-05,0.40058750812027005,"Higher feature value tends to increase predicted y, indicating higher toxicity / lower LD50"
ECFP4_count_bit_855,ECFP4_count,0.00013441435,4.794983e-05,0.24047648558920834,"Higher feature value tends to increase predicted y, indicating higher toxicity / lower LD50"
ECFP4_count_bit_481,ECFP4_count,0.00013423167,5.487983e-05,0.0912128627392959,"Higher feature value tends to increase predicted y, indicating higher toxicity / lower LD50"
ECFP4_count_bit_1760,ECFP4_count,0.00013400493,-3.62333e-05,-0.21713883395459926,"Higher feature value tends to decrease predicted y, indicating lower toxicity / higher LD50"
ECFP4_count_bit_1840,ECFP4_count,0.00013392098,1.2080318e-05,0.1854331232367664,"Higher feature value tends to increase predicted y, indicating higher toxicity / lower LD50"
ECFP4_count_bit_19,ECFP4_count,0.00013329404,-3.0645035e-05,0.13345118681494264,"Higher feature value tends to increase predicted y, indicating higher toxicity / lower LD50"
ECFP4_count_bit_617,ECFP4_count,0.00013320596,3.0545634e-05,0.1493426045643131,"Higher feature value tends to increase predicted y, indicating higher toxicity / lower LD50"
ECFP4_count_bit_793,ECFP4_count,0.00013320472,-4.3830925e-05,-0.1294578738275277,"Higher feature value tends to decrease predicted y, indicating lower toxicity / higher LD50"
ECFP4_count_bit_1116,ECFP4_count,0.00013319255,7.192995e-05,0.16886014777428168,"Higher feature value tends to increase predicted y, indicating higher toxicity / lower LD50"
ECFP4_count_bit_1867,ECFP4_count,0.00013314001,3.5477336e-05,-0.14071678911882052,"Higher feature value tends to decrease predicted y, indicating lower toxicity / higher LD50"
ECFP4_count_bit_1794,ECFP4_count,0.00013258273,2.0614782e-06,0.1886987880795045,"Higher feature value tends to increase predicted y, indicating higher toxicity / lower LD50"
ECFP4_count_bit_2011,ECFP4_count,0.00013252543,5.4766428e-05,0.14934392816804293,"Higher feature value tends to increase predicted y, indicating higher toxicity / lower LD50"
ECFP4_count_bit_1450,ECFP4_count,0.00013218206,7.50335e-05,0.20021930225983892,"Higher feature value tends to increase predicted y, indicating higher toxicity / lower LD50"
ECFP4_count_bit_1182,ECFP4_count,0.00013202237,-2.0229354e-05,0.1075636758735889,"Higher feature value tends to increase predicted y, indicating higher toxicity / lower LD50"
ECFP4_count_bit_1444,ECFP4_count,0.00013201716,-2.869072e-05,0.10220603929917223,"Higher feature value tends to increase predicted y, indicating higher toxicity / lower LD50"
ECFP4_count_bit_1447,ECFP4_count,0.00013168057,-9.57687e-06,-0.08935864210648933,"Higher feature value tends to decrease predicted y, indicating lower toxicity / higher LD50"
ECFP4_count_bit_1910,ECFP4_count,0.00013157696,8.755601e-06,-0.17486894599862687,"Higher feature value tends to decrease predicted y, indicating lower toxicity / higher LD50"
ECFP4_count_bit_1460,ECFP4_count,0.00013144089,6.0765565e-06,-0.18561425463501674,"Higher feature value tends to decrease predicted y, indicating lower toxicity / higher LD50"
ECFP4_count_bit_759,ECFP4_count,0.00013139706,-1.6431848e-06,-0.149497444270467,"Higher feature value tends to decrease predicted y, indicating lower toxicity / higher LD50"
ECFP4_count_bit_493,ECFP4_count,0.00013129492,-7.312147e-05,-0.11004445447925218,"Higher feature value tends to decrease predicted y, indicating lower toxicity / higher LD50"
ECFP4_count_bit_938,ECFP4_count,0.00013119557,1.0730308e-05,-0.0916695397427319,"Higher feature value tends to decrease predicted y, indicating lower toxicity / higher LD50"
ECFP4_count_bit_994,ECFP4_count,0.0001310369,5.154761e-05,0.15832841143636053,"Higher feature value tends to increase predicted y, indicating higher toxicity / lower LD50"
ECFP4_count_bit_1922,ECFP4_count,0.00013093525,3.0761823e-06,0.2624385928767622,"Higher feature value tends to increase predicted y, indicating higher toxicity / lower LD50"
ECFP4_count_bit_732,ECFP4_count,0.00013091888,5.1029197e-05,-0.06441541592274613,"Higher feature value tends to decrease predicted y, indicating lower toxicity / higher LD50"
ECFP4_count_bit_1724,ECFP4_count,0.00013086475,3.37483e-05,0.20208097288754076,"Higher feature value tends to increase predicted y, indicating higher toxicity / lower LD50"
ECFP4_count_bit_437,ECFP4_count,0.00013063037,4.9134276e-05,0.0133624041811661,"Higher feature value tends to increase predicted y, indicating higher toxicity / lower LD50"
ECFP4_count_bit_1814,ECFP4_count,0.00013048438,-2.414308e-05,0.06587153328526221,"Higher feature value tends to increase predicted y, indicating higher toxicity / lower LD50"
ECFP4_count_bit_250,ECFP4_count,0.00013042583,-5.0219172e-05,0.13976279863637814,"Higher feature value tends to increase predicted y, indicating higher toxicity / lower LD50"
ECFP4_count_bit_1649,ECFP4_count,0.00013037918,1.7137383e-05,0.14277825215589965,"Higher feature value tends to increase predicted y, indicating higher toxicity / lower LD50"
ECFP4_count_bit_515,ECFP4_count,0.00012986048,0.00011568498,-0.05297510681547829,"Higher feature value tends to decrease predicted y, indicating lower toxicity / higher LD50"
ECFP4_count_bit_735,ECFP4_count,0.00012980487,6.6967936e-05,0.15795723449339913,"Higher feature value tends to increase predicted y, indicating higher toxicity / lower LD50"
ECFP4_count_bit_754,ECFP4_count,0.00012977848,-7.0424525e-05,-0.17487328727628557,"Higher feature value tends to decrease predicted y, indicating lower toxicity / higher LD50"
ECFP4_count_bit_1150,ECFP4_count,0.0001297412,-4.1280262e-07,0.14310759119075642,"Higher feature value tends to increase predicted y, indicating higher toxicity / lower LD50"
ECFP4_count_bit_665,ECFP4_count,0.00012950914,1.0768096e-05,-0.0916695415487539,"Higher feature value tends to decrease predicted y, indicating lower toxicity / higher LD50"
ECFP4_count_bit_933,ECFP4_count,0.00012918371,2.7061535e-06,0.10580116284630615,"Higher feature value tends to increase predicted y, indicating higher toxicity / lower LD50"
ECFP4_count_bit_632,ECFP4_count,0.00012852202,7.221496e-05,0.044693721713616234,"Higher feature value tends to increase predicted y, indicating higher toxicity / lower LD50"
ECFP4_count_bit_1314,ECFP4_count,0.00012842247,-3.121284e-05,-0.10567232582620224,"Higher feature value tends to decrease predicted y, indicating lower toxicity / higher LD50"
ECFP4_count_bit_1167,ECFP4_count,0.00012823998,-6.2889358e-06,0.12725605142048543,"Higher feature value tends to increase predicted y, indicating higher toxicity / lower LD50"
ECFP4_count_bit_2044,ECFP4_count,0.00012713695,-6.522253e-05,-0.2257586799341429,"Higher feature value tends to decrease predicted y, indicating lower toxicity / higher LD50"
ECFP4_count_bit_1488,ECFP4_count,0.00012711162,1.3024301e-05,-0.11823369596917832,"Higher feature value tends to decrease predicted y, indicating lower toxicity / higher LD50"
ECFP4_count_bit_101,ECFP4_count,0.00012662642,-1.969426e-05,-0.15832832123870114,"Higher feature value tends to decrease predicted y, indicating lower toxicity / higher LD50"
ECFP4_count_bit_954,ECFP4_count,0.00012646579,5.565717e-05,0.16681398639434458,"Higher feature value tends to increase predicted y, indicating higher toxicity / lower LD50"
ECFP4_count_bit_296,ECFP4_count,0.0001263461,-4.1407446e-05,0.0723318877069534,"Higher feature value tends to increase predicted y, indicating higher toxicity / lower LD50"
ECFP4_count_bit_535,ECFP4_count,0.0001262285,2.879471e-05,-0.07488299884862969,"Higher feature value tends to decrease predicted y, indicating lower toxicity / higher LD50"
RDKit2D_fr_benzodiazepine,RDKit2D,0.00012551738,-6.224507e-05,-0.13976432883224432,"Higher feature value tends to decrease predicted y, indicating lower toxicity / higher LD50"
ECFP4_count_bit_1099,ECFP4_count,0.00012548151,3.410378e-05,0.17901644010749954,"Higher feature value tends to increase predicted y, indicating higher toxicity / lower LD50"
ECFP4_count_bit_1125,ECFP4_count,0.00012470619,-0.000106327636,-0.2287963047012845,"Higher feature value tends to decrease predicted y, indicating lower toxicity / higher LD50"
ECFP4_count_bit_403,ECFP4_count,0.00012469752,-4.520785e-05,-0.16681398803758257,"Higher feature value tends to decrease predicted y, indicating lower toxicity / higher LD50"
ECFP4_count_bit_1730,ECFP4_count,0.00012466354,-3.89936e-06,0.2237411781023078,"Higher feature value tends to increase predicted y, indicating higher toxicity / lower LD50"
ECFP4_count_bit_1792,ECFP4_count,0.0001245705,4.610159e-05,-0.023646739019132595,"Higher feature value tends to decrease predicted y, indicating lower toxicity / higher LD50"
ECFP4_count_bit_961,ECFP4_count,0.00012437075,3.5031562e-06,0.19820284314516082,"Higher feature value tends to increase predicted y, indicating higher toxicity / lower LD50"
ECFP4_count_bit_1424,ECFP4_count,0.0001242525,-4.5812692e-05,-0.1668151235547042,"Higher feature value tends to decrease predicted y, indicating lower toxicity / higher LD50"
ECFP4_count_bit_431,ECFP4_count,0.00012393172,4.4848304e-05,0.19700350039993933,"Higher feature value tends to increase predicted y, indicating higher toxicity / lower LD50"
ECFP4_count_bit_734,ECFP4_count,0.00012390877,2.0576059e-05,-0.139764327455465,"Higher feature value tends to decrease predicted y, indicating lower toxicity / higher LD50"
ECFP4_count_bit_1558,ECFP4_count,0.00012381039,-2.947477e-05,-0.16681287959529467,"Higher feature value tends to decrease predicted y, indicating lower toxicity / higher LD50"
ECFP4_count_bit_861,ECFP4_count,0.00012375166,6.3684565e-05,-0.10580116310686057,"Higher feature value tends to decrease predicted y, indicating lower toxicity / higher LD50"
ECFP4_count_bit_205,ECFP4_count,0.00012334742,3.4496847e-05,-0.09076452464078869,"Higher feature value tends to decrease predicted y, indicating lower toxicity / higher LD50"
ECFP4_count_bit_9,ECFP4_count,0.00012313902,1.0415923e-05,-0.07362478812415679,"Higher feature value tends to decrease predicted y, indicating lower toxicity / higher LD50"
ECFP4_count_bit_1773,ECFP4_count,0.0001231333,1.0559185e-05,-0.08452644471981456,"Higher feature value tends to decrease predicted y, indicating lower toxicity / higher LD50"
ECFP4_count_bit_949,ECFP4_count,0.00012306249,4.0573832e-05,0.2404588525947038,"Higher feature value tends to increase predicted y, indicating higher toxicity / lower LD50"
ECFP4_count_bit_423,ECFP4_count,0.00012298685,-6.8629866e-05,-0.18256050250444172,"Higher feature value tends to decrease predicted y, indicating lower toxicity / higher LD50"
ECFP4_count_bit_1251,ECFP4_count,0.00012284187,-8.527401e-05,-0.09136818816441958,"Higher feature value tends to decrease predicted y, indicating lower toxicity / higher LD50"
ECFP4_count_bit_1857,ECFP4_count,0.00012273804,-7.247658e-05,-0.21676830603649452,"Higher feature value tends to decrease predicted y, indicating lower toxicity / higher LD50"
ECFP4_count_bit_1644,ECFP4_count,0.00012272393,6.241998e-05,0.1493436624927259,"Higher feature value tends to increase predicted y, indicating higher toxicity / lower LD50"
ECFP4_count_bit_772,ECFP4_count,0.00012263132,3.454266e-05,0.03374029028789125,"Higher feature value tends to increase predicted y, indicating higher toxicity / lower LD50"
ECFP4_count_bit_565,ECFP4_count,0.00012197333,-3.6351474e-05,-0.12287921457515298,"Higher feature value tends to decrease predicted y, indicating lower toxicity / higher LD50"
ECFP4_count_bit_1797,ECFP4_count,0.000121490775,-7.036865e-05,-0.17487328340037278,"Higher feature value tends to decrease predicted y, indicating lower toxicity / higher LD50"
ECFP4_count_bit_1392,ECFP4_count,0.000121240104,-4.4969933e-05,-0.14877246780228603,"Higher feature value tends to decrease predicted y, indicating lower toxicity / higher LD50"
ECFP4_count_bit_497,ECFP4_count,0.000121213234,3.586665e-05,0.06343125362348168,"Higher feature value tends to increase predicted y, indicating higher toxicity / lower LD50"
ECFP4_count_bit_357,ECFP4_count,0.00012106333,-2.7374326e-05,-0.11823407088913722,"Higher feature value tends to decrease predicted y, indicating lower toxicity / higher LD50"
ECFP4_count_bit_1147,ECFP4_count,0.00012089306,1.6884098e-05,-0.16591940196561494,"Higher feature value tends to decrease predicted y, indicating lower toxicity / higher LD50"
ECFP4_count_bit_1506,ECFP4_count,0.00012079057,1.2930376e-05,-0.08358062770911609,"Higher feature value tends to decrease predicted y, indicating lower toxicity / higher LD50"
ECFP4_count_bit_624,ECFP4_count,0.00012030606,1.21983885e-05,0.12199664813671267,"Higher feature value tends to increase predicted y, indicating higher toxicity / lower LD50"
ECFP4_count_bit_1415,ECFP4_count,0.000120019475,-3.732131e-05,0.11823390629639721,"Higher feature value tends to increase predicted y, indicating higher toxicity / lower LD50"
ECFP4_count_bit_1411,ECFP4_count,0.000119980985,-3.3144142e-06,-0.14310727503001744,"Higher feature value tends to decrease predicted y, indicating lower toxicity / higher LD50"
ECFP4_count_bit_989,ECFP4_count,0.00011979682,7.499632e-05,0.11294014595290579,"Higher feature value tends to increase predicted y, indicating higher toxicity / lower LD50"
ECFP4_count_bit_496,ECFP4_count,0.00011948928,8.8932575e-05,0.030556513473330042,"Higher feature value tends to increase predicted y, indicating higher toxicity / lower LD50"
ECFP4_count_bit_2001,ECFP4_count,0.00011898357,3.2858406e-05,0.13159666313072443,"Higher feature value tends to increase predicted y, indicating higher toxicity / lower LD50"
ECFP4_count_bit_657,ECFP4_count,0.0001187789,-4.1639603e-05,-0.1493439259613249,"Higher feature value tends to decrease predicted y, indicating lower toxicity / higher LD50"
ECFP4_count_bit_978,ECFP4_count,0.00011874643,3.0765816e-05,-0.045848897935376304,"Higher feature value tends to decrease predicted y, indicating lower toxicity / higher LD50"
ECFP4_count_bit_1717,ECFP4_count,0.0001187293,4.3213558e-07,-0.013697858185992349,"Higher feature value tends to decrease predicted y, indicating lower toxicity / higher LD50"
RDKit2D_fr_oxime,RDKit2D,0.000118676784,-2.9839519e-05,-0.2291060903711193,"Higher feature value tends to decrease predicted y, indicating lower toxicity / higher LD50"
ECFP4_count_bit_191,ECFP4_count,0.000118620665,7.677295e-06,-0.1617895170957345,"Higher feature value tends to decrease predicted y, indicating lower toxicity / higher LD50"
ECFP4_count_bit_1519,ECFP4_count,0.00011840517,8.651329e-07,-0.12945787350871435,"Higher feature value tends to decrease predicted y, indicating lower toxicity / higher LD50"
ECFP4_count_bit_1543,ECFP4_count,0.00011780523,6.0564264e-05,0.223652703019736,"Higher feature value tends to increase predicted y, indicating higher toxicity / lower LD50"
ECFP4_count_bit_526,ECFP4_count,0.00011719181,-2.0625568e-05,-0.1825581544414605,"Higher feature value tends to decrease predicted y, indicating lower toxicity / higher LD50"
ECFP4_count_bit_1522,ECFP4_count,0.00011711943,1.9325003e-05,-0.09729877606799993,"Higher feature value tends to decrease predicted y, indicating lower toxicity / higher LD50"
ECFP4_count_bit_973,ECFP4_count,0.0001170896,1.1998284e-05,0.2104056944175729,"Higher feature value tends to increase predicted y, indicating higher toxicity / lower LD50"
ECFP4_count_bit_1967,ECFP4_count,0.00011691341,-2.7462125e-05,-0.1294575891194917,"Higher feature value tends to decrease predicted y, indicating lower toxicity / higher LD50"
ECFP4_count_bit_1707,ECFP4_count,0.00011682008,-1.33184885e-05,-0.12945719154918867,"Higher feature value tends to decrease predicted y, indicating lower toxicity / higher LD50"
ECFP4_count_bit_439,ECFP4_count,0.00011674694,-9.4396637e-07,0.0916695415487539,"Higher feature value tends to increase predicted y, indicating higher toxicity / lower LD50"
ECFP4_count_bit_615,ECFP4_count,0.00011599508,2.7720904e-05,0.05285061813696973,"Higher feature value tends to increase predicted y, indicating higher toxicity / lower LD50"
ECFP4_count_bit_1144,ECFP4_count,0.00011563455,-9.579917e-05,-0.02093281428165509,"Higher feature value tends to decrease predicted y, indicating lower toxicity / higher LD50"
ECFP4_count_bit_702,ECFP4_count,0.00011555134,2.3732839e-05,0.09983166345160309,"Higher feature value tends to increase predicted y, indicating higher toxicity / lower LD50"
ECFP4_count_bit_386,ECFP4_count,0.00011530432,2.36139e-05,-0.14930612852699868,"Higher feature value tends to decrease predicted y, indicating lower toxicity / higher LD50"
ECFP4_count_bit_1718,ECFP4_count,0.000115256866,6.390891e-05,0.24089061319481375,"Higher feature value tends to increase predicted y, indicating higher toxicity / lower LD50"
ECFP4_count_bit_1638,ECFP4_count,0.0001150064,-1.2574659e-05,0.1432269504143987,"Higher feature value tends to increase predicted y, indicating higher toxicity / lower LD50"
ECFP4_count_bit_1927,ECFP4_count,0.00011500301,6.8532325e-05,-0.030155235524361054,"Higher feature value tends to decrease predicted y, indicating lower toxicity / higher LD50"
ECFP4_count_bit_1305,ECFP4_count,0.00011491964,5.946745e-05,0.20381925324698075,"Higher feature value tends to increase predicted y, indicating higher toxicity / lower LD50"
ECFP4_count_bit_1669,ECFP4_count,0.00011446392,2.3311552e-05,0.18349862141905166,"Higher feature value tends to increase predicted y, indicating higher toxicity / lower LD50"
ECFP4_count_bit_1860,ECFP4_count,0.000114376766,2.4734254e-05,-0.13150355998253668,"Higher feature value tends to decrease predicted y, indicating lower toxicity / higher LD50"
ECFP4_count_bit_1804,ECFP4_count,0.00011435584,3.586913e-05,-0.09942779735246594,"Higher feature value tends to decrease predicted y, indicating lower toxicity / higher LD50"
ECFP4_count_bit_1592,ECFP4_count,0.000114203736,1.5895332e-05,-0.12314432243217867,"Higher feature value tends to decrease predicted y, indicating lower toxicity / higher LD50"
ECFP4_count_bit_1448,ECFP4_count,0.000114070914,3.0789386e-05,0.21615365942565543,"Higher feature value tends to increase predicted y, indicating higher toxicity / lower LD50"
ECFP4_count_bit_1024,ECFP4_count,0.00011390454,4.1168814e-06,-0.18415718512709336,"Higher feature value tends to decrease predicted y, indicating lower toxicity / higher LD50"
ECFP4_count_bit_1255,ECFP4_count,0.00011371226,7.588862e-05,-0.0766092056052982,"Higher feature value tends to decrease predicted y, indicating lower toxicity / higher LD50"
ECFP4_count_bit_1900,ECFP4_count,0.00011353176,6.9825284e-05,-0.07488299940186832,"Higher feature value tends to decrease predicted y, indicating lower toxicity / higher LD50"
ECFP4_count_bit_90,ECFP4_count,0.000113453396,-2.413207e-05,0.10904428939731597,"Higher feature value tends to increase predicted y, indicating higher toxicity / lower LD50"
ECFP4_count_bit_708,ECFP4_count,0.00011344878,-1.6307558e-05,0.10193582478384411,"Higher feature value tends to increase predicted y, indicating higher toxicity / lower LD50"
ECFP4_count_bit_511,ECFP4_count,0.00011339468,-2.5589525e-05,-0.18992736111431358,"Higher feature value tends to decrease predicted y, indicating lower toxicity / higher LD50"
ECFP4_count_bit_1731,ECFP4_count,0.000113199465,3.9509872e-05,-0.1494689077169883,"Higher feature value tends to decrease predicted y, indicating lower toxicity / higher LD50"
ECFP4_count_bit_1020,ECFP4_count,0.00011310726,3.885666e-05,0.1825636576366569,"Higher feature value tends to increase predicted y, indicating higher toxicity / lower LD50"
ECFP4_count_bit_1258,ECFP4_count,0.000112979156,2.4556337e-05,-0.12170851155463269,"Higher feature value tends to decrease predicted y, indicating lower toxicity / higher LD50"
ECFP4_count_bit_1102,ECFP4_count,0.00011200779,5.4928496e-05,0.15780427081317963,"Higher feature value tends to increase predicted y, indicating higher toxicity / lower LD50"
ECFP4_count_bit_1454,ECFP4_count,0.00011198035,-3.3553362e-05,-0.2409293026874231,"Higher feature value tends to decrease predicted y, indicating lower toxicity / higher LD50"
ECFP4_count_bit_1517,ECFP4_count,0.00011195197,-5.6711575e-05,-0.07692934807176466,"Higher feature value tends to decrease predicted y, indicating lower toxicity / higher LD50"
ECFP4_count_bit_598,ECFP4_count,0.00011148943,3.2049953e-05,0.2373903795875198,"Higher feature value tends to increase predicted y, indicating higher toxicity / lower LD50"
ECFP4_count_bit_1679,ECFP4_count,0.00011136682,-3.2534284e-05,0.03931242972036459,"Higher feature value tends to increase predicted y, indicating higher toxicity / lower LD50"
ECFP4_count_bit_1061,ECFP4_count,0.00011130185,6.578689e-05,0.17487328512300065,"Higher feature value tends to increase predicted y, indicating higher toxicity / lower LD50"
ECFP4_count_bit_341,ECFP4_count,0.00011120134,8.334493e-05,-0.019966332690320616,"Higher feature value tends to decrease predicted y, indicating lower toxicity / higher LD50"
ECFP4_count_bit_678,ECFP4_count,0.00011112879,-9.9623605e-05,-0.21162654967076985,"Higher feature value tends to decrease predicted y, indicating lower toxicity / higher LD50"
RDKit2D_fr_phos_ester,RDKit2D,0.000111126516,7.192624e-05,-0.13053350253481838,"Higher feature value tends to decrease predicted y, indicating lower toxicity / higher LD50"
ECFP4_count_bit_934,ECFP4_count,0.00011112592,-6.953398e-06,0.07948785609107854,"Higher feature value tends to increase predicted y, indicating higher toxicity / lower LD50"
ECFP4_count_bit_946,ECFP4_count,0.00011099935,4.774333e-05,-0.08634561564812619,"Higher feature value tends to decrease predicted y, indicating lower toxicity / higher LD50"
ECFP4_count_bit_1269,ECFP4_count,0.00011098406,1.6691349e-05,-0.009963800353471088,"Higher feature value tends to decrease predicted y, indicating lower toxicity / higher LD50"
ECFP4_count_bit_1273,ECFP4_count,0.000110944115,3.2007196e-05,0.15832841143636053,"Higher feature value tends to increase predicted y, indicating higher toxicity / lower LD50"
ECFP4_count_bit_534,ECFP4_count,0.000110881614,-8.430773e-06,-0.09807186864297233,"Higher feature value tends to decrease predicted y, indicating lower toxicity / higher LD50"
ECFP4_count_bit_1886,ECFP4_count,0.00011081152,6.663276e-05,0.1493425367613364,"Higher feature value tends to increase predicted y, indicating higher toxicity / lower LD50"
ECFP4_count_bit_1445,ECFP4_count,0.000110807196,1.5788833e-05,0.09983166271404272,"Higher feature value tends to increase predicted y, indicating higher toxicity / lower LD50"
ECFP4_count_bit_61,ECFP4_count,0.00011066382,-3.1262123e-05,-0.22320620065225233,"Higher feature value tends to decrease predicted y, indicating lower toxicity / higher LD50"
ECFP4_count_bit_339,ECFP4_count,0.00011045865,-3.046788e-05,0.11823369596917832,"Higher feature value tends to increase predicted y, indicating higher toxicity / lower LD50"
ECFP4_count_bit_1509,ECFP4_count,0.00010984645,9.0074755e-05,0.28089155687485035,"Higher feature value tends to increase predicted y, indicating higher toxicity / lower LD50"
ECFP4_count_bit_698,ECFP4_count,0.000109529996,-4.0458508e-05,-0.16681398803758257,"Higher feature value tends to decrease predicted y, indicating lower toxicity / higher LD50"
ECFP4_count_bit_891,ECFP4_count,0.00010936952,-3.0847907e-05,-0.08815697982794721,"Higher feature value tends to decrease predicted y, indicating lower toxicity / higher LD50"
ECFP4_count_bit_640,ECFP4_count,0.00010932197,-5.4974676e-05,0.10580078964155812,"Higher feature value tends to increase predicted y, indicating higher toxicity / lower LD50"
ECFP4_count_bit_16,ECFP4_count,0.0001087698,5.526741e-05,0.16577150483562406,"Higher feature value tends to increase predicted y, indicating higher toxicity / lower LD50"
ECFP4_count_bit_267,ECFP4_count,0.000108738175,2.1840322e-05,0.2567142505410648,"Higher feature value tends to increase predicted y, indicating higher toxicity / lower LD50"
ECFP4_count_bit_1490,ECFP4_count,0.00010858847,1.3527078e-05,-0.020078449644551875,"Higher feature value tends to decrease predicted y, indicating lower toxicity / higher LD50"
ECFP4_count_bit_1186,ECFP4_count,0.00010811482,4.9943956e-05,-0.20382124130951862,"Higher feature value tends to decrease predicted y, indicating lower toxicity / higher LD50"
ECFP4_count_bit_1648,ECFP4_count,0.000108076834,6.3647453e-06,-0.2618394977341708,"Higher feature value tends to decrease predicted y, indicating lower toxicity / higher LD50"
ECFP4_count_bit_1637,ECFP4_count,0.00010801871,3.345077e-05,-0.03022543313543023,"Higher feature value tends to decrease predicted y, indicating lower toxicity / higher LD50"
ECFP4_count_bit_1620,ECFP4_count,0.00010768461,-5.887623e-06,-0.17487250885949499,"Higher feature value tends to decrease predicted y, indicating lower toxicity / higher LD50"
ECFP4_count_bit_803,ECFP4_count,0.00010765428,5.009523e-05,-0.10688667711300255,"Higher feature value tends to decrease predicted y, indicating lower toxicity / higher LD50"
ECFP4_count_bit_1402,ECFP4_count,0.00010753568,-8.496978e-05,0.05297510642409606,"Higher feature value tends to increase predicted y, indicating higher toxicity / lower LD50"
ECFP4_count_bit_1688,ECFP4_count,0.0001073345,4.4257697e-05,-0.07488299884862969,"Higher feature value tends to decrease predicted y, indicating lower toxicity / higher LD50"
ECFP4_count_bit_846,ECFP4_count,0.000107091495,-5.1657855e-05,-0.24642278837014578,"Higher feature value tends to decrease predicted y, indicating lower toxicity / higher LD50"
ECFP4_count_bit_411,ECFP4_count,0.000107057785,1.6715314e-05,-0.11823327851819078,"Higher feature value tends to decrease predicted y, indicating lower toxicity / higher LD50"
ECFP4_count_bit_1104,ECFP4_count,0.00010694448,3.280319e-05,-0.18134538577935094,"Higher feature value tends to decrease predicted y, indicating lower toxicity / higher LD50"
ECFP4_count_bit_746,ECFP4_count,0.00010691365,-1.2600161e-05,0.08215182619321847,"Higher feature value tends to increase predicted y, indicating higher toxicity / lower LD50"
ECFP4_count_bit_133,ECFP4_count,0.00010690775,-2.4047176e-05,0.19679239485768463,"Higher feature value tends to increase predicted y, indicating higher toxicity / lower LD50"
ECFP4_count_bit_711,ECFP4_count,0.000106531224,2.8979182e-05,0.012776044549428583,"Higher feature value tends to increase predicted y, indicating higher toxicity / lower LD50"
ECFP4_count_bit_1087,ECFP4_count,0.000106489206,2.6681982e-06,-0.19813763246848837,"Higher feature value tends to decrease predicted y, indicating lower toxicity / higher LD50"
ECFP4_count_bit_763,ECFP4_count,0.00010640495,5.5156626e-05,0.16681398844839207,"Higher feature value tends to increase predicted y, indicating higher toxicity / lower LD50"
ECFP4_count_bit_353,ECFP4_count,0.00010638881,-6.321458e-05,0.09166929976617351,"Higher feature value tends to increase predicted y, indicating higher toxicity / lower LD50"
ECFP4_count_bit_92,ECFP4_count,0.00010628617,4.3721702e-05,0.21677812064041346,"Higher feature value tends to increase predicted y, indicating higher toxicity / lower LD50"
ECFP4_count_bit_1907,ECFP4_count,0.00010619182,5.8333913e-05,0.1521356428152437,"Higher feature value tends to increase predicted y, indicating higher toxicity / lower LD50"
ECFP4_count_bit_313,ECFP4_count,0.00010609124,4.675309e-05,-0.13140508418619917,"Higher feature value tends to decrease predicted y, indicating lower toxicity / higher LD50"
ECFP4_count_bit_541,ECFP4_count,0.000106069136,2.4149847e-05,-0.0709402170573978,"Higher feature value tends to decrease predicted y, indicating lower toxicity / higher LD50"
ECFP4_count_bit_642,ECFP4_count,0.00010606547,-0.00010214479,,No clear monotonic direction
ECFP4_count_bit_24,ECFP4_count,0.00010602077,-2.474715e-05,0.12314432243217867,"Higher feature value tends to increase predicted y, indicating higher toxicity / lower LD50"
ECFP4_count_bit_1656,ECFP4_count,0.000105976374,1.7783623e-05,0.1748732846923437,"Higher feature value tends to increase predicted y, indicating higher toxicity / lower LD50"
ECFP4_count_bit_1880,ECFP4_count,0.00010591135,8.706248e-05,-0.0748829995862812,"Higher feature value tends to decrease predicted y, indicating lower toxicity / higher LD50"
ECFP4_count_bit_634,ECFP4_count,0.00010586548,-1.0272463e-05,0.04763059830214272,"Higher feature value tends to increase predicted y, indicating higher toxicity / lower LD50"
ECFP4_count_bit_1294,ECFP4_count,0.00010577397,-4.8771075e-05,-0.0317470225944802,"Higher feature value tends to decrease predicted y, indicating lower toxicity / higher LD50"
ECFP4_count_bit_777,ECFP4_count,0.00010544973,-1.7868986e-05,0.05297510577179237,"Higher feature value tends to increase predicted y, indicating higher toxicity / lower LD50"
ECFP4_count_bit_328,ECFP4_count,0.00010510872,-4.858234e-05,0.16886007152583274,"Higher feature value tends to increase predicted y, indicating higher toxicity / lower LD50"
ECFP4_count_bit_1720,ECFP4_count,0.00010501574,4.4002933e-05,0.1583289756774937,"Higher feature value tends to increase predicted y, indicating higher toxicity / lower LD50"
ECFP4_count_bit_1496,ECFP4_count,0.00010495315,1.255424e-05,-0.03697822487490259,"Higher feature value tends to decrease predicted y, indicating lower toxicity / higher LD50"
ECFP4_count_bit_1836,ECFP4_count,0.00010486917,4.4185217e-05,-0.03044188202497193,"Higher feature value tends to decrease predicted y, indicating lower toxicity / higher LD50"
ECFP4_count_bit_8,ECFP4_count,0.000104540355,7.876544e-06,-0.19700350428119207,"Higher feature value tends to decrease predicted y, indicating lower toxicity / higher LD50"
ECFP4_count_bit_136,ECFP4_count,0.00010444034,-0.00010131137,-0.030556514075337392,"Higher feature value tends to decrease predicted y, indicating lower toxicity / higher LD50"
ECFP4_count_bit_550,ECFP4_count,0.00010428221,4.2085467e-05,0.24871502649821411,"Higher feature value tends to increase predicted y, indicating higher toxicity / lower LD50"
ECFP4_count_bit_169,ECFP4_count,0.000104133615,-1.1942739e-05,0.139764327455465,"Higher feature value tends to increase predicted y, indicating higher toxicity / lower LD50"
ECFP4_count_bit_466,ECFP4_count,0.000104095845,3.123563e-05,0.13976432917643916,"Higher feature value tends to increase predicted y, indicating higher toxicity / lower LD50"
ECFP4_count_bit_303,ECFP4_count,0.00010378474,5.6816907e-06,0.10580111551180846,"Higher feature value tends to increase predicted y, indicating higher toxicity / lower LD50"
ECFP4_count_bit_4,ECFP4_count,0.000103656734,-5.0425027e-05,-0.1842049862291244,"Higher feature value tends to decrease predicted y, indicating lower toxicity / higher LD50"
ECFP4_count_bit_1142,ECFP4_count,0.000103523926,-3.9170405e-05,-0.14039748855640619,"Higher feature value tends to decrease predicted y, indicating lower toxicity / higher LD50"
ECFP4_count_bit_2008,ECFP4_count,0.00010347222,-5.728757e-05,0.019628287377110913,"Higher feature value tends to increase predicted y, indicating higher toxicity / lower LD50"
ECFP4_count_bit_906,ECFP4_count,0.000103238446,2.7218926e-05,0.1608179552469842,"Higher feature value tends to increase predicted y, indicating higher toxicity / lower LD50"
ECFP4_count_bit_1304,ECFP4_count,0.000102869875,-6.970626e-05,0.0898207677580993,"Higher feature value tends to increase predicted y, indicating higher toxicity / lower LD50"
ECFP4_count_bit_1699,ECFP4_count,0.00010283003,2.326773e-05,-0.11823327851819078,"Higher feature value tends to decrease predicted y, indicating lower toxicity / higher LD50"
ECFP4_count_bit_630,ECFP4_count,0.00010278782,9.35883e-05,-0.040321777559086,"Higher feature value tends to decrease predicted y, indicating lower toxicity / higher LD50"
ECFP4_count_bit_618,ECFP4_count,0.0001027189,-4.2121363e-05,-0.0910518591812764,"Higher feature value tends to decrease predicted y, indicating lower toxicity / higher LD50"
ECFP4_count_bit_1449,ECFP4_count,0.000102707774,-5.4302043e-05,-0.1487084498825417,"Higher feature value tends to decrease predicted y, indicating lower toxicity / higher LD50"
ECFP4_count_bit_60,ECFP4_count,0.000102672704,-3.122262e-05,0.1583284145556583,"Higher feature value tends to increase predicted y, indicating higher toxicity / lower LD50"
ECFP4_count_bit_1595,ECFP4_count,0.0001025866,9.719964e-06,0.09166962214299458,"Higher feature value tends to increase predicted y, indicating higher toxicity / lower LD50"
RDKit2D_EState_VSA11,RDKit2D,0.000102410035,-2.4068952e-06,-0.08371349104406901,"Higher feature value tends to decrease predicted y, indicating lower toxicity / higher LD50"
ECFP4_count_bit_107,ECFP4_count,0.00010237925,2.4313878e-05,-0.1397643277996598,"Higher feature value tends to decrease predicted y, indicating lower toxicity / higher LD50"
ECFP4_count_bit_166,ECFP4_count,0.00010237467,3.0747946e-05,0.11823369596917832,"Higher feature value tends to increase predicted y, indicating higher toxicity / lower LD50"
ECFP4_count_bit_1961,ECFP4_count,0.0001023142,1.3694657e-05,0.11823369596917832,"Higher feature value tends to increase predicted y, indicating higher toxicity / lower LD50"
ECFP4_count_bit_1584,ECFP4_count,0.000102299935,-1.8453255e-05,0.0916695420002594,"Higher feature value tends to increase predicted y, indicating higher toxicity / lower LD50"
ECFP4_count_bit_868,ECFP4_count,0.00010216741,-6.386482e-05,0.09166946095458406,"Higher feature value tends to increase predicted y, indicating higher toxicity / lower LD50"
ECFP4_count_bit_1721,ECFP4_count,0.0001020767,3.523291e-05,0.17114106982278116,"Higher feature value tends to increase predicted y, indicating higher toxicity / lower LD50"
ECFP4_count_bit_1715,ECFP4_count,0.000101979975,-3.6437334e-05,-0.18992921624043455,"Higher feature value tends to decrease predicted y, indicating lower toxicity / higher LD50"
ECFP4_count_bit_874,ECFP4_count,0.000101630576,-9.4345705e-06,0.07488299940186832,"Higher feature value tends to increase predicted y, indicating higher toxicity / lower LD50"
ECFP4_count_bit_290,ECFP4_count,0.000101411715,9.426344e-06,0.11823369596917832,"Higher feature value tends to increase predicted y, indicating higher toxicity / lower LD50"
ECFP4_count_bit_682,ECFP4_count,0.00010139546,-3.5955713e-05,-0.2183385293667383,"Higher feature value tends to decrease predicted y, indicating lower toxicity / higher LD50"
ECFP4_count_bit_142,ECFP4_count,0.00010104786,4.913315e-05,0.18410498397555136,"Higher feature value tends to increase predicted y, indicating higher toxicity / lower LD50"
RDKit2D_fr_sulfone,RDKit2D,0.00010074012,7.092792e-05,0.02011679131984967,"Higher feature value tends to increase predicted y, indicating higher toxicity / lower LD50"
RDKit2D_fr_sulfonamd,RDKit2D,0.00010061826,-3.8004622e-05,-0.14145981362294477,"Higher feature value tends to decrease predicted y, indicating lower toxicity / higher LD50"
ECFP4_count_bit_199,ECFP4_count,0.00010057297,-3.6565532e-05,0.07488299884862969,"Higher feature value tends to increase predicted y, indicating higher toxicity / lower LD50"
ECFP4_count_bit_1524,ECFP4_count,0.000100196026,1.9390525e-05,-0.10767691795319793,"Higher feature value tends to decrease predicted y, indicating lower toxicity / higher LD50"
ECFP4_count_bit_804,ECFP4_count,0.00010018616,-9.811332e-06,0.15962948479196712,"Higher feature value tends to increase predicted y, indicating higher toxicity / lower LD50"
ECFP4_count_bit_1218,ECFP4_count,9.995914e-05,-3.6073452e-05,-0.02740682743134893,"Higher feature value tends to decrease predicted y, indicating lower toxicity / higher LD50"
ECFP4_count_bit_809,ECFP4_count,9.992708e-05,8.0345104e-05,0.14031672790924338,"Higher feature value tends to increase predicted y, indicating higher toxicity / lower LD50"
ECFP4_count_bit_1317,ECFP4_count,9.9706645e-05,-2.5673728e-05,0.149343922651248,"Higher feature value tends to increase predicted y, indicating higher toxicity / lower LD50"
ECFP4_count_bit_138,ECFP4_count,9.969184e-05,-8.60073e-06,0.1058011599802076,"Higher feature value tends to increase predicted y, indicating higher toxicity / lower LD50"
ECFP4_count_bit_1160,ECFP4_count,9.94868e-05,5.270228e-05,-0.17102789326707052,"Higher feature value tends to decrease predicted y, indicating lower toxicity / higher LD50"
ECFP4_count_bit_1226,ECFP4_count,9.9398385e-05,3.728568e-05,0.1583284180648686,"Higher feature value tends to increase predicted y, indicating higher toxicity / lower LD50"
ECFP4_count_bit_1763,ECFP4_count,9.9151766e-05,-7.188927e-06,-0.24598945112825613,"Higher feature value tends to decrease predicted y, indicating lower toxicity / higher LD50"
ECFP4_count_bit_1056,ECFP4_count,9.906656e-05,-1.3147417e-05,-0.1564738027297613,"Higher feature value tends to decrease predicted y, indicating lower toxicity / higher LD50"
ECFP4_count_bit_193,ECFP4_count,9.903061e-05,2.4386147e-05,0.2006032065850338,"Higher feature value tends to increase predicted y, indicating higher toxicity / lower LD50"
ECFP4_count_bit_1719,ECFP4_count,9.898825e-05,-4.167987e-05,0.07120655977231152,"Higher feature value tends to increase predicted y, indicating higher toxicity / lower LD50"
ECFP4_count_bit_580,ECFP4_count,9.896997e-05,6.4025975e-05,0.24103622709188363,"Higher feature value tends to increase predicted y, indicating higher toxicity / lower LD50"
ECFP4_count_bit_903,ECFP4_count,9.890635e-05,2.5381005e-05,0.13976506888010468,"Higher feature value tends to increase predicted y, indicating higher toxicity / lower LD50"
ECFP4_count_bit_1421,ECFP4_count,9.870566e-05,-2.1713475e-05,-0.14934359285313803,"Higher feature value tends to decrease predicted y, indicating lower toxicity / higher LD50"
ECFP4_count_bit_1540,ECFP4_count,9.857159e-05,2.5330064e-05,0.05268608726205358,"Higher feature value tends to increase predicted y, indicating higher toxicity / lower LD50"
ECFP4_count_bit_1315,ECFP4_count,9.846006e-05,-2.888313e-05,-0.10580060342993382,"Higher feature value tends to decrease predicted y, indicating lower toxicity / higher LD50"
ECFP4_count_bit_415,ECFP4_count,9.831263e-05,5.5723183e-05,-0.05297510642409606,"Higher feature value tends to decrease predicted y, indicating lower toxicity / higher LD50"
ECFP4_count_bit_1990,ECFP4_count,9.8055716e-05,3.7434333e-05,0.0647483859279803,"Higher feature value tends to increase predicted y, indicating higher toxicity / lower LD50"
ECFP4_count_bit_1676,ECFP4_count,9.803127e-05,2.4110108e-05,0.15832897528758005,"Higher feature value tends to increase predicted y, indicating higher toxicity / lower LD50"
ECFP4_count_bit_729,ECFP4_count,9.8013414e-05,-2.3171504e-05,-0.03289290920447456,"Higher feature value tends to decrease predicted y, indicating lower toxicity / higher LD50"
ECFP4_count_bit_509,ECFP4_count,9.79157e-05,9.23016e-06,0.07488303210448752,"Higher feature value tends to increase predicted y, indicating higher toxicity / lower LD50"
ECFP4_count_bit_969,ECFP4_count,9.7808996e-05,7.238457e-05,0.13976494898103042,"Higher feature value tends to increase predicted y, indicating higher toxicity / lower LD50"
ECFP4_count_bit_176,ECFP4_count,9.773949e-05,-3.2804473e-05,-0.13354440236356713,"Higher feature value tends to decrease predicted y, indicating lower toxicity / higher LD50"
ECFP4_count_bit_1157,ECFP4_count,9.7724944e-05,-4.457585e-05,0.0599365512636172,"Higher feature value tends to increase predicted y, indicating higher toxicity / lower LD50"
ECFP4_count_bit_811,ECFP4_count,9.749099e-05,3.5197336e-05,-0.21040569908103035,"Higher feature value tends to decrease predicted y, indicating lower toxicity / higher LD50"
ECFP4_count_bit_1143,ECFP4_count,9.748483e-05,7.3757183e-06,-0.18146057752310174,"Higher feature value tends to decrease predicted y, indicating lower toxicity / higher LD50"
ECFP4_count_bit_1300,ECFP4_count,9.7095864e-05,-2.4932331e-05,-0.17487328512300065,"Higher feature value tends to decrease predicted y, indicating lower toxicity / higher LD50"
ECFP4_count_bit_117,ECFP4_count,9.669424e-05,-8.018322e-06,0.1051157925860652,"Higher feature value tends to increase predicted y, indicating higher toxicity / lower LD50"
ECFP4_count_bit_20,ECFP4_count,9.6620766e-05,8.414571e-05,-0.12945696136004017,"Higher feature value tends to decrease predicted y, indicating lower toxicity / higher LD50"
ECFP4_count_bit_181,ECFP4_count,9.621738e-05,3.4481193e-06,-0.10580116258575172,"Higher feature value tends to decrease predicted y, indicating lower toxicity / higher LD50"
ECFP4_count_bit_1815,ECFP4_count,9.592001e-05,-1.7516724e-05,-0.12041500799189955,"Higher feature value tends to decrease predicted y, indicating lower toxicity / higher LD50"
ECFP4_count_bit_974,ECFP4_count,9.58986e-05,-3.669048e-05,0.06731141895959473,"Higher feature value tends to increase predicted y, indicating higher toxicity / lower LD50"
ECFP4_count_bit_1121,ECFP4_count,9.575059e-05,2.108138e-05,0.13348115893688686,"Higher feature value tends to increase predicted y, indicating higher toxicity / lower LD50"
ECFP4_count_bit_1503,ECFP4_count,9.572426e-05,1.0999897e-05,0.17487328340037278,"Higher feature value tends to increase predicted y, indicating higher toxicity / lower LD50"
ECFP4_count_bit_924,ECFP4_count,9.559959e-05,-1.4237092e-05,0.01571825768290615,"Higher feature value tends to increase predicted y, indicating higher toxicity / lower LD50"
ECFP4_count_bit_1321,ECFP4_count,9.547231e-05,-5.808119e-05,-0.023912994393303494,"Higher feature value tends to decrease predicted y, indicating lower toxicity / higher LD50"
ECFP4_count_bit_1918,ECFP4_count,9.5279094e-05,-6.857857e-05,0.0748829001875628,"Higher feature value tends to increase predicted y, indicating higher toxicity / lower LD50"
ECFP4_count_bit_2012,ECFP4_count,9.5257594e-05,8.300765e-06,-0.08630505941299448,"Higher feature value tends to decrease predicted y, indicating lower toxicity / higher LD50"
ECFP4_count_bit_931,ECFP4_count,9.50283e-05,-1.032248e-05,0.14322990575702257,"Higher feature value tends to increase predicted y, indicating higher toxicity / lower LD50"
ECFP4_count_bit_1471,ECFP4_count,9.4836905e-05,-2.5272337e-05,0.14087163146754078,"Higher feature value tends to increase predicted y, indicating higher toxicity / lower LD50"
ECFP4_count_bit_1580,ECFP4_count,9.474187e-05,-7.3726966e-05,0.09983166246818928,"Higher feature value tends to increase predicted y, indicating higher toxicity / lower LD50"
ECFP4_count_bit_298,ECFP4_count,9.460704e-05,-8.0748214e-05,-0.17651603461469015,"Higher feature value tends to decrease predicted y, indicating lower toxicity / higher LD50"
ECFP4_count_bit_1409,ECFP4_count,9.460095e-05,2.7275628e-05,0.1748732842616867,"Higher feature value tends to increase predicted y, indicating higher toxicity / lower LD50"
ECFP4_count_bit_1278,ECFP4_count,9.457272e-05,7.0409165e-05,0.20382124231341167,"Higher feature value tends to increase predicted y, indicating higher toxicity / lower LD50"
ECFP4_count_bit_1925,ECFP4_count,9.4282725e-05,-2.662613e-07,-0.0916695415487539,"Higher feature value tends to decrease predicted y, indicating lower toxicity / higher LD50"
ECFP4_count_bit_1416,ECFP4_count,9.423667e-05,2.0843485e-05,-0.19700464184087269,"Higher feature value tends to decrease predicted y, indicating lower toxicity / higher LD50"
ECFP4_count_bit_1610,ECFP4_count,9.421162e-05,-4.6828107e-05,0.12314432334197394,"Higher feature value tends to increase predicted y, indicating higher toxicity / lower LD50"
ECFP4_count_bit_410,ECFP4_count,9.3960276e-05,9.073909e-06,0.17487405794468114,"Higher feature value tends to increase predicted y, indicating higher toxicity / lower LD50"
ECFP4_count_bit_886,ECFP4_count,9.390869e-05,3.5229357e-05,0.1098035820867993,"Higher feature value tends to increase predicted y, indicating higher toxicity / lower LD50"
ECFP4_count_bit_543,ECFP4_count,9.356663e-05,2.746019e-05,-0.05290058103232143,"Higher feature value tends to decrease predicted y, indicating lower toxicity / higher LD50"
ECFP4_count_bit_589,ECFP4_count,9.351589e-05,5.1717103e-05,0.10840334125131171,"Higher feature value tends to increase predicted y, indicating higher toxicity / lower LD50"
ECFP4_count_bit_1486,ECFP4_count,9.3315415e-05,-2.6753807e-05,-0.11823317437446489,"Higher feature value tends to decrease predicted y, indicating lower toxicity / higher LD50"
ECFP4_count_bit_453,ECFP4_count,9.3151e-05,8.983977e-05,-0.05297510577179237,"Higher feature value tends to decrease predicted y, indicating lower toxicity / higher LD50"
ECFP4_count_bit_420,ECFP4_count,9.3145085e-05,-3.3677774e-05,-7.018091071758351e-05,"Higher feature value tends to decrease predicted y, indicating lower toxicity / higher LD50"
ECFP4_count_bit_1374,ECFP4_count,9.31418e-05,-7.4453026e-05,-0.00019850159297954162,"Higher feature value tends to decrease predicted y, indicating lower toxicity / higher LD50"
ECFP4_count_bit_1895,ECFP4_count,9.30516e-05,-1.7104681e-05,0.11823369509566298,"Higher feature value tends to increase predicted y, indicating higher toxicity / lower LD50"
ECFP4_count_bit_776,ECFP4_count,9.266302e-05,5.4209676e-07,-0.07488299940186832,"Higher feature value tends to decrease predicted y, indicating lower toxicity / higher LD50"
ECFP4_count_bit_1396,ECFP4_count,9.243236e-05,1.5955971e-05,0.11823369538683477,"Higher feature value tends to increase predicted y, indicating higher toxicity / lower LD50"
ECFP4_count_bit_258,ECFP4_count,9.2253045e-05,6.8142356e-07,0.07488299921745543,"Higher feature value tends to increase predicted y, indicating higher toxicity / lower LD50"
RDKit2D_fr_prisulfonamd,RDKit2D,9.200298e-05,7.561859e-05,0.18256010227114167,"Higher feature value tends to increase predicted y, indicating higher toxicity / lower LD50"
ECFP4_count_bit_737,ECFP4_count,9.1793605e-05,9.539224e-06,0.12945696040360688,"Higher feature value tends to increase predicted y, indicating higher toxicity / lower LD50"
ECFP4_count_bit_839,ECFP4_count,9.1779955e-05,3.8772632e-05,0.15832841533548278,"Higher feature value tends to increase predicted y, indicating higher toxicity / lower LD50"
ECFP4_count_bit_406,ECFP4_count,9.175485e-05,3.0611005e-05,0.21040298056555712,"Higher feature value tends to increase predicted y, indicating higher toxicity / lower LD50"
ECFP4_count_bit_214,ECFP4_count,9.155012e-05,4.413534e-05,0.15832841572539505,"Higher feature value tends to increase predicted y, indicating higher toxicity / lower LD50"
ECFP4_count_bit_502,ECFP4_count,9.150469e-05,5.7124726e-05,-0.10580116206464286,"Higher feature value tends to decrease predicted y, indicating lower toxicity / higher LD50"
ECFP4_count_bit_1962,ECFP4_count,9.15e-05,-2.0749012e-05,-0.14874770635829074,"Higher feature value tends to decrease predicted y, indicating lower toxicity / higher LD50"
ECFP4_count_bit_1431,ECFP4_count,9.135259e-05,-3.895117e-05,-0.2614770208241526,"Higher feature value tends to decrease predicted y, indicating lower toxicity / higher LD50"
ECFP4_count_bit_400,ECFP4_count,9.109827e-05,8.0404e-06,0.1666878514654148,"Higher feature value tends to increase predicted y, indicating higher toxicity / lower LD50"
ECFP4_count_bit_288,ECFP4_count,9.092532e-05,3.3223703e-05,-0.1397643277996598,"Higher feature value tends to decrease predicted y, indicating lower toxicity / higher LD50"
ECFP4_count_bit_863,ECFP4_count,9.0677335e-05,3.4964738e-05,0.133512131795755,"Higher feature value tends to increase predicted y, indicating higher toxicity / lower LD50"
ECFP4_count_bit_1455,ECFP4_count,9.064031e-05,4.3488504e-05,-0.11823369509566298,"Higher feature value tends to decrease predicted y, indicating lower toxicity / higher LD50"
ECFP4_count_bit_771,ECFP4_count,9.0606685e-05,1.2744081e-05,-0.1334817487983458,"Higher feature value tends to decrease predicted y, indicating lower toxicity / higher LD50"
ECFP4_count_bit_1418,ECFP4_count,9.042002e-05,1.5796702e-05,-0.15832897840688914,"Higher feature value tends to decrease predicted y, indicating lower toxicity / higher LD50"
ECFP4_count_bit_639,ECFP4_count,9.027187e-05,-5.055382e-05,-0.19127481374292266,"Higher feature value tends to decrease predicted y, indicating lower toxicity / higher LD50"
ECFP4_count_bit_985,ECFP4_count,9.015764e-05,5.3879932e-05,0.019966332149443038,"Higher feature value tends to increase predicted y, indicating higher toxicity / lower LD50"
ECFP4_count_bit_455,ECFP4_count,9.009738e-05,5.912895e-05,0.22295670622848918,"Higher feature value tends to increase predicted y, indicating higher toxicity / lower LD50"
ECFP4_count_bit_1183,ECFP4_count,8.998112e-05,2.4901809e-05,-0.09166962214299458,"Higher feature value tends to decrease predicted y, indicating lower toxicity / higher LD50"
ECFP4_count_bit_1277,ECFP4_count,8.9646695e-05,-2.0895275e-05,0.1058011623251973,"Higher feature value tends to increase predicted y, indicating higher toxicity / lower LD50"
ECFP4_count_bit_1270,ECFP4_count,8.912256e-05,6.2304614e-05,-0.05297510642409606,"Higher feature value tends to decrease predicted y, indicating lower toxicity / higher LD50"
ECFP4_count_bit_1319,ECFP4_count,8.881582e-05,-2.6514475e-05,-0.2167809882400455,"Higher feature value tends to decrease predicted y, indicating lower toxicity / higher LD50"
ECFP4_count_bit_1902,ECFP4_count,8.8144705e-05,3.4469882e-05,0.13976432814385464,"Higher feature value tends to increase predicted y, indicating higher toxicity / lower LD50"
ECFP4_count_bit_218,ECFP4_count,8.8104905e-05,-8.6868895e-05,-0.05297510538041016,"Higher feature value tends to decrease predicted y, indicating lower toxicity / higher LD50"
ECFP4_count_bit_300,ECFP4_count,8.792892e-05,1.8713692e-05,0.09166954222601219,"Higher feature value tends to increase predicted y, indicating higher toxicity / lower LD50"
ECFP4_count_bit_500,ECFP4_count,8.7897075e-05,-1.9416539e-06,0.10008839208309242,"Higher feature value tends to increase predicted y, indicating higher toxicity / lower LD50"
ECFP4_count_bit_418,ECFP4_count,8.78187e-05,3.9361214e-05,0.22290727336610594,"Higher feature value tends to increase predicted y, indicating higher toxicity / lower LD50"
ECFP4_count_bit_627,ECFP4_count,8.7740525e-05,-2.2762919e-05,-0.15832841143636053,"Higher feature value tends to decrease predicted y, indicating lower toxicity / higher LD50"
ECFP4_count_bit_95,ECFP4_count,8.770395e-05,5.3593585e-06,0.12945760697300296,"Higher feature value tends to increase predicted y, indicating higher toxicity / lower LD50"
ECFP4_count_bit_1973,ECFP4_count,8.746101e-05,4.3597694e-05,0.16681435629160093,"Higher feature value tends to increase predicted y, indicating higher toxicity / lower LD50"
ECFP4_count_bit_1346,ECFP4_count,8.741313e-05,3.8921753e-05,0.182476328399577,"Higher feature value tends to increase predicted y, indicating higher toxicity / lower LD50"
ECFP4_count_bit_422,ECFP4_count,8.6975066e-05,-2.4107265e-05,0.10580116206464286,"Higher feature value tends to increase predicted y, indicating higher toxicity / lower LD50"
ECFP4_count_bit_2021,ECFP4_count,8.69492e-05,-1.0667235e-05,-0.18993542578746636,"Higher feature value tends to decrease predicted y, indicating lower toxicity / higher LD50"
ECFP4_count_bit_383,ECFP4_count,8.689872e-05,4.4298216e-05,-0.14307813955451867,"Higher feature value tends to decrease predicted y, indicating lower toxicity / higher LD50"
ECFP4_count_bit_1788,ECFP4_count,8.688869e-05,-1.2596596e-05,-0.14934392375460695,"Higher feature value tends to decrease predicted y, indicating lower toxicity / higher LD50"
ECFP4_count_bit_1986,ECFP4_count,8.687112e-05,-2.8349601e-05,-0.12314432243217867,"Higher feature value tends to decrease predicted y, indicating lower toxicity / higher LD50"
ECFP4_count_bit_911,ECFP4_count,8.681079e-05,-3.5886766e-05,-0.08518359165867101,"Higher feature value tends to decrease predicted y, indicating lower toxicity / higher LD50"
ECFP4_count_bit_1426,ECFP4_count,8.679697e-05,-5.254526e-05,-0.1493439259613249,"Higher feature value tends to decrease predicted y, indicating lower toxicity / higher LD50"
ECFP4_count_bit_1054,ECFP4_count,8.6626496e-05,4.9292696e-05,-0.029808757745671346,"Higher feature value tends to decrease predicted y, indicating lower toxicity / higher LD50"
ECFP4_count_bit_1762,ECFP4_count,8.631396e-05,8.608462e-05,0.19799498562542037,"Higher feature value tends to increase predicted y, indicating higher toxicity / lower LD50"
ECFP4_count_bit_1799,ECFP4_count,8.6219654e-05,1.7592967e-05,0.1330106623444946,"Higher feature value tends to increase predicted y, indicating higher toxicity / lower LD50"
ECFP4_count_bit_277,ECFP4_count,8.6214175e-05,-3.912365e-05,-0.21117933602972327,"Higher feature value tends to decrease predicted y, indicating lower toxicity / higher LD50"
ECFP4_count_bit_452,ECFP4_count,8.585769e-05,-2.5893703e-05,0.030613870134403497,"Higher feature value tends to increase predicted y, indicating higher toxicity / lower LD50"
ECFP4_count_bit_1583,ECFP4_count,8.5845895e-05,-2.1779679e-05,-0.16681399050243959,"Higher feature value tends to decrease predicted y, indicating lower toxicity / higher LD50"
ECFP4_count_bit_1781,ECFP4_count,8.57692e-05,4.0512736e-05,0.1236875359304626,"Higher feature value tends to increase predicted y, indicating higher toxicity / lower LD50"
ECFP4_count_bit_1555,ECFP4_count,8.570232e-05,-5.0528703e-05,-0.18992736204977426,"Higher feature value tends to decrease predicted y, indicating lower toxicity / higher LD50"
ECFP4_count_bit_664,ECFP4_count,8.565803e-05,-1.0598123e-05,-0.10580116180408847,"Higher feature value tends to decrease predicted y, indicating lower toxicity / higher LD50"
ECFP4_count_bit_869,ECFP4_count,8.5566026e-05,7.678438e-06,0.25683038569238215,"Higher feature value tends to increase predicted y, indicating higher toxicity / lower LD50"
ECFP4_count_bit_668,ECFP4_count,8.5501546e-05,4.927844e-05,0.13351213409733878,"Higher feature value tends to increase predicted y, indicating higher toxicity / lower LD50"
ECFP4_count_bit_1370,ECFP4_count,8.543836e-05,1.7950353e-05,-0.01996633254280854,"Higher feature value tends to decrease predicted y, indicating lower toxicity / higher LD50"
ECFP4_count_bit_544,ECFP4_count,8.540515e-05,-3.0128955e-05,-0.07975866286849981,"Higher feature value tends to decrease predicted y, indicating lower toxicity / higher LD50"
ECFP4_count_bit_2031,ECFP4_count,8.530775e-05,-3.3347735e-06,-0.1294575891194917,"Higher feature value tends to decrease predicted y, indicating lower toxicity / higher LD50"
ECFP4_count_bit_1725,ECFP4_count,8.521711e-05,6.2149343e-06,0.09166954290327047,"Higher feature value tends to increase predicted y, indicating higher toxicity / lower LD50"
ECFP4_count_bit_68,ECFP4_count,8.521625e-05,4.568683e-05,0.2052787982721512,"Higher feature value tends to increase predicted y, indicating higher toxicity / lower LD50"
ECFP4_count_bit_1194,ECFP4_count,8.5071006e-05,4.891715e-05,0.23479306904763625,"Higher feature value tends to increase predicted y, indicating higher toxicity / lower LD50"
ECFP4_count_bit_964,ECFP4_count,8.497918e-05,1.7465187e-05,0.11823369509566298,"Higher feature value tends to increase predicted y, indicating higher toxicity / lower LD50"
ECFP4_count_bit_1360,ECFP4_count,8.4819716e-05,1.6792404e-05,-0.045423744093087734,"Higher feature value tends to decrease predicted y, indicating lower toxicity / higher LD50"
ECFP4_count_bit_1260,ECFP4_count,8.450493e-05,1.0960583e-05,-0.18146785263884108,"Higher feature value tends to decrease predicted y, indicating lower toxicity / higher LD50"
ECFP4_count_bit_76,ECFP4_count,8.429275e-05,3.251792e-05,0.09166962214299458,"Higher feature value tends to increase predicted y, indicating higher toxicity / lower LD50"
ECFP4_count_bit_130,ECFP4_count,8.426372e-05,5.8588546e-05,-0.09177121432327298,"Higher feature value tends to decrease predicted y, indicating lower toxicity / higher LD50"
ECFP4_count_bit_1095,ECFP4_count,8.3847954e-05,4.596548e-06,-0.11465835204009736,"Higher feature value tends to decrease predicted y, indicating lower toxicity / higher LD50"
ECFP4_count_bit_1246,ECFP4_count,8.3767656e-05,-2.5344798e-05,-0.16681399050243959,"Higher feature value tends to decrease predicted y, indicating lower toxicity / higher LD50"
ECFP4_count_bit_1956,ECFP4_count,8.364894e-05,2.1234699e-05,-0.11741893728595923,"Higher feature value tends to decrease predicted y, indicating lower toxicity / higher LD50"
ECFP4_count_bit_307,ECFP4_count,8.3605715e-05,-4.3298278e-05,-0.19699790410180312,"Higher feature value tends to decrease predicted y, indicating lower toxicity / higher LD50"
ECFP4_count_bit_1600,ECFP4_count,8.3533676e-05,5.5840497e-05,0.251426875769029,"Higher feature value tends to increase predicted y, indicating higher toxicity / lower LD50"
ECFP4_count_bit_566,ECFP4_count,8.341831e-05,2.73348e-05,0.2038212744379967,"Higher feature value tends to increase predicted y, indicating higher toxicity / lower LD50"
ECFP4_count_bit_646,ECFP4_count,8.335917e-05,-9.033413e-06,-0.1294575881630538,"Higher feature value tends to decrease predicted y, indicating lower toxicity / higher LD50"
ECFP4_count_bit_769,ECFP4_count,8.33392e-05,-2.4981013e-05,0.12945759103236756,"Higher feature value tends to increase predicted y, indicating higher toxicity / lower LD50"
RDKit2D_fr_nitro_arom,RDKit2D,8.318632e-05,-4.730575e-05,0.14934392301903432,"Higher feature value tends to increase predicted y, indicating higher toxicity / lower LD50"
ECFP4_count_bit_1327,ECFP4_count,8.29184e-05,-1.615176e-05,-0.12304517997908589,"Higher feature value tends to decrease predicted y, indicating lower toxicity / higher LD50"
ECFP4_count_bit_438,ECFP4_count,8.283412e-05,5.733669e-06,0.18991596763905344,"Higher feature value tends to increase predicted y, indicating higher toxicity / lower LD50"
ECFP4_count_bit_556,ECFP4_count,8.2822815e-05,4.1416683e-05,-0.05264011712136175,"Higher feature value tends to decrease predicted y, indicating lower toxicity / higher LD50"
ECFP4_count_bit_1404,ECFP4_count,8.196368e-05,1.1778903e-05,0.15832463802664928,"Higher feature value tends to increase predicted y, indicating higher toxicity / lower LD50"
ECFP4_count_bit_1859,ECFP4_count,8.18708e-05,-3.8262762e-05,-0.28643822631994886,"Higher feature value tends to decrease predicted y, indicating lower toxicity / higher LD50"
ECFP4_count_bit_1366,ECFP4_count,8.184823e-05,2.637399e-05,0.12870152980924912,"Higher feature value tends to increase predicted y, indicating higher toxicity / lower LD50"
ECFP4_count_bit_1184,ECFP4_count,8.172385e-05,1.1641782e-05,0.1003207459984728,"Higher feature value tends to increase predicted y, indicating higher toxicity / lower LD50"
ECFP4_count_bit_972,ECFP4_count,8.170678e-05,7.2860785e-06,-0.07102919977570187,"Higher feature value tends to decrease predicted y, indicating lower toxicity / higher LD50"
ECFP4_count_bit_553,ECFP4_count,8.1219696e-05,-2.9406057e-05,-0.05194554123751959,"Higher feature value tends to decrease predicted y, indicating lower toxicity / higher LD50"
ECFP4_count_bit_860,ECFP4_count,8.1181926e-05,-6.3338945e-07,-0.07085123591339353,"Higher feature value tends to decrease predicted y, indicating lower toxicity / higher LD50"
ECFP4_count_bit_1001,ECFP4_count,8.117989e-05,-3.4559373e-05,0.07488300050834559,"Higher feature value tends to increase predicted y, indicating higher toxicity / lower LD50"
ECFP4_count_bit_365,ECFP4_count,8.114342e-05,2.9499042e-05,-0.07488299884862969,"Higher feature value tends to decrease predicted y, indicating lower toxicity / higher LD50"
ECFP4_count_bit_879,ECFP4_count,8.107597e-05,-1.1943692e-05,0.0590749016896399,"Higher feature value tends to increase predicted y, indicating higher toxicity / lower LD50"
ECFP4_count_bit_1311,ECFP4_count,8.088702e-05,1.2443436e-05,0.139764327455465,"Higher feature value tends to increase predicted y, indicating higher toxicity / lower LD50"
ECFP4_count_bit_1711,ECFP4_count,8.087916e-05,-2.6212569e-05,-0.149343922651248,"Higher feature value tends to decrease predicted y, indicating lower toxicity / higher LD50"
ECFP4_count_bit_316,ECFP4_count,8.078099e-05,1.9517558e-05,-0.1470655182101818,"Higher feature value tends to decrease predicted y, indicating lower toxicity / higher LD50"
ECFP4_count_bit_37,ECFP4_count,8.062333e-05,9.867478e-06,0.1397647012660346,"Higher feature value tends to increase predicted y, indicating higher toxicity / lower LD50"
ECFP4_count_bit_1187,ECFP4_count,8.0554804e-05,2.4934789e-05,-0.0916695415487539,"Higher feature value tends to decrease predicted y, indicating lower toxicity / higher LD50"
ECFP4_count_bit_1594,ECFP4_count,8.0553255e-05,5.5478173e-05,0.061084870646809286,"Higher feature value tends to increase predicted y, indicating higher toxicity / lower LD50"
ECFP4_count_bit_1843,ECFP4_count,8.0538404e-05,-2.3047967e-05,0.052801049748921566,"Higher feature value tends to increase predicted y, indicating higher toxicity / lower LD50"
ECFP4_count_bit_485,ECFP4_count,8.025195e-05,-1.1627855e-06,0.0716665492107998,"Higher feature value tends to increase predicted y, indicating higher toxicity / lower LD50"
ECFP4_count_bit_1221,ECFP4_count,8.007686e-05,-1.3217538e-05,-0.11204215944470217,"Higher feature value tends to decrease predicted y, indicating lower toxicity / higher LD50"
ECFP4_count_bit_1003,ECFP4_count,8.000317e-05,-6.236197e-05,-0.08559053638389894,"Higher feature value tends to decrease predicted y, indicating lower toxicity / higher LD50"
ECFP4_count_bit_658,ECFP4_count,7.995631e-05,-6.07849e-05,0.09485849603458509,"Higher feature value tends to increase predicted y, indicating higher toxicity / lower LD50"
ECFP4_count_bit_1393,ECFP4_count,7.981247e-05,-1.9461348e-05,-0.1294558767336257,"Higher feature value tends to decrease predicted y, indicating lower toxicity / higher LD50"
ECFP4_count_bit_1390,ECFP4_count,7.978241e-05,-2.6246402e-05,0.1058011623251973,"Higher feature value tends to increase predicted y, indicating higher toxicity / lower LD50"
ECFP4_count_bit_648,ECFP4_count,7.9737176e-05,-3.8618437e-05,-0.03716067618976769,"Higher feature value tends to decrease predicted y, indicating lower toxicity / higher LD50"
ECFP4_count_bit_998,ECFP4_count,7.965484e-05,-4.7225835e-06,-0.16631946624624513,"Higher feature value tends to decrease predicted y, indicating lower toxicity / higher LD50"
ECFP4_count_bit_1548,ECFP4_count,7.961261e-05,-2.3261136e-05,0.07488299884862969,"Higher feature value tends to increase predicted y, indicating higher toxicity / lower LD50"
ECFP4_count_bit_419,ECFP4_count,7.935653e-05,1.5944886e-06,-0.10027600749101998,"Higher feature value tends to decrease predicted y, indicating lower toxicity / higher LD50"
ECFP4_count_bit_259,ECFP4_count,7.8900885e-05,2.7495202e-05,0.121881395664485,"Higher feature value tends to increase predicted y, indicating higher toxicity / lower LD50"
ECFP4_count_bit_1567,ECFP4_count,7.885646e-05,7.9155925e-06,0.21645688930970325,"Higher feature value tends to increase predicted y, indicating higher toxicity / lower LD50"
ECFP4_count_bit_909,ECFP4_count,7.8739824e-05,1.2591662e-05,-0.20382124231341167,"Higher feature value tends to decrease predicted y, indicating lower toxicity / higher LD50"
ECFP4_count_bit_1969,ECFP4_count,7.8712255e-05,-6.50414e-06,0.17487328727628557,"Higher feature value tends to increase predicted y, indicating higher toxicity / lower LD50"
ECFP4_count_bit_1978,ECFP4_count,7.8710706e-05,-2.3845676e-05,0.061527569099138604,"Higher feature value tends to increase predicted y, indicating higher toxicity / lower LD50"
ECFP4_count_bit_563,ECFP4_count,7.8612655e-05,1.2872248e-05,0.01996633254280854,"Higher feature value tends to increase predicted y, indicating higher toxicity / lower LD50"
ECFP4_count_bit_289,ECFP4_count,7.855205e-05,-4.720978e-05,0.10135460198801431,"Higher feature value tends to increase predicted y, indicating higher toxicity / lower LD50"
ECFP4_count_bit_936,ECFP4_count,7.830772e-05,-3.0653343e-06,-0.10249014969512997,"Higher feature value tends to decrease predicted y, indicating lower toxicity / higher LD50"
ECFP4_count_bit_637,ECFP4_count,7.813944e-05,-6.811158e-06,0.09166954177450666,"Higher feature value tends to increase predicted y, indicating higher toxicity / lower LD50"
ECFP4_count_bit_820,ECFP4_count,7.7850265e-05,1.8767894e-05,0.0917384563638179,"Higher feature value tends to increase predicted y, indicating higher toxicity / lower LD50"
ECFP4_count_bit_348,ECFP4_count,7.770875e-05,2.0744857e-05,0.22895713179303906,"Higher feature value tends to increase predicted y, indicating higher toxicity / lower LD50"
ECFP4_count_bit_859,ECFP4_count,7.750913e-05,1.9980722e-05,0.17487405966731667,"Higher feature value tends to increase predicted y, indicating higher toxicity / lower LD50"
ECFP4_count_bit_922,ECFP4_count,7.743075e-05,7.413766e-05,0.182130563362274,"Higher feature value tends to increase predicted y, indicating higher toxicity / lower LD50"
ECFP4_count_bit_525,ECFP4_count,7.735833e-05,-9.4531115e-06,0.0379385331978549,"Higher feature value tends to increase predicted y, indicating higher toxicity / lower LD50"
ECFP4_count_bit_1023,ECFP4_count,7.724913e-05,5.238668e-05,0.20382127092436944,"Higher feature value tends to increase predicted y, indicating higher toxicity / lower LD50"
ECFP4_count_bit_492,ECFP4_count,7.708598e-05,-1.2775869e-05,0.1242729166650751,"Higher feature value tends to increase predicted y, indicating higher toxicity / lower LD50"
ECFP4_count_bit_1755,ECFP4_count,7.706783e-05,3.171593e-05,0.06365687202869012,"Higher feature value tends to increase predicted y, indicating higher toxicity / lower LD50"
RDKit2D_fr_nitro,RDKit2D,7.700404e-05,-6.087677e-05,0.140632504708766,"Higher feature value tends to increase predicted y, indicating higher toxicity / lower LD50"
ECFP4_count_bit_1233,ECFP4_count,7.695116e-05,3.108405e-06,-0.15956954157887207,"Higher feature value tends to decrease predicted y, indicating lower toxicity / higher LD50"
ECFP4_count_bit_1954,ECFP4_count,7.67739e-05,-6.840043e-05,0.07488299884862969,"Higher feature value tends to increase predicted y, indicating higher toxicity / lower LD50"
ECFP4_count_bit_1149,ECFP4_count,7.673434e-05,3.732985e-05,0.2167781227758342,"Higher feature value tends to increase predicted y, indicating higher toxicity / lower LD50"
ECFP4_count_bit_1397,ECFP4_count,7.6717864e-05,3.3774846e-05,0.10580116284630615,"Higher feature value tends to increase predicted y, indicating higher toxicity / lower LD50"
ECFP4_count_bit_977,ECFP4_count,7.671413e-05,-5.2072264e-06,0.07094021723210087,"Higher feature value tends to increase predicted y, indicating higher toxicity / lower LD50"
ECFP4_count_bit_209,ECFP4_count,7.657794e-05,2.5136002e-05,0.15656297858377743,"Higher feature value tends to increase predicted y, indicating higher toxicity / lower LD50"
ECFP4_count_bit_1802,ECFP4_count,7.6490156e-05,-1.4365299e-05,-9.93439452802955e-05,"Higher feature value tends to decrease predicted y, indicating lower toxicity / higher LD50"
ECFP4_count_bit_2020,ECFP4_count,7.6468765e-05,7.951929e-06,-0.16681435629160093,"Higher feature value tends to decrease predicted y, indicating lower toxicity / higher LD50"
ECFP4_count_bit_508,ECFP4_count,7.625468e-05,-1.7848142e-05,-0.0916695415487539,"Higher feature value tends to decrease predicted y, indicating lower toxicity / higher LD50"
ECFP4_count_bit_907,ECFP4_count,7.619691e-05,2.9708028e-05,0.07488299940186832,"Higher feature value tends to increase predicted y, indicating higher toxicity / lower LD50"
ECFP4_count_bit_1604,ECFP4_count,7.6180666e-05,1.1978087e-05,-0.09048662994909965,"Higher feature value tends to decrease predicted y, indicating lower toxicity / higher LD50"
ECFP4_count_bit_1013,ECFP4_count,7.6049204e-05,-3.708833e-05,0.0431118961208412,"Higher feature value tends to increase predicted y, indicating higher toxicity / lower LD50"
ECFP4_count_bit_1044,ECFP4_count,7.601699e-05,1.618143e-05,0.12142124090315586,"Higher feature value tends to increase predicted y, indicating higher toxicity / lower LD50"
ECFP4_count_bit_613,ECFP4_count,7.600098e-05,-7.138032e-06,-0.10008839430146374,"Higher feature value tends to decrease predicted y, indicating lower toxicity / higher LD50"
ECFP4_count_bit_992,ECFP4_count,7.5989294e-05,-3.2265514e-05,0.0,No clear monotonic direction
ECFP4_count_bit_1949,ECFP4_count,7.596291e-05,4.4088814e-05,-0.11823369596917832,"Higher feature value tends to decrease predicted y, indicating lower toxicity / higher LD50"
ECFP4_count_bit_1492,ECFP4_count,7.5788914e-05,1.3792752e-05,-0.09336601989122366,"Higher feature value tends to decrease predicted y, indicating lower toxicity / higher LD50"
ECFP4_count_bit_351,ECFP4_count,7.554362e-05,-8.759557e-06,0.06342004325583338,"Higher feature value tends to increase predicted y, indicating higher toxicity / lower LD50"
ECFP4_count_bit_686,ECFP4_count,7.5534306e-05,-8.246663e-06,-0.09166954245176494,"Higher feature value tends to decrease predicted y, indicating lower toxicity / higher LD50"
ECFP4_count_bit_1331,ECFP4_count,7.522374e-05,2.517838e-05,0.11823348738936114,"Higher feature value tends to increase predicted y, indicating higher toxicity / lower LD50"
ECFP4_count_bit_424,ECFP4_count,7.4882526e-05,2.0498668e-05,0.01358808308859893,"Higher feature value tends to increase predicted y, indicating higher toxicity / lower LD50"
ECFP4_count_bit_23,ECFP4_count,7.4867e-05,-6.369029e-05,0.05297510538041016,"Higher feature value tends to increase predicted y, indicating higher toxicity / lower LD50"
ECFP4_count_bit_1139,ECFP4_count,7.483605e-05,1.6100035e-05,-0.09166929863741273,"Higher feature value tends to decrease predicted y, indicating lower toxicity / higher LD50"
ECFP4_count_bit_426,ECFP4_count,7.478003e-05,2.358051e-06,-0.17609127436962208,"Higher feature value tends to decrease predicted y, indicating lower toxicity / higher LD50"
ECFP4_count_bit_1753,ECFP4_count,7.475429e-05,-5.273458e-05,-0.21284706993289518,"Higher feature value tends to decrease predicted y, indicating lower toxicity / higher LD50"
ECFP4_count_bit_1700,ECFP4_count,7.46204e-05,2.4512747e-05,0.14884308285632947,"Higher feature value tends to increase predicted y, indicating higher toxicity / lower LD50"
ECFP4_count_bit_1272,ECFP4_count,7.447201e-05,5.479203e-05,-0.0916695415487539,"Higher feature value tends to decrease predicted y, indicating lower toxicity / higher LD50"
ECFP4_count_bit_2039,ECFP4_count,7.432843e-05,-2.2274706e-05,-0.08802692670745503,"Higher feature value tends to decrease predicted y, indicating lower toxicity / higher LD50"
ECFP4_count_bit_1046,ECFP4_count,7.4024545e-05,6.343901e-06,-0.1058011623251973,"Higher feature value tends to decrease predicted y, indicating lower toxicity / higher LD50"
ECFP4_count_bit_1164,ECFP4_count,7.3979776e-05,4.1084408e-05,-0.15776545242644896,"Higher feature value tends to decrease predicted y, indicating lower toxicity / higher LD50"
ECFP4_count_bit_1263,ECFP4_count,7.394496e-05,7.147614e-06,-0.01759204606173981,"Higher feature value tends to decrease predicted y, indicating lower toxicity / higher LD50"
ECFP4_count_bit_271,ECFP4_count,7.3887946e-05,1.2058964e-05,0.09166954222601219,"Higher feature value tends to increase predicted y, indicating higher toxicity / lower LD50"
ECFP4_count_bit_45,ECFP4_count,7.380866e-05,2.484783e-05,-0.15713131702104238,"Higher feature value tends to decrease predicted y, indicating lower toxicity / higher LD50"
ECFP4_count_bit_612,ECFP4_count,7.374683e-05,3.8588846e-06,0.10008839454794945,"Higher feature value tends to increase predicted y, indicating higher toxicity / lower LD50"
ECFP4_count_bit_358,ECFP4_count,7.362266e-05,-5.2704432e-05,-0.05154875761576307,"Higher feature value tends to decrease predicted y, indicating lower toxicity / higher LD50"
ECFP4_count_bit_2036,ECFP4_count,7.351348e-05,4.5174307e-05,0.18992466785540948,"Higher feature value tends to increase predicted y, indicating higher toxicity / lower LD50"
ECFP4_count_bit_286,ECFP4_count,7.345669e-05,4.56216e-06,-0.11823390338467427,"Higher feature value tends to decrease predicted y, indicating lower toxicity / higher LD50"
ECFP4_count_bit_655,ECFP4_count,7.3348994e-05,-3.3320478e-06,0.09166929976617351,"Higher feature value tends to increase predicted y, indicating higher toxicity / lower LD50"
ECFP4_count_bit_1420,ECFP4_count,7.312739e-05,3.834076e-05,0.17231486809834293,"Higher feature value tends to increase predicted y, indicating higher toxicity / lower LD50"
ECFP4_count_bit_1122,ECFP4_count,7.2636e-05,4.0763996e-05,0.1668139872159636,"Higher feature value tends to increase predicted y, indicating higher toxicity / lower LD50"
ECFP4_count_bit_1453,ECFP4_count,7.259297e-05,3.681213e-06,0.20828760068741228,"Higher feature value tends to increase predicted y, indicating higher toxicity / lower LD50"
ECFP4_count_bit_1596,ECFP4_count,7.25221e-05,7.4492036e-06,0.07488299884862969,"Higher feature value tends to increase predicted y, indicating higher toxicity / lower LD50"
ECFP4_count_bit_122,ECFP4_count,7.2504045e-05,-1.3620677e-05,-0.09166954358059178,"Higher feature value tends to decrease predicted y, indicating lower toxicity / higher LD50"
ECFP4_count_bit_1217,ECFP4_count,7.2341216e-05,8.619747e-06,-0.0795783649145069,"Higher feature value tends to decrease predicted y, indicating lower toxicity / higher LD50"
ECFP4_count_bit_1132,ECFP4_count,7.2323855e-05,1.5559935e-05,0.13221089490095983,"Higher feature value tends to increase predicted y, indicating higher toxicity / lower LD50"
ECFP4_count_bit_1204,ECFP4_count,7.212538e-05,3.5403424e-05,0.02920718970922183,"Higher feature value tends to increase predicted y, indicating higher toxicity / lower LD50"
ECFP4_count_bit_1741,ECFP4_count,7.209254e-05,3.614713e-05,0.05264324381991066,"Higher feature value tends to increase predicted y, indicating higher toxicity / lower LD50"
ECFP4_count_bit_1677,ECFP4_count,7.19065e-05,5.561359e-06,-0.1294575881630538,"Higher feature value tends to decrease predicted y, indicating lower toxicity / higher LD50"
ECFP4_count_bit_716,ECFP4_count,7.174064e-05,5.430622e-07,0.04135644582990539,"Higher feature value tends to increase predicted y, indicating higher toxicity / lower LD50"
ECFP4_count_bit_1652,ECFP4_count,7.169012e-05,4.9504073e-05,0.07460202004963161,"Higher feature value tends to increase predicted y, indicating higher toxicity / lower LD50"
ECFP4_count_bit_226,ECFP4_count,7.16582e-05,-1.6526501e-06,-0.18992500451311486,"Higher feature value tends to decrease predicted y, indicating lower toxicity / higher LD50"
ECFP4_count_bit_1243,ECFP4_count,7.1449605e-05,-3.3787512e-06,-0.07655913685022186,"Higher feature value tends to decrease predicted y, indicating lower toxicity / higher LD50"
ECFP4_count_bit_1225,ECFP4_count,7.12713e-05,2.0803127e-05,0.14934471563992752,"Higher feature value tends to increase predicted y, indicating higher toxicity / lower LD50"
ECFP4_count_bit_872,ECFP4_count,7.118078e-05,2.9156456e-05,0.19700350476634873,"Higher feature value tends to increase predicted y, indicating higher toxicity / lower LD50"
ECFP4_count_bit_100,ECFP4_count,7.114063e-05,1.2495755e-05,-0.05297510655455681,"Higher feature value tends to decrease predicted y, indicating lower toxicity / higher LD50"
ECFP4_count_bit_1432,ECFP4_count,7.108243e-05,-3.6722562e-05,0.12719524694385492,"Higher feature value tends to increase predicted y, indicating higher toxicity / lower LD50"
ECFP4_count_bit_380,ECFP4_count,7.094494e-05,-2.083079e-05,-0.182563662132616,"Higher feature value tends to decrease predicted y, indicating lower toxicity / higher LD50"
ECFP4_count_bit_1478,ECFP4_count,7.0776485e-05,9.301554e-06,0.10580116206464286,"Higher feature value tends to increase predicted y, indicating higher toxicity / lower LD50"
ECFP4_count_bit_1530,ECFP4_count,7.0684655e-05,-3.4217446e-05,-0.0005854217057256268,"Higher feature value tends to decrease predicted y, indicating lower toxicity / higher LD50"
ECFP4_count_bit_1231,ECFP4_count,7.048096e-05,-1.21506355e-05,0.09166946163184175,"Higher feature value tends to increase predicted y, indicating higher toxicity / lower LD50"
ECFP4_count_bit_522,ECFP4_count,7.03495e-05,-3.8769e-06,0.1493439248579659,"Higher feature value tends to increase predicted y, indicating higher toxicity / lower LD50"
ECFP4_count_bit_1634,ECFP4_count,7.030624e-05,7.146493e-06,0.18345680649894966,"Higher feature value tends to increase predicted y, indicating higher toxicity / lower LD50"
ECFP4_count_bit_397,ECFP4_count,7.0252354e-05,-8.563195e-06,-0.18256373992316974,"Higher feature value tends to decrease predicted y, indicating lower toxicity / higher LD50"
ECFP4_count_bit_170,ECFP4_count,6.993485e-05,-2.9478306e-05,-0.13976432986482884,"Higher feature value tends to decrease predicted y, indicating lower toxicity / higher LD50"
ECFP4_count_bit_1282,ECFP4_count,6.9796275e-05,2.4426276e-05,0.25837622905992824,"Higher feature value tends to increase predicted y, indicating higher toxicity / lower LD50"
ECFP4_count_bit_1275,ECFP4_count,6.979551e-05,1.6002547e-05,0.1294575881630538,"Higher feature value tends to increase predicted y, indicating higher toxicity / lower LD50"
ECFP4_count_bit_864,ECFP4_count,6.973704e-05,1.7151802e-05,-0.2173502316686226,"Higher feature value tends to decrease predicted y, indicating lower toxicity / higher LD50"
ECFP4_count_bit_1197,ECFP4_count,6.958677e-05,-3.0933075e-05,-0.12170851155463269,"Higher feature value tends to decrease predicted y, indicating lower toxicity / higher LD50"
ECFP4_count_bit_1051,ECFP4_count,6.957175e-05,-2.1150921e-05,0.1058011623251973,"Higher feature value tends to increase predicted y, indicating higher toxicity / lower LD50"
ECFP4_count_bit_1501,ECFP4_count,6.9483656e-05,5.05279e-06,-0.052975106293635325,"Higher feature value tends to decrease predicted y, indicating lower toxicity / higher LD50"
ECFP4_count_bit_1824,ECFP4_count,6.9419264e-05,1.490713e-06,0.052577168893140555,"Higher feature value tends to increase predicted y, indicating higher toxicity / lower LD50"
ECFP4_count_bit_996,ECFP4_count,6.940665e-05,-3.0651154e-05,-0.19700114118219486,"Higher feature value tends to decrease predicted y, indicating lower toxicity / higher LD50"
ECFP4_count_bit_785,ECFP4_count,6.913468e-05,-1.3675656e-05,-0.11823390484053573,"Higher feature value tends to decrease predicted y, indicating lower toxicity / higher LD50"
ECFP4_count_bit_571,ECFP4_count,6.894623e-05,4.7301955e-06,0.08634584413704464,"Higher feature value tends to increase predicted y, indicating higher toxicity / lower LD50"
ECFP4_count_bit_185,ECFP4_count,6.881792e-05,5.9612316e-06,0.023646739135601304,"Higher feature value tends to increase predicted y, indicating higher toxicity / lower LD50"
ECFP4_count_bit_1716,ECFP4_count,6.878028e-05,-2.2937495e-05,0.12118987354610052,"Higher feature value tends to increase predicted y, indicating higher toxicity / lower LD50"
ECFP4_count_bit_1845,ECFP4_count,6.8629466e-05,-3.3629294e-05,0.0916695415487539,"Higher feature value tends to increase predicted y, indicating higher toxicity / lower LD50"
ECFP4_count_bit_1938,ECFP4_count,6.839272e-05,-1.9598176e-05,-0.1311845037803491,"Higher feature value tends to decrease predicted y, indicating lower toxicity / higher LD50"
ECFP4_count_bit_1451,ECFP4_count,6.835113e-05,2.229866e-05,-0.037125487308139256,"Higher feature value tends to decrease predicted y, indicating lower toxicity / higher LD50"
ECFP4_count_bit_1538,ECFP4_count,6.814107e-05,-2.716479e-06,0.11823369567800654,"Higher feature value tends to increase predicted y, indicating higher toxicity / lower LD50"
ECFP4_count_bit_1690,ECFP4_count,6.8123394e-05,5.678802e-06,0.18992247282641808,"Higher feature value tends to increase predicted y, indicating higher toxicity / lower LD50"
ECFP4_count_bit_1216,ECFP4_count,6.8036985e-05,-2.965832e-05,0.05952314141929351,"Higher feature value tends to increase predicted y, indicating higher toxicity / lower LD50"
ECFP4_count_bit_1591,ECFP4_count,6.781991e-05,-2.5244091e-05,-0.11823369567800654,"Higher feature value tends to decrease predicted y, indicating lower toxicity / higher LD50"
ECFP4_count_bit_831,ECFP4_count,6.759222e-05,1.0936106e-05,0.11667841906782797,"Higher feature value tends to increase predicted y, indicating higher toxicity / lower LD50"
ECFP4_count_bit_1408,ECFP4_count,6.756948e-05,3.5593996e-05,0.09166954358052877,"Higher feature value tends to increase predicted y, indicating higher toxicity / lower LD50"
ECFP4_count_bit_1229,ECFP4_count,6.753444e-05,-3.199067e-05,-0.1583284145556583,"Higher feature value tends to decrease predicted y, indicating lower toxicity / higher LD50"
ECFP4_count_bit_2026,ECFP4_count,6.74597e-05,2.165061e-05,0.2179689782134822,"Higher feature value tends to increase predicted y, indicating higher toxicity / lower LD50"
ECFP4_count_bit_1036,ECFP4_count,6.7349356e-05,4.0260013e-05,-0.05297510642409606,"Higher feature value tends to decrease predicted y, indicating lower toxicity / higher LD50"
ECFP4_count_bit_1572,ECFP4_count,6.730262e-05,-2.75529e-05,-0.1326460314535278,"Higher feature value tends to decrease predicted y, indicating lower toxicity / higher LD50"
ECFP4_count_bit_1499,ECFP4_count,6.7274894e-05,-9.313725e-06,-0.1748712704526501,"Higher feature value tends to decrease predicted y, indicating lower toxicity / higher LD50"
ECFP4_count_bit_494,ECFP4_count,6.709171e-05,1.1557322e-05,0.030427127289199933,"Higher feature value tends to increase predicted y, indicating higher toxicity / lower LD50"
ECFP4_count_bit_1158,ECFP4_count,6.707566e-05,-1.4692362e-05,0.12945741695616061,"Higher feature value tends to increase predicted y, indicating higher toxicity / lower LD50"
ECFP4_count_bit_951,ECFP4_count,6.699828e-05,2.2008655e-05,-0.07488299866421683,"Higher feature value tends to decrease predicted y, indicating lower toxicity / higher LD50"
ECFP4_count_bit_27,ECFP4_count,6.6949615e-05,-4.9500622e-06,0.09148188979242772,"Higher feature value tends to increase predicted y, indicating higher toxicity / lower LD50"
ECFP4_count_bit_1736,ECFP4_count,6.694126e-05,2.3201243e-05,-0.09960632035026934,"Higher feature value tends to decrease predicted y, indicating lower toxicity / higher LD50"
ECFP4_count_bit_174,ECFP4_count,6.678148e-05,1.7925371e-05,0.13976297139320595,"Higher feature value tends to increase predicted y, indicating higher toxicity / lower LD50"
ECFP4_count_bit_1987,ECFP4_count,6.678118e-05,8.233029e-06,-0.11823369596936179,"Higher feature value tends to decrease predicted y, indicating lower toxicity / higher LD50"
ECFP4_count_bit_17,ECFP4_count,6.671834e-05,-2.4176745e-05,-0.12317795182099552,"Higher feature value tends to decrease predicted y, indicating lower toxicity / higher LD50"
ECFP4_count_bit_1247,ECFP4_count,6.658165e-05,1.4809747e-05,0.1294575900759296,"Higher feature value tends to increase predicted y, indicating higher toxicity / lower LD50"
ECFP4_count_bit_1864,ECFP4_count,6.653601e-05,-2.2992996e-05,-0.14934392412239325,"Higher feature value tends to decrease predicted y, indicating lower toxicity / higher LD50"
ECFP4_count_bit_1068,ECFP4_count,6.6352586e-05,-2.246407e-05,-0.15832515287386031,"Higher feature value tends to decrease predicted y, indicating lower toxicity / higher LD50"
RDKit2D_fr_morpholine,RDKit2D,6.6281784e-05,4.543585e-05,0.020794342563433967,"Higher feature value tends to increase predicted y, indicating higher toxicity / lower LD50"
ECFP4_count_bit_154,ECFP4_count,6.619269e-05,-9.310059e-06,0.10580116467018716,"Higher feature value tends to increase predicted y, indicating higher toxicity / lower LD50"
ECFP4_count_bit_12,ECFP4_count,6.612231e-05,2.3671993e-05,0.05290058129287586,"Higher feature value tends to increase predicted y, indicating higher toxicity / lower LD50"
ECFP4_count_bit_38,ECFP4_count,6.607983e-05,-7.993887e-06,0.10580074308839599,"Higher feature value tends to increase predicted y, indicating higher toxicity / lower LD50"
ECFP4_count_bit_204,ECFP4_count,6.603531e-05,1.9095336e-05,-0.09986903513106384,"Higher feature value tends to decrease predicted y, indicating lower toxicity / higher LD50"
ECFP4_count_bit_1533,ECFP4_count,6.584967e-05,5.5240413e-05,-0.05297510681547829,"Higher feature value tends to decrease predicted y, indicating lower toxicity / higher LD50"
ECFP4_count_bit_1515,ECFP4_count,6.581191e-05,4.4153094e-05,-0.07488303173566162,"Higher feature value tends to decrease predicted y, indicating lower toxicity / higher LD50"
ECFP4_count_bit_253,ECFP4_count,6.5610235e-05,-2.586264e-06,0.08410977903137089,"Higher feature value tends to increase predicted y, indicating higher toxicity / lower LD50"
ECFP4_count_bit_1211,ECFP4_count,6.557827e-05,-2.3903858e-05,0.09144000905035325,"Higher feature value tends to increase predicted y, indicating higher toxicity / lower LD50"
ECFP4_count_bit_367,ECFP4_count,6.5546184e-05,4.6729143e-05,0.14923825478144756,"Higher feature value tends to increase predicted y, indicating higher toxicity / lower LD50"
ECFP4_count_bit_234,ECFP4_count,6.552603e-05,3.921005e-05,-0.052975106293635325,"Higher feature value tends to decrease predicted y, indicating lower toxicity / higher LD50"
ECFP4_count_bit_1472,ECFP4_count,6.54935e-05,-1.1191686e-05,0.09166954177450666,"Higher feature value tends to increase predicted y, indicating higher toxicity / lower LD50"
ECFP4_count_bit_1281,ECFP4_count,6.5428656e-05,2.932529e-05,-0.07488300069275848,"Higher feature value tends to decrease predicted y, indicating lower toxicity / higher LD50"
ECFP4_count_bit_2045,ECFP4_count,6.537115e-05,-4.286499e-07,0.18992798397969538,"Higher feature value tends to increase predicted y, indicating higher toxicity / lower LD50"
ECFP4_count_bit_889,ECFP4_count,6.535721e-05,3.284878e-05,0.22895713968691397,"Higher feature value tends to increase predicted y, indicating higher toxicity / lower LD50"
ECFP4_count_bit_1115,ECFP4_count,6.528925e-05,1.6401122e-05,-0.023735470118277698,"Higher feature value tends to decrease predicted y, indicating lower toxicity / higher LD50"
ECFP4_count_bit_270,ECFP4_count,6.521996e-05,2.2963617e-05,-0.13246338163740196,"Higher feature value tends to decrease predicted y, indicating lower toxicity / higher LD50"
ECFP4_count_bit_817,ECFP4_count,6.513237e-05,-1.2773605e-05,-0.12945695880955155,"Higher feature value tends to decrease predicted y, indicating lower toxicity / higher LD50"
ECFP4_count_bit_312,ECFP4_count,6.512623e-05,3.2869464e-06,0.05297510681547829,"Higher feature value tends to increase predicted y, indicating higher toxicity / lower LD50"
ECFP4_count_bit_1493,ECFP4_count,6.511512e-05,1.1883424e-07,0.07488300050834559,"Higher feature value tends to increase predicted y, indicating higher toxicity / lower LD50"
ECFP4_count_bit_120,ECFP4_count,6.498313e-05,9.512725e-06,0.11823369771620901,"Higher feature value tends to increase predicted y, indicating higher toxicity / lower LD50"
ECFP4_count_bit_448,ECFP4_count,6.487318e-05,-8.7289645e-06,0.04466130534406336,"Higher feature value tends to increase predicted y, indicating higher toxicity / lower LD50"
ECFP4_count_bit_1897,ECFP4_count,6.48451e-05,2.3094215e-05,0.14041539044117682,"Higher feature value tends to increase predicted y, indicating higher toxicity / lower LD50"
ECFP4_count_bit_148,ECFP4_count,6.4643245e-05,8.140497e-06,-0.043233815191259205,"Higher feature value tends to decrease predicted y, indicating lower toxicity / higher LD50"
ECFP4_count_bit_751,ECFP4_count,6.4602056e-05,7.896351e-06,0.0,No clear monotonic direction
ECFP4_count_bit_1806,ECFP4_count,6.446054e-05,1.7230217e-06,0.10015061875307225,"Higher feature value tends to increase predicted y, indicating higher toxicity / lower LD50"
ECFP4_count_bit_381,ECFP4_count,6.445995e-05,-1.0906142e-05,0.13723895287068183,"Higher feature value tends to increase predicted y, indicating higher toxicity / lower LD50"
ECFP4_count_bit_1504,ECFP4_count,6.42021e-05,-4.2281732e-05,0.07488299884862969,"Higher feature value tends to increase predicted y, indicating higher toxicity / lower LD50"
ECFP4_count_bit_158,ECFP4_count,6.4175925e-05,2.1157082e-05,0.19699965751634757,"Higher feature value tends to increase predicted y, indicating higher toxicity / lower LD50"
ECFP4_count_bit_1937,ECFP4_count,6.391203e-05,3.625687e-05,0.31122456588368475,"Higher feature value tends to increase predicted y, indicating higher toxicity / lower LD50"
ECFP4_count_bit_837,ECFP4_count,6.376341e-05,2.0477684e-05,-0.0150694663367966,"Higher feature value tends to decrease predicted y, indicating lower toxicity / higher LD50"
ECFP4_count_bit_146,ECFP4_count,6.375113e-05,1.9375302e-05,-0.13976494622745947,"Higher feature value tends to decrease predicted y, indicating lower toxicity / higher LD50"
ECFP4_count_bit_1547,ECFP4_count,6.369158e-05,-6.937653e-06,-0.11823369626035009,"Higher feature value tends to decrease predicted y, indicating lower toxicity / higher LD50"
ECFP4_count_bit_1348,ECFP4_count,6.368929e-05,2.600751e-05,-0.05388613102737376,"Higher feature value tends to decrease predicted y, indicating lower toxicity / higher LD50"
ECFP4_count_bit_1878,ECFP4_count,6.363845e-05,-4.9042956e-06,-0.20382324244992114,"Higher feature value tends to decrease predicted y, indicating lower toxicity / higher LD50"
ECFP4_count_bit_1529,ECFP4_count,6.342078e-05,2.0950572e-05,-0.030556513774333712,"Higher feature value tends to decrease predicted y, indicating lower toxicity / higher LD50"
ECFP4_count_bit_588,ECFP4_count,6.332038e-05,-6.812995e-06,0.16861983737779468,"Higher feature value tends to increase predicted y, indicating higher toxicity / lower LD50"
ECFP4_count_bit_766,ECFP4_count,6.329159e-05,2.8337543e-05,-0.08610227313759175,"Higher feature value tends to decrease predicted y, indicating lower toxicity / higher LD50"
ECFP4_count_bit_1863,ECFP4_count,6.3288586e-05,2.6019836e-05,0.2427567986802578,"Higher feature value tends to increase predicted y, indicating higher toxicity / lower LD50"
ECFP4_count_bit_96,ECFP4_count,6.3253545e-05,2.9580828e-05,-0.09166954177450666,"Higher feature value tends to decrease predicted y, indicating lower toxicity / higher LD50"
ECFP4_count_bit_1461,ECFP4_count,6.2926454e-05,1.1003095e-05,-0.07488299884862969,"Higher feature value tends to decrease predicted y, indicating lower toxicity / higher LD50"
ECFP4_count_bit_701,ECFP4_count,6.257173e-05,-1.6484377e-05,0.05290058116259865,"Higher feature value tends to increase predicted y, indicating higher toxicity / lower LD50"
ECFP4_count_bit_635,ECFP4_count,6.231469e-05,3.7967573e-05,-0.07488299884862969,"Higher feature value tends to decrease predicted y, indicating lower toxicity / higher LD50"
RDKit2D_fr_hdrzone,RDKit2D,6.21744e-05,3.691674e-05,-0.18469276313322627,"Higher feature value tends to decrease predicted y, indicating lower toxicity / higher LD50"
ECFP4_count_bit_709,ECFP4_count,6.201857e-05,-1.5757025e-05,0.0,No clear monotonic direction
ECFP4_count_bit_230,ECFP4_count,6.190151e-05,4.114636e-05,-0.0748829001875628,"Higher feature value tends to decrease predicted y, indicating lower toxicity / higher LD50"
ECFP4_count_bit_1948,ECFP4_count,6.189579e-05,-6.1205074e-06,-0.1403974854446192,"Higher feature value tends to decrease predicted y, indicating lower toxicity / higher LD50"
ECFP4_count_bit_673,ECFP4_count,6.1766004e-05,5.069582e-06,-0.14954683053728388,"Higher feature value tends to decrease predicted y, indicating lower toxicity / higher LD50"
ECFP4_count_bit_444,ECFP4_count,6.172624e-05,4.0058043e-05,0.18992736625934747,"Higher feature value tends to increase predicted y, indicating higher toxicity / lower LD50"
ECFP4_count_bit_1428,ECFP4_count,6.1664156e-05,3.3107353e-05,0.181628567940712,"Higher feature value tends to increase predicted y, indicating higher toxicity / lower LD50"
ECFP4_count_bit_1963,ECFP4_count,6.154205e-05,-2.9103596e-05,-0.2922381741932998,"Higher feature value tends to decrease predicted y, indicating lower toxicity / higher LD50"
ECFP4_count_bit_1877,ECFP4_count,6.152903e-05,2.2905058e-05,0.07942844184594279,"Higher feature value tends to increase predicted y, indicating higher toxicity / lower LD50"
ECFP4_count_bit_279,ECFP4_count,6.148356e-05,3.736885e-05,0.07094021723210087,"Higher feature value tends to increase predicted y, indicating higher toxicity / lower LD50"
ECFP4_count_bit_585,ECFP4_count,6.1258186e-05,-2.5138223e-05,0.029975334343660037,"Higher feature value tends to increase predicted y, indicating higher toxicity / lower LD50"
ECFP4_count_bit_128,ECFP4_count,6.1142455e-05,4.5766872e-05,0.07094021688269474,"Higher feature value tends to increase predicted y, indicating higher toxicity / lower LD50"
ECFP4_count_bit_1659,ECFP4_count,6.112927e-05,-2.1128464e-05,-0.14934392301903432,"Higher feature value tends to decrease predicted y, indicating lower toxicity / higher LD50"
ECFP4_count_bit_1868,ECFP4_count,6.112308e-05,-1.5610565e-05,0.10580116310686057,"Higher feature value tends to increase predicted y, indicating higher toxicity / lower LD50"
ECFP4_count_bit_1939,ECFP4_count,6.112104e-05,-1.720035e-05,0.0003656994015905474,"Higher feature value tends to increase predicted y, indicating higher toxicity / lower LD50"
ECFP4_count_bit_1551,ECFP4_count,6.101453e-05,5.540922e-05,0.18992736111431358,"Higher feature value tends to increase predicted y, indicating higher toxicity / lower LD50"
ECFP4_count_bit_427,ECFP4_count,6.091818e-05,2.5724474e-05,0.012027400558396779,"Higher feature value tends to increase predicted y, indicating higher toxicity / lower LD50"
ECFP4_count_bit_30,ECFP4_count,6.079568e-05,6.075555e-05,,No clear monotonic direction
ECFP4_count_bit_201,ECFP4_count,6.0729228e-05,3.303859e-05,0.1314604780764736,"Higher feature value tends to increase predicted y, indicating higher toxicity / lower LD50"
ECFP4_count_bit_1219,ECFP4_count,6.065843e-05,8.766995e-06,0.0995543418921473,"Higher feature value tends to increase predicted y, indicating higher toxicity / lower LD50"
ECFP4_count_bit_379,ECFP4_count,6.032143e-05,2.5889058e-06,-0.020192153407797755,"Higher feature value tends to decrease predicted y, indicating lower toxicity / higher LD50"
ECFP4_count_bit_416,ECFP4_count,6.0301372e-05,-9.24863e-06,-0.09983166345160309,"Higher feature value tends to decrease predicted y, indicating lower toxicity / higher LD50"
ECFP4_count_bit_175,ECFP4_count,6.0173108e-05,-3.3708173e-05,-0.2104056959720587,"Higher feature value tends to decrease predicted y, indicating lower toxicity / higher LD50"
ECFP4_count_bit_586,ECFP4_count,5.9936272e-05,-3.4053364e-06,0.1141685054207355,"Higher feature value tends to increase predicted y, indicating higher toxicity / lower LD50"
ECFP4_count_bit_899,ECFP4_count,5.9696813e-05,-5.8913297e-06,-0.038328906143265756,"Higher feature value tends to decrease predicted y, indicating lower toxicity / higher LD50"
ECFP4_count_bit_1713,ECFP4_count,5.938721e-05,1.6789088e-05,-0.01996633254280854,"Higher feature value tends to decrease predicted y, indicating lower toxicity / higher LD50"
ECFP4_count_bit_895,ECFP4_count,5.914258e-05,-1.9688872e-05,-0.19792595531525667,"Higher feature value tends to decrease predicted y, indicating lower toxicity / higher LD50"
ECFP4_count_bit_980,ECFP4_count,5.9103197e-05,-5.82966e-06,0.08305097238828121,"Higher feature value tends to increase predicted y, indicating higher toxicity / lower LD50"
ECFP4_count_bit_1636,ECFP4_count,5.898587e-05,1.8336263e-05,0.08389312734590407,"Higher feature value tends to increase predicted y, indicating higher toxicity / lower LD50"
ECFP4_count_bit_819,ECFP4_count,5.870647e-05,6.3240236e-07,-0.1583284180648686,"Higher feature value tends to decrease predicted y, indicating lower toxicity / higher LD50"
ECFP4_count_bit_254,ECFP4_count,5.8427315e-05,4.2477775e-05,-0.07488300069275848,"Higher feature value tends to decrease predicted y, indicating lower toxicity / higher LD50"
ECFP4_count_bit_1852,ECFP4_count,5.8228572e-05,4.9472357e-05,-0.05297510681547829,"Higher feature value tends to decrease predicted y, indicating lower toxicity / higher LD50"
ECFP4_count_bit_1201,ECFP4_count,5.794302e-05,-2.8499135e-05,0.05297510655455681,"Higher feature value tends to increase predicted y, indicating higher toxicity / lower LD50"
ECFP4_count_bit_394,ECFP4_count,5.784079e-05,8.559458e-06,-0.12177657859922736,"Higher feature value tends to decrease predicted y, indicating lower toxicity / higher LD50"
ECFP4_count_bit_1437,ECFP4_count,5.776099e-05,3.8588427e-05,0.07488300087717137,"Higher feature value tends to increase predicted y, indicating higher toxicity / lower LD50"
ECFP4_count_bit_897,ECFP4_count,5.7194422e-05,-3.0213576e-05,-0.15793211208535363,"Higher feature value tends to decrease predicted y, indicating lower toxicity / higher LD50"
ECFP4_count_bit_1568,ECFP4_count,5.7086054e-05,5.210614e-05,0.05275163494383691,"Higher feature value tends to increase predicted y, indicating higher toxicity / lower LD50"
ECFP4_count_bit_669,ECFP4_count,5.7062163e-05,-2.1005546e-06,-0.216778122241979,"Higher feature value tends to decrease predicted y, indicating lower toxicity / higher LD50"
ECFP4_count_bit_1955,ECFP4_count,5.6877438e-05,-9.754446e-06,-0.18256017917679182,"Higher feature value tends to decrease predicted y, indicating lower toxicity / higher LD50"
ECFP4_count_bit_1324,ECFP4_count,5.6588822e-05,-7.3346587e-06,0.04315252949395549,"Higher feature value tends to increase predicted y, indicating higher toxicity / lower LD50"
ECFP4_count_bit_607,ECFP4_count,5.6577494e-05,3.0259629e-05,0.1397566190815299,"Higher feature value tends to increase predicted y, indicating higher toxicity / lower LD50"
ECFP4_count_bit_1686,ECFP4_count,5.6557128e-05,2.5409967e-05,-0.03840837381669639,"Higher feature value tends to decrease predicted y, indicating lower toxicity / higher LD50"
ECFP4_count_bit_814,ECFP4_count,5.6245965e-05,1.00954395e-07,0.10580074282784262,"Higher feature value tends to increase predicted y, indicating higher toxicity / lower LD50"
ECFP4_count_bit_1933,ECFP4_count,5.6215322e-05,2.148765e-05,0.11823275896185403,"Higher feature value tends to increase predicted y, indicating higher toxicity / lower LD50"
ECFP4_count_bit_1735,ECFP4_count,5.62107e-05,-1.8316963e-05,-0.14934359873770633,"Higher feature value tends to decrease predicted y, indicating lower toxicity / higher LD50"
ECFP4_count_bit_459,ECFP4_count,5.6178927e-05,-5.4344153e-05,,No clear monotonic direction
ECFP4_count_bit_63,ECFP4_count,5.6170054e-05,2.8869497e-05,-0.09166954177450666,"Higher feature value tends to decrease predicted y, indicating lower toxicity / higher LD50"
ECFP4_count_bit_1181,ECFP4_count,5.615285e-05,1.4089915e-05,0.11372485017739636,"Higher feature value tends to increase predicted y, indicating higher toxicity / lower LD50"
ECFP4_count_bit_1903,ECFP4_count,5.5919958e-05,-3.3775446e-05,0.05297510681547829,"Higher feature value tends to increase predicted y, indicating higher toxicity / lower LD50"
ECFP4_count_bit_1936,ECFP4_count,5.5913333e-05,-2.8720457e-05,-0.21126346968740875,"Higher feature value tends to decrease predicted y, indicating lower toxicity / higher LD50"
ECFP4_count_bit_1377,ECFP4_count,5.5883993e-05,2.0333868e-05,-0.07329827919872887,"Higher feature value tends to decrease predicted y, indicating lower toxicity / higher LD50"
ECFP4_count_bit_1306,ECFP4_count,5.5781e-05,3.0286366e-05,0.21677387510010176,"Higher feature value tends to increase predicted y, indicating higher toxicity / lower LD50"
ECFP4_count_bit_1966,ECFP4_count,5.5766537e-05,-9.519383e-06,0.10580116206464286,"Higher feature value tends to increase predicted y, indicating higher toxicity / lower LD50"
ECFP4_count_bit_195,ECFP4_count,5.5736884e-05,2.362394e-05,-0.10580116180408847,"Higher feature value tends to decrease predicted y, indicating lower toxicity / higher LD50"
ECFP4_count_bit_1712,ECFP4_count,5.5515768e-05,5.309583e-06,-0.03124449285048908,"Higher feature value tends to decrease predicted y, indicating lower toxicity / higher LD50"
ECFP4_count_bit_738,ECFP4_count,5.549398e-05,-9.64435e-07,0.009425817463101671,"Higher feature value tends to increase predicted y, indicating higher toxicity / lower LD50"
ECFP4_count_bit_99,ECFP4_count,5.5374134e-05,-1.1235634e-06,-0.11823307052053321,"Higher feature value tends to decrease predicted y, indicating lower toxicity / higher LD50"
ECFP4_count_bit_1670,ECFP4_count,5.5188055e-05,-3.1773514e-05,-0.16810196272606712,"Higher feature value tends to decrease predicted y, indicating lower toxicity / higher LD50"
ECFP4_count_bit_131,ECFP4_count,5.509457e-05,2.496734e-05,0.13345118977277087,"Higher feature value tends to increase predicted y, indicating higher toxicity / lower LD50"
ECFP4_count_bit_1976,ECFP4_count,5.4994933e-05,-8.352487e-06,-0.11814471482451665,"Higher feature value tends to decrease predicted y, indicating lower toxicity / higher LD50"
ECFP4_count_bit_1000,ECFP4_count,5.4859338e-05,2.6154305e-07,0.10008839208309242,"Higher feature value tends to increase predicted y, indicating higher toxicity / lower LD50"
ECFP4_count_bit_1740,ECFP4_count,5.4835436e-05,-5.113944e-05,,No clear monotonic direction
ECFP4_count_bit_447,ECFP4_count,5.4599815e-05,-3.25036e-05,0.07488299940186832,"Higher feature value tends to increase predicted y, indicating higher toxicity / lower LD50"
ECFP4_count_bit_58,ECFP4_count,5.4559623e-05,1.4366021e-05,-0.07488299884862969,"Higher feature value tends to decrease predicted y, indicating lower toxicity / higher LD50"
ECFP4_count_bit_1837,ECFP4_count,5.453504e-05,3.2971006e-05,0.05299992610866882,"Higher feature value tends to increase predicted y, indicating higher toxicity / lower LD50"
ECFP4_count_bit_1727,ECFP4_count,5.421665e-05,1.4718971e-06,0.06669406137986524,"Higher feature value tends to increase predicted y, indicating higher toxicity / lower LD50"
ECFP4_count_bit_1571,ECFP4_count,5.421377e-05,-5.1486104e-06,-0.18256276957991757,"Higher feature value tends to decrease predicted y, indicating lower toxicity / higher LD50"
ECFP4_count_bit_705,ECFP4_count,5.4211065e-05,-1.45815875e-05,-0.1688601469425846,"Higher feature value tends to decrease predicted y, indicating lower toxicity / higher LD50"
ECFP4_count_bit_1079,ECFP4_count,5.4205873e-05,-9.548681e-06,0.10580116206464286,"Higher feature value tends to increase predicted y, indicating higher toxicity / lower LD50"
ECFP4_count_bit_1813,ECFP4_count,5.409469e-05,-1.6920898e-05,-0.0748829995862812,"Higher feature value tends to decrease predicted y, indicating lower toxicity / higher LD50"
ECFP4_count_bit_1443,ECFP4_count,5.407847e-05,-2.68957e-05,0.12945759166999285,"Higher feature value tends to increase predicted y, indicating higher toxicity / lower LD50"
ECFP4_count_bit_1975,ECFP4_count,5.406185e-05,-4.4145045e-06,0.14087583969392103,"Higher feature value tends to increase predicted y, indicating higher toxicity / lower LD50"
ECFP4_count_bit_792,ECFP4_count,5.400585e-05,2.5924262e-05,0.13976432814385464,"Higher feature value tends to increase predicted y, indicating higher toxicity / lower LD50"
ECFP4_count_bit_1587,ECFP4_count,5.3844833e-05,-4.9026694e-05,-0.05297510538041016,"Higher feature value tends to decrease predicted y, indicating lower toxicity / higher LD50"
ECFP4_count_bit_2030,ECFP4_count,5.3806987e-05,-1.5902291e-05,0.11823369538683477,"Higher feature value tends to increase predicted y, indicating higher toxicity / lower LD50"
ECFP4_count_bit_1943,ECFP4_count,5.3657135e-05,2.659535e-06,0.11134359592456498,"Higher feature value tends to increase predicted y, indicating higher toxicity / lower LD50"
ECFP4_count_bit_2042,ECFP4_count,5.3655906e-05,-1.7314673e-05,-0.11140400112355112,"Higher feature value tends to decrease predicted y, indicating lower toxicity / higher LD50"
ECFP4_count_bit_1244,ECFP4_count,5.3553256e-05,-2.0057441e-05,-0.10580130406850766,"Higher feature value tends to decrease predicted y, indicating lower toxicity / higher LD50"
ECFP4_count_bit_32,ECFP4_count,5.355258e-05,-2.137304e-05,-0.08799345419172405,"Higher feature value tends to decrease predicted y, indicating lower toxicity / higher LD50"
ECFP4_count_bit_1271,ECFP4_count,5.3504074e-05,-2.7374663e-05,0.08630505856282747,"Higher feature value tends to increase predicted y, indicating higher toxicity / lower LD50"
ECFP4_count_bit_1016,ECFP4_count,5.3425043e-05,1.4414627e-05,0.07488299977069407,"Higher feature value tends to increase predicted y, indicating higher toxicity / lower LD50"
ECFP4_count_bit_939,ECFP4_count,5.341212e-05,-1.6222002e-05,-0.11823369829855258,"Higher feature value tends to decrease predicted y, indicating lower toxicity / higher LD50"
ECFP4_count_bit_264,ECFP4_count,5.3373522e-05,1.7133543e-05,0.12945758880067904,"Higher feature value tends to increase predicted y, indicating higher toxicity / lower LD50"
ECFP4_count_bit_1047,ECFP4_count,5.3356776e-05,1.062639e-05,0.13348272426523383,"Higher feature value tends to increase predicted y, indicating higher toxicity / lower LD50"
ECFP4_count_bit_1812,ECFP4_count,5.3341868e-05,-3.7289625e-05,-0.1764386096415424,"Higher feature value tends to decrease predicted y, indicating lower toxicity / higher LD50"
ECFP4_count_bit_65,ECFP4_count,5.33341e-05,3.167675e-05,0.11814471424261137,"Higher feature value tends to increase predicted y, indicating higher toxicity / lower LD50"
ECFP4_count_bit_947,ECFP4_count,5.3292908e-05,2.4326293e-05,0.023735678348652655,"Higher feature value tends to increase predicted y, indicating higher toxicity / lower LD50"
ECFP4_count_bit_856,ECFP4_count,5.31269e-05,-3.4152828e-07,-0.14307814413514275,"Higher feature value tends to decrease predicted y, indicating lower toxicity / higher LD50"
ECFP4_count_bit_944,ECFP4_count,5.3117914e-05,-4.7653631e-07,-0.10737270874630786,"Higher feature value tends to decrease predicted y, indicating lower toxicity / higher LD50"
ECFP4_count_bit_308,ECFP4_count,5.288079e-05,5.8165274e-06,-0.1294575891194917,"Higher feature value tends to decrease predicted y, indicating lower toxicity / higher LD50"
ECFP4_count_bit_560,ECFP4_count,5.288054e-05,8.347644e-06,0.1583286949221136,"Higher feature value tends to increase predicted y, indicating higher toxicity / lower LD50"
ECFP4_count_bit_160,ECFP4_count,5.2811745e-05,-6.8383483e-06,0.11823348768053242,"Higher feature value tends to increase predicted y, indicating higher toxicity / lower LD50"
ECFP4_count_bit_1746,ECFP4_count,5.2640036e-05,1.4122741e-05,0.038783062917339454,"Higher feature value tends to increase predicted y, indicating higher toxicity / lower LD50"
ECFP4_count_bit_916,ECFP4_count,5.2551553e-05,1.2972051e-05,0.1182336985897244,"Higher feature value tends to increase predicted y, indicating higher toxicity / lower LD50"
ECFP4_count_bit_1065,ECFP4_count,5.2522755e-05,-2.3714612e-05,-0.246020274147347,"Higher feature value tends to decrease predicted y, indicating lower toxicity / higher LD50"
ECFP4_count_bit_362,ECFP4_count,5.2503994e-05,-1.7377335e-05,-0.12314432880074574,"Higher feature value tends to decrease predicted y, indicating lower toxicity / higher LD50"
ECFP4_count_bit_1276,ECFP4_count,5.2496187e-05,-2.9174535e-06,0.10580116440963272,"Higher feature value tends to increase predicted y, indicating higher toxicity / lower LD50"
ECFP4_count_bit_1355,ECFP4_count,5.2475603e-05,6.7672596e-07,-0.11823369509566298,"Higher feature value tends to decrease predicted y, indicating lower toxicity / higher LD50"
ECFP4_count_bit_928,ECFP4_count,5.2291423e-05,-1.8194949e-05,-0.11823317466563539,"Higher feature value tends to decrease predicted y, indicating lower toxicity / higher LD50"
ECFP4_count_bit_557,ECFP4_count,5.220922e-05,-2.3546956e-05,-0.047662633573130574,"Higher feature value tends to decrease predicted y, indicating lower toxicity / higher LD50"
ECFP4_count_bit_1628,ECFP4_count,5.2133466e-05,9.1536384e-07,0.1112829996237277,"Higher feature value tends to increase predicted y, indicating higher toxicity / lower LD50"
ECFP4_count_bit_1833,ECFP4_count,5.2069037e-05,8.36192e-07,-0.1294575881630538,"Higher feature value tends to decrease predicted y, indicating lower toxicity / higher LD50"
ECFP4_count_bit_346,ECFP4_count,5.2017625e-05,2.1256472e-05,0.12287921760127499,"Higher feature value tends to increase predicted y, indicating higher toxicity / lower LD50"
ECFP4_count_bit_966,ECFP4_count,5.1939838e-05,-4.274156e-06,0.1331681826056285,"Higher feature value tends to increase predicted y, indicating higher toxicity / lower LD50"
ECFP4_count_bit_1528,ECFP4_count,5.1822175e-05,2.306124e-05,0.07389287269002698,"Higher feature value tends to increase predicted y, indicating higher toxicity / lower LD50"
ECFP4_count_bit_1031,ECFP4_count,5.180656e-05,-9.946663e-06,-0.1294575891194917,"Higher feature value tends to decrease predicted y, indicating lower toxicity / higher LD50"
ECFP4_count_bit_1678,ECFP4_count,5.1757124e-05,1.0169164e-05,0.13976395777774606,"Higher feature value tends to increase predicted y, indicating higher toxicity / lower LD50"
ECFP4_count_bit_178,ECFP4_count,5.153984e-05,2.1953949e-05,0.10580116545185048,"Higher feature value tends to increase predicted y, indicating higher toxicity / lower LD50"
ECFP4_count_bit_134,ECFP4_count,5.1470604e-05,3.0611404e-06,0.12317767123874616,"Higher feature value tends to increase predicted y, indicating higher toxicity / lower LD50"
ECFP4_count_bit_331,ECFP4_count,5.140211e-05,-2.2777911e-05,0.09166954358052877,"Higher feature value tends to increase predicted y, indicating higher toxicity / lower LD50"
ECFP4_count_bit_619,ECFP4_count,5.139284e-05,-6.8015283e-06,-0.11823369509566298,"Higher feature value tends to decrease predicted y, indicating lower toxicity / higher LD50"
ECFP4_count_bit_48,ECFP4_count,5.127686e-05,-2.8810571e-05,-0.11823390396701884,"Higher feature value tends to decrease predicted y, indicating lower toxicity / higher LD50"
ECFP4_count_bit_429,ECFP4_count,5.0798022e-05,-3.2668886e-05,0.05297510759824277,"Higher feature value tends to increase predicted y, indicating higher toxicity / lower LD50"
ECFP4_count_bit_965,ECFP4_count,5.07979e-05,-2.868017e-06,-0.1397643277996598,"Higher feature value tends to decrease predicted y, indicating lower toxicity / higher LD50"
ECFP4_count_bit_975,ECFP4_count,5.0783812e-05,6.315925e-06,-0.1294575919888055,"Higher feature value tends to decrease predicted y, indicating lower toxicity / higher LD50"
ECFP4_count_bit_297,ECFP4_count,5.0361323e-05,-1.4288208e-05,0.1748732842616867,"Higher feature value tends to increase predicted y, indicating higher toxicity / lower LD50"
ECFP4_count_bit_1174,ECFP4_count,5.035214e-05,2.305844e-05,0.17487328986022752,"Higher feature value tends to increase predicted y, indicating higher toxicity / lower LD50"
ECFP4_count_bit_465,ECFP4_count,5.028289e-05,-4.482137e-06,-0.02940885135758145,"Higher feature value tends to decrease predicted y, indicating lower toxicity / higher LD50"
ECFP4_count_bit_743,ECFP4_count,5.0109375e-05,6.4756537e-06,0.11823348709818989,"Higher feature value tends to increase predicted y, indicating higher toxicity / lower LD50"
ECFP4_count_bit_295,ECFP4_count,5.00935e-05,7.986357e-06,0.09534922754422481,"Higher feature value tends to increase predicted y, indicating higher toxicity / lower LD50"
ECFP4_count_bit_488,ECFP4_count,4.9983755e-05,-3.3343333e-06,-0.12170851305327839,"Higher feature value tends to decrease predicted y, indicating lower toxicity / higher LD50"
ECFP4_count_bit_514,ECFP4_count,4.9958016e-05,-1.9253557e-05,-0.023646739193835663,"Higher feature value tends to decrease predicted y, indicating lower toxicity / higher LD50"
ECFP4_count_bit_671,ECFP4_count,4.979807e-05,8.283997e-06,0.0916695415487539,"Higher feature value tends to increase predicted y, indicating higher toxicity / lower LD50"
ECFP4_count_bit_2043,ECFP4_count,4.9770002e-05,-1.1886332e-05,0.11823369596917832,"Higher feature value tends to increase predicted y, indicating higher toxicity / lower LD50"
ECFP4_count_bit_1774,ECFP4_count,4.9652444e-05,-3.0038202e-05,-0.19127481280082528,"Higher feature value tends to decrease predicted y, indicating lower toxicity / higher LD50"
ECFP4_count_bit_727,ECFP4_count,4.9562837e-05,-2.1661794e-05,0.11823327939170303,"Higher feature value tends to increase predicted y, indicating higher toxicity / lower LD50"
ECFP4_count_bit_1400,ECFP4_count,4.95497e-05,2.9753151e-05,-0.05290058233509358,"Higher feature value tends to decrease predicted y, indicating lower toxicity / higher LD50"
ECFP4_count_bit_523,ECFP4_count,4.9477232e-05,2.2276001e-06,0.03969260213316996,"Higher feature value tends to increase predicted y, indicating higher toxicity / lower LD50"
ECFP4_count_bit_1789,ECFP4_count,4.944057e-05,1.8446157e-05,0.11823369626035009,"Higher feature value tends to increase predicted y, indicating higher toxicity / lower LD50"
ECFP4_count_bit_1650,ECFP4_count,4.9224705e-05,-3.4823614e-05,-0.17487158672948072,"Higher feature value tends to decrease predicted y, indicating lower toxicity / higher LD50"
ECFP4_count_bit_461,ECFP4_count,4.9194445e-05,-1.8904191e-05,0.1583284141657461,"Higher feature value tends to increase predicted y, indicating higher toxicity / lower LD50"
ECFP4_count_bit_756,ECFP4_count,4.9014612e-05,1.8710021e-05,0.0709843742890078,"Higher feature value tends to increase predicted y, indicating higher toxicity / lower LD50"
ECFP4_count_bit_261,ECFP4_count,4.872136e-05,1.0964864e-06,0.07094021845502234,"Higher feature value tends to increase predicted y, indicating higher toxicity / lower LD50"
ECFP4_count_bit_435,ECFP4_count,4.8561047e-05,-3.585348e-05,-0.1493447174796882,"Higher feature value tends to decrease predicted y, indicating lower toxicity / higher LD50"
ECFP4_count_bit_1589,ECFP4_count,4.854313e-05,-6.721108e-06,0.01737662478565759,"Higher feature value tends to increase predicted y, indicating higher toxicity / lower LD50"
ECFP4_count_bit_753,ECFP4_count,4.8456506e-05,-1.553459e-06,-0.09868937490447038,"Higher feature value tends to decrease predicted y, indicating lower toxicity / higher LD50"
ECFP4_count_bit_363,ECFP4_count,4.843037e-05,1.3614101e-05,-0.13976470092183885,"Higher feature value tends to decrease predicted y, indicating lower toxicity / higher LD50"
ECFP4_count_bit_631,ECFP4_count,4.8399233e-05,-1.8841383e-06,0.0,No clear monotonic direction
ECFP4_count_bit_1743,ECFP4_count,4.8196234e-05,-1.9946385e-05,0.0,No clear monotonic direction
ECFP4_count_bit_1230,ECFP4_count,4.8106387e-05,2.3046794e-05,0.18992449697315195,"Higher feature value tends to increase predicted y, indicating higher toxicity / lower LD50"
ECFP4_count_bit_840,ECFP4_count,4.79447e-05,8.429761e-06,0.024397038952685822,"Higher feature value tends to increase predicted y, indicating higher toxicity / lower LD50"
ECFP4_count_bit_661,ECFP4_count,4.7883284e-05,-2.8093858e-05,-0.07386283361951802,"Higher feature value tends to decrease predicted y, indicating lower toxicity / higher LD50"
ECFP4_count_bit_359,ECFP4_count,4.7674752e-05,2.1940239e-06,-0.0911373158255926,"Higher feature value tends to decrease predicted y, indicating lower toxicity / higher LD50"
ECFP4_count_bit_1829,ECFP4_count,4.7606205e-05,-5.4889206e-06,-0.039172386652786675,"Higher feature value tends to decrease predicted y, indicating lower toxicity / higher LD50"
ECFP4_count_bit_398,ECFP4_count,4.754906e-05,3.23034e-05,-0.030556513247577296,"Higher feature value tends to decrease predicted y, indicating lower toxicity / higher LD50"
ECFP4_count_bit_124,ECFP4_count,4.7470123e-05,7.4147106e-06,0.0916695397427319,"Higher feature value tends to increase predicted y, indicating higher toxicity / lower LD50"
ECFP4_count_bit_1675,ECFP4_count,4.7120477e-05,-2.9094235e-05,0.07488299884862969,"Higher feature value tends to increase predicted y, indicating higher toxicity / lower LD50"
RDKit2D_fr_term_acetylene,RDKit2D,4.7097004e-05,-3.51205e-05,0.07094021810561618,"Higher feature value tends to increase predicted y, indicating higher toxicity / lower LD50"
ECFP4_count_bit_1344,ECFP4_count,4.6931327e-05,1.7220047e-05,-0.0916695415487539,"Higher feature value tends to decrease predicted y, indicating lower toxicity / higher LD50"
ECFP4_count_bit_1874,ECFP4_count,4.6904464e-05,4.6904464e-05,0.11823369509566298,"Higher feature value tends to increase predicted y, indicating higher toxicity / lower LD50"
ECFP4_count_bit_568,ECFP4_count,4.6711957e-05,2.2107015e-05,0.129457589757117,"Higher feature value tends to increase predicted y, indicating higher toxicity / lower LD50"
ECFP4_count_bit_299,ECFP4_count,4.6662222e-05,-3.200711e-05,-0.10580116206464286,"Higher feature value tends to decrease predicted y, indicating lower toxicity / higher LD50"
ECFP4_count_bit_471,ECFP4_count,4.6570174e-05,1.82634e-05,0.07135951088749966,"Higher feature value tends to increase predicted y, indicating higher toxicity / lower LD50"
ECFP4_count_bit_210,ECFP4_count,4.6257013e-05,-6.860378e-06,-0.16681398803758257,"Higher feature value tends to decrease predicted y, indicating lower toxicity / higher LD50"
ECFP4_count_bit_43,ECFP4_count,4.623889e-05,-8.265593e-06,0.10580092956065609,"Higher feature value tends to increase predicted y, indicating higher toxicity / lower LD50"
RDKit2D_fr_thiazole,RDKit2D,4.5804936e-05,-4.616791e-06,0.18256139278145592,"Higher feature value tends to increase predicted y, indicating higher toxicity / lower LD50"
ECFP4_count_bit_1320,ECFP4_count,4.5690296e-05,-3.1649077e-05,0.07488299940186832,"Higher feature value tends to increase predicted y, indicating higher toxicity / lower LD50"
ECFP4_count_bit_808,ECFP4_count,4.5672074e-05,2.331578e-05,0.1294576088858796,"Higher feature value tends to increase predicted y, indicating higher toxicity / lower LD50"
ECFP4_count_bit_901,ECFP4_count,4.5665394e-05,-1.9657684e-05,0.09166954222601219,"Higher feature value tends to increase predicted y, indicating higher toxicity / lower LD50"
ECFP4_count_bit_1438,ECFP4_count,4.5547833e-05,1.5978865e-05,0.1920270516748461,"Higher feature value tends to increase predicted y, indicating higher toxicity / lower LD50"
ECFP4_count_bit_1106,ECFP4_count,4.5407778e-05,1.8743125e-05,0.13976432814385464,"Higher feature value tends to increase predicted y, indicating higher toxicity / lower LD50"
ECFP4_count_bit_159,ECFP4_count,4.5203607e-05,-2.2386583e-05,0.08707709127427972,"Higher feature value tends to increase predicted y, indicating higher toxicity / lower LD50"
ECFP4_count_bit_163,ECFP4_count,4.5200253e-05,1.463008e-05,0.10318737381887642,"Higher feature value tends to increase predicted y, indicating higher toxicity / lower LD50"
ECFP4_count_bit_414,ECFP4_count,4.517915e-05,1.8545943e-05,0.10845401614953769,"Higher feature value tends to increase predicted y, indicating higher toxicity / lower LD50"
ECFP4_count_bit_1664,ECFP4_count,4.504875e-05,2.4794408e-05,0.2104056944175729,"Higher feature value tends to increase predicted y, indicating higher toxicity / lower LD50"
ECFP4_count_bit_852,ECFP4_count,4.489813e-05,9.598262e-06,-0.05993663474275448,"Higher feature value tends to decrease predicted y, indicating lower toxicity / higher LD50"
ECFP4_count_bit_196,ECFP4_count,4.4891618e-05,5.6567524e-06,-0.08802636762347384,"Higher feature value tends to decrease predicted y, indicating lower toxicity / higher LD50"
ECFP4_count_bit_121,ECFP4_count,4.4845485e-05,-2.364617e-05,0.05604695417534913,"Higher feature value tends to increase predicted y, indicating higher toxicity / lower LD50"
ECFP4_count_bit_554,ECFP4_count,4.4701494e-05,-1.6024526e-07,-0.12148980431688199,"Higher feature value tends to decrease predicted y, indicating lower toxicity / higher LD50"
ECFP4_count_bit_758,ECFP4_count,4.459236e-05,8.5702305e-07,0.04549116899723036,"Higher feature value tends to increase predicted y, indicating higher toxicity / lower LD50"
ECFP4_count_bit_783,ECFP4_count,4.4330234e-05,-3.122786e-05,-0.11823369480449124,"Higher feature value tends to decrease predicted y, indicating lower toxicity / higher LD50"
ECFP4_count_bit_334,ECFP4_count,4.4267374e-05,1.7853134e-06,0.08796023009208116,"Higher feature value tends to increase predicted y, indicating higher toxicity / lower LD50"
ECFP4_count_bit_219,ECFP4_count,4.41204e-05,1.3925192e-06,-0.07488299977069407,"Higher feature value tends to decrease predicted y, indicating lower toxicity / higher LD50"
ECFP4_count_bit_1262,ECFP4_count,4.4067077e-05,-1.0111057e-05,-0.052776138965043934,"Higher feature value tends to decrease predicted y, indicating lower toxicity / higher LD50"
ECFP4_count_bit_126,ECFP4_count,4.397941e-05,1.9018447e-05,0.197002618208374,"Higher feature value tends to increase predicted y, indicating higher toxicity / lower LD50"
ECFP4_count_bit_1685,ECFP4_count,4.3940017e-05,1.320951e-05,-0.04315253023785164,"Higher feature value tends to decrease predicted y, indicating lower toxicity / higher LD50"
ECFP4_count_bit_241,ECFP4_count,4.3876513e-05,-1.9446728e-05,0.0916695415487539,"Higher feature value tends to increase predicted y, indicating higher toxicity / lower LD50"
ECFP4_count_bit_1469,ECFP4_count,4.3862103e-05,-5.0027156e-06,-0.00010680591257070316,"Higher feature value tends to decrease predicted y, indicating lower toxicity / higher LD50"
ECFP4_count_bit_1038,ECFP4_count,4.371715e-05,1.007779e-05,0.10575162975087456,"Higher feature value tends to increase predicted y, indicating higher toxicity / lower LD50"
ECFP4_count_bit_317,ECFP4_count,4.3653865e-05,2.6357658e-05,0.14934392375460695,"Higher feature value tends to increase predicted y, indicating higher toxicity / lower LD50"
ECFP4_count_bit_1091,ECFP4_count,4.3586446e-05,2.7519613e-05,0.18256278306773044,"Higher feature value tends to increase predicted y, indicating higher toxicity / lower LD50"
ECFP4_count_bit_1318,ECFP4_count,4.353775e-05,1.8442358e-06,0.074671961325624,"Higher feature value tends to increase predicted y, indicating higher toxicity / lower LD50"
ECFP4_count_bit_1597,ECFP4_count,4.350811e-05,-3.425718e-06,0.11134359619876866,"Higher feature value tends to increase predicted y, indicating higher toxicity / lower LD50"
ECFP4_count_bit_559,ECFP4_count,4.3451124e-05,-2.7877426e-05,0.012172060284837326,"Higher feature value tends to increase predicted y, indicating higher toxicity / lower LD50"
ECFP4_count_bit_1680,ECFP4_count,4.3365235e-05,2.5051091e-05,0.000406332669434609,"Higher feature value tends to increase predicted y, indicating higher toxicity / lower LD50"
ECFP4_count_bit_332,ECFP4_count,4.3245942e-05,1.9495523e-05,0.09166954358052877,"Higher feature value tends to increase predicted y, indicating higher toxicity / lower LD50"
ECFP4_count_bit_1578,ECFP4_count,4.3092037e-05,5.4595603e-06,0.09344240150182184,"Higher feature value tends to increase predicted y, indicating higher toxicity / lower LD50"
ECFP4_count_bit_917,ECFP4_count,4.302386e-05,-9.730865e-06,0.02519318290088262,"Higher feature value tends to increase predicted y, indicating higher toxicity / lower LD50"
ECFP4_count_bit_967,ECFP4_count,4.3005388e-05,-6.391567e-06,-0.1068609922322235,"Higher feature value tends to decrease predicted y, indicating lower toxicity / higher LD50"
ECFP4_count_bit_1554,ECFP4_count,4.2994707e-05,-4.3372584e-06,-0.06615952522085339,"Higher feature value tends to decrease predicted y, indicating lower toxicity / higher LD50"
ECFP4_count_bit_1776,ECFP4_count,4.286079e-05,1.1035174e-06,0.09983166345160309,"Higher feature value tends to increase predicted y, indicating higher toxicity / lower LD50"
ECFP4_count_bit_88,ECFP4_count,4.282503e-05,1.3042851e-05,-0.04382939199782002,"Higher feature value tends to decrease predicted y, indicating lower toxicity / higher LD50"
ECFP4_count_bit_696,ECFP4_count,4.2594773e-05,7.239518e-06,0.027475745091852723,"Higher feature value tends to increase predicted y, indicating higher toxicity / lower LD50"
ECFP4_count_bit_1704,ECFP4_count,4.236417e-05,-3.321773e-05,-0.1583284145556583,"Higher feature value tends to decrease predicted y, indicating lower toxicity / higher LD50"
ECFP4_count_bit_272,ECFP4_count,4.2295564e-05,-5.182893e-06,0.03733598130643805,"Higher feature value tends to increase predicted y, indicating higher toxicity / lower LD50"
ECFP4_count_bit_360,ECFP4_count,4.216435e-05,-6.691713e-06,-0.1397642044588405,"Higher feature value tends to decrease predicted y, indicating lower toxicity / higher LD50"
ECFP4_count_bit_723,ECFP4_count,4.2098607e-05,-4.4358767e-06,-0.14934181268109714,"Higher feature value tends to decrease predicted y, indicating lower toxicity / higher LD50"
ECFP4_count_bit_513,ECFP4_count,4.204849e-05,-2.2532737e-05,-0.13345119174465644,"Higher feature value tends to decrease predicted y, indicating lower toxicity / higher LD50"
ECFP4_count_bit_1856,ECFP4_count,4.2038264e-05,-9.186738e-06,0.11823275867068457,"Higher feature value tends to increase predicted y, indicating higher toxicity / lower LD50"
ECFP4_count_bit_15,ECFP4_count,4.202606e-05,-1.1045981e-05,-0.11823369509566298,"Higher feature value tends to decrease predicted y, indicating lower toxicity / higher LD50"
ECFP4_count_bit_830,ECFP4_count,4.20158e-05,3.0091169e-05,0.13976433640453137,"Higher feature value tends to increase predicted y, indicating higher toxicity / lower LD50"
ECFP4_count_bit_340,ECFP4_count,4.199834e-05,-7.767758e-06,0.10580116206464286,"Higher feature value tends to increase predicted y, indicating higher toxicity / lower LD50"
ECFP4_count_bit_584,ECFP4_count,4.1979536e-05,-1.5005908e-06,0.15832981872125418,"Higher feature value tends to increase predicted y, indicating higher toxicity / lower LD50"
ECFP4_count_bit_962,ECFP4_count,4.19711e-05,-2.7462272e-06,-0.10435282446076012,"Higher feature value tends to decrease predicted y, indicating lower toxicity / higher LD50"
ECFP4_count_bit_1105,ECFP4_count,4.1910138e-05,1.9939363e-05,0.11823390338467427,"Higher feature value tends to increase predicted y, indicating higher toxicity / lower LD50"
ECFP4_count_bit_1425,ECFP4_count,4.163964e-05,-1.2538885e-05,0.13976432814385464,"Higher feature value tends to increase predicted y, indicating higher toxicity / lower LD50"
ECFP4_count_bit_1345,ECFP4_count,4.161137e-05,2.3772121e-05,0.09414850372259571,"Higher feature value tends to increase predicted y, indicating higher toxicity / lower LD50"
ECFP4_count_bit_1539,ECFP4_count,4.1457843e-05,2.043328e-05,-0.10580130250517902,"Higher feature value tends to decrease predicted y, indicating lower toxicity / higher LD50"
ECFP4_count_bit_1170,ECFP4_count,4.1413103e-05,2.7183478e-05,-0.07488299884862969,"Higher feature value tends to decrease predicted y, indicating lower toxicity / higher LD50"
ECFP4_count_bit_1474,ECFP4_count,4.1364994e-05,1.6724941e-06,0.11823369596917832,"Higher feature value tends to increase predicted y, indicating higher toxicity / lower LD50"
ECFP4_count_bit_246,ECFP4_count,4.1228395e-05,1.8542416e-06,-0.11823369655170533,"Higher feature value tends to decrease predicted y, indicating lower toxicity / higher LD50"
ECFP4_count_bit_877,ECFP4_count,4.1204432e-05,4.0951054e-05,,No clear monotonic direction
ECFP4_count_bit_2003,ECFP4_count,4.119595e-05,-7.6703855e-06,-0.05297510642409606,"Higher feature value tends to decrease predicted y, indicating lower toxicity / higher LD50"
ECFP4_count_bit_850,ECFP4_count,4.1188818e-05,1.9235811e-05,0.09876397369129519,"Higher feature value tends to increase predicted y, indicating higher toxicity / lower LD50"
ECFP4_count_bit_1055,ECFP4_count,4.118225e-05,2.8054023e-06,0.16678245338095107,"Higher feature value tends to increase predicted y, indicating higher toxicity / lower LD50"
ECFP4_count_bit_1653,ECFP4_count,4.110454e-05,1.3451379e-05,0.019585479187938386,"Higher feature value tends to increase predicted y, indicating higher toxicity / lower LD50"
ECFP4_count_bit_512,ECFP4_count,4.0950275e-05,-8.027868e-06,-0.07488299884862969,"Higher feature value tends to decrease predicted y, indicating lower toxicity / higher LD50"
ECFP4_count_bit_393,ECFP4_count,4.0865427e-05,2.4313142e-05,0.11823369888089617,"Higher feature value tends to increase predicted y, indicating higher toxicity / lower LD50"
ECFP4_count_bit_1436,ECFP4_count,4.070341e-05,-7.599997e-06,-0.37020571706879235,"Higher feature value tends to decrease predicted y, indicating lower toxicity / higher LD50"
ECFP4_count_bit_1303,ECFP4_count,4.068681e-05,-1.5701406e-05,-0.23479306731297553,"Higher feature value tends to decrease predicted y, indicating lower toxicity / higher LD50"
ECFP4_count_bit_2010,ECFP4_count,4.0481376e-05,1.109564e-05,-0.10580116284630615,"Higher feature value tends to decrease predicted y, indicating lower toxicity / higher LD50"
ECFP4_count_bit_1932,ECFP4_count,4.0161623e-05,-1.822963e-05,0.05290058012038099,"Higher feature value tends to increase predicted y, indicating higher toxicity / lower LD50"
ECFP4_count_bit_691,ECFP4_count,4.0125407e-05,8.409368e-06,0.1519623676861901,"Higher feature value tends to increase predicted y, indicating higher toxicity / lower LD50"
ECFP4_count_bit_51,ECFP4_count,4.0121973e-05,-9.073783e-07,-0.10226858006897269,"Higher feature value tends to decrease predicted y, indicating lower toxicity / higher LD50"
ECFP4_count_bit_248,ECFP4_count,4.0105566e-05,1.0826635e-05,0.02539411247650665,"Higher feature value tends to increase predicted y, indicating higher toxicity / lower LD50"
RDKit2D_fr_dihydropyridine,RDKit2D,3.9982417e-05,2.715155e-05,-0.02409164539178409,"Higher feature value tends to decrease predicted y, indicating lower toxicity / higher LD50"
ECFP4_count_bit_908,ECFP4_count,3.9940966e-05,-9.417002e-07,0.09960631887847828,"Higher feature value tends to increase predicted y, indicating higher toxicity / lower LD50"
ECFP4_count_bit_1462,ECFP4_count,3.985293e-05,-1.4390398e-05,0.05997435961161678,"Higher feature value tends to increase predicted y, indicating higher toxicity / lower LD50"
ECFP4_count_bit_1206,ECFP4_count,3.9781466e-05,9.0250205e-06,-0.0916695415487539,"Higher feature value tends to decrease predicted y, indicating lower toxicity / higher LD50"
ECFP4_count_bit_1301,ECFP4_count,3.965118e-05,1.3785144e-05,0.12945759071355492,"Higher feature value tends to increase predicted y, indicating higher toxicity / lower LD50"
ECFP4_count_bit_215,ECFP4_count,3.959383e-05,3.740638e-05,0.1481784951724443,"Higher feature value tends to increase predicted y, indicating higher toxicity / lower LD50"
ECFP4_count_bit_1337,ECFP4_count,3.9490777e-05,6.2922613e-06,-0.08802667959221995,"Higher feature value tends to decrease predicted y, indicating lower toxicity / higher LD50"
ECFP4_count_bit_198,ECFP4_count,3.9241633e-05,-3.3443648e-05,0.07488299884862969,"Higher feature value tends to increase predicted y, indicating higher toxicity / lower LD50"
ECFP4_count_bit_582,ECFP4_count,3.912515e-05,-2.432007e-05,0.0,No clear monotonic direction
ECFP4_count_bit_44,ECFP4_count,3.9084625e-05,9.590313e-06,0.10580116284630615,"Higher feature value tends to increase predicted y, indicating higher toxicity / lower LD50"
ECFP4_count_bit_848,ECFP4_count,3.8954502e-05,3.3480428e-06,-0.05997436049780279,"Higher feature value tends to decrease predicted y, indicating lower toxicity / higher LD50"
ECFP4_count_bit_320,ECFP4_count,3.893145e-05,1.9657378e-05,0.0,No clear monotonic direction
ECFP4_count_bit_1646,ECFP4_count,3.8869137e-05,4.662246e-06,0.13976433124160825,"Higher feature value tends to increase predicted y, indicating higher toxicity / lower LD50"
ECFP4_count_bit_1579,ECFP4_count,3.873617e-05,1.7448816e-05,0.08744279110835874,"Higher feature value tends to increase predicted y, indicating higher toxicity / lower LD50"
ECFP4_count_bit_280,ECFP4_count,3.8602262e-05,-9.387251e-06,-0.043071434240434595,"Higher feature value tends to decrease predicted y, indicating lower toxicity / higher LD50"
ECFP4_count_bit_228,ECFP4_count,3.8559785e-05,1.2015229e-05,0.07980593310487374,"Higher feature value tends to increase predicted y, indicating higher toxicity / lower LD50"
ECFP4_count_bit_1983,ECFP4_count,3.8557897e-05,2.083737e-05,-0.09573197739030836,"Higher feature value tends to decrease predicted y, indicating lower toxicity / higher LD50"
ECFP4_count_bit_1692,ECFP4_count,3.849462e-05,2.809589e-05,0.023513267303126202,"Higher feature value tends to increase predicted y, indicating higher toxicity / lower LD50"
ECFP4_count_bit_894,ECFP4_count,3.8493512e-05,-1.2904303e-05,0.04290913013134123,"Higher feature value tends to increase predicted y, indicating higher toxicity / lower LD50"
ECFP4_count_bit_356,ECFP4_count,3.847254e-05,3.831342e-05,0.13976432883224432,"Higher feature value tends to increase predicted y, indicating higher toxicity / lower LD50"
ECFP4_count_bit_731,ECFP4_count,3.8405902e-05,-1.4689297e-05,0.09166954493504544,"Higher feature value tends to increase predicted y, indicating higher toxicity / lower LD50"
ECFP4_count_bit_1058,ECFP4_count,3.8342467e-05,-1.0512811e-05,0.020040601779232232,"Higher feature value tends to increase predicted y, indicating higher toxicity / lower LD50"
ECFP4_count_bit_1112,ECFP4_count,3.829962e-05,-2.0504931e-05,-0.039576801905465905,"Higher feature value tends to decrease predicted y, indicating lower toxicity / higher LD50"
ECFP4_count_bit_1545,ECFP4_count,3.8281152e-05,1.439634e-05,0.059711396967925136,"Higher feature value tends to increase predicted y, indicating higher toxicity / lower LD50"
ECFP4_count_bit_211,ECFP4_count,3.8099886e-05,-2.2950764e-05,-0.1841049857891181,"Higher feature value tends to decrease predicted y, indicating lower toxicity / higher LD50"
ECFP4_count_bit_327,ECFP4_count,3.782774e-05,-1.8620749e-06,0.13965164704806854,"Higher feature value tends to increase predicted y, indicating higher toxicity / lower LD50"
RDKit2D_fr_HOCCN,RDKit2D,3.78099e-05,-1.8576142e-05,0.08577682630640507,"Higher feature value tends to increase predicted y, indicating higher toxicity / lower LD50"
ECFP4_count_bit_412,ECFP4_count,3.779881e-05,-1.024531e-05,0.0996063191237768,"Higher feature value tends to increase predicted y, indicating higher toxicity / lower LD50"
ECFP4_count_bit_1838,ECFP4_count,3.772801e-05,-1.2060905e-06,-0.18369419295792735,"Higher feature value tends to decrease predicted y, indicating lower toxicity / higher LD50"
ECFP4_count_bit_1953,ECFP4_count,3.756208e-05,1.445494e-05,0.1106824488202974,"Higher feature value tends to increase predicted y, indicating higher toxicity / lower LD50"
ECFP4_count_bit_991,ECFP4_count,3.7486334e-05,-8.464218e-06,-0.2104056959720587,"Higher feature value tends to decrease predicted y, indicating lower toxicity / higher LD50"
ECFP4_count_bit_1705,ECFP4_count,3.7428697e-05,2.5000125e-05,0.0916695415487539,"Higher feature value tends to increase predicted y, indicating higher toxicity / lower LD50"
ECFP4_count_bit_243,ECFP4_count,3.729279e-05,1.27054345e-05,0.18256276868073015,"Higher feature value tends to increase predicted y, indicating higher toxicity / lower LD50"
ECFP4_count_bit_1100,ECFP4_count,3.7252827e-05,-2.5396674e-05,0.13976433606033647,"Higher feature value tends to increase predicted y, indicating higher toxicity / lower LD50"
ECFP4_count_bit_1467,ECFP4_count,3.7179198e-05,1.19592905e-05,-0.0748829995862812,"Higher feature value tends to decrease predicted y, indicating lower toxicity / higher LD50"
ECFP4_count_bit_1989,ECFP4_count,3.709801e-05,1.2353797e-05,0.0860206267548306,"Higher feature value tends to increase predicted y, indicating higher toxicity / lower LD50"
ECFP4_count_bit_337,ECFP4_count,3.6947018e-05,-1.6469956e-05,-0.08630506090078681,"Higher feature value tends to decrease predicted y, indicating lower toxicity / higher LD50"
ECFP4_count_bit_838,ECFP4_count,3.6930556e-05,-1.267076e-05,0.27619164890420544,"Higher feature value tends to increase predicted y, indicating higher toxicity / lower LD50"
ECFP4_count_bit_1332,ECFP4_count,3.6825193e-05,-1.9203766e-05,0.136999740359532,"Higher feature value tends to increase predicted y, indicating higher toxicity / lower LD50"
ECFP4_count_bit_477,ECFP4_count,3.6788773e-05,6.454019e-07,0.04315252960022635,"Higher feature value tends to increase predicted y, indicating higher toxicity / lower LD50"
ECFP4_count_bit_767,ECFP4_count,3.6627524e-05,7.270129e-06,0.12946516548958767,"Higher feature value tends to increase predicted y, indicating higher toxicity / lower LD50"
ECFP4_count_bit_1606,ECFP4_count,3.659728e-05,-3.2884693e-06,-0.10580116519129604,"Higher feature value tends to decrease predicted y, indicating lower toxicity / higher LD50"
ECFP4_count_bit_666,ECFP4_count,3.647534e-05,9.787244e-07,0.05745223079279149,"Higher feature value tends to increase predicted y, indicating higher toxicity / lower LD50"
ECFP4_count_bit_1007,ECFP4_count,3.6385776e-05,3.5509725e-06,0.0,No clear monotonic direction
ECFP4_count_bit_1498,ECFP4_count,3.6141333e-05,1.5215124e-06,-0.06669406236534209,"Higher feature value tends to decrease predicted y, indicating lower toxicity / higher LD50"
ECFP4_count_bit_1291,ECFP4_count,3.612712e-05,-6.7328424e-06,0.1493439358915569,"Higher feature value tends to increase predicted y, indicating higher toxicity / lower LD50"
ECFP4_count_bit_506,ECFP4_count,3.6071142e-05,-6.3773464e-06,0.11316928242120339,"Higher feature value tends to increase predicted y, indicating higher toxicity / lower LD50"
ECFP4_count_bit_257,ECFP4_count,3.6049823e-05,3.009864e-05,0.027113526974522597,"Higher feature value tends to increase predicted y, indicating higher toxicity / lower LD50"
ECFP4_count_bit_1625,ECFP4_count,3.5894387e-05,1.54477e-05,0.037335981490331224,"Higher feature value tends to increase predicted y, indicating higher toxicity / lower LD50"
ECFP4_count_bit_282,ECFP4_count,3.585935e-05,1.4795308e-05,-0.03336279768967841,"Higher feature value tends to decrease predicted y, indicating lower toxicity / higher LD50"
ECFP4_count_bit_1525,ECFP4_count,3.576692e-05,8.737607e-06,0.1397641167034492,"Higher feature value tends to increase predicted y, indicating higher toxicity / lower LD50"
ECFP4_count_bit_2022,ECFP4_count,3.5740537e-05,3.8026176e-06,-0.16428793495858407,"Higher feature value tends to decrease predicted y, indicating lower toxicity / higher LD50"
ECFP4_count_bit_10,ECFP4_count,3.559563e-05,4.3349212e-07,-0.11823369800738079,"Higher feature value tends to decrease predicted y, indicating lower toxicity / higher LD50"
ECFP4_count_bit_1358,ECFP4_count,3.5469733e-05,-9.134472e-06,-0.10580116440963272,"Higher feature value tends to decrease predicted y, indicating lower toxicity / higher LD50"
ECFP4_count_bit_182,ECFP4_count,3.5405083e-05,2.4775933e-05,0.2907769266773529,"Higher feature value tends to increase predicted y, indicating higher toxicity / lower LD50"
ECFP4_count_bit_1531,ECFP4_count,3.526003e-05,-4.095109e-06,-0.133905134073037,"Higher feature value tends to decrease predicted y, indicating lower toxicity / higher LD50"
ECFP4_count_bit_2023,ECFP4_count,3.5259858e-05,1.33730955e-05,-0.07488299903304257,"Higher feature value tends to decrease predicted y, indicating lower toxicity / higher LD50"
ECFP4_count_bit_56,ECFP4_count,3.5049925e-05,-1.2170891e-05,0.16681398680515405,"Higher feature value tends to increase predicted y, indicating higher toxicity / lower LD50"
ECFP4_count_bit_1888,ECFP4_count,3.5047226e-05,1.149571e-05,0.09922835986032046,"Higher feature value tends to increase predicted y, indicating higher toxicity / lower LD50"
ECFP4_count_bit_499,ECFP4_count,3.4990022e-05,2.5758483e-05,-0.05297510681547829,"Higher feature value tends to decrease predicted y, indicating lower toxicity / higher LD50"
ECFP4_count_bit_278,ECFP4_count,3.4724802e-05,-5.7429716e-06,0.13976432814385464,"Higher feature value tends to increase predicted y, indicating higher toxicity / lower LD50"
ECFP4_count_bit_1891,ECFP4_count,3.462686e-05,-6.668077e-07,-0.08610227334963409,"Higher feature value tends to decrease predicted y, indicating lower toxicity / higher LD50"
ECFP4_count_bit_42,ECFP4_count,3.4602577e-05,-1.6084576e-06,-0.1260732492520392,"Higher feature value tends to decrease predicted y, indicating lower toxicity / higher LD50"
ECFP4_count_bit_464,ECFP4_count,3.445299e-05,-9.374225e-06,0.1141017335164132,"Higher feature value tends to increase predicted y, indicating higher toxicity / lower LD50"
ECFP4_count_bit_1674,ECFP4_count,3.430551e-05,-1.4284558e-05,0.0784559369069579,"Higher feature value tends to increase predicted y, indicating higher toxicity / lower LD50"
ECFP4_count_bit_1527,ECFP4_count,3.4066004e-05,8.224042e-06,0.03716014851164847,"Higher feature value tends to increase predicted y, indicating higher toxicity / lower LD50"
ECFP4_count_bit_1395,ECFP4_count,3.4003027e-05,2.229717e-05,0.20381158453801035,"Higher feature value tends to increase predicted y, indicating higher toxicity / lower LD50"
ECFP4_count_bit_1742,ECFP4_count,3.3927026e-05,7.670316e-06,-0.07894850311933775,"Higher feature value tends to decrease predicted y, indicating lower toxicity / higher LD50"
ECFP4_count_bit_1084,ECFP4_count,3.3910404e-05,-1.1447474e-05,0.09166954177450666,"Higher feature value tends to increase predicted y, indicating higher toxicity / lower LD50"
ECFP4_count_bit_1059,ECFP4_count,3.3829783e-05,-9.132281e-06,-0.16681398844839207,"Higher feature value tends to decrease predicted y, indicating lower toxicity / higher LD50"
ECFP4_count_bit_344,ECFP4_count,3.382683e-05,3.7851034e-06,-0.08796023160840655,"Higher feature value tends to decrease predicted y, indicating lower toxicity / higher LD50"
ECFP4_count_bit_1284,ECFP4_count,3.3752578e-05,2.2163384e-05,0.03055651392483555,"Higher feature value tends to increase predicted y, indicating higher toxicity / lower LD50"
ECFP4_count_bit_821,ECFP4_count,3.3662105e-05,2.7516407e-07,0.10580116310686057,"Higher feature value tends to increase predicted y, indicating higher toxicity / lower LD50"
ECFP4_count_bit_1613,ECFP4_count,3.365621e-05,-7.0454266e-06,0.11476488852838279,"Higher feature value tends to increase predicted y, indicating higher toxicity / lower LD50"
ECFP4_count_bit_719,ECFP4_count,3.3654836e-05,-4.4375965e-06,-0.10580116545185048,"Higher feature value tends to decrease predicted y, indicating lower toxicity / higher LD50"
ECFP4_count_bit_810,ECFP4_count,3.3626122e-05,1.9317875e-05,0.1397643391580906,"Higher feature value tends to increase predicted y, indicating higher toxicity / lower LD50"
ECFP4_count_bit_818,ECFP4_count,3.3623633e-05,-3.959142e-06,0.07488299884862969,"Higher feature value tends to increase predicted y, indicating higher toxicity / lower LD50"
ECFP4_count_bit_1166,ECFP4_count,3.3501165e-05,-3.3788992e-06,0.1058011623251973,"Higher feature value tends to increase predicted y, indicating higher toxicity / lower LD50"
ECFP4_count_bit_265,ECFP4_count,3.345197e-05,6.3011485e-06,0.03317420071384672,"Higher feature value tends to increase predicted y, indicating higher toxicity / lower LD50"
ECFP4_count_bit_1439,ECFP4_count,3.3397315e-05,-3.3006265e-05,-0.05297510707639978,"Higher feature value tends to decrease predicted y, indicating lower toxicity / higher LD50"
ECFP4_count_bit_1846,ECFP4_count,3.3217577e-05,7.0164815e-06,0.12945758943830435,"Higher feature value tends to increase predicted y, indicating higher toxicity / lower LD50"
ECFP4_count_bit_704,ECFP4_count,3.318142e-05,-1.5051329e-05,-0.09063664374348762,"Higher feature value tends to decrease predicted y, indicating lower toxicity / higher LD50"
ECFP4_count_bit_797,ECFP4_count,3.30568e-05,1.0963626e-06,-0.07098631769985939,"Higher feature value tends to decrease predicted y, indicating lower toxicity / higher LD50"
ECFP4_count_bit_1307,ECFP4_count,3.294259e-05,2.4343838e-06,0.16787130163980876,"Higher feature value tends to increase predicted y, indicating higher toxicity / lower LD50"
ECFP4_count_bit_870,ECFP4_count,3.2936852e-05,2.1586216e-06,-0.09983166345160309,"Higher feature value tends to decrease predicted y, indicating lower toxicity / higher LD50"
ECFP4_count_bit_1611,ECFP4_count,3.2840155e-05,7.589132e-06,0.0,No clear monotonic direction
ECFP4_count_bit_1622,ECFP4_count,3.279629e-05,7.961985e-06,0.15800427739346612,"Higher feature value tends to increase predicted y, indicating higher toxicity / lower LD50"
ECFP4_count_bit_1751,ECFP4_count,3.2770247e-05,1.4842518e-05,-0.05297510642409606,"Higher feature value tends to decrease predicted y, indicating lower toxicity / higher LD50"
ECFP4_count_bit_551,ECFP4_count,3.27558e-05,1.2935582e-05,0.15832813575083102,"Higher feature value tends to increase predicted y, indicating higher toxicity / lower LD50"
ECFP4_count_bit_1113,ECFP4_count,3.2455846e-05,1.3902017e-05,-0.052975106945939036,"Higher feature value tends to decrease predicted y, indicating lower toxicity / higher LD50"
ECFP4_count_bit_50,ECFP4_count,3.2382406e-05,-3.5662695e-06,0.030556513849584625,"Higher feature value tends to increase predicted y, indicating higher toxicity / lower LD50"
ECFP4_count_bit_1654,ECFP4_count,3.234843e-05,6.8397608e-06,0.05623578812352232,"Higher feature value tends to increase predicted y, indicating higher toxicity / lower LD50"
ECFP4_count_bit_266,ECFP4_count,3.228049e-05,-1.9394607e-05,-0.11204348057149749,"Higher feature value tends to decrease predicted y, indicating lower toxicity / higher LD50"
ECFP4_count_bit_644,ECFP4_count,3.213589e-05,1.7363333e-05,0.1898442768966299,"Higher feature value tends to increase predicted y, indicating higher toxicity / lower LD50"
ECFP4_count_bit_983,ECFP4_count,3.2053893e-05,-8.0685695e-06,0.14934280685924017,"Higher feature value tends to increase predicted y, indicating higher toxicity / lower LD50"
ECFP4_count_bit_1190,ECFP4_count,3.1785497e-05,-8.6905975e-06,0.030695976342294682,"Higher feature value tends to increase predicted y, indicating higher toxicity / lower LD50"
ECFP4_count_bit_1945,ECFP4_count,3.177863e-05,1.1023492e-05,0.1294575881630538,"Higher feature value tends to increase predicted y, indicating higher toxicity / lower LD50"
ECFP4_count_bit_717,ECFP4_count,3.175153e-05,-4.068764e-06,0.09166954380628155,"Higher feature value tends to increase predicted y, indicating higher toxicity / lower LD50"
ECFP4_count_bit_1601,ECFP4_count,3.174908e-05,-5.142874e-06,-0.05971114925595451,"Higher feature value tends to decrease predicted y, indicating lower toxicity / higher LD50"
ECFP4_count_bit_183,ECFP4_count,3.155224e-05,-2.1800697e-07,0.05297510772870352,"Higher feature value tends to increase predicted y, indicating higher toxicity / lower LD50"
ECFP4_count_bit_1185,ECFP4_count,3.1535055e-05,3.445731e-06,0.10580116440963272,"Higher feature value tends to increase predicted y, indicating higher toxicity / lower LD50"
ECFP4_count_bit_999,ECFP4_count,3.1485983e-05,1.2331462e-05,0.19700350573666198,"Higher feature value tends to increase predicted y, indicating higher toxicity / lower LD50"
ECFP4_count_bit_1014,ECFP4_count,3.1420735e-05,-2.8947003e-05,-0.05297510642409606,"Higher feature value tends to decrease predicted y, indicating lower toxicity / higher LD50"
ECFP4_count_bit_527,ECFP4_count,3.1285086e-05,-2.609485e-06,-0.14934392449017958,"Higher feature value tends to decrease predicted y, indicating lower toxicity / higher LD50"
ECFP4_count_bit_927,ECFP4_count,3.1227373e-05,7.42635e-06,-0.030434317540252137,"Higher feature value tends to decrease predicted y, indicating lower toxicity / higher LD50"
ECFP4_count_bit_474,ECFP4_count,3.114673e-05,1.5626081e-05,-0.08577682672888684,"Higher feature value tends to decrease predicted y, indicating lower toxicity / higher LD50"
ECFP4_count_bit_1378,ECFP4_count,3.113811e-05,-3.4296852e-06,0.05297510642409606,"Higher feature value tends to increase predicted y, indicating higher toxicity / lower LD50"
ECFP4_count_bit_986,ECFP4_count,3.094105e-05,1.025631e-05,0.043304893038179915,"Higher feature value tends to increase predicted y, indicating higher toxicity / lower LD50"
ECFP4_count_bit_141,ECFP4_count,3.0857867e-05,7.091453e-06,0.12945758943830435,"Higher feature value tends to increase predicted y, indicating higher toxicity / lower LD50"
ECFP4_count_bit_82,ECFP4_count,3.0856376e-05,-1.0972848e-05,-0.07957681582932075,"Higher feature value tends to decrease predicted y, indicating lower toxicity / higher LD50"
ECFP4_count_bit_744,ECFP4_count,3.0833267e-05,-9.063349e-06,0.05560016824234481,"Higher feature value tends to increase predicted y, indicating higher toxicity / lower LD50"
ECFP4_count_bit_1081,ECFP4_count,3.0680603e-05,-2.1278427e-05,-0.112007941988436,"Higher feature value tends to decrease predicted y, indicating lower toxicity / higher LD50"
ECFP4_count_bit_1502,ECFP4_count,3.0589617e-05,6.2469985e-06,0.15587733843274335,"Higher feature value tends to increase predicted y, indicating higher toxicity / lower LD50"
ECFP4_count_bit_287,ECFP4_count,3.0508056e-05,2.5564143e-05,-0.07488299940186832,"Higher feature value tends to decrease predicted y, indicating lower toxicity / higher LD50"
ECFP4_count_bit_976,ECFP4_count,3.031639e-05,7.846544e-06,0.07018854740392888,"Higher feature value tends to increase predicted y, indicating higher toxicity / lower LD50"
ECFP4_count_bit_106,ECFP4_count,3.0071244e-05,1.6502256e-05,0.018424337958287143,"Higher feature value tends to increase predicted y, indicating higher toxicity / lower LD50"
ECFP4_count_bit_1562,ECFP4_count,2.9908511e-05,-5.2060136e-07,-0.07094021775621005,"Higher feature value tends to decrease predicted y, indicating lower toxicity / higher LD50"
ECFP4_count_bit_21,ECFP4_count,2.9839275e-05,-4.656583e-06,-0.05290058116259865,"Higher feature value tends to decrease predicted y, indicating lower toxicity / higher LD50"
ECFP4_count_bit_1992,ECFP4_count,2.9836812e-05,5.817758e-06,-0.07446105699533631,"Higher feature value tends to decrease predicted y, indicating lower toxicity / higher LD50"
ECFP4_count_bit_1067,ECFP4_count,2.9800149e-05,-4.500132e-06,-0.019214356389214895,"Higher feature value tends to decrease predicted y, indicating lower toxicity / higher LD50"
ECFP4_count_bit_1561,ECFP4_count,2.9533265e-05,2.3663881e-06,0.04298999642618164,"Higher feature value tends to increase predicted y, indicating higher toxicity / lower LD50"
ECFP4_count_bit_1941,ECFP4_count,2.934472e-05,7.2251473e-06,0.03839266021175569,"Higher feature value tends to increase predicted y, indicating higher toxicity / lower LD50"
ECFP4_count_bit_1248,ECFP4_count,2.9307717e-05,-2.6398953e-05,,No clear monotonic direction
ECFP4_count_bit_329,ECFP4_count,2.9289491e-05,-4.151119e-06,0.0,No clear monotonic direction
ECFP4_count_bit_374,ECFP4_count,2.9242927e-05,-2.1393971e-05,-0.07488299884862969,"Higher feature value tends to decrease predicted y, indicating lower toxicity / higher LD50"
ECFP4_count_bit_1053,ECFP4_count,2.9233106e-05,-2.1599179e-07,0.0,No clear monotonic direction
ECFP4_count_bit_1749,ECFP4_count,2.9005196e-05,-1.5444944e-06,0.10580116310686057,"Higher feature value tends to increase predicted y, indicating higher toxicity / lower LD50"
ECFP4_count_bit_421,ECFP4_count,2.8947601e-05,8.29174e-06,0.10580130224462424,"Higher feature value tends to increase predicted y, indicating higher toxicity / lower LD50"
ECFP4_count_bit_1080,ECFP4_count,2.890566e-05,9.036359e-06,0.05290058142315308,"Higher feature value tends to increase predicted y, indicating higher toxicity / lower LD50"
ECFP4_count_bit_1761,ECFP4_count,2.8818826e-05,-6.308154e-06,-0.13362562167859116,"Higher feature value tends to decrease predicted y, indicating lower toxicity / higher LD50"
ECFP4_count_bit_982,ECFP4_count,2.8720458e-05,1.2717582e-05,0.10580116336741499,"Higher feature value tends to increase predicted y, indicating higher toxicity / lower LD50"
ECFP4_count_bit_1801,ECFP4_count,2.8670946e-05,1.5098436e-05,-0.05290058103232143,"Higher feature value tends to decrease predicted y, indicating lower toxicity / higher LD50"
ECFP4_count_bit_1220,ECFP4_count,2.8646733e-05,2.3110446e-05,-0.07488299737332677,"Higher feature value tends to decrease predicted y, indicating lower toxicity / higher LD50"
ECFP4_count_bit_1563,ECFP4_count,2.8613236e-05,-6.0460707e-07,-0.07474178157760912,"Higher feature value tends to decrease predicted y, indicating lower toxicity / higher LD50"
ECFP4_count_bit_1376,ECFP4_count,2.8470758e-05,-2.8470758e-05,-0.045519883266763095,"Higher feature value tends to decrease predicted y, indicating lower toxicity / higher LD50"
ECFP4_count_bit_1193,ECFP4_count,2.8266908e-05,4.1988014e-06,0.11128299852750996,"Higher feature value tends to increase predicted y, indicating higher toxicity / lower LD50"
ECFP4_count_bit_1403,ECFP4_count,2.8262833e-05,1.3472015e-05,0.030398314470304437,"Higher feature value tends to increase predicted y, indicating higher toxicity / lower LD50"
ECFP4_count_bit_498,ECFP4_count,2.8178772e-05,-6.9999724e-06,0.07488299903304257,"Higher feature value tends to increase predicted y, indicating higher toxicity / lower LD50"
ECFP4_count_bit_957,ECFP4_count,2.8053084e-05,-1.137684e-06,0.042828181296620554,"Higher feature value tends to increase predicted y, indicating higher toxicity / lower LD50"
ECFP4_count_bit_1605,ECFP4_count,2.8049662e-05,1.1840218e-06,-0.11792226138205289,"Higher feature value tends to decrease predicted y, indicating lower toxicity / higher LD50"
ECFP4_count_bit_531,ECFP4_count,2.7875727e-05,1.4712216e-05,0.18256277272707364,"Higher feature value tends to increase predicted y, indicating higher toxicity / lower LD50"
ECFP4_count_bit_1155,ECFP4_count,2.7873106e-05,6.844577e-06,0.17487328813759953,"Higher feature value tends to increase predicted y, indicating higher toxicity / lower LD50"
ECFP4_count_bit_1940,ECFP4_count,2.7805016e-05,-1.9424331e-05,0.08553302733726618,"Higher feature value tends to increase predicted y, indicating higher toxicity / lower LD50"
ECFP4_count_bit_876,ECFP4_count,2.754593e-05,-2.966091e-06,-0.15832842001442995,"Higher feature value tends to decrease predicted y, indicating lower toxicity / higher LD50"
ECFP4_count_bit_98,ECFP4_count,2.7539152e-05,3.870223e-06,0.11172616100230157,"Higher feature value tends to increase predicted y, indicating higher toxicity / lower LD50"
ECFP4_count_bit_326,ECFP4_count,2.7440896e-05,1.1977094e-05,0.15210683111948115,"Higher feature value tends to increase predicted y, indicating higher toxicity / lower LD50"
ECFP4_count_bit_1995,ECFP4_count,2.7379956e-05,1.5913958e-05,0.16612024243658818,"Higher feature value tends to increase predicted y, indicating higher toxicity / lower LD50"
ECFP4_count_bit_1442,ECFP4_count,2.7372775e-05,-2.4205583e-05,-0.05290058142315308,"Higher feature value tends to decrease predicted y, indicating lower toxicity / higher LD50"
ECFP4_count_bit_436,ECFP4_count,2.7300342e-05,-7.9868205e-06,-0.10580130432906243,"Higher feature value tends to decrease predicted y, indicating lower toxicity / higher LD50"
RDKit2D_fr_alkyl_carbamate,RDKit2D,2.7164711e-05,8.899377e-06,-0.0916695415487539,"Higher feature value tends to decrease predicted y, indicating lower toxicity / higher LD50"
ECFP4_count_bit_1343,ECFP4_count,2.705079e-05,-2.3910778e-05,0.052975106945939036,"Higher feature value tends to increase predicted y, indicating higher toxicity / lower LD50"
ECFP4_count_bit_1302,ECFP4_count,2.70468e-05,6.54903e-06,-0.13748189465126037,"Higher feature value tends to decrease predicted y, indicating lower toxicity / higher LD50"
ECFP4_count_bit_445,ECFP4_count,2.694976e-05,-7.2679245e-06,-0.03055651392483555,"Higher feature value tends to decrease predicted y, indicating lower toxicity / higher LD50"
ECFP4_count_bit_93,ECFP4_count,2.693023e-05,-7.022947e-06,-0.1294169593581865,"Higher feature value tends to decrease predicted y, indicating lower toxicity / higher LD50"
ECFP4_count_bit_1207,ECFP4_count,2.6795458e-05,-1.2540942e-05,0.05297510642409606,"Higher feature value tends to increase predicted y, indicating higher toxicity / lower LD50"
ECFP4_count_bit_517,ECFP4_count,2.6785558e-05,-1.628006e-05,-0.11200794391931415,"Higher feature value tends to decrease predicted y, indicating lower toxicity / higher LD50"
ECFP4_count_bit_1383,ECFP4_count,2.6775693e-05,-7.219432e-06,-0.08630506068824505,"Higher feature value tends to decrease predicted y, indicating lower toxicity / higher LD50"
ECFP4_count_bit_476,ECFP4_count,2.6717938e-05,1.6833359e-05,-0.07196350180845458,"Higher feature value tends to decrease predicted y, indicating lower toxicity / higher LD50"
ECFP4_count_bit_1979,ECFP4_count,2.6581549e-05,-1.2481189e-05,-0.08982504274235353,"Higher feature value tends to decrease predicted y, indicating lower toxicity / higher LD50"
ECFP4_count_bit_1335,ECFP4_count,2.6525366e-05,8.397237e-06,0.07488300087717137,"Higher feature value tends to increase predicted y, indicating higher toxicity / lower LD50"
ECFP4_count_bit_1641,ECFP4_count,2.6382966e-05,-1.7688562e-06,0.1182334897187313,"Higher feature value tends to increase predicted y, indicating higher toxicity / lower LD50"
ECFP4_count_bit_1198,ECFP4_count,2.6267717e-05,-5.1879906e-06,0.023646739310304372,"Higher feature value tends to increase predicted y, indicating higher toxicity / lower LD50"
ECFP4_count_bit_505,ECFP4_count,2.6259104e-05,-5.0952294e-06,0.09983166320574961,"Higher feature value tends to increase predicted y, indicating higher toxicity / lower LD50"
ECFP4_count_bit_2028,ECFP4_count,2.6234851e-05,-1.3150781e-05,-0.15663055606320628,"Higher feature value tends to decrease predicted y, indicating lower toxicity / higher LD50"
ECFP4_count_bit_1826,ECFP4_count,2.6142467e-05,9.662805e-06,0.07488300069275848,"Higher feature value tends to increase predicted y, indicating higher toxicity / lower LD50"
ECFP4_count_bit_952,ECFP4_count,2.6075064e-05,-2.8273664e-06,0.0233803586719402,"Higher feature value tends to increase predicted y, indicating higher toxicity / lower LD50"
ECFP4_count_bit_1092,ECFP4_count,2.5940535e-05,-1.22482625e-05,0.09166954064574287,"Higher feature value tends to increase predicted y, indicating higher toxicity / lower LD50"
ECFP4_count_bit_1780,ECFP4_count,2.5852925e-05,4.0610325e-06,0.06672559685827106,"Higher feature value tends to increase predicted y, indicating higher toxicity / lower LD50"
ECFP4_count_bit_232,ECFP4_count,2.584183e-05,-8.529582e-06,0.11823369888089617,"Higher feature value tends to increase predicted y, indicating higher toxicity / lower LD50"
ECFP4_count_bit_413,ECFP4_count,2.5838464e-05,2.2558184e-05,0.058589666299571096,"Higher feature value tends to increase predicted y, indicating higher toxicity / lower LD50"
ECFP4_count_bit_805,ECFP4_count,2.5695957e-05,1.6755914e-05,0.09983166295989619,"Higher feature value tends to increase predicted y, indicating higher toxicity / lower LD50"
ECFP4_count_bit_1175,ECFP4_count,2.567763e-05,-1.8989658e-05,0.05297510681547829,"Higher feature value tends to increase predicted y, indicating higher toxicity / lower LD50"
ECFP4_count_bit_1202,ECFP4_count,2.5534506e-05,1.8844044e-05,0.13976433124160825,"Higher feature value tends to increase predicted y, indicating higher toxicity / lower LD50"
ECFP4_count_bit_532,ECFP4_count,2.54242e-05,1.25456645e-05,0.13976432883224432,"Higher feature value tends to increase predicted y, indicating higher toxicity / lower LD50"
ECFP4_count_bit_1901,ECFP4_count,2.5404737e-05,-5.036687e-06,-0.09166954177450666,"Higher feature value tends to decrease predicted y, indicating lower toxicity / higher LD50"
ECFP4_count_bit_662,ECFP4_count,2.5271313e-05,5.2651e-06,-0.05297510642409606,"Higher feature value tends to decrease predicted y, indicating lower toxicity / higher LD50"
ECFP4_count_bit_1851,ECFP4_count,2.5092013e-05,5.171999e-07,0.09166954267751772,"Higher feature value tends to increase predicted y, indicating higher toxicity / lower LD50"
ECFP4_count_bit_570,ECFP4_count,2.4938478e-05,2.0431591e-05,0.05297510642409606,"Higher feature value tends to increase predicted y, indicating higher toxicity / lower LD50"
RDKit2D_fr_thiophene,RDKit2D,2.4911144e-05,-1.2510477e-05,0.1397643326183877,"Higher feature value tends to increase predicted y, indicating higher toxicity / lower LD50"
ECFP4_count_bit_1965,ECFP4_count,2.4899544e-05,-5.2838823e-06,-0.10580074673614359,"Higher feature value tends to decrease predicted y, indicating lower toxicity / higher LD50"
ECFP4_count_bit_105,ECFP4_count,2.4850693e-05,4.7115564e-06,0.2104056959720587,"Higher feature value tends to increase predicted y, indicating higher toxicity / lower LD50"
ECFP4_count_bit_1521,ECFP4_count,2.4830404e-05,4.2958645e-06,-0.1001503230003428,"Higher feature value tends to decrease predicted y, indicating lower toxicity / higher LD50"
ECFP4_count_bit_1398,ECFP4_count,2.4739806e-05,7.5743355e-06,-0.1294575881630538,"Higher feature value tends to decrease predicted y, indicating lower toxicity / higher LD50"
ECFP4_count_bit_85,ECFP4_count,2.4739738e-05,1.4886072e-05,-0.052975106945939036,"Higher feature value tends to decrease predicted y, indicating lower toxicity / higher LD50"
ECFP4_count_bit_1894,ECFP4_count,2.4708226e-05,8.133385e-06,-0.07488299940186832,"Higher feature value tends to decrease predicted y, indicating lower toxicity / higher LD50"
ECFP4_count_bit_1926,ECFP4_count,2.4703755e-05,-2.105605e-06,-0.06806945706776768,"Higher feature value tends to decrease predicted y, indicating lower toxicity / higher LD50"
ECFP4_count_bit_1172,ECFP4_count,2.4601146e-05,1.2521907e-05,0.037441648717026016,"Higher feature value tends to increase predicted y, indicating higher toxicity / lower LD50"
ECFP4_count_bit_49,ECFP4_count,2.4476722e-05,9.335425e-06,-0.11823369655152186,"Higher feature value tends to decrease predicted y, indicating lower toxicity / higher LD50"
ECFP4_count_bit_247,ECFP4_count,2.4045134e-05,7.5006124e-06,,No clear monotonic direction
ECFP4_count_bit_153,ECFP4_count,2.3926916e-05,-4.9824093e-06,0.11823369596917832,"Higher feature value tends to increase predicted y, indicating higher toxicity / lower LD50"
ECFP4_count_bit_139,ECFP4_count,2.3910867e-05,1.0835246e-05,-0.07305517947377149,"Higher feature value tends to decrease predicted y, indicating lower toxicity / higher LD50"
ECFP4_count_bit_681,ECFP4_count,2.3874369e-05,7.0863957e-06,-0.07085123608787747,"Higher feature value tends to decrease predicted y, indicating lower toxicity / higher LD50"
ECFP4_count_bit_774,ECFP4_count,2.3866603e-05,1.2283032e-05,-0.05275163507374732,"Higher feature value tends to decrease predicted y, indicating lower toxicity / higher LD50"
ECFP4_count_bit_516,ECFP4_count,2.3610028e-05,2.8239845e-06,0.05290058142315308,"Higher feature value tends to increase predicted y, indicating higher toxicity / lower LD50"
ECFP4_count_bit_963,ECFP4_count,2.3593688e-05,-1.0440278e-05,-0.11805573571498963,"Higher feature value tends to decrease predicted y, indicating lower toxicity / higher LD50"
ECFP4_count_bit_1585,ECFP4_count,2.3409044e-05,3.4958913e-07,-0.15832841884469312,"Higher feature value tends to decrease predicted y, indicating lower toxicity / higher LD50"
ECFP4_count_bit_824,ECFP4_count,2.3368242e-05,-4.3766568e-07,-0.15832841962451766,"Higher feature value tends to decrease predicted y, indicating lower toxicity / higher LD50"
ECFP4_count_bit_1608,ECFP4_count,2.3363911e-05,1.1707428e-05,0.11823370528667623,"Higher feature value tends to increase predicted y, indicating higher toxicity / lower LD50"
ECFP4_count_bit_1222,ECFP4_count,2.3354765e-05,1.0994332e-05,0.10580116206464286,"Higher feature value tends to increase predicted y, indicating higher toxicity / lower LD50"
ECFP4_count_bit_1347,ECFP4_count,2.3348352e-05,-1.3789094e-05,0.052975106945939036,"Higher feature value tends to increase predicted y, indicating higher toxicity / lower LD50"
ECFP4_count_bit_1232,ECFP4_count,2.3285922e-05,7.5993858e-06,0.03659323172735595,"Higher feature value tends to increase predicted y, indicating higher toxicity / lower LD50"
ECFP4_count_bit_1241,ECFP4_count,2.3167535e-05,6.770652e-06,-0.030556514075337392,"Higher feature value tends to decrease predicted y, indicating lower toxicity / higher LD50"
ECFP4_count_bit_997,ECFP4_count,2.28255e-05,-1.0853521e-05,0.030556513849584625,"Higher feature value tends to increase predicted y, indicating higher toxicity / lower LD50"
ECFP4_count_bit_1835,ECFP4_count,2.2678163e-05,-1.0935005e-06,-0.0916695420002594,"Higher feature value tends to decrease predicted y, indicating lower toxicity / higher LD50"
ECFP4_count_bit_1710,ECFP4_count,2.221498e-05,4.165713e-06,0.013302772684414937,"Higher feature value tends to increase predicted y, indicating higher toxicity / lower LD50"
ECFP4_count_bit_929,ECFP4_count,2.2203609e-05,3.6907923e-07,-0.0916695415487539,"Higher feature value tends to decrease predicted y, indicating lower toxicity / higher LD50"
ECFP4_count_bit_1883,ECFP4_count,2.1860411e-05,2.6668536e-06,0.11823369509584644,"Higher feature value tends to increase predicted y, indicating higher toxicity / lower LD50"
ECFP4_count_bit_1341,ECFP4_count,2.1720953e-05,-2.467688e-06,-0.08323058868599167,"Higher feature value tends to decrease predicted y, indicating lower toxicity / higher LD50"
ECFP4_count_bit_1333,ECFP4_count,2.1694204e-05,1.5174419e-05,0.11254673203437808,"Higher feature value tends to increase predicted y, indicating higher toxicity / lower LD50"
ECFP4_count_bit_143,ECFP4_count,2.1691769e-05,-3.5001478e-06,-0.15832841611629747,"Higher feature value tends to decrease predicted y, indicating lower toxicity / higher LD50"
ECFP4_count_bit_1994,ECFP4_count,2.1576438e-05,-6.201762e-06,0.12945759135118018,"Higher feature value tends to increase predicted y, indicating higher toxicity / lower LD50"
ECFP4_count_bit_865,ECFP4_count,2.1521448e-05,4.805777e-06,0.04258415236853494,"Higher feature value tends to increase predicted y, indicating higher toxicity / lower LD50"
ECFP4_count_bit_112,ECFP4_count,2.1509652e-05,-1.4323108e-07,0.09983166492672385,"Higher feature value tends to increase predicted y, indicating higher toxicity / lower LD50"
ECFP4_count_bit_1072,ECFP4_count,2.1390408e-05,-1.5733785e-05,0.0,No clear monotonic direction
ECFP4_count_bit_1330,ECFP4_count,2.1244183e-05,1.7989067e-05,,No clear monotonic direction
ECFP4_count_bit_721,ECFP4_count,2.0826508e-05,-5.594662e-06,0.11212526527756528,"Higher feature value tends to increase predicted y, indicating higher toxicity / lower LD50"
ECFP4_count_bit_39,ECFP4_count,2.0821128e-05,3.0322326e-06,0.0861831596115637,"Higher feature value tends to increase predicted y, indicating higher toxicity / lower LD50"
ECFP4_count_bit_417,ECFP4_count,2.0814716e-05,-1.0493785e-05,0.07488299995510696,"Higher feature value tends to increase predicted y, indicating higher toxicity / lower LD50"
ECFP4_count_bit_2006,ECFP4_count,2.0748725e-05,8.2912175e-06,0.11772883065881679,"Higher feature value tends to increase predicted y, indicating higher toxicity / lower LD50"
ECFP4_count_bit_1021,ECFP4_count,2.0658748e-05,4.70215e-06,-0.07094021862972541,"Higher feature value tends to decrease predicted y, indicating lower toxicity / higher LD50"
ECFP4_count_bit_768,ECFP4_count,2.0483203e-05,-3.716625e-06,-0.12945759166999285,"Higher feature value tends to decrease predicted y, indicating lower toxicity / higher LD50"
ECFP4_count_bit_923,ECFP4_count,2.0372298e-05,-4.423359e-06,0.09166954222601219,"Higher feature value tends to increase predicted y, indicating higher toxicity / lower LD50"
ECFP4_count_bit_762,ECFP4_count,2.0333524e-05,-7.062753e-06,-0.14934392449017958,"Higher feature value tends to decrease predicted y, indicating lower toxicity / higher LD50"
ECFP4_count_bit_720,ECFP4_count,2.0295316e-05,-1.5854328e-05,0.05297510590225311,"Higher feature value tends to increase predicted y, indicating higher toxicity / lower LD50"
ECFP4_count_bit_1310,ECFP4_count,2.026519e-05,-1.0115344e-05,-0.0709402170573978,"Higher feature value tends to decrease predicted y, indicating lower toxicity / higher LD50"
ECFP4_count_bit_285,ECFP4_count,2.0178564e-05,-4.679871e-07,0.0748829995862812,"Higher feature value tends to increase predicted y, indicating higher toxicity / lower LD50"
ECFP4_count_bit_1433,ECFP4_count,2.0047457e-05,-7.2767316e-06,-0.14934471527213924,"Higher feature value tends to decrease predicted y, indicating lower toxicity / higher LD50"
ECFP4_count_bit_405,ECFP4_count,2.0027377e-05,5.9657373e-06,0.09166954222601219,"Higher feature value tends to increase predicted y, indicating higher toxicity / lower LD50"
ECFP4_count_bit_518,ECFP4_count,1.997918e-05,-1.1097461e-05,-0.030556514526842923,"Higher feature value tends to decrease predicted y, indicating lower toxicity / higher LD50"
ECFP4_count_bit_647,ECFP4_count,1.9895924e-05,1.2873043e-07,-0.11823369538683477,"Higher feature value tends to decrease predicted y, indicating lower toxicity / higher LD50"
ECFP4_count_bit_1830,ECFP4_count,1.9879692e-05,-1.5860502e-05,0.05297510759824277,"Higher feature value tends to increase predicted y, indicating higher toxicity / lower LD50"
ECFP4_count_bit_390,ECFP4_count,1.987365e-05,2.808288e-06,-0.030556514075337392,"Higher feature value tends to decrease predicted y, indicating lower toxicity / higher LD50"
ECFP4_count_bit_1615,ECFP4_count,1.9743436e-05,-5.323379e-07,0.03754731667981392,"Higher feature value tends to increase predicted y, indicating higher toxicity / lower LD50"
ECFP4_count_bit_757,ECFP4_count,1.9738314e-05,-1.662262e-05,,No clear monotonic direction
ECFP4_count_bit_1642,ECFP4_count,1.9709594e-05,5.3896697e-06,0.11823369829855258,"Higher feature value tends to increase predicted y, indicating higher toxicity / lower LD50"
ECFP4_count_bit_1342,ECFP4_count,1.9690033e-05,-5.208931e-06,-0.12945759262643083,"Higher feature value tends to decrease predicted y, indicating lower toxicity / higher LD50"
ECFP4_count_bit_2014,ECFP4_count,1.9566207e-05,-1.0301845e-05,-7.018091089041667e-05,"Higher feature value tends to decrease predicted y, indicating lower toxicity / higher LD50"
ECFP4_count_bit_46,ECFP4_count,1.9565025e-05,-2.6648038e-06,-0.13976433502775182,"Higher feature value tends to decrease predicted y, indicating lower toxicity / higher LD50"
ECFP4_count_bit_1107,ECFP4_count,1.9554942e-05,-5.7028456e-06,-0.15997114659408873,"Higher feature value tends to decrease predicted y, indicating lower toxicity / higher LD50"
ECFP4_count_bit_1133,ECFP4_count,1.9387886e-05,4.9382793e-06,0.1397643308974134,"Higher feature value tends to increase predicted y, indicating higher toxicity / lower LD50"
ECFP4_count_bit_187,ECFP4_count,1.9372821e-05,1.1754562e-05,0.1294575939016815,"Higher feature value tends to increase predicted y, indicating higher toxicity / lower LD50"
ECFP4_count_bit_663,ECFP4_count,1.935728e-05,-2.3209186e-06,-0.12945646431852753,"Higher feature value tends to decrease predicted y, indicating lower toxicity / higher LD50"
ECFP4_count_bit_779,ECFP4_count,1.9157284e-05,5.0895405e-06,-0.03730075905000342,"Higher feature value tends to decrease predicted y, indicating lower toxicity / higher LD50"
ECFP4_count_bit_1192,ECFP4_count,1.9144647e-05,-1.832306e-05,-0.0748829025849271,"Higher feature value tends to decrease predicted y, indicating lower toxicity / higher LD50"
ECFP4_count_bit_548,ECFP4_count,1.8952076e-05,9.418497e-06,0.07838972619442587,"Higher feature value tends to increase predicted y, indicating higher toxicity / lower LD50"
ECFP4_count_bit_1958,ECFP4_count,1.8885306e-05,-8.977144e-07,0.11823359706635587,"Higher feature value tends to increase predicted y, indicating higher toxicity / lower LD50"
ECFP4_count_bit_1329,ECFP4_count,1.8802892e-05,4.4401477e-06,-0.07488299940186832,"Higher feature value tends to decrease predicted y, indicating lower toxicity / higher LD50"
ECFP4_count_bit_733,ECFP4_count,1.8725108e-05,6.509707e-06,-0.15804892641485427,"Higher feature value tends to decrease predicted y, indicating lower toxicity / higher LD50"
ECFP4_count_bit_87,ECFP4_count,1.833528e-05,-2.9183818e-06,-0.04595252839702431,"Higher feature value tends to decrease predicted y, indicating lower toxicity / higher LD50"
ECFP4_count_bit_129,ECFP4_count,1.8308903e-05,-8.052936e-07,-0.08630506068824505,"Higher feature value tends to decrease predicted y, indicating lower toxicity / higher LD50"
ECFP4_count_bit_595,ECFP4_count,1.821996e-05,-4.75749e-06,-0.1431380938778064,"Higher feature value tends to decrease predicted y, indicating lower toxicity / higher LD50"
ECFP4_count_bit_1770,ECFP4_count,1.8190934e-05,8.734982e-06,-0.09520303962160567,"Higher feature value tends to decrease predicted y, indicating lower toxicity / higher LD50"
ECFP4_count_bit_1870,ECFP4_count,1.8189405e-05,-1.875075e-06,-0.023646738553257784,"Higher feature value tends to decrease predicted y, indicating lower toxicity / higher LD50"
ECFP4_count_bit_1180,ECFP4_count,1.8150498e-05,1.7392196e-06,-0.0916695420002594,"Higher feature value tends to decrease predicted y, indicating lower toxicity / higher LD50"
ECFP4_count_bit_995,ECFP4_count,1.8127519e-05,-3.6552315e-06,0.07488299977069407,"Higher feature value tends to increase predicted y, indicating higher toxicity / lower LD50"
ECFP4_count_bit_1510,ECFP4_count,1.8011378e-05,1.986611e-06,-0.09166954267751772,"Higher feature value tends to decrease predicted y, indicating lower toxicity / higher LD50"
ECFP4_count_bit_1541,ECFP4_count,1.7896391e-05,-6.6591997e-06,-0.09166954222601219,"Higher feature value tends to decrease predicted y, indicating lower toxicity / higher LD50"
ECFP4_count_bit_971,ECFP4_count,1.7856151e-05,-3.5795388e-06,-0.037335981490331224,"Higher feature value tends to decrease predicted y, indicating lower toxicity / higher LD50"
ECFP4_count_bit_945,ECFP4_count,1.7802524e-05,-1.2058342e-05,0.07488300087717137,"Higher feature value tends to increase predicted y, indicating higher toxicity / lower LD50"
ECFP4_count_bit_274,ECFP4_count,1.7743032e-05,-7.496872e-07,0.12945759166999285,"Higher feature value tends to increase predicted y, indicating higher toxicity / lower LD50"
ECFP4_count_bit_845,ECFP4_count,1.7743e-05,3.020585e-06,0.08626442742050104,"Higher feature value tends to increase predicted y, indicating higher toxicity / lower LD50"
ECFP4_count_bit_1996,ECFP4_count,1.7665907e-05,-3.1017955e-06,-0.05297510759824277,"Higher feature value tends to decrease predicted y, indicating lower toxicity / higher LD50"
ECFP4_count_bit_137,ECFP4_count,1.761121e-05,-4.2001866e-06,-0.09983166394331,"Higher feature value tends to decrease predicted y, indicating lower toxicity / higher LD50"
ECFP4_count_bit_1520,ECFP4_count,1.74757e-05,-2.6945147e-06,0.031291979828168594,"Higher feature value tends to increase predicted y, indicating higher toxicity / lower LD50"
ECFP4_count_bit_2025,ECFP4_count,1.7220103e-05,-2.11284e-06,-4.971859229775974e-05,"Higher feature value tends to decrease predicted y, indicating lower toxicity / higher LD50"
ECFP4_count_bit_376,ECFP4_count,1.7115553e-05,1.8841392e-06,-0.05235051111195983,"Higher feature value tends to decrease predicted y, indicating lower toxicity / higher LD50"
ECFP4_count_bit_1947,ECFP4_count,1.699423e-05,-5.4988623e-06,-0.11823307255872488,"Higher feature value tends to decrease predicted y, indicating lower toxicity / higher LD50"
ECFP4_count_bit_180,ECFP4_count,1.6944952e-05,5.9364365e-06,-0.11207801081557466,"Higher feature value tends to decrease predicted y, indicating lower toxicity / higher LD50"
ECFP4_count_bit_382,ECFP4_count,1.686742e-05,3.0675076e-06,0.05297510655455681,"Higher feature value tends to increase predicted y, indicating higher toxicity / lower LD50"
ECFP4_count_bit_1078,ECFP4_count,1.6770477e-05,5.1433635e-06,0.09166966164978735,"Higher feature value tends to increase predicted y, indicating higher toxicity / lower LD50"
ECFP4_count_bit_1842,ECFP4_count,1.6765885e-05,-3.99149e-06,0.07488299940186832,"Higher feature value tends to increase predicted y, indicating higher toxicity / lower LD50"
ECFP4_count_bit_434,ECFP4_count,1.654075e-05,1.1680344e-05,0.158328435221011,"Higher feature value tends to increase predicted y, indicating higher toxicity / lower LD50"
ECFP4_count_bit_152,ECFP4_count,1.6481048e-05,4.616346e-07,-0.020606159026047444,"Higher feature value tends to decrease predicted y, indicating lower toxicity / higher LD50"
ECFP4_count_bit_528,ECFP4_count,1.6464726e-05,8.958558e-06,0.22845168342755837,"Higher feature value tends to increase predicted y, indicating higher toxicity / lower LD50"
ECFP4_count_bit_1662,ECFP4_count,1.6249222e-05,-5.3924914e-06,0.09166954358052877,"Higher feature value tends to increase predicted y, indicating higher toxicity / lower LD50"
ECFP4_count_bit_2027,ECFP4_count,1.6140873e-05,-3.3792219e-06,-0.0916695494501014,"Higher feature value tends to decrease predicted y, indicating lower toxicity / higher LD50"
ECFP4_count_bit_1756,ECFP4_count,1.6139154e-05,-5.892654e-06,-0.02981125930690977,"Higher feature value tends to decrease predicted y, indicating lower toxicity / higher LD50"
ECFP4_count_bit_549,ECFP4_count,1.6022559e-05,3.9537068e-07,0.057954119483322845,"Higher feature value tends to increase predicted y, indicating higher toxicity / lower LD50"
ECFP4_count_bit_1406,ECFP4_count,1.6001264e-05,-5.498984e-06,-0.052975106293635325,"Higher feature value tends to decrease predicted y, indicating lower toxicity / higher LD50"
ECFP4_count_bit_1151,ECFP4_count,1.578114e-05,1.1938001e-05,0.07488299884862969,"Higher feature value tends to increase predicted y, indicating higher toxicity / lower LD50"
RDKit2D_fr_oxazole,RDKit2D,1.5499421e-05,8.0595755e-06,0.0,No clear monotonic direction
ECFP4_count_bit_958,ECFP4_count,1.5469184e-05,-2.9968053e-06,0.07488299940186832,"Higher feature value tends to increase predicted y, indicating higher toxicity / lower LD50"
ECFP4_count_bit_641,ECFP4_count,1.5427084e-05,5.3632984e-06,-0.030613897049577028,"Higher feature value tends to decrease predicted y, indicating lower toxicity / higher LD50"
ECFP4_count_bit_1834,ECFP4_count,1.5393844e-05,-1.8022786e-06,0.07488327823569463,"Higher feature value tends to increase predicted y, indicating higher toxicity / lower LD50"
ECFP4_count_bit_788,ECFP4_count,1.52353805e-05,1.0763807e-05,-0.05297510642409606,"Higher feature value tends to decrease predicted y, indicating lower toxicity / higher LD50"
ECFP4_count_bit_539,ECFP4_count,1.5204671e-05,2.68998e-06,0.0,No clear monotonic direction
ECFP4_count_bit_621,ECFP4_count,1.5172079e-05,6.3588836e-08,0.14934359469206557,"Higher feature value tends to increase predicted y, indicating higher toxicity / lower LD50"
ECFP4_count_bit_1709,ECFP4_count,1.5109768e-05,-9.13287e-06,-0.023380359017410278,"Higher feature value tends to decrease predicted y, indicating lower toxicity / higher LD50"
ECFP4_count_bit_842,ECFP4_count,1.5093659e-05,-3.6743402e-06,-0.11823369946323978,"Higher feature value tends to decrease predicted y, indicating lower toxicity / higher LD50"
ECFP4_count_bit_220,ECFP4_count,1.4989562e-05,2.7802437e-06,0.03524266447607222,"Higher feature value tends to increase predicted y, indicating higher toxicity / lower LD50"
ECFP4_count_bit_311,ECFP4_count,1.4951088e-05,2.9138328e-06,-0.02338969197837192,"Higher feature value tends to decrease predicted y, indicating lower toxicity / higher LD50"
ECFP4_count_bit_1352,ECFP4_count,1.4734939e-05,-1.9321535e-06,0.11823369596917832,"Higher feature value tends to increase predicted y, indicating higher toxicity / lower LD50"
ECFP4_count_bit_1179,ECFP4_count,1.43656025e-05,6.613648e-06,0.12917315593137438,"Higher feature value tends to increase predicted y, indicating higher toxicity / lower LD50"
ECFP4_count_bit_540,ECFP4_count,1.3946736e-05,-9.482499e-06,0.05290058142315308,"Higher feature value tends to increase predicted y, indicating higher toxicity / lower LD50"
ECFP4_count_bit_388,ECFP4_count,1.3883913e-05,-3.3914393e-06,-0.1058011782190205,"Higher feature value tends to decrease predicted y, indicating lower toxicity / higher LD50"
ECFP4_count_bit_123,ECFP4_count,1.3714831e-05,-5.923271e-06,0.05297510642409606,"Higher feature value tends to increase predicted y, indicating higher toxicity / lower LD50"
ECFP4_count_bit_377,ECFP4_count,1.3632939e-05,-1.2773917e-06,-0.05297510812008578,"Higher feature value tends to decrease predicted y, indicating lower toxicity / higher LD50"
ECFP4_count_bit_1893,ECFP4_count,1.3313113e-05,4.8774194e-07,-0.14307815576288277,"Higher feature value tends to decrease predicted y, indicating lower toxicity / higher LD50"
ECFP4_count_bit_643,ECFP4_count,1.3140495e-05,1.1287239e-05,0.10580123345752158,"Higher feature value tends to increase predicted y, indicating higher toxicity / lower LD50"
ECFP4_count_bit_1817,ECFP4_count,1.3087041e-05,-7.7929235e-06,-0.08614252655656159,"Higher feature value tends to decrease predicted y, indicating lower toxicity / higher LD50"
ECFP4_count_bit_616,ECFP4_count,1.3023192e-05,5.0937033e-06,0.11183183107535023,"Higher feature value tends to increase predicted y, indicating higher toxicity / lower LD50"
ECFP4_count_bit_1010,ECFP4_count,1.2915148e-05,-4.2649863e-06,0.0,No clear monotonic direction
ECFP4_count_bit_943,ECFP4_count,1.2873263e-05,-6.0656976e-06,-0.12314434002155675,"Higher feature value tends to decrease predicted y, indicating lower toxicity / higher LD50"
ECFP4_count_bit_103,ECFP4_count,1.27734975e-05,-5.317602e-06,0.07488300143041005,"Higher feature value tends to increase predicted y, indicating higher toxicity / lower LD50"
ECFP4_count_bit_651,ECFP4_count,1.2675221e-05,-1.2587378e-05,-0.0529751115120657,"Higher feature value tends to decrease predicted y, indicating lower toxicity / higher LD50"
ECFP4_count_bit_225,ECFP4_count,1.2471458e-05,-7.3486094e-06,-0.041276119752963324,"Higher feature value tends to decrease predicted y, indicating lower toxicity / higher LD50"
ECFP4_count_bit_1757,ECFP4_count,1.2193838e-05,-8.0157615e-06,-0.09166954245176494,"Higher feature value tends to decrease predicted y, indicating lower toxicity / higher LD50"
ECFP4_count_bit_306,ECFP4_count,1.2078218e-05,4.805704e-06,-0.10122059363370599,"Higher feature value tends to decrease predicted y, indicating lower toxicity / higher LD50"
ECFP4_count_bit_1338,ECFP4_count,1.2032871e-05,2.9793687e-06,-0.08642695809294428,"Higher feature value tends to decrease predicted y, indicating lower toxicity / higher LD50"
ECFP4_count_bit_1117,ECFP4_count,1.20051645e-05,1.7040383e-06,0.0916695456123038,"Higher feature value tends to increase predicted y, indicating higher toxicity / lower LD50"
ECFP4_count_bit_1002,ECFP4_count,1.1983824e-05,-3.7626487e-06,0.052975108902850315,"Higher feature value tends to increase predicted y, indicating higher toxicity / lower LD50"
ECFP4_count_bit_2032,ECFP4_count,1.1801352e-05,3.2347888e-08,0.11823370004558338,"Higher feature value tends to increase predicted y, indicating higher toxicity / lower LD50"
RDKit2D_fr_tetrazole,RDKit2D,1.1679846e-05,6.330741e-06,-0.0530137952816317,"Higher feature value tends to decrease predicted y, indicating lower toxicity / higher LD50"
ECFP4_count_bit_1869,ECFP4_count,1.1529221e-05,-1.3414472e-06,0.07488299903304257,"Higher feature value tends to increase predicted y, indicating higher toxicity / lower LD50"
ECFP4_count_bit_2002,ECFP4_count,1.1490624e-05,-5.8556147e-06,0.05297510642409606,"Higher feature value tends to increase predicted y, indicating higher toxicity / lower LD50"
RDKit2D_fr_isothiocyan,RDKit2D,1.1478327e-05,-1.1478327e-05,,No clear monotonic direction
ECFP4_count_bit_1872,ECFP4_count,1.1442393e-05,3.2328398e-06,-0.09166954583805659,"Higher feature value tends to decrease predicted y, indicating lower toxicity / higher LD50"
ECFP4_count_bit_2037,ECFP4_count,1.1347737e-05,-8.939559e-06,-0.052975106945939036,"Higher feature value tends to decrease predicted y, indicating lower toxicity / higher LD50"
ECFP4_count_bit_510,ECFP4_count,1.1266603e-05,3.1357754e-06,0.0626962805317753,"Higher feature value tends to increase predicted y, indicating higher toxicity / lower LD50"
ECFP4_count_bit_450,ECFP4_count,1.1241457e-05,-2.376e-06,-0.01996633293617408,"Higher feature value tends to decrease predicted y, indicating lower toxicity / higher LD50"
ECFP4_count_bit_791,ECFP4_count,1.1236613e-05,-2.7920366e-06,0.06672559800853778,"Higher feature value tends to increase predicted y, indicating higher toxicity / lower LD50"
ECFP4_count_bit_236,ECFP4_count,1.1125597e-05,-3.2280084e-06,-0.13976432986482884,"Higher feature value tends to decrease predicted y, indicating lower toxicity / higher LD50"
ECFP4_count_bit_1695,ECFP4_count,1.0866509e-05,1.5289515e-06,-0.030613710680003483,"Higher feature value tends to decrease predicted y, indicating lower toxicity / higher LD50"
ECFP4_count_bit_761,ECFP4_count,1.0760412e-05,7.165204e-06,0.11818921238234113,"Higher feature value tends to increase predicted y, indicating higher toxicity / lower LD50"
ECFP4_count_bit_1129,ECFP4_count,1.0717949e-05,-2.2881347e-06,0.044804427869839014,"Higher feature value tends to increase predicted y, indicating higher toxicity / lower LD50"
ECFP4_count_bit_1340,ECFP4_count,1.0627222e-05,1.04035e-06,-0.12945719441849377,"Higher feature value tends to decrease predicted y, indicating lower toxicity / higher LD50"
ECFP4_count_bit_1268,ECFP4_count,1.0564651e-05,4.199334e-07,-0.07488303468626906,"Higher feature value tends to decrease predicted y, indicating lower toxicity / higher LD50"
ECFP4_count_bit_399,ECFP4_count,1.0532907e-05,3.9595443e-06,0.09166964246040293,"Higher feature value tends to increase predicted y, indicating higher toxicity / lower LD50"
ECFP4_count_bit_813,ECFP4_count,1.0307899e-05,-7.444088e-06,-0.09092356115286747,"Higher feature value tends to decrease predicted y, indicating lower toxicity / higher LD50"
ECFP4_count_bit_520,ECFP4_count,1.0163259e-05,8.179335e-06,-0.05297510942469336,"Higher feature value tends to decrease predicted y, indicating lower toxicity / higher LD50"
ECFP4_count_bit_578,ECFP4_count,1.0040323e-05,3.1209104e-06,-0.10580060369048687,"Higher feature value tends to decrease predicted y, indicating lower toxicity / higher LD50"
ECFP4_count_bit_1702,ECFP4_count,9.671139e-06,1.2737447e-06,-0.0003647846998574514,"Higher feature value tends to decrease predicted y, indicating lower toxicity / higher LD50"
ECFP4_count_bit_2029,ECFP4_count,9.583264e-06,-2.1453448e-06,0.09231255898497463,"Higher feature value tends to increase predicted y, indicating higher toxicity / lower LD50"
ECFP4_count_bit_1549,ECFP4_count,9.541079e-06,5.3716976e-06,0.13976610491146477,"Higher feature value tends to increase predicted y, indicating higher toxicity / lower LD50"
ECFP4_count_bit_854,ECFP4_count,9.485715e-06,-1.3880875e-06,-0.14307833158875205,"Higher feature value tends to decrease predicted y, indicating lower toxicity / higher LD50"
RDKit2D_fr_barbitur,RDKit2D,9.291441e-06,3.4387676e-06,0.030556516182363387,"Higher feature value tends to increase predicted y, indicating higher toxicity / lower LD50"
ECFP4_count_bit_1012,ECFP4_count,9.069554e-06,1.5927354e-06,-0.07488300124599714,"Higher feature value tends to decrease predicted y, indicating lower toxicity / higher LD50"
ECFP4_count_bit_660,ECFP4_count,9.04604e-06,5.473495e-06,-0.030613899462128856,"Higher feature value tends to decrease predicted y, indicating lower toxicity / higher LD50"
ECFP4_count_bit_1931,ECFP4_count,8.992546e-06,2.7455958e-06,0.0529751086419288,"Higher feature value tends to increase predicted y, indicating higher toxicity / lower LD50"
ECFP4_count_bit_1684,ECFP4_count,8.760534e-06,2.9565554e-06,0.12301144022934382,"Higher feature value tends to increase predicted y, indicating higher toxicity / lower LD50"
ECFP4_count_bit_741,ECFP4_count,8.721144e-06,3.886255e-06,0.022174491673322704,"Higher feature value tends to increase predicted y, indicating higher toxicity / lower LD50"
ECFP4_count_bit_912,ECFP4_count,8.6398795e-06,3.4224837e-07,0.030556513849584625,"Higher feature value tends to increase predicted y, indicating higher toxicity / lower LD50"
ECFP4_count_bit_887,ECFP4_count,8.578889e-06,-7.729441e-07,0.030613870963717395,"Higher feature value tends to increase predicted y, indicating higher toxicity / lower LD50"
ECFP4_count_bit_269,ECFP4_count,8.5572565e-06,4.558139e-06,0.07094021775621005,"Higher feature value tends to increase predicted y, indicating higher toxicity / lower LD50"
ECFP4_count_bit_1111,ECFP4_count,8.416364e-06,-3.0403266e-06,0.08197179409693796,"Higher feature value tends to increase predicted y, indicating higher toxicity / lower LD50"
ECFP4_count_bit_1494,ECFP4_count,8.40949e-06,-6.0127663e-06,0.12945759294524348,"Higher feature value tends to increase predicted y, indicating higher toxicity / lower LD50"
ECFP4_count_bit_1289,ECFP4_count,8.386488e-06,2.4724475e-06,0.015897571570571416,"Higher feature value tends to increase predicted y, indicating higher toxicity / lower LD50"
ECFP4_count_bit_2024,ECFP4_count,8.344685e-06,-3.7290213e-06,0.0,No clear monotonic direction
ECFP4_count_bit_1484,ECFP4_count,8.049933e-06,9.172617e-08,-0.15832842313372825,"Higher feature value tends to decrease predicted y, indicating lower toxicity / higher LD50"
ECFP4_count_bit_86,ECFP4_count,7.824408e-06,4.1129165e-06,0.059898998956034316,"Higher feature value tends to increase predicted y, indicating higher toxicity / lower LD50"
ECFP4_count_bit_0,ECFP4_count,7.817606e-06,-4.49072e-06,-0.030556514376341073,"Higher feature value tends to decrease predicted y, indicating lower toxicity / higher LD50"
ECFP4_count_bit_1359,ECFP4_count,7.80251e-06,8.282578e-08,-0.0916695415487539,"Higher feature value tends to decrease predicted y, indicating lower toxicity / higher LD50"
ECFP4_count_bit_1875,ECFP4_count,7.6188267e-06,-2.0323803e-06,0.05297510681547829,"Higher feature value tends to increase predicted y, indicating higher toxicity / lower LD50"
ECFP4_count_bit_546,ECFP4_count,7.5587413e-06,6.0990214e-06,-0.05297510655455681,"Higher feature value tends to decrease predicted y, indicating lower toxicity / higher LD50"
ECFP4_count_bit_1266,ECFP4_count,7.4730247e-06,-4.003054e-06,-0.17767164431233357,"Higher feature value tends to decrease predicted y, indicating lower toxicity / higher LD50"
ECFP4_count_bit_538,ECFP4_count,7.4523655e-06,-2.4176563e-06,0.0,No clear monotonic direction
ECFP4_count_bit_291,ECFP4_count,7.4128898e-06,-4.719396e-07,-0.09983166812281906,"Higher feature value tends to decrease predicted y, indicating lower toxicity / higher LD50"
ECFP4_count_bit_853,ECFP4_count,7.3645883e-06,5.3073677e-06,0.05260227868267108,"Higher feature value tends to increase predicted y, indicating higher toxicity / lower LD50"
ECFP4_count_bit_1805,ECFP4_count,7.329603e-06,1.0308796e-06,0.055485671443836815,"Higher feature value tends to increase predicted y, indicating higher toxicity / lower LD50"
ECFP4_count_bit_1681,ECFP4_count,7.11169e-06,1.6538794e-06,0.1668140755400743,"Higher feature value tends to increase predicted y, indicating higher toxicity / lower LD50"
ECFP4_count_bit_1748,ECFP4_count,6.7703527e-06,-9.675404e-07,-0.10580122381609398,"Higher feature value tends to decrease predicted y, indicating lower toxicity / higher LD50"
ECFP4_count_bit_645,ECFP4_count,6.7244077e-06,3.0364017e-06,0.09166956028623849,"Higher feature value tends to increase predicted y, indicating higher toxicity / lower LD50"
ECFP4_count_bit_596,ECFP4_count,6.6200473e-06,-3.2947235e-06,-0.07488299903304257,"Higher feature value tends to decrease predicted y, indicating lower toxicity / higher LD50"
ECFP4_count_bit_1052,ECFP4_count,6.610969e-06,-1.126671e-08,0.03055651625761432,"Higher feature value tends to increase predicted y, indicating higher toxicity / lower LD50"
ECFP4_count_bit_468,ECFP4_count,6.5055824e-06,-4.5902763e-07,0.0713406339623086,"Higher feature value tends to increase predicted y, indicating higher toxicity / lower LD50"
ECFP4_count_bit_483,ECFP4_count,6.426033e-06,3.3389201e-06,0.0,No clear monotonic direction
ECFP4_count_bit_659,ECFP4_count,6.2698355e-06,-4.0814868e-07,-0.0529751086419288,"Higher feature value tends to decrease predicted y, indicating lower toxicity / higher LD50"
ECFP4_count_bit_1371,ECFP4_count,6.229509e-06,6.5589234e-07,-0.07102923208947581,"Higher feature value tends to decrease predicted y, indicating lower toxicity / higher LD50"
ECFP4_count_bit_1767,ECFP4_count,6.2294457e-06,-6.196946e-06,,No clear monotonic direction
ECFP4_count_bit_1161,ECFP4_count,6.1449896e-06,-1.2300701e-06,,No clear monotonic direction
ECFP4_count_bit_685,ECFP4_count,6.081827e-06,-4.5088377e-06,,No clear monotonic direction
ECFP4_count_bit_404,ECFP4_count,5.955608e-06,-2.5542206e-06,0.07488290240051446,"Higher feature value tends to increase predicted y, indicating higher toxicity / lower LD50"
ECFP4_count_bit_1069,ECFP4_count,5.9526847e-06,2.7348392e-06,0.10580116597295935,"Higher feature value tends to increase predicted y, indicating higher toxicity / lower LD50"
ECFP4_count_bit_867,ECFP4_count,5.75472e-06,1.1164668e-07,0.023380364890403876,"Higher feature value tends to increase predicted y, indicating higher toxicity / lower LD50"
ECFP4_count_bit_1200,ECFP4_count,5.625528e-06,2.1016758e-06,0.15829520431669972,"Higher feature value tends to increase predicted y, indicating higher toxicity / lower LD50"
ECFP4_count_bit_111,ECFP4_count,5.47701e-06,-3.6737306e-06,-0.002880115659508089,"Higher feature value tends to decrease predicted y, indicating lower toxicity / higher LD50"
ECFP4_count_bit_688,ECFP4_count,5.4670845e-06,5.422261e-06,,No clear monotonic direction
ECFP4_count_bit_467,ECFP4_count,5.393211e-06,-1.9436714e-06,-0.10580097281262114,"Higher feature value tends to decrease predicted y, indicating lower toxicity / higher LD50"
ECFP4_count_bit_73,ECFP4_count,5.390011e-06,1.078928e-06,0.11823563172668493,"Higher feature value tends to increase predicted y, indicating higher toxicity / lower LD50"
ECFP4_count_bit_53,ECFP4_count,5.325969e-06,1.4848089e-06,0.03730038062529129,"Higher feature value tends to increase predicted y, indicating higher toxicity / lower LD50"
ECFP4_count_bit_1566,ECFP4_count,5.233063e-06,8.3933406e-07,0.10580145414735487,"Higher feature value tends to increase predicted y, indicating higher toxicity / lower LD50"
ECFP4_count_bit_1694,ECFP4_count,4.999453e-06,1.254514e-07,0.14934213610515057,"Higher feature value tends to increase predicted y, indicating higher toxicity / lower LD50"
ECFP4_count_bit_1786,ECFP4_count,4.889129e-06,-4.228776e-07,0.015178557582787947,"Higher feature value tends to increase predicted y, indicating higher toxicity / lower LD50"
ECFP4_count_bit_64,ECFP4_count,4.868545e-06,1.2202867e-06,0.05324976859972351,"Higher feature value tends to increase predicted y, indicating higher toxicity / lower LD50"
ECFP4_count_bit_572,ECFP4_count,4.715526e-06,-1.1888732e-06,-0.020190859142916098,"Higher feature value tends to decrease predicted y, indicating lower toxicity / higher LD50"
ECFP4_count_bit_1178,ECFP4_count,4.6521504e-06,-9.723894e-07,0.030557039265052658,"Higher feature value tends to increase predicted y, indicating higher toxicity / lower LD50"
ECFP4_count_bit_1559,ECFP4_count,4.374779e-06,2.0166094e-06,0.030556523782710787,"Higher feature value tends to increase predicted y, indicating higher toxicity / lower LD50"
ECFP4_count_bit_451,ECFP4_count,4.2281467e-06,3.7543095e-06,0.05297624720966483,"Higher feature value tends to increase predicted y, indicating higher toxicity / lower LD50"
ECFP4_count_bit_1259,ECFP4_count,4.126626e-06,3.342512e-06,0.0748829995862812,"Higher feature value tends to increase predicted y, indicating higher toxicity / lower LD50"
ECFP4_count_bit_1619,ECFP4_count,4.067737e-06,-6.2859306e-07,-0.052900581683707495,"Higher feature value tends to decrease predicted y, indicating lower toxicity / higher LD50"
ECFP4_count_bit_1040,ECFP4_count,3.869504e-06,1.344628e-06,0.13980357565233695,"Higher feature value tends to increase predicted y, indicating higher toxicity / lower LD50"
ECFP4_count_bit_1706,ECFP4_count,3.843705e-06,1.6850752e-06,-0.07488463820859098,"Higher feature value tends to decrease predicted y, indicating lower toxicity / higher LD50"
ECFP4_count_bit_752,ECFP4_count,3.7263699e-06,2.8319585e-06,-0.030556515881359644,"Higher feature value tends to decrease predicted y, indicating lower toxicity / higher LD50"
ECFP4_count_bit_672,ECFP4_count,3.3634165e-06,-1.3563148e-06,-0.030441884124093443,"Higher feature value tends to decrease predicted y, indicating lower toxicity / higher LD50"
ECFP4_count_bit_683,ECFP4_count,3.1057598e-06,8.3708676e-07,-0.07488301489255474,"Higher feature value tends to decrease predicted y, indicating lower toxicity / higher LD50"
ECFP4_count_bit_2016,ECFP4_count,3.0243764e-06,2.7981412e-06,0.18128219768417905,"Higher feature value tends to increase predicted y, indicating higher toxicity / lower LD50"
RDKit2D_fr_azo,RDKit2D,2.9764572e-06,-1.6217589e-06,-0.08650390804247232,"Higher feature value tends to decrease predicted y, indicating lower toxicity / higher LD50"
ECFP4_count_bit_1030,ECFP4_count,2.7632832e-06,-1.7269065e-06,0.09167598272798334,"Higher feature value tends to increase predicted y, indicating higher toxicity / lower LD50"
ECFP4_count_bit_1165,ECFP4_count,2.653839e-06,-1.2905094e-06,-0.04315259198136677,"Higher feature value tends to decrease predicted y, indicating lower toxicity / higher LD50"
ECFP4_count_bit_1350,ECFP4_count,2.2751528e-06,1.3290205e-06,-0.0005619827236767345,"Higher feature value tends to decrease predicted y, indicating lower toxicity / higher LD50"
ECFP4_count_bit_1131,ECFP4_count,2.007912e-06,4.2658544e-07,0.0748833704433331,"Higher feature value tends to increase predicted y, indicating higher toxicity / lower LD50"
ECFP4_count_bit_988,ECFP4_count,1.5872345e-06,-2.1287462e-07,0.030556534844612675,"Higher feature value tends to increase predicted y, indicating higher toxicity / lower LD50"
ECFP4_count_bit_1890,ECFP4_count,1.087655e-06,-5.75445e-07,-0.0530507431662898,"Higher feature value tends to decrease predicted y, indicating lower toxicity / higher LD50"
RDKit2D_fr_isocyan,RDKit2D,0.0,0.0,,No clear monotonic direction
RDKit2D_fr_diazo,RDKit2D,0.0,0.0,,No clear monotonic direction
RDKit2D_fr_azide,RDKit2D,0.0,0.0,,No clear monotonic direction
