Canonical SMILES,Toxicity Value,ld50_mgkg,molecular_weight,y,source_type,source_set,has_toxric,has_pubchem,n_raw_records,ld50_min_mgkg_raw,ld50_max_mgkg_raw,ld50_mean_mgkg_raw,ld50_median_mgkg_raw,raw_row_ids,n_fragments_original_max,heavy_atoms,element_set,oof_pred_y,oof_abs_error_y,oof_fold_error,remove_by_oof_high_residual
C#CC1(OC(=O)CC)CC2CCC3C(CCC4(C)C3CCC4(C#C)OC(=O)CC)C2(C)C1,5.999890568,5.999890568,438.60800000000035,4.863933219378122,TOXRIC_only,TOXRIC,True,False,1,5.999890568,5.999890568,5.999890568,5.999890568,15454,1,32,"C,O",2.776217,2.087716235582956,122.38163065345256,True
C#CC12OCC(C(C)(C)C)(CO1)CO2,0.429986853,0.429986853,196.24599999999995,5.6593456363897205,TOXRIC_only,TOXRIC,True,False,1,0.429986853,0.429986853,0.429986853,0.429986853,25282,1,14,"C,O",3.9009597,1.7583859062414051,57.330523340554564,True
C#CC12OCC(C(C)C)(CO1)CO2,2.000010977,2.000010977,182.21899999999997,4.959561279660224,TOXRIC_only,TOXRIC,True,False,1,2.000010977,2.000010977,2.000010977,2.000010977,25281,1,13,"C,O",3.502927,1.4566342147645939,28.617666269633155,True
C#CCN(C)Cc1ccc(OC)c2oc(=O)c(-c3ccccc3)cc12,4000.155972,4000.155972,333.387,1.920871735621313,TOXRIC_only,TOXRIC,True,False,1,4000.155972,4000.155972,4000.155972,4000.155972,20648,1,25,"C,N,O",3.5033689,1.582497118901392,38.23817169390602,True
C#Cc1ccc(C23OCC(CCCCCC)(CO2)CO3)cc1,250.0016646,250.0016646,300.39799999999997,3.0797541365124257,TOXRIC_only,TOXRIC,True,False,1,250.0016646,250.0016646,250.0016646,250.0016646,29881,1,22,"C,O",4.498503,1.4187490716479747,26.227027501477934,True
C#Cc1ccc(C23OCC(c4ccc(C)cc4)(CO2)CO3)cc1,200.0254601,200.0254601,306.36100000000005,3.1851482003948037,TOXRIC_only,TOXRIC,True,False,1,200.0254601,200.0254601,200.0254601,200.0254601,29891,1,23,"C,O",4.6830306,1.4978824049213584,31.468961052524392,True
C/C=N/c1nc(N)nc(/N=C/C)n1,1.800010103,1.800010103,178.199,4.9956303198808305,TOXRIC_only,TOXRIC,True,False,1,1.800010103,1.800010103,1.800010103,1.800010103,5845,1,13,"C,N",2.8543017,2.1413286288255327,138.4613714095006,True
C1C2CC3CC1CC(C2)C3,9999.412803,9999.412803,136.23799999999997,1.1343237618653976,TOXRIC_only,TOXRIC,True,False,1,9999.412803,9999.412803,9999.412803,9999.412803,1898,1,10,C,2.5219963,1.3876724978239334,24.415886523123003,True
C1SSSCC12CSSSC2,3999.677571,3999.677571,260.5210000000001,1.813817753895089,TOXRIC_only,TOXRIC,True,False,1,3999.677571,3999.677571,3999.677571,3999.677571,1877,1,11,"C,S",3.5686574,1.754839644328788,56.86429305814755,True
C=C(C#N)C(=O)O,6759.791078,6759.791078,97.07299999999998,1.157165177925334,TOXRIC_only,TOXRIC,True,False,1,6759.791078,6759.791078,6759.791078,6759.791078,7353,1,7,"C,N,O",3.2097292,2.0525640167157793,112.86622945306362,True
C=C(C)C(=O)OCCN(C)C,24.999761485,24.999761485,157.213,3.798552589934171,mixed,PubChem;TOXRIC,True,True,2,24.99952297,25.0,24.999761485,24.999761485,4263;37616,1,11,"C,N,O",2.413502,1.385050612013639,24.268929049844452,True
C=C(C)C1CCc2c(C)cc(O)c(C(=O)O)c2C1,5.99985384,5.99985384,246.30599999999998,4.613334320515369,TOXRIC_only,TOXRIC,True,False,1,5.99985384,5.99985384,5.99985384,5.99985384,22002,1,18,"C,O",2.9718895,1.6414448246657596,43.797046528277924,True
C=C(CC(=O)N1CCCCC1c1cccnc1)C(=O)O,22.99916157,22.99916157,274.32000000000005,4.0765454679223145,TOXRIC_only,TOXRIC,True,False,1,22.99916157,22.99916157,22.99916157,22.99916157,20922,1,20,"C,N,O",2.7092252,1.367320290157422,23.29808847402449,True
C=C1C(=CC=C2CCCC3(C)C2CCC3C(C)CCCC(C)(C)O)CC(O)CC1O,1.899790229,1.899790229,416.6460000000002,5.341061567067264,TOXRIC_only,TOXRIC,True,False,1,1.899790229,1.899790229,1.899790229,1.899790229,440,1,30,"C,O",3.5004816,1.840579961537479,69.27554666162239,True
C=C1C(=O)NC(C)C(=O)NC(CC(C)C)C(=O)NC(C(=O)O)C(C)C(=O)NC(CCCNC(=N)N)C(=O)NC(C=CC(C)=CC(C)C(O)Cc2ccccc2)C(C)C(=O)N(C)C(C(=O)O)CCC(=O)N1C,0.466005151,0.466005151,995.1889999999999,6.329514849837737,TOXRIC_only,TOXRIC,True,False,1,0.466005151,0.466005151,0.466005151,0.466005151,22252,1,71,"C,N,O",5.0174894,1.3120254165491625,20.51282224076159,True
C=C1C(=O)OC2CC(C)C3C=CC(=O)C3CC12,3.079880662,3.079880662,232.279,4.877476058699502,TOXRIC_only,TOXRIC,True,False,1,3.079880662,3.079880662,3.079880662,3.079880662,5519,1,17,"C,O",3.2998416,1.577634416319741,37.812415051332195,True
C=C1C(C)C2C(Cc3ccccc3)NC(=O)C23C(OC(C)=O)C=CC(C)(O)C(=O)C(C)CC=CC3C1O,1.999893622,1.999893622,507.6270000000003,5.404537818218184,TOXRIC_only,TOXRIC,True,False,1,1.999893622,1.999893622,1.999893622,1.999893622,9374,1,37,"C,N,O",3.8549466,1.5495912049064167,35.44795656754214,True
C=C1C(O)C2OC3(CCC(C=CC(C)C4CC(C)=CC5(OC(CC(C)(O)C(=O)O)CCC5O)O4)O3)CCC2OC1C(O)CC(C)C1OC2(CCCCO2)CCC1C,0.191996422,0.191996422,805.0149999999999,6.6225108373667245,TOXRIC_only,TOXRIC,True,False,1,0.191996422,0.191996422,0.191996422,0.191996422,22606,1,57,"C,O",4.9607267,1.6617840993906503,45.89697886802071,True
C=C1C2CC(O)C(C)(C)C2(O)C(O)CC2CC(C)(O)C3CC(O)C12C3O,100.0081419,100.0081419,368.47,3.5663667759699016,TOXRIC_only,TOXRIC,True,False,1,100.0081419,100.0081419,100.0081419,100.0081419,12374,1,26,"C,O",5.291465,1.7250980296331258,53.10042898276006,True
C=C1C2CC(O)C3C(O)C2(CC(O)C2(O)C1CC(O)C2(C)C)CC3(C)O,100.0081419,100.0081419,368.47000000000014,3.566366775969902,TOXRIC_only,TOXRIC,True,False,1,100.0081419,100.0081419,100.0081419,100.0081419,11934,1,26,"C,O",5.2325244,1.6661576190191116,46.36151496108443,True
C=C1CC(O)C2OC1C(=O)OC(C1(O)OCCC(C)C1C)C=CCC(O)C(O)C(=C)C1CCC(O1)C1C=CCC(O1)C1CCC(=C)C3(CC(C)C(=C)C2O3)O1,0.699962676,0.699962676,768.9409999999998,6.040818135325163,TOXRIC_only,TOXRIC,True,False,1,0.699962676,0.699962676,0.699962676,0.699962676,27874,1,55,"C,O",4.70916,1.3316582842509446,21.461411622470216,True
C=C1CCCC(C)(C)C1CCC(C)=CCCC1C(C)(O)CCC2C(C)(C)CCCC21C,7499.212818,7499.212818,428.7450000000003,1.7571833898697107,TOXRIC_only,TOXRIC,True,False,1,7499.212818,7499.212818,7499.212818,7499.212818,2218,1,31,"C,O",3.0783012,1.3211178014602454,20.946805564727672,True
C=C1CCOC2(C(O)C(C)(O)CO)NC(=O)C1(O)NC2=O,4999.950382,4999.950382,302.283,1.7814480291618306,TOXRIC_only,TOXRIC,True,False,1,4999.950382,4999.950382,4999.950382,4999.950382,12875,1,21,"C,N,O",3.4177208,1.6362727655159037,43.2785563508987,True
C=C1Oc2cc(OC)cc(C(=O)OC)c2NC1=O,5.09995907,5.09995907,249.22199999999995,4.689019686241327,TOXRIC_only,TOXRIC,True,False,1,5.09995907,5.09995907,5.09995907,5.09995907,6521,1,18,"C,N,O",2.479503,2.2095167699052674,162.00065478456125,True
C=CC(C)N(C)C(=N)SCCN,4.999946609,4.999946609,187.31199999999995,4.573600234182354,TOXRIC_only,TOXRIC,True,False,1,4.999946609,4.999946609,4.999946609,4.999946609,17245,1,12,"C,N,S",3.1846907,1.388909520299908,24.485530639914913,True
C=CC1(C)CCC(C)(C(C)C)c2cc3c4c(c[nH]c4c21)CC(CO)NC(=O)C(C(C)C)N3C,0.249969556,0.249969556,451.6550000000002,6.256919703600446,TOXRIC_only,TOXRIC,True,False,1,0.249969556,0.249969556,0.249969556,0.249969556,6489,1,33,"C,N,O",4.398962,1.8579576827264228,72.10372185254361,True
C=CC1C(OC2OC(CO)C(O)C(O)C2O)OC=C2C(=O)OCCC21O,7999.957265,7999.957265,374.3420000000002,1.6701808892898988,TOXRIC_only,TOXRIC,True,False,1,7999.957265,7999.957265,7999.957265,7999.957265,760,1,26,"C,O",3.1451952,1.475014356452899,29.854813082063345,True
C=CCC(=C)C=CC(C)(O)C1OC2CC3OC4CC5OC6CC7OC8CC9OC%10CC%11OC(C)(CCOS(=O)(=O)O)C(OS(=O)(=O)O)CC%11OC%10CC9OC8CCC7(C)OC6(C)CCC(C)C5OC4C(O)C3(C)OC2CC1=C,0.286006504,0.286006504,1143.3740000000003,6.6018124028374485,TOXRIC_only,TOXRIC,True,False,1,0.286006504,0.286006504,0.286006504,0.286006504,27849,1,78,"C,O,S",5.2340317,1.3677807255913548,23.32280201382977,True
C=CCC1(CC=C(C)C)C(=O)NC(=O)NC1=O,4.999978839,4.999978839,236.271,4.6744422531085945,TOXRIC_only,TOXRIC,True,False,1,4.999978839,4.999978839,4.999978839,4.999978839,25637,1,17,"C,N,O",3.23632,1.438122234340284,27.42345910203311,True
C=CCC12COC(c3ccc(C#C[Si](C)(C)C)cc3)(OC1)OC2,250.0121771,250.0121771,328.4840000000001,3.1185530585829544,TOXRIC_only,TOXRIC,True,False,1,250.0121771,250.0121771,250.0121771,250.0121771,29455,1,23,"C,O,Si",4.622772,1.5042191582139206,31.931488086752235,True
C=CCNC(=S)Nc1cc(=O)n(C)c(=O)n1C,6.499872203,6.499872203,254.315,4.592467158614082,TOXRIC_only,TOXRIC,True,False,1,6.499872203,6.499872203,6.499872203,6.499872203,11519,1,17,"C,N,O,S",3.1370316,1.4554356034383007,28.538793132880006,True
C=CC[N+]12CCC34c5ccccc5N5C=C6C7CC8C9(CC[N+]8(CC=C)CC7=CCO)c7ccccc7N(C=C(C(CC31)C(=CCO)C2)C54)C69,0.609990854,0.609990854,666.9100000000002,6.038743906115255,TOXRIC_only,TOXRIC,True,False,1,0.609990854,0.609990854,0.609990854,0.609990854,7219,1,50,"C,N,O",4.6895857,1.3491582203852746,22.343860969509553,True
C=CS(=O)(=O)COCS(=O)(=O)C=C,1.000055242,1.000055242,226.27499999999998,5.354612582933559,mixed,PubChem;TOXRIC,True,True,2,1.0,1.000110484,1.000055242,1.000055242,10348;39037,1,13,"C,O,S",2.9632895,2.3913230836507218,246.21986204967877,True
CC#CC#CC#CC=CC1OCCCC1O,6.489878834,6.489878834,214.26399999999992,4.518712619703396,TOXRIC_only,TOXRIC,True,False,1,6.489878834,6.489878834,6.489878834,6.489878834,8567,1,16,"C,O",3.1159828,1.4027298487835962,25.277251455741283,True
CC#CC#CC(=O)c1ccccc1,6.979792496,6.979792496,168.195,4.381970569642509,TOXRIC_only,TOXRIC,True,False,1,6.979792496,6.979792496,6.979792496,6.979792496,2274,1,13,"C,O",3.0645797,1.3173908443770062,20.767816814330697,True
CC(=CC=CC(C)C(=O)O)C1CNC(C(=O)O)C1CC(=O)O,3.599953745,3.599953745,311.3340000000001,4.936929630825673,TOXRIC_only,TOXRIC,True,False,1,3.599953745,3.599953745,3.599953745,3.599953745,6983,1,22,"C,N,O",2.6408825,2.296047138760243,197.71842340326003,True
CC(=CCc1c(O)c(Cl)c(C)c(C=O)c1O)CCC=C(C)C1CC(=O)C(C)(C)O1,2219.825959,2219.825959,420.9330000000002,2.277894048788491,TOXRIC_only,TOXRIC,True,False,1,2219.825959,2219.825959,2219.825959,2219.825959,12914,1,29,"C,Cl,O",3.5820708,1.30417677869564,20.145440991170545,True
CC(=O)C(O)C(O)C(C)=O,19.99972629,19.99972629,146.14199999999997,3.863750994422543,TOXRIC_only,TOXRIC,True,False,1,19.99972629,19.99972629,19.99972629,19.99972629,8513,1,10,"C,O",2.4104695,1.4532814624096035,28.39758854767489,True
CC(=O)C1=C(O)C2C3c4c[nH]c5cccc(c45)CC3C(C)(C)N2C1=O,13.0003478,13.0003478,336.3910000000001,4.4128893967155784,TOXRIC_only,TOXRIC,True,False,1,13.0003478,13.0003478,13.0003478,13.0003478,8032,1,25,"C,N,O",2.9880652,1.4248241539482445,26.596479489746315,True
CC(=O)C1=CC2(OC3CCC(O)(C(=O)CO)C(C)O3)C(=O)c3c(cc4cccc(O)c4c3O)CC2C(O)C1O,799.9454408,799.9454408,542.5370000000004,2.8313689940624553,TOXRIC_only,TOXRIC,True,False,1,799.9454408,799.9454408,799.9454408,799.9454408,11247,1,39,"C,O",4.376769,1.5454000717944782,35.10751352220725,True
CC(=O)C1=CCCC2CCC1N2,0.593301301,0.593301301,165.236,5.444829372451989,TOXRIC_only,TOXRIC,True,False,1,0.593301301,0.593301301,0.593301301,0.593301301,18197,1,12,"C,N,O",2.90195,2.5428794899446645,349.0434478381742,True
CC(=O)NC1=C(Cl)C(=O)c2ccccc2C1=O,10.99993391,10.99993391,249.653,4.355946713369755,mixed,PubChem;TOXRIC,True,True,2,10.99986782,11.0,10.99993391,10.99993391,5240;38736,1,17,"C,Cl,N,O",3.0010643,1.3548824128326453,22.640312280502137,True
CC(=O)Nc1ccc(N(CCBr)CCBr)cc1,1.201996698,1.201996698,364.08099999999996,5.4812947407314,TOXRIC_only,TOXRIC,True,False,1,1.201996698,1.201996698,1.201996698,1.201996698,3871,1,17,"Br,C,N,O",3.8292058,1.6520889893123325,44.88373497366913,True
CC(=O)Nc1cccc2c1CC(N1CCC(c3ccccc3)CC1)C(O)C2,0.620018711,0.620018711,364.4890000000001,5.769279630287901,TOXRIC_only,TOXRIC,True,False,1,0.620018711,0.620018711,0.620018711,0.620018711,28665,1,27,"C,N,O",3.3861554,2.383124263390318,241.61520619646694,True
CC(=O)OC1C(C(=O)NC2CC2)OC(n2cnc3c(N)ncnc32)C1OC(C)=O,5.000210191,5.000210191,404.38300000000015,4.907804628932775,TOXRIC_only,TOXRIC,True,False,1,5.000210191,5.000210191,5.000210191,5.000210191,15899,1,29,"C,N,O",2.8582673,2.0495373216512807,112.08237414186023,True
CC(=O)OC1C2OC2C2=CC(=O)C3(CC2(C)C1C)OC3(C)C=O,1.999744024,1.999744024,320.34100000000007,5.204638119344775,TOXRIC_only,TOXRIC,True,False,1,1.999744024,1.999744024,1.999744024,1.999744024,15419,1,23,"C,O",3.7428472,1.461790915136401,28.959490388114787,True
CC(=O)OC1C=CC(C)=CC(NC(=O)C(C)OC(C)=O)C2(C)C(=O)OC(CC(OC(C)=O)C=CC(C)=CC1)C(C)C2=O,5000.289275,5000.289275,587.6660000000003,2.0701354351862515,TOXRIC_only,TOXRIC,True,False,1,5000.289275,5000.289275,5000.289275,5000.289275,9721,1,42,"C,N,O",3.5653505,1.4952150973454867,31.276280350096915,True
CC(=O)OC1CC23COC(=O)C4OC45CCOC(=CCC=CC(=O)OC4CC(OC2C=C1C)C1(CO1)C43C)C5O,500.017903,500.017903,558.5800000000004,3.0480998272900823,TOXRIC_only,TOXRIC,True,False,1,500.017903,500.017903,500.017903,500.017903,25532,1,40,"C,O",5.723123,2.6750232462877985,473.1765857965456,True
CC(=O)OC1CC2CCC3C(CCC4(C)C3CC([N+]3(C)CCCCC3)C4OC(C)=O)C2(C)CC1N1CCCCC1,0.141989818,0.141989818,557.8400000000003,6.59425244967972,TOXRIC_only,TOXRIC,True,False,1,0.141989818,0.141989818,0.141989818,0.141989818,344,1,40,"C,N,O",5.064026,1.5302265707734701,33.90209767417909,True
CC(=O)OC1CC2CCCC1N2,6219.852972,6219.852972,169.22400000000002,1.4346818376469905,TOXRIC_only,TOXRIC,True,False,1,6219.852972,6219.852972,6219.852972,6219.852972,29557,1,12,"C,N,O",3.023619,1.5889370988917058,38.80941522434635,True
CC(=O)OCC1=CC2C(=O)C3(C=C(C)C(OC(=O)c4ccccc4NC(=O)c4cccc(O)c4NC(=O)c4ccccc4N(C)C)C3(O)C1O)C1C(CC2C)C1(C)C,0.642001622,0.642001622,791.898,6.091133120818736,TOXRIC_only,TOXRIC,True,False,1,0.642001622,0.642001622,0.642001622,0.642001622,25742,1,58,"C,N,O",4.2097588,1.8813743622738137,76.0981961504207,True
CC(=O)OCC1OC(OC(C)=O)C(N(CCCl)CCCl)C(OC(C)=O)C1OC(C)=O,2.999885671,2.999885671,472.3180000000002,5.197129793232608,TOXRIC_only,TOXRIC,True,False,1,2.999885671,2.999885671,2.999885671,2.999885671,15524,1,30,"C,Cl,N,O",3.8054748,1.3916550350844146,24.640813126274725,True
CC(=O)OCC[N+](C)(C)C(=O)Cc1ccc(-c2ccc(CC(=O)[N+](C)(C)CCOC(C)=O)cc2)cc1,0.124994986,0.124994986,498.62000000000035,6.600877102136805,TOXRIC_only,TOXRIC,True,False,1,0.124994986,0.124994986,0.124994986,0.124994986,13298,1,36,"C,N,O",5.1065607,1.4943163950445202,31.211626057248257,True
CC(=O)Oc1cc(C)c(OC(C)=O)c2c1N=S=N2,25.00018775,25.00018775,266.27799999999996,4.027392016117608,TOXRIC_only,TOXRIC,True,False,1,25.00018775,25.00018775,25.00018775,25.00018775,14853,1,18,"C,N,O,S",2.6114345,1.4159575564313291,26.05898863244217,True
CC(=O)Oc1ccc2c(c1OC(C)=O)-c1cccc3c1C(C2)N(C)CC3,0.26699848,0.26699848,351.40200000000016,6.1192954399783375,TOXRIC_only,TOXRIC,True,False,1,0.26699848,0.26699848,0.26699848,0.26699848,8180,1,26,"C,N,O",3.6422012,2.477094254751897,299.9813496627628,True
CC(=O)SCC[N+](C)(C)C(=O)Cc1ccc(-c2ccc(CC(=O)[N+](C)(C)CCSC(C)=O)cc2)cc1,0.132985967,0.132985967,530.7560000000003,6.601089096820456,TOXRIC_only,TOXRIC,True,False,1,0.132985967,0.132985967,0.132985967,0.132985967,16616,1,36,"C,N,O,S",5.120723,1.4803663261295377,30.22500115505985,True
CC(=O)c1c(OCC(O)CN2CCCCC2)cccc1OCC(O)CN1CCCCC1,681.0360414,681.0360414,434.5770000000003,2.804896641539776,TOXRIC_only,TOXRIC,True,False,1,681.0360414,681.0360414,681.0360414,681.0360414,24891,1,31,"C,N,O",4.1870675,1.382170867157734,24.108537591907236,True
CC(=O)c1ccc(OCC(O)CN2CCCCC2)cc1OCC(O)CN1CCCCC1,4.640245572,4.640245572,434.5770000000003,4.971525772562889,TOXRIC_only,TOXRIC,True,False,1,4.640245572,4.640245572,4.640245572,4.640245572,24889,1,31,"C,N,O",3.0402226,1.9313031277569808,85.36957665154272,True
CC(C(C)N1CC(=O)N(CN2CCOCC2)C(=O)C1)N1CC(=O)N(CN2CCOCC2)C(=O)C1,10.70075701,10.70075701,480.56600000000043,4.652338538936262,TOXRIC_only,TOXRIC,True,False,1,10.70075701,10.70075701,10.70075701,10.70075701,27158,1,34,"C,N,O",3.0743666,1.5779719694172192,37.841815976049325,True
CC(C)(C)CCOC(N)=O,20.99971073,20.99971073,145.202,3.839759285950902,TOXRIC_only,TOXRIC,True,False,1,20.99971073,20.99971073,20.99971073,20.99971073,4377,1,10,"C,N,O",2.462586,1.3771733598949938,23.832706237269544,True
CC(C)(C)N(CCCl)CCCl,1.419949832,1.419949832,198.13699999999997,5.144692582365251,TOXRIC_only,TOXRIC,True,False,1,1.419949832,1.419949832,1.419949832,1.419949832,17949,1,11,"C,Cl,N",3.826875,1.3178176109754807,20.788234680610856,True
CC(C)(C)NC(=O)C1CN(Cc2cccnc2)CCN1CC(O)CC(Cc1ccccc1)C(=O)NC1c2ccccc2CC1O,4999.975567,4999.975567,613.8030000000003,2.089061124634625,TOXRIC_only,TOXRIC,True,False,1,4999.975567,4999.975567,4999.975567,4999.975567,697,1,45,"C,N,O",3.546479,1.4574178621054874,28.669351023250062,True
CC(C)(O)C#N,0.99996475,0.99996475,85.10600000000001,4.929975488212992,mixed,PubChem;TOXRIC,True,True,2,0.9999295,1.0,0.99996475,0.99996475,99;36217,1,6,"C,N,O",3.043184,1.8867914462360629,77.05333602329354,True
CC(C)(O)C=CC(=O)C(C)(O)C1C(O)CC2(C)C3CC=C4C(CC(O)C(=O)C4(C)C)C3(C)C(=O)CC12C,1.750084678,1.750084678,516.6750000000004,5.470158385572732,TOXRIC_only,TOXRIC,True,False,1,1.750084678,1.750084678,1.750084678,1.750084678,4667,1,37,"C,O",3.43035,2.0398083203414084,109.59943627049982,True
CC(C)(O)CCC(O)C(C)(O)C1CCC2(O)C3=CC(=O)C4CC(O)C(O)CC4(C)C3CCC12C,6399.44075,6399.44075,480.64200000000034,1.8756796956826776,TOXRIC_only,TOXRIC,True,False,1,6399.44075,6399.44075,6399.44075,6399.44075,5195,1,34,"C,O",4.258706,2.383026397151795,241.56076546942356,True
CC(C)=CCCC(C)(O)C1CCC2(C)C1CCC1C3(C)CCC(O)C(C)(C)C3CCC12C,39.99604271,39.99604271,444.7440000000003,4.046093074296746,TOXRIC_only,TOXRIC,True,False,1,39.99604271,39.99604271,39.99604271,39.99604271,21541,1,32,"C,O",2.5536804,1.4924126543748706,31.075108550213567,True
CC(C)=CCCC(C)=CCCC(C)=CCCC(C)=CCCC(C)=CCCC(C)=CCCC(C)=CCCC(C)=CCCC(C)=CCCC(C)=CCN,1.293961082,1.293961082,698.2209999999999,5.7320716922943955,TOXRIC_only,TOXRIC,True,False,1,1.293961082,1.293961082,1.293961082,1.293961082,22318,1,51,"C,N",2.8837278,2.8483439033692246,705.2513129907784,True
CC(C)=CCCC(C)=CCCC(C)=CCCC(C)=CCCC(C)=CCCC(C)=CCCC(C)=CCCC(C)=CCCC(C)=CCO,4000.088732,4000.088732,631.0860000000002,2.198018920725388,TOXRIC_only,TOXRIC,True,False,1,4000.088732,4000.088732,4000.088732,4000.088732,6644,1,46,"C,O",3.5914261,1.393407213384109,24.74042827894247,True
CC(C)=CCc1c(O)cc(O)c2c(=O)c(-c3ccc(O)cc3O)coc12,3.200379274,3.200379274,354.35800000000006,5.044240792648452,TOXRIC_only,TOXRIC,True,False,1,3.200379274,3.200379274,3.200379274,3.200379274,21377,1,26,"C,O",2.936709,2.107531865493911,128.09490781794423,True
CC(C)C1(C(C)C)OCC(CO)O1,3.879927867,3.879927867,188.26699999999997,4.685950550698997,mixed,PubChem;TOXRIC,True,True,2,3.879855734,3.88,3.879927867,3.879927867,2214;36925,1,13,"C,O",2.7020004,1.9839501711366188,96.3718444853845,True
CC(C)C1(C)CC(=O)NC(=O)C1,4.299898358,4.299898358,169.22399999999996,4.595003766641957,TOXRIC_only,TOXRIC,True,False,1,4.299898358,4.299898358,4.299898358,4.299898358,3391,1,12,"C,N,O",3.1556823,1.439321441278798,27.499287485405983,True
CC(C)C1C(=O)NC(CO)Cc2c[nH]c3cccc(c23)N1C,1.250041476,1.250041476,301.3900000000001,5.382204415492622,TOXRIC_only,TOXRIC,True,False,1,1.250041476,1.250041476,1.250041476,1.250041476,33956,1,22,"C,N,O",3.3811097,2.0010947009845657,100.25238216577077,True
CC(C)C1NC(=O)C(CC(=O)O)NC1=O,9.999953326,9.999953326,214.22099999999998,4.33086406933,TOXRIC_only,TOXRIC,True,False,1,9.999953326,9.999953326,9.999953326,9.999953326,22848,1,15,"C,N,O",2.5147161,1.8161479209535347,65.48591815055967,True
CC(C)CCOCN(COCCC(C)C)c1nc(N(COCCC(C)C)COCCC(C)C)nc(N(COCCC(C)C)COCCC(C)C)n1,6170.093349,6170.093349,727.0889999999999,2.071295839688844,TOXRIC_only,TOXRIC,True,False,1,6170.093349,6170.093349,6170.093349,6170.093349,21249,1,51,"C,N,O",3.9522886,1.8809927879356678,76.0313650768953,True
CC(C)COc1ccccc1-c1nc(=O)c(C(=O)O)c[nH]1,6.599931323,6.599931323,288.30299999999994,4.6403097451369915,TOXRIC_only,TOXRIC,True,False,1,6.599931323,6.599931323,6.599931323,6.599931323,17518,1,21,"C,N,O",2.6477532,1.992556506459013,98.30067646043209,True
CC(C)N(CCS)C(C)C,4.9999380085,4.9999380085,161.31400000000002,4.508707440463208,mixed,PubChem;TOXRIC,True,True,2,4.999876017,5.0,4.9999380085,4.9999380085,5484;39163,1,10,"C,N,S",2.885007,1.6237005358611576,42.04366198438429,True
CC(C)NCC(O)COc1ccc2cccnc2c1,13.99962357,13.99962357,260.337,4.269419537664991,TOXRIC_only,TOXRIC,True,False,1,13.99962357,13.99962357,13.99962357,13.99962357,21119,1,19,"C,N,O",2.640618,1.6288014518037848,42.540388502508385,True
CC(C)OP(=O)(C#N)N(C)C,0.461984264,0.461984264,176.15599999999998,5.581270257180519,TOXRIC_only,TOXRIC,True,False,1,0.461984264,0.461984264,0.461984264,0.461984264,17421,1,11,"C,N,O,P",4.127508,1.4537620937283702,28.42903339972584,True
CC(C)OP(C)(=O)F,0.28299596,0.28299596,140.094,5.694639299894327,mixed,PubChem;TOXRIC,True,True,2,0.28299192,0.283,0.28299596,0.28299596,1495;36534,1,8,"C,F,O,P",3.8780324,1.816606853986734,65.5551558158521,True
CC(C)OP(C)(=O)SCC[N+](C)(C)C,0.120000499,0.120000499,240.32899999999995,6.301623127391703,TOXRIC_only,TOXRIC,True,False,1,0.120000499,0.120000499,0.120000499,0.120000499,3717,1,14,"C,N,O,P,S",4.8963976,1.4052255367544957,25.422926200149206,True
CC(C)c1cc(OC(=O)N(C)C)ccc1[N+](C)(C)C,0.167995569,0.167995569,265.37699999999995,6.198565453166388,TOXRIC_only,TOXRIC,True,False,1,0.167995569,0.167995569,0.167995569,0.167995569,32814,1,19,"C,N,O",4.415389,1.7831763921922672,60.69828104740453,True
CC(C)c1ccc2nc3ccc(C(=O)NCCCCn4ccnc4)cn3c(=O)c2c1,22.00076332,22.00076332,403.48600000000005,4.263390721338741,TOXRIC_only,TOXRIC,True,False,1,22.00076332,22.00076332,22.00076332,22.00076332,33674,1,30,"C,N,O",2.800553,1.4628376379189412,29.029371812292908,True
CC(CC1(c2ccccc2)C(=O)NC(=S)NC1=O)N(C)C,15.99984284,15.99984284,305.4030000000001,4.2807575820760695,TOXRIC_only,TOXRIC,True,False,1,15.99984284,15.99984284,15.99984284,15.99984284,3423,1,21,"C,N,O,S",2.8782253,1.4025322555379836,25.26575354747227,True
CC(CCC(C)OS(C)(=O)=O)OS(C)(=O)=O,16.00233268,16.00233268,274.36,4.234137499267386,TOXRIC_only,TOXRIC,True,False,1,16.00233268,16.00233268,16.00233268,16.00233268,966,1,16,"C,O,S",2.6217632,1.612374269897269,40.9613507790897,True
CC(CCCCCCCCF)CC(=O)O,2.419977832,2.419977832,218.31199999999998,4.955266220636969,TOXRIC_only,TOXRIC,True,False,1,2.419977832,2.419977832,2.419977832,2.419977832,2536,1,15,"C,F,O",3.6408832,1.314383013315802,20.624480271497738,True
CC(CO)CCC(O)C(C)(O)C1CCC2(O)C3=CC(=O)C4CC(O)C(O)CC4(C)C3CCC12C,7799.31842,7799.31842,480.64200000000034,1.7897650666454628,TOXRIC_only,TOXRIC,True,False,1,7799.31842,7799.31842,7799.31842,7799.31842,7214,1,34,"C,O",4.120208,2.330442719914596,214.01426398837492,True
CC(Cl)[N+](=O)[O-],559.9897734,559.9897734,109.512,2.2912816145432497,TOXRIC_only,TOXRIC,True,False,1,559.9897734,559.9897734,559.9897734,559.9897734,2579,1,6,"C,Cl,N,O",3.6067455,1.3154638669478391,20.67587352679598,True
CC(N)=NP(=S)(Oc1ccc(Cl)cc1)Oc1ccc(Cl)cc1,5.499750815,5.499750815,375.2170000000001,4.833939494038312,TOXRIC_only,TOXRIC,True,False,1,5.499750815,5.499750815,5.499750815,5.499750815,4759,1,22,"C,Cl,N,O,P,S",3.1285577,1.705381812000958,50.74366274863059,True
CC(N)C(=O)NC1C(C)OC(=O)C2C(=O)CC(O)C(O)C21,2843.99053,2843.99053,300.3109999999999,2.0236430941963057,TOXRIC_only,TOXRIC,True,False,1,2843.99053,2843.99053,2843.99053,2843.99053,10004,1,21,"C,N,O",3.5454965,1.521853369579329,33.25472567331163,True
CC(N)C(=O)NC1C2C(C(=O)CC(O)C2O)C(=O)OC1(C)C(Cl)Cl,4.944874382,4.944874382,383.22800000000007,4.8893019692686055,TOXRIC_only,TOXRIC,True,False,1,4.944874382,4.944874382,4.944874382,4.944874382,20996,1,24,"C,Cl,N,O",2.838775,2.050527049758718,112.33809365706237,True
CC1(C)C(C=C2CCSC2=O)C1C(=O)OCc1coc(Cc2ccccc2)c1,9.401937712,9.401937712,396.5080000000001,4.625034584473973,TOXRIC_only,TOXRIC,True,False,1,9.401937712,9.401937712,9.401937712,9.401937712,16085,1,28,"C,O,S",2.9706495,1.6543851036542705,45.12166363015281,True
CC1(C)CCC2(C(=O)O)CCC3=C(C(CCl)CC4C3(C)CCC3C4(C)CC(O)C(O)C3(C)C(=O)O)C2C1,2.999793345,2.999793345,537.1370000000003,5.252993731915836,TOXRIC_only,TOXRIC,True,False,1,2.999793345,2.999793345,2.999793345,2.999793345,4039,1,37,"C,Cl,O",3.3512013,1.9017924360631753,79.76133898976184,True
CC1(C)CCOS(=O)O1,9.300061911,9.300061911,150.19899999999998,4.208181201532527,TOXRIC_only,TOXRIC,True,False,1,9.300061911,9.300061911,9.300061911,9.300061911,3222,1,9,"C,O,S",2.5415447,1.666636525705501,46.41266708649243,True
CC1(C)CN2CN3CN1CN(C2)S3(=O)=O,4.000017219,4.000017219,232.309,4.764004174494361,TOXRIC_only,TOXRIC,True,False,1,4.000017219,4.000017219,4.000017219,4.000017219,29721,1,15,"C,N,O,S",2.946694,1.8173102772470466,65.66142100680348,True
CC1(C)OC2C(O1)C1(O)C(C3OC3C1(C)C)C(C)(O)C1CCC3CC21CC3(C)O,0.609947741,0.609947741,408.53500000000025,5.825936642132903,TOXRIC_only,TOXRIC,True,False,1,0.609947741,0.609947741,0.609947741,0.609947741,10856,1,29,"C,O",4.453406,1.3725307850467212,23.579293323053815,True
CC1(CCN2CCN(c3ccccc3Cl)CC2)C(O)c2ccccc2C1O,7099.577947,7099.577947,386.92300000000006,1.7363920146943805,TOXRIC_only,TOXRIC,True,False,1,7099.577947,7099.577947,7099.577947,7099.577947,9168,1,27,"C,Cl,N,O",3.0757978,1.3394057815550091,21.847702910888415,True
CC1(O)CC23CC(O)C4(O)C(CCC4(C)C)C(C)(O)C2CCC1C3O,100.0036673,100.0036673,354.4870000000001,3.5495843864647423,TOXRIC_only,TOXRIC,True,False,1,100.0036673,100.0036673,100.0036673,100.0036673,16275,1,25,"C,O",5.009682,1.4600977920325722,28.84680986531083,True
CC12CC3(O)OC(O1)C1(COC(=O)c4ccccc4)C3CC21OC1OC(CO)C(O)C(O)C1O,3530.249799,3530.249799,480.4660000000002,2.133857223431324,TOXRIC_only,TOXRIC,True,False,1,3530.249799,3530.249799,3530.249799,3530.249799,25,1,34,"C,O",3.629724,1.4958668022949944,31.32324895910774,True
CC12CCC(O)CC1CCC1C2CCC2(C)C(c3ccc(=O)oc3)CC3OC312,13.99941745,13.99941745,384.51600000000013,4.438804451834872,TOXRIC_only,TOXRIC,True,False,1,13.99941745,13.99941745,13.99941745,13.99941745,2196,1,28,"C,O",3.027028,1.4117763680336024,25.80930845470323,True
CC12CCC3C(CCC4CC5NCC(O5)C43C)C1CC(O)C2,0.300037321,0.300037321,305.46200000000005,6.007781911915191,TOXRIC_only,TOXRIC,True,False,1,0.300037321,0.300037321,0.300037321,0.300037321,2209,1,22,"C,N,O",3.4485915,2.559190441196807,362.4018793619137,True
CC12CCc3c(ccc4cc(OS(=O)(=O)O)ccc34)C1CCC2O,0.749956949,0.749956949,348.42000000000013,5.667066742823097,TOXRIC_only,TOXRIC,True,False,1,0.749956949,0.749956949,0.749956949,0.749956949,15367,1,24,"C,O,S",3.0716703,2.595396449015114,393.909494654434,True
CC12OCC(C(C)(C)C)(CO1)CO2,1.29999302,1.29999302,186.25099999999995,5.156157592723242,TOXRIC_only,TOXRIC,True,False,1,1.29999302,1.29999302,1.29999302,1.29999302,20159,1,13,"C,O",3.5958092,1.5603483714555422,36.33694164611924,True
CC1=C(O)C(=O)C=C2C1=CC=C1C2(C)CCC2(C)C3CC(C)C(=O)CC3(C)CCC12C,12.78021269,12.78021269,420.5930000000003,4.51732395890531,TOXRIC_only,TOXRIC,True,False,1,12.78021269,12.78021269,12.78021269,12.78021269,14215,1,31,"C,O",3.1557412,1.3615827441531128,22.992317297036475,True
CC1=CC(=O)CC2(O)C3=C(C=CC12O)C(=O)c1c(O)cccc1C3=O,1.559930835,1.559930835,338.31500000000005,5.336215910879825,TOXRIC_only,TOXRIC,True,False,1,1.559930835,1.559930835,1.559930835,1.559930835,15411,1,25,"C,O",3.5875192,1.7486967420260653,56.06563457213319,True
CC1=CC(=O)OCC23CCC(C)=CC2OC2CC(OC(=O)C=CC=CC(=O)OCC1)C3(C)C21CO1,0.499953565,0.499953565,484.54500000000036,5.986404446927942,TOXRIC_only,TOXRIC,True,False,1,0.499953565,0.499953565,0.499953565,0.499953565,31355,1,35,"C,O",4.4867287,1.4996757787150514,31.599177519604368,True
CC1=CC(=O)c2nsnc2C1=O,4500.049949,4500.049949,180.188,1.602508530528011,TOXRIC_only,TOXRIC,True,False,1,4500.049949,4500.049949,4500.049949,4500.049949,14854,1,12,"C,N,O,S",3.7263517,2.123843207448063,132.9974173120172,True
CC1=CC(O)C(O)C2(C)C1CC1OC(=O)C(OC(=O)CC(C)C)C3C(C)C(O)C4(O)COC13C42,0.299966289,0.299966289,480.55400000000026,6.204669746243902,TOXRIC_only,TOXRIC,True,False,1,0.299966289,0.299966289,0.299966289,0.299966289,11071,1,34,"C,O",4.386651,1.818018707120367,65.7686166403594,True
CC1=CCC2CC(CC3(CCC(C)C(C(C)C)O3)O2)OC(=O)C2C=C(C)C(O)C3OCC(=CC=CC(C)C1)C23O,667.9520058,667.9520058,556.7400000000002,2.9209071667702227,TOXRIC_only,TOXRIC,True,False,1,667.9520058,667.9520058,667.9520058,667.9520058,22434,1,40,"C,O",4.684181,1.7632740466086836,57.97944403771786,True
CC1=CCCC(C)C(O)C(C)C(O)CCC=CC(C)C(O)C=CC(C)C(O)C(C)=CC(OC2OC(CO)C(O)C(O)C2O)C(O)CC(O)CC(O)CC(O)C(C)C(O)C(C)C(O)CC(O)CC(O)C=CCC(C(C)C(O)CCCN)OC1=O,2.599936773,2.599936773,1192.529000000001,5.661506162407049,TOXRIC_only,TOXRIC,True,False,1,2.599936773,2.599936773,2.599936773,2.599936773,6532,1,83,"C,N,O",4.338399,1.3231072289964043,21.042979349741813,True
CC1=NC(=N)OC1c1ccccc1,9.999827784,9.999827784,174.203,4.241063109156564,TOXRIC_only,TOXRIC,True,False,1,9.999827784,9.999827784,9.999827784,9.999827784,11787,1,13,"C,N,O",2.9016302,1.3394329459638152,21.84906949167418,True
CC1C(OS(=O)(=O)O)CC2CC(C(O)c3cc(=O)[nH]c(=O)[nH]3)NC3=NCC1N32,2.09985846,2.09985846,415.4280000000001,5.296305742494056,TOXRIC_only,TOXRIC,True,False,1,2.09985846,2.09985846,2.09985846,2.09985846,30367,1,28,"C,N,O,S",3.2316072,2.064698543778846,116.06426988755334,True
CC1C=CC=CCCC=CC=CC=CC=CC(OC2OC(C)C(O)C(N)C2O)CC2OC(O)(CC(O)C(O)CCC(O)CC(O)CC(O)CC(=O)OC(C)C(C)C1O)CC(O)C2C(=O)O,8.177957499,8.177957499,926.1070000000003,5.054016317650962,TOXRIC_only,TOXRIC,True,False,1,8.177957499,8.177957499,8.177957499,8.177957499,693,1,65,"C,N,O",3.6773238,1.3766924994441752,23.806332741434204,True
CC1C=CC=CCCC=CC=CC=CC=CC(OC2OC(C)C(O)C(N)C2O)CC2OC(O)(CC(O)CC(O)C(O)CCC(O)CC(O)CC(=O)OC(C)C(C)C1O)CC(O)C2C(=O)O,449.9965987,449.9965987,926.1070000000003,3.313451935666273,TOXRIC_only,TOXRIC,True,False,1,449.9965987,449.9965987,449.9965987,449.9965987,31021,1,65,"C,N,O",4.7354107,1.4219587546413441,26.42157817173471,True
CC1CC(C)(O)CC(C(O)CC2CC(=O)NC(=O)C2)C1=O,6.499978136,6.499978136,297.35100000000006,4.660357507575246,TOXRIC_only,TOXRIC,True,False,1,6.499978136,6.499978136,6.499978136,6.499978136,2357,1,21,"C,N,O",3.024485,1.6358723963386739,43.238676922892815,True
CC1CC(O)C2(O)C13CC(OC(=O)C3O)C(C)(O)C21COC1=O,0.699985075,0.699985075,328.3170000000001,5.6712045906067265,TOXRIC_only,TOXRIC,True,False,1,0.699985075,0.699985075,0.699985075,0.699985075,5151,1,23,"C,O",4.3129315,1.3582730529785527,22.817762370700585,True
CC1CC=CC[N+]1(C)OCCc1ccc(-c2ccc(CCO[N+]3(C)CC=CCC3C)cc2)cc1,0.370017593,0.370017593,462.6780000000003,6.097056475914535,TOXRIC_only,TOXRIC,True,False,1,0.370017593,0.370017593,0.370017593,0.370017593,31512,1,34,"C,N,O",4.4593706,1.6376858628163902,43.41960445767092,True
CC1CCC(C(C)C)C(O)C1,9680.351497,9680.351497,156.26899999999998,1.207981706032975,TOXRIC_only,TOXRIC,True,False,1,9680.351497,9680.351497,9680.351497,9680.351497,83,1,11,"C,O",2.7705615,1.562579750647323,36.52411913055376,True
CC1CCC(C(C)C2C(O)CC3C4CCC5CC(O)CCC5(C)C4CCC32C)=NC1,14.12129086,14.12129086,415.66200000000026,4.46886592453355,TOXRIC_only,TOXRIC,True,False,1,14.12129086,14.12129086,14.12129086,14.12129086,12476,1,30,"C,N,O",2.9619904,1.5068755680882377,32.127399083753446,True
CC1CCC(NC(=O)c2ccccc2)CC1,3.639966501,3.639966501,217.31199999999998,4.775986321977649,TOXRIC_only,TOXRIC,True,False,1,3.639966501,3.639966501,3.639966501,3.639966501,5919,1,16,"C,N,O",2.646171,2.129815228990588,134.8389087091794,True
CC1CCC2C(C)C(=O)OC3OC4(C)CCC1C32OO4,1557.966891,1557.966891,282.33599999999996,2.258208033484025,TOXRIC_only,TOXRIC,True,False,1,1557.966891,1557.966891,1557.966891,1557.966891,12,1,20,"C,O",3.708392,1.4501838713469075,28.195764292354582,True
CC1CCCC(=O)CCCC=Cc2cc(O)cc(O)c2C(=O)O1,5.000486856,5.000486856,318.3690000000001,4.80391848325847,TOXRIC_only,TOXRIC,True,False,1,5.000486856,5.000486856,5.000486856,5.000486856,7972,1,23,"C,O",3.0977206,1.7061978602421126,50.839100768872605,True
CC1CN2CCO[Si](CCC(F)(F)F)(O1)OC(C)C2,259.9956574,259.9956574,299.365,3.061234929621143,TOXRIC_only,TOXRIC,True,False,1,259.9956574,259.9956574,259.9956574,259.9956574,17184,1,19,"C,F,N,O,Si",4.677945,1.6167102074027828,41.37235165279578,True
CC1CN2CCO[Si](CCC(F)(F)F)(OCC2)O1,259.9927103,259.9927103,285.33799999999997,3.040398441494441,TOXRIC_only,TOXRIC,True,False,1,259.9927103,259.9927103,259.9927103,259.9927103,17181,1,18,"C,F,N,O,Si",4.982864,1.9424654615512131,87.59220547815303,True
CC1Cc2c(Cl)cc(C(=O)NC(Cc3ccccc3)C(=O)O)c(O)c2C(=O)O1,21.99901934,21.99901934,403.81800000000015,4.263782351997332,TOXRIC_only,TOXRIC,True,False,1,21.99901934,21.99901934,21.99901934,21.99901934,1925,1,28,"C,Cl,N,O",2.7559016,1.5078807769088307,32.20184660613213,True
CC1NC(=O)C(C(C)O)NC(=O)C(NC(=O)C(CO)NC(=O)CC(N)C(=O)O)C(C)OC(=O)C2C(O)CCN2C(=O)C(C(O)C(C)C)NC(=O)C(C(C)c2c[nH]c3ccccc23)NC(=O)C(=Cc2c[nH]c3ccccc23)NC(=O)C2C(O)CCN2C(=O)CNC1=O,999.9709192,999.9709192,1272.3370000000004,3.104614786611358,TOXRIC_only,TOXRIC,True,False,1,999.9709192,999.9709192,999.9709192,999.9709192,8339,1,91,"C,N,O",4.680169,1.5755543189184271,37.63174168233706,True
CC1NC(=O)C(CC(C)(C)O)NC(=O)C2Cc3c([nH]c4ccccc34)SCC(NC(=O)C(C(C)O)NC1=O)C(=O)N1CCCC1C(=O)NC(C)C(=O)N2,100.002246,100.002246,756.8829999999998,3.879018996714188,TOXRIC_only,TOXRIC,True,False,1,100.002246,100.002246,100.002246,100.002246,19347,1,53,"C,N,O,S",5.3545732,1.4755542531027066,29.89195041011622,True
CC1OC(=O)C(C(C)C)NC(=O)C(C(C)C)OC(=O)C(C(C)C)NC(=O)C(C)OC(=O)C(C(C)C)NC(=O)C(C(C)C)OC(=O)C(C(C)C)NC(=O)C(C)OC(=O)C(C(C)C)NC(=O)C(C(C)C)OC(=O)C(C(C)C)NC1=O,0.389986665,0.389986665,1111.338,6.454796407198516,TOXRIC_only,TOXRIC,True,False,1,0.389986665,0.389986665,0.389986665,0.389986665,3811,1,78,"C,N,O",4.2659335,2.1888628935571584,154.47666808651414,True
CC1OC(C[N+](C)(C)C)CC1O,4.999885233,4.999885233,174.26399999999998,4.542247642782152,TOXRIC_only,TOXRIC,True,False,1,4.999885233,4.999885233,4.999885233,4.999885233,77,1,12,"C,N,O",2.937777,1.6044706003932356,40.222642632038095,True
CC1OC2CC(=O)OC2C2=C1C(=O)c1cc(C3CC(N(C)C)C(O)C(C)O3)ccc1C2=O,7.80035336,7.80035336,441.48000000000013,4.752796756980309,TOXRIC_only,TOXRIC,True,False,1,7.80035336,7.80035336,7.80035336,7.80035336,16490,1,32,"C,N,O",3.368381,1.3844157335733263,24.23347715280151,True
CC1OC2OC3CC4CCC5C(CCC6(C)C(C7=CC(=O)OC7)CCC56O)C4(C)CC3OC2(O)C2(N=CCS2)C1O,9199.204402,9199.204402,589.7510000000004,1.806918417176939,TOXRIC_only,TOXRIC,True,False,1,9199.204402,9199.204402,9199.204402,9199.204402,18640,1,41,"C,N,O,S",4.6717834,2.864865030088686,732.5968215320025,True
CC=C(C)C(=O)OC1C(OC(C)=O)C2(CO)C(O)CC3(C)C(=CCC4C5(C)CCC(OC6OC(C(=O)O)C(OC7OC(CO)C(O)C(O)C7O)C(O)C6OC6OC(CO)C(O)C(O)C6O)C(C)(CO)C5CCC43C)C2CC1(C)C,3.20008769,3.20008769,1131.2690000000005,5.548404007196947,TOXRIC_only,TOXRIC,True,False,1,3.20008769,3.20008769,3.20008769,3.20008769,6507,1,79,"C,O",4.047761,1.5006430437570053,31.66963395739062,True
CC=C(C)C(O)C(C)C=C(C)C=CCC(C)=CCc1[nH]c(OC)c(OC)c(=O)c1C,0.870054431,0.870054431,415.5740000000002,5.679101945377192,TOXRIC_only,TOXRIC,True,False,1,0.870054431,0.870054431,0.870054431,0.870054431,4194,1,30,"C,N,O",3.4117546,2.267347337222895,185.07482066241548,True
CC=C1C2C=C(C)CC1(N)c1ccc(=O)[nH]c1C2,2.387811944,2.387811944,242.32199999999997,5.006392724542526,TOXRIC_only,TOXRIC,True,False,1,2.387811944,2.387811944,2.387811944,2.387811944,26372,1,18,"C,N,O",3.3762364,1.6301562857913057,42.67330559003658,True
CC=CC(=O)O,25.00000001,25.00000001,86.08999999999999,3.5370126989721027,TOXRIC_only,TOXRIC,True,False,1,25.00000001,25.00000001,25.00000001,25.00000001,31318,1,6,"C,O",2.2295032,1.307509544217464,20.300631327937964,True
CC=CC1OC1(C)c1cc(=O)c2c(CC(=O)O)cc3cc4c(c(O)c3c2o1)C(=O)CCC4OC(C)=O,1.8000731,1.8000731,492.48000000000036,5.437098456224742,TOXRIC_only,TOXRIC,True,False,1,1.8000731,1.8000731,1.8000731,1.8000731,29495,1,36,"C,O",3.947146,1.4899525173514512,30.89957580210969,True
CC=CC=CC1OC(O)(C(CC)C(=O)NCC=CC=C(C)C(OC)C(C)C2OC(C=CC=CC=C(C)C(=O)c3c(O)cc[nH]c3=O)C(O)C2O)C(O)C(O)C1(C)C,499.9654941,499.9654941,796.9550000000004,3.2024937678275576,TOXRIC_only,TOXRIC,True,False,1,499.9654941,499.9654941,499.9654941,499.9654941,14271,1,57,"C,N,O",4.562147,1.3596533726753721,22.890399516319857,True
CC=CCC(=O)c1c(O)ccc(O)c1O,2.999956775,2.999956775,208.213,4.84139284444379,TOXRIC_only,TOXRIC,True,False,1,2.999956775,2.999956775,2.999956775,2.999956775,5904,1,15,"C,O",3.149696,1.6916967327647132,49.16960650915538,True
CCC(=O)CC(O)CC(C)CC(NC(=O)C1CC(C)CN1C(=O)C=CC(C)CC)C(=O)NC(C(=O)NC(C)(C)C(=O)NC(CC(C)C)C(=O)NC(CC(C)C)C(=O)NC(C)(C)C(=O)NC(C)(C)C(=O)NCCCC(N)=O)C(O)C(C)C,1.599984661,1.599984661,1147.5109999999995,5.855641038251793,TOXRIC_only,TOXRIC,True,False,1,1.599984661,1.599984661,1.599984661,1.599984661,13090,1,81,"C,N,O",3.8431928,2.0124482224711535,102.90778309924504,True
CCC(C)C(=O)OC1C(O)C2C(CN3CC(C)CCC3C2(C)O)C2CC34OC5(O)C(OC(=O)C(C)(O)CC)CCC3(C)C5C(OC(C)=O)C(OC(C)=O)C4C21O,0.199987909,0.199987909,793.9480000000001,6.598788319438504,TOXRIC_only,TOXRIC,True,False,1,0.199987909,0.199987909,0.199987909,0.199987909,1818,1,56,"C,N,O",5.091176,1.5076122864184844,32.181944862141115,True
CCC(C)C(NC(=O)C(NC(=O)C(Cc1ccccc1)NC(=O)C(C)NC(=O)c1ccccc1)C(C)C)C(=O)NC(CC(=O)O)C(=O)NC(CC(=O)O)C(=O)NC(CCC(=O)O)C(=O)NC(CCC(N)=O)C(=O)O,2.000011539,2.000011539,1040.0939999999998,5.716040089745873,TOXRIC_only,TOXRIC,True,False,1,2.000011539,2.000011539,2.000011539,2.000011539,24572,1,74,"C,N,O",3.8748336,1.8412065059140863,69.37556066151933,True
CCC(C=CC1OC(=O)C=CC1C)=CC(C)CC=CC(C)=CC(CO)C(=O)C(C)C(O)C(C)CC(C)=CC(=O)O,1.199913784,1.199913784,556.7400000000004,5.666502382790693,TOXRIC_only,TOXRIC,True,False,1,1.199913784,1.199913784,1.199913784,1.199913784,34138,1,40,"C,O",3.7326832,1.9338192010279975,85.86559842934994,True
CCC(CC)C1(C)OCC(CO)O1,3.479870612,3.479870612,188.26699999999997,4.733211105880514,TOXRIC_only,TOXRIC,True,False,1,3.479870612,3.479870612,3.479870612,3.479870612,32775,1,13,"C,O",2.4925504,2.2406607328031214,174.04467198500112,True
CCC(NC(=O)CNC(=O)C(C)NC(=O)C(CO)NC(=O)CNC(=O)C(Cc1c[nH]c2ccccc12)NC(=O)C(NC(=O)C(C)NC(=O)C(CC)NC(=O)C(CCC(=O)O)NC(=O)C(NC(=O)C(CC)NC(=O)C(CC(C)C)NC(=O)C(C)N)C(C)CC)C(C)C)C(=O)NC(C(=O)NC(C(=O)NC(C)C(=O)NC(C)C(=O)NC(C)C(=O)O)C(C)CC)C(C)C,3309.879225,3309.879225,1754.0639999999987,2.7242332883035734,TOXRIC_only,TOXRIC,True,False,1,3309.879225,3309.879225,3309.879225,3309.879225,16245,1,124,"C,N,O",4.249439,1.5252054743612216,33.512395623972665,True
CCC(O)(C#N)CC,1.0,1.0,113.16,5.053692938784954,mixed,PubChem;TOXRIC,True,True,2,1.0,1.0,1.0,1.0,12010;38209,1,8,"C,N,O",2.9147375,2.138955475787517,137.70682835313775,True
CCC(O)C(C)C=CC=CC(O)CC1C=CC2CC(C)CC(C)C2C1(C)C(=O)C1=C(O)C(O)NC1=O,500.035881,500.035881,501.66400000000027,3.0014117676035466,TOXRIC_only,TOXRIC,True,False,1,500.035881,500.035881,500.035881,500.035881,34817,1,36,"C,N,O",4.4082866,1.406874803899139,25.519655295789313,True
CCC(O)C1(C)CC(C)C(C2CC(C)C(C3(C)OC(C4(C)OC5(CC(O)C(C)C(CC(OC(=O)c6c(C)cc(OC)cc6O)C(C)(O)C(=O)O)O5)CC4C)CC3OC)O2)O1,999.9529986,999.9529986,851.0400000000003,2.929970385904889,TOXRIC_only,TOXRIC,True,False,1,999.9529986,999.9529986,999.9529986,999.9529986,23189,1,60,"C,O",4.707622,1.7776516653341248,59.93101945778242,True
CCC(O)CC1CCCC2(CC3OC(=O)C=CC(C)(O)C(O)C(C)C(O)C(OC4CCC(N(C)C)C(C)O4)C(O)C(C)(O)CCCCCC=CC4CC(C)(C)OC4(O)CC(O2)C3C)O1,1.799976321,1.799976321,912.2119999999999,5.704828989093718,TOXRIC_only,TOXRIC,True,False,1,1.799976321,1.799976321,1.799976321,1.799976321,34891,1,64,"C,N,O",4.28806,1.416768800800261,26.10771125152276,True
CCC(c1ccc([N+](C)(C)C)cc1)C(CC)c1ccc([N+](C)(C)C)cc1,0.310015737,0.310015737,354.5820000000001,6.058332945276253,TOXRIC_only,TOXRIC,True,False,1,0.310015737,0.310015737,0.310015737,0.310015737,2590,1,26,"C,N",3.8095531,2.248779798913948,177.32901385305937,True
CCC1(CC)OCC(CO)O1,6.619876044,6.619876044,160.213,4.383847895263045,TOXRIC_only,TOXRIC,True,False,1,6.619876044,6.619876044,6.619876044,6.619876044,5387,1,11,"C,O",2.3492308,2.0346171289666586,108.29717525898839,True
CCC1(Cc2ccccc2)C(=O)NC(=S)N(C)C1=O,14.99994574,14.99994574,276.361,4.265387067425053,TOXRIC_only,TOXRIC,True,False,1,14.99994574,14.99994574,14.99994574,14.99994574,18890,1,19,"C,N,O,S",2.9004316,1.3649554344294472,23.171568603571213,True
CCC1(N(C)C(C)=O)C(=O)c2ccccc2C1=O,27.99908675,27.99908675,245.278,3.942514730150519,TOXRIC_only,TOXRIC,True,False,1,27.99908675,27.99908675,27.99908675,27.99908675,16261,1,18,"C,N,O",2.584526,1.3579886681388,22.802825727808674,True
CCC1C(=O)NC(C(=O)O)C(C)C(=O)NC(CCCNC(=N)N)C(=O)NC(C=CC(C)=CC(C)C(Cc2ccccc2)OC)C(C)C(=O)NC(C(=O)O)CCC(=O)N1C,0.15000127,0.15000127,826.993,6.741406897458926,TOXRIC_only,TOXRIC,True,False,1,0.15000127,0.15000127,0.15000127,0.15000127,30461,1,59,"C,N,O",4.903233,1.8381738461588775,68.89280159914581,True
CCC1C2CC3C4N(C)c5ccccc5C45CC(C2C5O)[N+]3(CC(=O)OC2CCC3(C)C(CCC4C3CCC3(C)C(C5=CC(=O)OC5)CCC43O)C2)C1O,740.009974,740.009974,741.9900000000001,3.0011604789373405,TOXRIC_only,TOXRIC,True,False,1,740.009974,740.009974,740.009974,740.009974,23648,1,54,"C,N,O",4.535511,1.5343505379083626,34.22555803772157,True
CCC1CC2CCC(O2)C(C)C(=O)OC(CC)CC2CCC(O2)C(C)C(=O)OC(CC)CC2CCC(O2)C(C)C(=O)OC(CC)CC2CCC(O2)C(C)C(=O)O1,499.9697369,499.9697369,793.0480000000001,3.2003557568623977,TOXRIC_only,TOXRIC,True,False,1,499.9697369,499.9697369,499.9697369,499.9697369,11938,1,56,"C,O",4.7482424,1.5478866213724656,35.30909784373909,True
CCC1NC(=O)C(NC(=O)c2ncccc2O)C(C)OC(=O)C(c2ccccc2)NC(=O)C2CC(=O)CCN2C(=O)C(Cc2ccc(N(C)C)cc2)N(C)C(=O)C2CCCN2C1=O,0.3500109,0.3500109,866.9729999999996,6.3939240032132805,TOXRIC_only,TOXRIC,True,False,1,0.3500109,0.3500109,0.3500109,0.3500109,4388,1,63,"C,N,O",4.1918325,2.202091460793847,159.2544075565363,True
CCC1NC(=O)C2C(Cl)C(Cl)CN2C(=O)C(CO)NC(=O)CC(c2ccccc2)NC(=O)C(CO)NC1=O,0.329973482,0.329973482,572.4460000000003,6.239255485434988,TOXRIC_only,TOXRIC,True,False,1,0.329973482,0.329973482,0.329973482,0.329973482,6522,1,38,"C,Cl,N,O",3.5974658,2.6417897318796904,438.31843003733144,True
CCC1OC(=O)C(C)C(OC2CC(C)(OC)C(O)C(C)O2)C(C)C(OC2OC(C)CC(N(C)C)C2OC(=O)c2ccco2)C(C)(O)CC(C)C(=O)C(C)C(O)C1(C)O,9999.927533,9999.927533,828.0060000000002,1.9180366310481665,TOXRIC_only,TOXRIC,True,False,1,9999.927533,9999.927533,9999.927533,9999.927533,16611,1,58,"C,N,O",3.2507153,1.3326786246891382,21.51189278433985,True
CCC1S/C(=N/N)NC1=O,6.599834184,6.599834184,159.214,4.382448229100095,TOXRIC_only,TOXRIC,True,False,1,6.599834184,6.599834184,6.599834184,6.599834184,11643,1,10,"C,N,O,S",2.81319,1.5692582457321747,37.09012062352983,True
CCCC(=O)OCC(OC(=O)CCC)C(OC(=O)CCC)C(Cn1c2nc(=O)[nH]c(=O)c-2nc2cc(C)c(C)cc21)OC(=O)CCC,9999.497503,9999.497503,656.7330000000001,1.817410663298336,TOXRIC_only,TOXRIC,True,False,1,9999.497503,9999.497503,9999.497503,9999.497503,2886,1,47,"C,N,O",3.1686394,1.3512287581646767,22.450641665788538,True
CCCC12COC(c3ccc(C#CC(C)(C)C)cc3)(OC1)OC2,249.9801224,249.9801224,314.42500000000007,3.099611593217539,TOXRIC_only,TOXRIC,True,False,1,249.9801224,249.9801224,249.9801224,249.9801224,27224,1,23,"C,O",4.8504314,1.7508198490432032,56.34039001368938,True
CCCC12COC(c3ccc(C#C[SiH](C)C)cc3)(OC1)OC2,1.800153567,1.800153567,316.47300000000007,5.245027108598061,TOXRIC_only,TOXRIC,True,False,1,1.800153567,1.800153567,1.800153567,1.800153567,29898,1,22,"C,O,Si",3.754888,1.4901390508893204,30.912850309189583,True
CCCC12COC(c3ccc(C#C[Si](C)(C)CCCC#N)cc3)(OC1)OC2,1.700159555,1.700159555,383.56400000000014,5.35334815846517,TOXRIC_only,TOXRIC,True,False,1,1.700159555,1.700159555,1.700159555,1.700159555,29902,1,27,"C,N,O,Si",4.0163374,1.3370107637508148,21.72755028739511,True
CCCCCC1(CC)OCC(CO)O1,2.719946216,2.719946216,202.29399999999998,4.871422685458869,TOXRIC_only,TOXRIC,True,False,1,2.719946216,2.719946216,2.719946216,2.719946216,5421,1,14,"C,O",3.1852162,1.686206497028083,48.55192985372419,True
CCCCCCC(=O)CCCCCCC=CCC(O)C(O)C(N)(CO)C(=O)O,4.99945211,4.99945211,401.5440000000001,4.904810728315099,TOXRIC_only,TOXRIC,True,False,1,4.99945211,4.99945211,4.99945211,4.99945211,12368,1,28,"C,N,O",3.37687,1.5279408113992057,33.72413439865698,True
CCCCCCC(O)C1C2=C(CC(C(O)C3CC=CC(=O)O3)CC3=C(C(=O)OC3=O)C1O)C(=O)OC2=O,0.269992189,0.269992189,518.5150000000003,6.283410124512246,TOXRIC_only,TOXRIC,True,False,1,0.269992189,0.269992189,0.269992189,0.269992189,9258,1,37,"C,O",4.9457836,1.337626509399941,21.75837760333771,True
CCCCCCC12COP(=O)(OC1)OC2,499.9957311,499.9957311,234.23199999999994,2.670679930262429,TOXRIC_only,TOXRIC,True,False,1,499.9957311,499.9957311,499.9957311,499.9957311,16415,1,15,"C,O,P",4.1462035,1.4755235876513892,29.889839819660224,True
CCCCCCC=CCC(=O)NC1COC(=O)CNC(=O)C(CCCN(O)C(C)=O)NC(=O)CNC(=O)C(C)NC(=O)C(CCCN(O)C(C)=O)NC(=O)C(CO)NC(=O)C(C(C)C)NC(=O)CNC(=O)C(CCCN(O)C(C)=O)NC1=O,999.9890243,999.9890243,1184.313,3.0734712631938965,TOXRIC_only,TOXRIC,True,False,1,999.9890243,999.9890243,999.9890243,999.9890243,28007,1,83,"C,N,O",4.4373355,1.3638642279865234,23.113420901617683,True
CCCCCCCCCC(=O)F,1.950011191,1.950011191,174.259,4.951158113709353,TOXRIC_only,TOXRIC,True,False,1,1.950011191,1.950011191,1.950011191,1.950011191,1993,1,12,"C,F,O",2.8400908,2.111067362061404,129.1419566137396,True
CCCCCCCCCCCC1=N/C(=C/c2[nH]c(-c3ccc[nH]3)cc2OC)C=C1,7.100451001,7.100451001,393.5750000000001,4.743741569342989,TOXRIC_only,TOXRIC,True,False,1,7.100451001,7.100451001,7.100451001,7.100451001,7192,1,29,"C,N,O",3.3609934,1.3827481840280473,24.14060689297844,True
CCCCCCCCNC(=O)Cc1ccc(O)c(OC)c1,3.999904565,3.999904565,293.40700000000004,4.865420841393488,TOXRIC_only,TOXRIC,True,False,1,3.999904565,3.999904565,3.999904565,3.999904565,16023,1,21,"C,N,O",3.519345,1.346075796303766,22.18583589725816,True
CCCCCC[N-][N+]#N,279.9977989,279.9977989,127.19100000000002,2.657301764533244,TOXRIC_only,TOXRIC,True,False,1,279.9977989,279.9977989,279.9977989,279.9977989,5942,1,9,"C,N",4.392968,1.735666413262166,54.4084574488573,True
CCCCCOC(=O)c1cc2c(cn1)[nH]c1ccccc12,12.49986718,12.49986718,282.343,4.353871626599149,TOXRIC_only,TOXRIC,True,False,1,12.49986718,12.49986718,12.49986718,12.49986718,29124,1,21,"C,N,O",2.7568777,1.5969939658478065,39.536112682360475,True
CCCCOC(C)OCC#N,0.999980918,0.999980918,157.21299999999997,5.196496742442882,TOXRIC_only,TOXRIC,True,False,1,0.999980918,0.999980918,0.999980918,0.999980918,17546,1,11,"C,N,O",3.2378137,1.9586830312765002,90.92494170296456,True
CCCN(CCC)c1c([N+](=O)[O-])cc(C(F)(F)F)cc1[N+](=O)[O-],4599.986279000001,4599.986279000001,335.28200000000004,1.862653702200897,mixed,PubChem;TOXRIC,True,True,2,4599.972558,4600.0,4599.986279000001,4599.986279000001,3532;35974,1,23,"C,F,N,O",3.2532372,1.390583545266144,24.580094332192644,True
CCCNC(=O)Nc1cc(=O)n(C)c(=O)n1C,2.059974279,2.059974279,240.26299999999998,5.066825097742157,TOXRIC_only,TOXRIC,True,False,1,2.059974279,2.059974279,2.059974279,2.059974279,11491,1,17,"C,N,O",3.372259,1.6945661961460878,49.49555474137777,True
CCCOC1=C(Cl)C(=O)c2ccccc2C1=O,19.99992021,19.99992021,250.68099999999998,4.098093155447409,TOXRIC_only,TOXRIC,True,False,1,19.99992021,19.99992021,19.99992021,19.99992021,24126,1,17,"C,Cl,O",2.579204,1.5188890729583955,33.02851691702811,True
CCCP(=O)(CCC)Oc1ccc([N+](=O)[O-])cc1,6.499928118,6.499928118,271.253,4.620465996233121,TOXRIC_only,TOXRIC,True,False,1,6.499928118,6.499928118,6.499928118,6.499928118,6157,1,18,"C,N,O,P",3.021576,1.5988900684987462,39.70910224322327,True
CCCc1nc(C)cc2c1C(=O)c1cc(O)c3c(c(=O)c1-2)OC1OC(C)C(O)C(O)C31O,929.9241573,929.9241573,441.43600000000015,2.676420218030321,TOXRIC_only,TOXRIC,True,False,1,929.9241573,929.9241573,929.9241573,929.9241573,18567,1,32,"C,N,O",4.192256,1.5158357557855968,32.79712354347656,True
CCN(CC)C(=S)SC(=O)N(C)C,0.800134324,0.800134324,220.363,5.439975775097703,TOXRIC_only,TOXRIC,True,False,1,0.800134324,0.800134324,0.800134324,0.800134324,19810,1,13,"C,N,O,S",2.6986456,2.741330183361863,551.2266211137317,True
CCN(CC)Cc1ccc(C(=O)Cl)cc1,4199.832537,4199.832537,225.719,1.730336143751926,TOXRIC_only,TOXRIC,True,False,1,4199.832537,4199.832537,4199.832537,4199.832537,23181,1,15,"C,Cl,N,O",3.258089,1.5277529217998318,33.70954742162659,True
CCN(CCF)Cc1cccc2ccccc12,0.279995158,0.279995158,231.31400000000005,5.917051397629337,TOXRIC_only,TOXRIC,True,False,1,0.279995158,0.279995158,0.279995158,0.279995158,1951,1,17,"C,F,N",4.411133,1.5059185851293373,32.0566831862796,True
CCN1C(=CC=CC=Cc2sc3c(C)cccc3[n+]2CC)Sc2c(C)cccc21,0.999907064,0.999907064,419.6390000000001,5.622916206901689,TOXRIC_only,TOXRIC,True,False,1,0.999907064,0.999907064,0.999907064,0.999907064,6344,1,29,"C,N,S",4.07378,1.5491361470872356,35.410833319620124,True
CCN1CC2(COC)C(O)CC(OC)C34C5CC6(O)C(OC)CC(O)(C5C6O)C(C(OC)C23)C14,1699.992969,1699.992969,483.60200000000015,2.454040963091013,TOXRIC_only,TOXRIC,True,False,1,1699.992969,1699.992969,1699.992969,1699.992969,12877,1,34,"C,N,O",3.8198986,1.3658576422556665,23.219755493297537,True
CCNC(=O)C1OC(n2cnc3c(N)ncnc32)C(OC(C)=O)C1OC(C)=O,1.999989803,1.999989803,392.3720000000002,5.29267022678173,TOXRIC_only,TOXRIC,True,False,1,1.999989803,1.999989803,1.999989803,1.999989803,15901,1,28,"C,N,O",3.233108,2.0595621831110753,114.69967388433511,True
CCNC(=O)Nc1cc(=O)n(C)c(=O)n1C,0.819978253,0.819978253,226.23599999999996,5.440759379151512,TOXRIC_only,TOXRIC,True,False,1,0.819978253,0.819978253,0.819978253,0.819978253,11489,1,16,"C,N,O",3.6373873,1.803372103455711,63.58755165784168,True
CCNC(=S)Nc1cc(=O)n(C)c(=O)n1C,2.999950475,2.999950475,242.30399999999997,4.907246498429253,TOXRIC_only,TOXRIC,True,False,1,2.999950475,2.999950475,2.999950475,2.999950475,11503,1,16,"C,N,O,S",3.409249,1.4979974311227346,31.477296950409706,True
CCNc1cc2[o+]c3cc(NCC)c(C)cc3c(-c3ccccc3C(=O)OCC)c2cc1C,6.150457537,6.150457537,443.5670000000002,4.858051804066476,TOXRIC_only,TOXRIC,True,False,1,6.150457537,6.150457537,6.150457537,6.150457537,3198,1,33,"C,N,O",3.130678,1.7273738656051725,53.37942184400896,True
CCNc1ccc2c(cc1=O)C(NC(C)=O)CCc1cc(OC)c(OC)c(OC)c1-2,400.0135759,400.0135759,412.4860000000002,3.0133344820203263,TOXRIC_only,TOXRIC,True,False,1,400.0135759,400.0135759,400.0135759,400.0135759,17627,1,30,"C,N,O",4.580273,1.5669386693773788,36.89254956100498,True
CCOC(=O)C=CCF,1.24996216,1.24996216,132.134,5.0241177164346915,TOXRIC_only,TOXRIC,True,False,1,1.24996216,1.24996216,1.24996216,1.24996216,2050,1,9,"C,F,O",3.6070335,1.417084225300048,26.126679954419178,True
CCOC(=O)CC(=O)CCCCCCF,66.99754435,66.99754435,218.26799999999992,3.5129311841340978,TOXRIC_only,TOXRIC,True,False,1,66.99754435,66.99754435,66.99754435,66.99754435,2291,1,15,"C,F,O",5.067238,1.5543066698698085,35.834939028145186,True
CCOC(=O)CC(=O)CCCCCF,1.299993635,1.299993635,204.24099999999993,5.196201702254835,TOXRIC_only,TOXRIC,True,False,1,1.299993635,1.299993635,1.299993635,1.299993635,1976,1,14,"C,F,O",3.7551842,1.4410175286708506,27.606892788590265,True
CCOC(=O)CCCCCCCCCCF,99.9961263,99.9961263,232.3389999999999,3.366138939388706,TOXRIC_only,TOXRIC,True,False,1,99.9961263,99.9961263,99.9961263,99.9961263,1970,1,16,"C,F,O",4.752099,1.3859600977817044,24.3198055268401,True
CCOC(=O)CCCCCCCCCF,1.649984884,1.649984884,218.31199999999993,5.121597642786346,TOXRIC_only,TOXRIC,True,False,1,1.649984884,1.649984884,1.649984884,1.649984884,2021,1,15,"C,F,O",3.7222137,1.3993838976691588,25.08325525375473,True
CCOC(=O)NC1=C(N2CC2)C(=O)C(NC(=O)OCC)=C(N2CC2)C1=O,11.2897521,11.2897521,364.3580000000002,4.508843903714871,TOXRIC_only,TOXRIC,True,False,1,11.2897521,11.2897521,11.2897521,11.2897521,181,1,26,"C,N,O",2.8574355,1.6514084388558619,44.81345610255364,True
CCOC(=O)NNc1ccc(N(CCO)CCO)nn1,0.999985979,0.999985979,285.304,5.455313949851739,TOXRIC_only,TOXRIC,True,False,1,0.999985979,0.999985979,0.999985979,0.999985979,14942,1,20,"C,N,O",2.8771164,2.5781975081250543,378.6147316988965,True
CCOC(=O)c1ccc(CC(=O)Nc2ccccc2)cc1,24.99938237,24.99938237,283.327,4.054358683919657,TOXRIC_only,TOXRIC,True,False,1,24.99938237,24.99938237,24.99938237,24.99938237,18024,1,21,"C,N,O",2.2008724,1.8534862626550082,71.36516309611143,True
CCOC(C)OC(C)C#N,0.999958096,0.999958096,143.186,5.155918755995745,TOXRIC_only,TOXRIC,True,False,1,0.999958096,0.999958096,0.999958096,0.999958096,14769,1,10,"C,N,O",3.4411316,1.71478716419887,51.85458515648184,True
CCOC(OCC)(OCC)C(OCC)(OCC)OCC,4399.940213,4399.940213,294.38800000000003,1.8254733278115276,mixed,PubChem;TOXRIC,True,True,2,4399.880426,4400.0,4399.940213,4399.940213,32838;39910,1,20,"C,O",3.4807856,1.6553122804800984,45.21809693073487,True
CCOC1=C(Cl)C(=O)c2ccccc2C1=O,15.99986478,15.99986478,236.654,4.169997537138178,mixed,PubChem;TOXRIC,True,True,2,15.99972956,16.0,15.99986478,15.99986478,16341;38311,1,16,"C,Cl,O",2.6949563,1.4750412344953556,29.8566608231666,True
CCOC1N=C(N)NC23C(O)C4OC(O)(OC(C4O)C12)C3(O)CO,0.69199203,0.69199203,347.3240000000001,5.70063370147551,TOXRIC_only,TOXRIC,True,False,1,0.69199203,0.69199203,0.69199203,0.69199203,31475,1,24,"C,N,O",3.562218,2.1384157506545876,137.535797693066,True
CCOP(=O)(C#N)OCC,1.399987125,1.399987125,163.11299999999997,5.066364533705687,mixed,PubChem;TOXRIC,True,True,2,1.39997425,1.4,1.399987125,1.399987125,4308;38820,1,10,"C,N,O,P",3.5253186,1.5410459111165755,34.75729029107887,True
CCOP(=O)(CC)Sc1ccccc1,1.079757718,1.079757718,230.269,5.328909157913071,TOXRIC_only,TOXRIC,True,False,1,1.079757718,1.079757718,1.079757718,1.079757718,3151,1,14,"C,O,P,S",3.6324005,1.696508645217759,49.717427055154836,True
CCOP(=O)(O)O,25.000198349999998,25.000198349999998,126.04799999999997,3.7025925047782597,mixed,PubChem;TOXRIC,True,True,2,25.0,25.0003967,25.000198349999998,25.000198349999998,3552;38779,1,7,"C,O,P",2.0431352,1.6594573386100469,45.651740361914314,True
CCOP(=O)(OCC)SCCN(CC)CC,0.3,0.3,269.347,5.953190887996165,mixed,PubChem;TOXRIC,True,True,3,0.299992203,0.5,0.36666406766666665,0.3,1138;36247;37683,2,16,"C,N,O,P,S",4.547653,1.4055376897539773,25.44120572167606,True
CCOP(=O)(OCC)SCCSCC,0.173984846,0.173984846,258.34499999999997,6.171688637562573,mixed,PubChem;TOXRIC,True,True,2,0.173969692,0.174,0.173984846,0.173984846,1721;37905,1,14,"C,O,P,S",4.4053645,1.7663241241653562,58.388070557887424,True
CCOP(=O)(OCC)Sc1ccc([N+](=O)[O-])cc1,0.106998163,0.106998163,291.26500000000004,6.434911978999771,TOXRIC_only,TOXRIC,True,False,1,0.106998163,0.106998163,0.106998163,0.106998163,31197,1,18,"C,N,O,P,S",3.9829335,2.4519784577290187,283.1251553994477,True
CCOP(=S)(OCC)SCC(N)=O,11.00045214,11.00045214,243.28999999999996,4.34471372252649,TOXRIC_only,TOXRIC,True,False,1,11.00045214,11.00045214,11.00045214,11.00045214,3881,1,13,"C,N,O,P,S",2.9227262,1.4219875681990972,26.423331187154727,True
CCO[Si](C)(CCCN1CCCCC1)OCC,6.599847381,6.599847381,259.4659999999999,4.59454656391398,TOXRIC_only,TOXRIC,True,False,1,6.599847381,6.599847381,6.599847381,6.599847381,8702,1,17,"C,N,O,Si",3.2824283,1.3121182992960598,20.517209796009396,True
CCO[Si](CNCCCCCCN)(OCC)OCC,1.4999846154999998,1.4999846154999998,292.496,5.290033126543884,mixed,PubChem;TOXRIC,True,True,2,1.499969231,1.5,1.4999846154999998,1.4999846154999998,7213;38002,1,19,"C,N,O,Si",2.9096303,2.380402827929382,240.10589781293,True
CCOc1ccc(Cc2nc3cc([N+](=O)[O-])ccc3n2CCN(CC)CC)cc1,0.25000283749999996,0.25000283749999996,396.4910000000002,6.200288395772994,mixed,PubChem;TOXRIC,True,True,2,0.25,0.250005675,0.25000283749999996,0.25000283749999996,3086;37306,1,29,"C,N,O",3.8336186,2.366669754873336,232.63216092389294,True
CCP(=O)(F)OC(C)C,689.9977619,689.9977619,154.12099999999998,2.349014136182776,mixed,PubChem;TOXRIC,True,True,2,689.9955238,690.0,689.9977619,689.9977619,30873;38516,1,9,"C,F,O,P",4.4228745,2.0738603145008176,118.53874215050148,True
CCP1(=O)OCc2ccccc2O1,6.000060556,6.000060556,198.15800000000002,4.518855976733783,TOXRIC_only,TOXRIC,True,False,1,6.000060556,6.000060556,6.000060556,6.000060556,5493,1,13,"C,O,P",3.1322365,1.3866194960208924,24.35675883387082,True
CC[N+](CC)(CCCO)C(=O)Cc1ccc(-c2ccc(CC(=O)[N+](CC)(CC)CCCO)cc2)cc1,499.9919789,499.9919789,498.7080000000004,2.9988832977467434,TOXRIC_only,TOXRIC,True,False,1,499.9919789,499.9919789,499.9919789,499.9919789,22539,1,36,"C,N,O",4.9951544,1.9962710830515964,99.14506071234328,True
CC[N+]1(CCCl)CC[N+](CC)(CCCl)CC1,794.9704743,794.9704743,269.26,2.5298208424686086,TOXRIC_only,TOXRIC,True,False,1,794.9704743,794.9704743,794.9704743,794.9704743,17523,1,16,"C,Cl,N",3.9365373,1.4067164233089793,25.5103503625479,True
CN(C)C(=O)[n+]1ccn(C)c1,3.413875583,3.413875583,154.19299999999998,4.654816968792697,TOXRIC_only,TOXRIC,True,False,1,3.413875583,3.413875583,3.413875583,3.413875583,19869,1,11,"C,N,O",3.0426364,1.6121805742919646,40.94308606485813,True
CN(C)C1C(=O)C(C(N)=O)C(=O)C2(O)C(O)=C3C(=O)c4c(O)cccc4C(C)(O)C3C(O)C12,5705.516688,5705.516688,460.43900000000014,1.9068771220585996,TOXRIC_only,TOXRIC,True,False,1,5705.516688,5705.516688,5705.516688,5705.516688,19840,1,33,"C,N,O",3.567813,1.6609357975580996,45.807416387887656,True
CN(C)CCN1C(=O)c2cccc3cc([N+](=O)[O-])cc(c23)C1=O,9.99990425,9.99990425,313.3130000000001,4.49598257341534,TOXRIC_only,TOXRIC,True,False,1,9.99990425,9.99990425,9.99990425,9.99990425,15072,1,23,"C,N,O",3.147181,1.348801539327205,22.325517747303934,True
CN(C)CCc1ccccc1Br,0.264996515,0.264996515,228.13299999999998,5.9349479490694685,TOXRIC_only,TOXRIC,True,False,1,0.264996515,0.264996515,0.264996515,0.264996515,6226,1,12,"Br,C,N",3.1536007,2.781347256320445,604.4317321017812,True
CN(C)Cc1c[nH]c2ccc([N+](=O)[O-])cc12,3.699932494,3.699932494,219.24399999999997,4.772733916613171,TOXRIC_only,TOXRIC,True,False,1,3.699932494,3.699932494,3.699932494,3.699932494,4462,1,16,"C,N,O",2.892953,1.8797809976068232,75.8195142300007,True
CN(C)Cc1ncccc1OC(=O)N(C)C,0.219994088,0.219994088,223.27599999999995,6.006431033156054,TOXRIC_only,TOXRIC,True,False,1,0.219994088,0.219994088,0.219994088,0.219994088,18988,1,16,"C,N,O",3.8959684,2.1104625959612298,128.9622483112723,True
CN(C)P(=O)(N(C)C)N(C)C,1599.9821425,1599.9821425,179.204,2.049232563795866,mixed,PubChem;TOXRIC,True,True,2,1599.964285,1600.0,1599.9821425,1599.9821425,2768;37223,1,11,"C,N,O,P",3.6124353,1.5632027770854817,36.57655318807549,True
CN(C)P(F)(F)(N(C)C)N1CCOCCOCCN(P(F)(F)(N(C)C)N(C)C)CCOCCOCC1,2.000062654,2.000062654,574.582,5.458308416079007,TOXRIC_only,TOXRIC,True,False,1,2.000062654,2.000062654,2.000062654,2.000062654,30196,1,36,"C,F,N,O,P",3.3002594,2.1580490643486607,143.89611354741496,True
CN(C)[P+](C)(N(C)C)N1CCOCCOCCN([P+](C)(N(C)C)N(C)C)CCOCCOCC1,0.730055233,0.730055233,528.6600000000002,5.859820733314278,TOXRIC_only,TOXRIC,True,False,1,0.730055233,0.730055233,0.730055233,0.730055233,30193,1,34,"C,N,O,P",3.7352748,2.1245459415967485,133.2127953263916,True
CN(CCC(N)CC(=O)NC1C=CC(n2ccc(N)nc2=O)OC1C(=O)O)C(=N)N,9.99891111,9.99891111,422.44600000000025,4.625818494744479,TOXRIC_only,TOXRIC,True,False,1,9.99891111,9.99891111,9.99891111,9.99891111,3899,1,30,"C,N,O",2.7497349,1.8760836162044399,75.17676204808514,True
CN(CCCCCCN(C)C(=O)Oc1ccc[n+](C)c1)C(=O)Oc1ccc[n+](C)c1,0.309991813,0.309991813,416.52200000000016,6.128287720955941,mixed,PubChem;TOXRIC,True,True,2,0.309983626,0.31,0.309991813,0.309991813,7373;38018,3,30,"C,N,O",4.1275764,2.00071136979017,100.16393317119677,True
CN(CCCl)Cc1cccc2ccccc12,0.116993993,0.116993993,233.74200000000005,6.300573192057318,TOXRIC_only,TOXRIC,True,False,1,0.116993993,0.116993993,0.116993993,0.116993993,26089,1,16,"C,Cl,N",3.3969972,2.90357597869367,800.8957308828095,True
CN(CCO)c1nc2c([nH]1)c(=O)n(C)c(=O)n2C,6.499948662,6.499948662,253.26199999999997,4.590660105653268,TOXRIC_only,TOXRIC,True,False,1,6.499948662,6.499948662,6.499948662,6.499948662,28323,1,18,"C,N,O",2.5389667,2.051693449922067,112.64020959781719,True
CN1C(=O)C(NC(=O)c2cc3ccccc3[nH]2)N=C(c2ccccc2)c2ccccc21,1.000095481,1.000095481,408.4610000000001,5.611109131366086,TOXRIC_only,TOXRIC,True,False,1,1.000095481,1.000095481,1.000095481,1.000095481,845,1,31,"C,N,O",2.8724015,2.738707655459714,547.9080174716014,True
CN1CCC(CNC(=O)CCCCCCCCC(=O)NCC2(c3ccccc3)CCN(C)CC2)(c2ccccc2)CC1,4.999530319,4.999530319,574.8540000000002,5.060628351207235,TOXRIC_only,TOXRIC,True,False,1,4.999530319,4.999530319,4.999530319,4.999530319,6549,1,42,"C,N,O",3.5619128,1.4987155761675623,31.529390555092924,True
CN1CCCCC1c1n[nH]c(=O)c2ccccc12,8.24966093,8.24966093,243.31,4.469723859784535,TOXRIC_only,TOXRIC,True,False,1,8.24966093,8.24966093,8.24966093,8.24966093,23220,1,18,"C,N,O",3.1203074,1.3494164142584122,22.35714864290396,True
CN1CCc2cc3c(cc2C1C1OC(=O)c2c1ccc1c2OCO1)OCO3,8.480992614,8.480992614,367.3570000000002,4.63664163476799,TOXRIC_only,TOXRIC,True,False,1,8.480992614,8.480992614,8.480992614,8.480992614,2249,1,27,"C,N,O",3.0331454,1.6034962070641328,40.13249932524961,True
CNC(=N)NCCCC=CCCCC(C)CC(C)C1OC(=O)C=CC(C)C(O)CC(O)C(C)C(O)CCC(C)C(O)CC2(O)OC(CC(OC(=O)CC(=O)O)CC(O)CC(O)C(C)C(O)C=CC1C)CC(O)C2O,1199.934237,1199.934237,1058.3580000000002,2.945475151957386,TOXRIC_only,TOXRIC,True,False,1,1199.934237,1199.934237,1199.934237,1199.934237,6510,1,74,"C,N,O",4.9986506,2.0531753988848993,113.02522984717339,True
CNC(=O)Oc1cc(C)c(C)c(C)c1,419.9869595,419.9869595,193.24599999999998,2.662874707357652,TOXRIC_only,TOXRIC,True,False,1,419.9869595,419.9869595,419.9869595,419.9869595,4167,1,14,"C,N,O",4.397536,1.734661093576186,54.28265655527041,True
CNC(=O)Oc1ccc2c(c1)C1(C)CCN(C)C1N2C,0.643995322,0.643995322,275.352,5.631005522652335,TOXRIC_only,TOXRIC,True,False,1,0.643995322,0.643995322,0.643995322,0.643995322,724,1,20,"C,N,O",4.277633,1.3533723324973055,22.56172661555921,True
CNC(=O)Oc1cccc(C(C)(C)O)c1,2.899930705,2.899930705,209.24499999999998,4.858267468751133,TOXRIC_only,TOXRIC,True,False,1,2.899930705,2.899930705,2.899930705,2.899930705,7898,1,15,"C,N,O",3.5243213,1.3339461510784032,21.574768832889557,True
CNC1C(O)C(NC)C2OC3(O)C(=O)CC(C)OC3OC2C1O,2774.380639,2774.380639,332.353,2.0784335582223954,TOXRIC_only,TOXRIC,True,False,1,2774.380639,2774.380639,2774.380639,2774.380639,726,1,23,"C,N,O",3.4604464,1.3820127995046554,24.099764543421884,True
CNC1C(OC2C(OC(=O)c3c(O)ccc4c(C)cc(OC)cc34)C=C3C#CC4(C5COC(=O)O5)OC4C#CCC32)OC(C)C(O)C1O,1.719844027,1.719844027,661.6600000000004,5.585145818154702,TOXRIC_only,TOXRIC,True,False,1,1.719844027,1.719844027,1.719844027,1.719844027,6273,1,48,"C,N,O",4.2470484,1.3380974401639794,21.781984274307288,True
CNC1CC(N)C(O)C(OC2OC(CO)C(O)C3OC4(OC(C(N)CO)C(O)C(O)C4O)OC23)C1O,6.249715646,6.249715646,527.5240000000002,4.926381964935153,TOXRIC_only,TOXRIC,True,False,1,6.249715646,6.249715646,6.249715646,6.249715646,11399,1,36,"C,N,O",2.946536,1.979845900787204,95.46537894072179,True
CNCC(O)c1ccc(O)c(O)c1,7.8,7.8,183.207,4.3708474605458,mixed,PubChem;TOXRIC,True,True,3,5.730296952,7.8,7.110098984,7.8,479;35365;36069,2,13,"C,N,O",3.069328,1.3015193908589104,20.02255018483167,True
CNN=Cc1c(COP(=O)(O)O)cnc(C)c1O,6.999974558,6.999974558,275.201,4.594553546128482,TOXRIC_only,TOXRIC,True,False,1,6.999974558,6.999974558,6.999974558,6.999974558,6387,1,18,"C,N,O,P",3.178838,1.4157155315258212,26.044470448399103,True
CNc1ccc(C(=O)CC(O)CCC(C)C2OC(=O)CC(O)CC(=O)CC(O)CC(O)CC(O)CC(O)CC(=O)CC(O)C(C(=O)NCC(=O)O)C(O)CC(OC3OC(C)C(O)C(N)C3C)C=CC=CC=CC=CC=CC=CC=CC2C)cc1,0.99998985,0.99998985,1182.412,6.072773236729212,TOXRIC_only,TOXRIC,True,False,1,0.99998985,0.99998985,0.99998985,0.99998985,13087,1,84,"C,N,O",4.6290855,1.4436876959577276,27.777150760553393,True
COC(=O)C1(C)Nc2c(O)cc3c(c2C1=O)C(CCl)CN3C(=O)c1cc2cc(OC)c(OC)c(OC)c2[nH]1,0.400029414,0.400029414,543.9600000000003,6.1334750391077675,TOXRIC_only,TOXRIC,True,False,1,0.400029414,0.400029414,0.400029414,0.400029414,28430,1,38,"C,Cl,N,O",3.5556931,2.577781889541117,378.25257179817504,True
COC(=O)C1=C(C)NC(C)=C(C(=O)OCC(C)=O)C1c1ccccc1[N+](=O)[O-],7.300451116,7.300451116,388.3760000000001,4.725902687234093,TOXRIC_only,TOXRIC,True,False,1,7.300451116,7.300451116,7.300451116,7.300451116,24804,1,28,"C,N,O",2.5396936,2.1862090932552114,153.53560097277577,True
COC(=O)C1=C(C)NC(C)=C(C(=O)OCC(C)O)C1c1ccccc1[N+](=O)[O-],29.79591221,29.79591221,390.3920000000001,4.11734422341772,TOXRIC_only,TOXRIC,True,False,1,29.79591221,29.79591221,29.79591221,29.79591221,30457,1,28,"C,N,O",2.7584386,1.3589056362289993,22.851022410163154,True
COC(=O)C1C(O)CC2(O)CC(O)CC(O)C(O)CCC(O)CC(O)CC(=O)OC(C)C(C)C(O)C(C)C=CC=CC=CC=CC=CC=CC=CC(OC3OC(C)C(O)C(N)C3O)CC1O2,1319.974672,1319.974672,938.1180000000004,2.8516918710674815,TOXRIC_only,TOXRIC,True,False,1,1319.974672,1319.974672,1319.974672,1319.974672,12193,1,66,"C,N,O",4.264346,1.4126542516742178,25.861532201669377,True
COC(=O)C=C(CC(=O)OC)OP(=O)(OC)OC,1.496636436,1.496636436,282.185,5.275417610379514,TOXRIC_only,TOXRIC,True,False,1,1.496636436,1.496636436,1.496636436,1.496636436,1677,1,18,"C,O,P",3.772334,1.503083511563596,31.848098778427893,True
COC(=O)CC1Cc2cc3c(-c4c(OC)cc(O)c5c(O)c6c(cc45)CC(CC(=O)OC)OC6=O)c(OC)cc(O)c3c(O)c2C(=O)O1,2.800000001,2.800000001,662.6000000000004,5.374093400048617,TOXRIC_only,TOXRIC,True,False,1,2.800000001,2.800000001,2.800000001,2.800000001,12221,1,48,"C,O",3.7236302,1.6504632101529868,44.71602704537571,True
COC(=O)c1nc(-c2ccc3c(n2)C(=O)C(N)=C(OC)C3=O)c(N)c(-c2ccc(OC)c(OC)c2O)c1C,88.9603418,88.9603418,520.4980000000004,3.7672226222138088,TOXRIC_only,TOXRIC,True,False,1,88.9603418,88.9603418,88.9603418,88.9603418,4437,1,38,"C,N,O",5.335046,1.5678231923003514,36.96776479085607,True
COC(COC(N)=O)C1=C(N2CC2)C(=O)C(C)=C(N2CC2)C1=O,3.439967885,3.439967885,321.3330000000001,4.970400940584617,TOXRIC_only,TOXRIC,True,False,1,3.439967885,3.439967885,3.439967885,3.439967885,9964,1,23,"C,N,O",2.7207088,2.2496920935387186,177.7019090854625,True
COC1=C(C(=O)O)C(C)C23OC24c2cc(O)c5c(c2NC3C#CC=CC#CC14)C(=O)c1c(O)ccc(O)c1C5=O,0.580021582,0.580021582,537.4800000000002,5.966918154982604,TOXRIC_only,TOXRIC,True,False,1,0.580021582,0.580021582,0.580021582,0.580021582,28986,1,40,"C,N,O",4.3096585,1.6572596276083367,45.42130707352635,True
COC1=C(Cl)C(=O)c2ccccc2C1=O,13.99955981,13.99955981,222.627,4.201463453718082,TOXRIC_only,TOXRIC,True,False,1,13.99955981,13.99955981,13.99955981,13.99955981,7344,1,15,"C,Cl,O",2.7378478,1.4636156486948888,29.081422683429217,True
COC1=C(N)C(=O)c2nc(-c3nc(C(=O)O)c(C)c(-c4ccc(OC)c(OC)c4O)c3N)ccc2C1=O,0.520014887,0.520014887,506.47100000000034,5.988538806353448,mixed,PubChem;TOXRIC,True,True,2,0.52,0.520029774,0.520014887,0.520014887,4693;35913,1,37,"C,N,O",4.1869464,1.801592414294122,63.32751031082796,True
COC1=C2CC(C)CC(OC)C(O)C(C)C=C(C)C(OC(N)=O)C(OC)C=CC=C(C)C(=O)NC(=CC1=O)C2=O,0.999921518,0.999921518,560.6440000000002,5.748721264340244,TOXRIC_only,TOXRIC,True,False,1,0.999921518,0.999921518,0.999921518,0.999921518,882,1,40,"C,N,O",3.8114407,1.937280558087192,86.55268762491748,True
COC1C(OC(=O)C=CC(O)C(C)O)CCC2(CO2)C1C1(C)OC1CC=C(C)C,999.9829482,999.9829482,410.50700000000023,2.6133279727105356,TOXRIC_only,TOXRIC,True,False,1,999.9829482,999.9829482,999.9829482,999.9829482,29723,1,29,"C,O",4.1473594,1.534031398474767,34.20041677209272,True
COC1CC(OC2CCC3(C=O)C4CCC5(C)C(C6=CC(=O)OC6)CCC5(O)C4CCC3(O)C2)OC(C)C1OC1OC(CO)C(O)C(O)C1O,1.070978906,1.070978906,710.8140000000006,5.821975055911783,TOXRIC_only,TOXRIC,True,False,1,1.070978906,1.070978906,1.070978906,1.070978906,2483,1,50,"C,O",4.5066147,1.3153603708531891,20.670946876106232,True
COC1CC1(Cl)Cl,0.724964006,0.724964006,140.997,5.2888934275864194,TOXRIC_only,TOXRIC,True,False,1,0.724964006,0.724964006,0.724964006,0.724964006,7818,1,7,"C,Cl,O",2.4706473,2.818246092533929,658.0306041153623,True
COC1CC2C=CC3CC4OC2(C(C)=CC2COC(=O)CCC5=C(C=COCC(O)C2OC1=O)C(=O)OC5=O)C3C(O)C4C,499.9642071,499.9642071,614.6440000000003,3.0896847325995695,TOXRIC_only,TOXRIC,True,False,1,499.9642071,499.9642071,499.9642071,499.9642071,25617,1,44,"C,O",4.699857,1.6101725023552644,40.754212194135526,True
COC1CC2C=CCC(CC(OC)C3(CO3)C(OC)CC(OC)C(C)C(C(C)C(O)C(C)CCC(=O)C(C)C(OC)C(C)C=CN(C)C=O)OC(=O)C=CC(C)=CC1O)O2,1.5,1.5,850.1000000000003,5.7533787571218085,TOXRIC_only,TOXRIC,True,False,1,1.5,1.5,1.5,1.5,29364,1,60,"C,N,O",4.120443,1.6329358898427557,42.9473023667293,True
COC1CCC(O)c2c1oc1c(O)c3c4c(c1c2=O)OCOC4Cc1cc2cc(C)n(N)c(=O)c2c(O)c1-3,2.000023054,2.000023054,520.4940000000004,5.41538072579363,TOXRIC_only,TOXRIC,True,False,1,2.000023054,2.000023054,2.000023054,2.000023054,12836,1,38,"C,N,O",3.8623977,1.5529830550477808,35.72588986400976,True
COC1Nc2c(ccc(C)c2O)C(=O)N2C=C(C=CC(N)=O)CC12,729.986702,729.986702,329.3560000000001,2.6543506308029756,TOXRIC_only,TOXRIC,True,False,1,729.986702,729.986702,729.986702,729.986702,5302,1,24,"C,N,O",4.9421043,2.2877537087966338,193.97855007311702,True
COCC1(CCC(C)=C(C)C)Nc2ccc(C(=O)O)cc2CC1Cl,5.000369446,5.000369446,351.874,4.847385085141865,TOXRIC_only,TOXRIC,True,False,1,5.000369446,5.000369446,5.000369446,5.000369446,22056,1,24,"C,Cl,N,O",3.1215417,1.7258433466317333,53.19163583269907,True
COCC1OC(OC2OCC3OC4(OCC(O)(C(C)OC)C5OCOC54)OC3C2OC)C(OC)C(O)C1OC1OC(C)C(OC)C(OC2OC(C)C3OC4(CC(O)C(OC5CC(OC6CC(C)([N+](=O)[O-])C(OC)C(C)O6)C(OC(=O)c6c(C)c(Cl)c(O)c(Cl)c6OC)C(C)O5)C(C)O4)OC3(C)C2O)C1O,880.0028321,880.0028321,1553.3949999999993,3.246797833096773,TOXRIC_only,TOXRIC,True,False,1,880.0028321,880.0028321,880.0028321,880.0028321,14752,1,105,"C,Cl,N,O",4.9999804,1.7531826165797408,56.64774371841883,True
COCCC[Si](OC)(OC)OC,2999.9768415,2999.9768415,194.303,1.811361603902229,mixed,PubChem;TOXRIC,True,True,2,2999.953683,3000.0,2999.9768415,2999.9768415,11892;38206,1,12,"C,O,Si",3.5691524,1.757790751291863,57.25201169117318,True
COC[Si](OC)(OC)OC,3126.018803,3126.018803,166.24899999999997,1.7257674556977476,TOXRIC_only,TOXRIC,True,False,1,3126.018803,3126.018803,3126.018803,3126.018803,9524,1,10,"C,O,Si",3.6047568,1.8789893764250551,75.68143818393027,True
COP(=O)(OC)OC(=CCl)c1cc(Cl)c(Cl)cc1Cl,1170.0575465,1170.0575465,365.96400000000006,2.495231143789874,mixed,PubChem;TOXRIC,True,True,2,1170.0,1170.115093,1170.0575465,1170.0575465,9405;37329,1,19,"C,Cl,O,P",3.8505352,1.3553040105527772,22.66230136616335,True
COP(=S)(OC)Oc1ccc(=O)[nH]n1,1.000004235,1.000004235,236.189,5.373257828174047,TOXRIC_only,TOXRIC,True,False,1,1.000004235,1.000004235,1.000004235,1.000004235,5478,1,14,"C,N,O,P,S",3.089863,2.28339476626914,192.04135706874513,True
COP(=S)(OC)SCn1nnc2ccccc2c1=O,3.9997983164999997,3.9997983164999997,317.33200000000005,4.899475775626135,mixed,PubChem;TOXRIC,True,True,2,3.999596633,4.0,3.9997983164999997,3.9997983164999997,1225;35487,1,19,"C,N,O,P,S",3.0494077,1.8500680550603388,70.80567299986627,True
CO[Si](CSC[Si](OC)(OC)OC)(OC)OC,2.199949091,2.199949091,302.49700000000007,5.138308440980209,TOXRIC_only,TOXRIC,True,False,1,2.199949091,2.199949091,2.199949091,2.199949091,16588,1,17,"C,O,S,Si",2.9749742,2.1633342855541837,145.6579809173472,True
COc1c(O)cc2c(c1OC)-c1ccc(OC)c(=O)cc1C(NC(C)=O)CC2,0.569976337,0.569976337,385.41600000000017,5.830072913832814,TOXRIC_only,TOXRIC,True,False,1,0.569976337,0.569976337,0.569976337,0.569976337,6169,1,28,"C,N,O",4.3353395,1.494733367629201,31.241607193522047,True
COc1c(OC2OC(CO)C(O)C(O)C2O)cc2c(c1OC)-c1ccc(N)c(=O)cc1C(NC(C)=O)CC2,364.9684718,364.9684718,532.5460000000003,3.1641017779352967,TOXRIC_only,TOXRIC,True,False,1,364.9684718,364.9684718,364.9684718,364.9684718,12951,1,38,"C,N,O",4.69346,1.5293582097050842,33.83437899238416,True
COc1c(OC2OC(CO)C(O)C(O)C2O)cc2c(c1OC)-c1ccc(OC)c(=O)cc1C(NC(C)=O)CC2,279.9708524,279.9708524,547.5570000000002,3.2913165158249447,TOXRIC_only,TOXRIC,True,False,1,279.9708524,279.9708524,279.9708524,279.9708524,2227,1,39,"C,N,O",4.6777334,1.386416905500739,24.345399496116272,True
COc1c(OC2OC(CO)C(O)C(O)C2O)cc2c(c1OC)-c1ccc(SC)c(=O)cc1C(NC(C)=O)CC2,0.999955645,0.999955645,563.6250000000002,5.751009511873593,TOXRIC_only,TOXRIC,True,False,1,0.999955645,0.999955645,0.999955645,0.999955645,2584,1,39,"C,N,O,S",3.6321023,2.1189072608207367,131.49440092611195,True
COc1c2c(c(O)c3c4c(c(C)cc13)C1OC3(C(OC)OC)OC1C(OC1CC(O)C(O)(C(C)=O)C(C)O1)(O4)C3(O)CO)C(=O)C(O)CC2OC1CC(C)(O)C(OC(C)=O)C(C)O1,100.0030171,100.0030171,894.8730000000003,3.9517483018976307,TOXRIC_only,TOXRIC,True,False,1,100.0030171,100.0030171,100.0030171,100.0030171,23421,1,63,"C,O",5.704519,1.752770493115797,56.594013376865234,True
COc1cc(NS(C)(=O)=O)ccc1Nc1c2ccccc2nc2cc([N+](=O)[O-])ccc12,4.830385552,4.830385552,438.4650000000002,4.957953135315082,TOXRIC_only,TOXRIC,True,False,1,4.830385552,4.830385552,4.830385552,4.830385552,18400,1,31,"C,N,O,S",3.4096625,1.548290650192401,35.34196156097378,True
COc1cc(O)c2c(c1)Cc1cc(C)cc(O)c1C2=O,1.999970401,1.999970401,270.284,5.130796769257091,TOXRIC_only,TOXRIC,True,False,1,1.999970401,1.999970401,1.999970401,1.999970401,4544,1,20,"C,O",3.7825546,1.3482421427922473,22.296779694945396,True
COc1cc2c(c(OC)c1OC)-c1ccc(O)c(=O)cc1C(NC(=O)c1ccccc1)CC2,700.0203359,700.0203359,447.4870000000002,2.8056697664485912,TOXRIC_only,TOXRIC,True,False,1,700.0203359,700.0203359,700.0203359,700.0203359,7111,1,33,"C,N,O",4.14203,1.3363599958194752,21.695017052215842,True
COc1cc2c(c(OC)c1OC)-c1ccc(OC)c(=O)cc1C(NC(=O)C(F)(F)F)CC2,843.9758017,843.9758017,453.4130000000002,2.7301639730113063,TOXRIC_only,TOXRIC,True,False,1,843.9758017,843.9758017,843.9758017,843.9758017,10281,1,32,"C,F,N,O",5.313504,2.5833402460438695,383.1247831443033,True
COc1cc2c(c(OC)c1OC)-c1ccc(OC)c(=O)cc1C(NC=O)CC2,2.665889323,2.665889323,385.41600000000017,5.160087624522352,TOXRIC_only,TOXRIC,True,False,1,2.665889323,2.665889323,2.665889323,2.665889323,6215,1,28,"C,N,O",3.8372943,1.322793284388685,21.02777320980225,True
COc1cc2c(c(OC)c1OC)-c1ccc(SC)c(=O)cc1C(NC(=O)C(F)(F)F)CC2,1.451058721,1.451058721,469.4810000000002,5.509933033274486,TOXRIC_only,TOXRIC,True,False,1,1.451058721,1.451058721,1.451058721,1.451058721,21938,1,32,"C,F,N,O,S",4.097701,1.4122319605816145,25.836397673737295,True
COc1cc2c(c3oc(=O)c4c(c13)CCC4=O)C1C=COC1O2,9.499787053,9.499787053,312.277,4.51682612824517,TOXRIC_only,TOXRIC,True,False,1,9.499787053,9.499787053,9.499787053,9.499787053,100,1,23,"C,O",2.8937154,1.6231107466228556,41.98660376596398,True
COc1cc2c(cc1OC)C1=[N+](CC2)CC(c2ccc(Br)cc2)=Nc2cc(Cl)ccc21,59.99855074,59.99855074,496.81200000000007,3.9180513170834392,TOXRIC_only,TOXRIC,True,False,1,59.99855074,59.99855074,59.99855074,59.99855074,23624,1,31,"Br,C,Cl,N,O",2.4893992,1.428652122366032,26.831942980812293,True
COc1cc2c(cc1OC)C1=[N+](CC2)CC(c2ccc(Br)cc2)=Nc2ccc(Cl)cc21,3999.903383,3999.903383,496.81200000000007,2.094142576102928,TOXRIC_only,TOXRIC,True,False,1,3999.903383,3999.903383,3999.903383,3999.903383,16925,1,31,"Br,C,Cl,N,O",3.9095836,1.8154409924700698,65.37940930586443,True
COc1cc2c(cc1OC)C1c3cc(Cl)ccc3N=C(c3ccccc3)CN1CC2,49.99713555,49.99713555,418.9240000000002,3.923190118316398,TOXRIC_only,TOXRIC,True,False,1,49.99713555,49.99713555,49.99713555,49.99713555,16922,1,30,"C,Cl,N,O",2.4407341,1.4824559702908853,30.370781708172014,True
COc1cc2c3cc1Oc1cc(ccc1O)CC1c4c(cc(OC)c(O)c4Oc4ccc(cc4)CC3N(C)CC2)CC[N+]1(C)C,0.418618765,0.418618765,609.7429999999999,6.1633281310881225,TOXRIC_only,TOXRIC,True,False,1,0.418618765,0.418618765,0.418618765,0.418618765,341,1,45,"C,N,O",3.804885,2.3584432205046264,228.26704697006977,True
COc1cc2cc(c1Cl)N(C)C(=O)CC(OC(=O)C(C)N(C)C(C)=O)C1(C)OC1C(C)C1CC(O)(NC(=O)O1)C(OC)C=CC=C(C)C2,0.244997876,0.244997876,692.2060000000002,6.45107304013194,TOXRIC_only,TOXRIC,True,False,1,0.244997876,0.244997876,0.244997876,0.244997876,12351,1,48,"C,Cl,N,O",4.364793,2.0862802163404357,121.97763715874305,True
COc1ccc(C(O)CCOc2ccc(C3OC(c4ccc(OCCC(O)c5ccc(OC)c(OC)c5)c(OC)c4)C(C)C3C)cc2OC)cc1OC,5.40024315,5.40024315,732.8670000000002,5.132611851747908,TOXRIC_only,TOXRIC,True,False,1,5.40024315,5.40024315,5.40024315,5.40024315,33492,1,53,"C,O",3.8027887,1.3298231173118724,21.370915016958506,True
COc1ccc(CN2CCc3c(cccc3NC(=O)c3cc(OC)c(OC)c(OC)c3)C2)cc1,30.99691705,30.99691705,462.5460000000003,4.173836428521297,TOXRIC_only,TOXRIC,True,False,1,30.99691705,30.99691705,30.99691705,30.99691705,13735,1,34,"C,N,O",2.7273417,1.4464947766047933,27.957271022966683,True
COc1ccc2[nH]c3c(c2c1)CCN=C3C,10.49960796,10.49960796,214.26799999999997,4.309784232428135,TOXRIC_only,TOXRIC,True,False,1,10.49960796,10.49960796,10.49960796,10.49960796,4563,1,16,"C,N,O",2.8654122,1.4443719971681253,27.820952654402628,True
COc1ccc2c(c1)SC(=CC=CC=Cc1sc3cc(OC)ccc3[n+]1C)N2C,2.000080269,2.000080269,423.5830000000002,5.325891096386515,TOXRIC_only,TOXRIC,True,False,1,2.000080269,2.000080269,2.000080269,2.000080269,7856,1,29,"C,N,O,S",3.572315,1.7535761187406411,56.699093924731514,True
COc1ccc2c3c4n(c2c1)C(C=C(C)C)OOC(C)(C)CC4N1C(=O)C2CCCN2C(=O)C1(O)C3O,2.400117286,2.400117286,511.5750000000004,5.328676848120397,TOXRIC_only,TOXRIC,True,False,1,2.400117286,2.400117286,2.400117286,2.400117286,6535,1,37,"C,N,O",3.548689,1.779987959570592,60.254288087571226,True
COc1ccc2cc1Oc1cc3c(cc1OC)CC[N+](C)(C)C3Cc1ccc(cc1)Oc1c(O)c(OC)cc3c1C(C2)[N+](C)(C)CC3,1354.989393,1354.989393,638.805,2.673432411231785,TOXRIC_only,TOXRIC,True,False,1,1354.989393,1354.989393,1354.989393,1354.989393,11134,1,47,"C,N,O",5.876979,3.203546462974758,1597.8884699373675,True
COc1ccc2cc1Oc1cc3c(cc1OC)CC[N+](C)(C)C3Cc1ccc(cc1)Oc1c(OC)c(OC)cc3c1C(C2)[N+](C)(C)CC3,0.766186952,0.766186952,652.8319999999999,5.930466682401376,TOXRIC_only,TOXRIC,True,False,1,0.766186952,0.766186952,0.766186952,0.766186952,257,1,48,"C,N,O",4.106195,1.824271709409433,66.72240767510226,True
COc1cccc2c1C(=O)c1c(O)c3c(c(O)c1C2=O)CC(O)(C(=O)CO)CC3OC1CC(N2CCOCC2)C(O)C(C)O1,0.249993481,0.249993481,613.6160000000003,6.389967991429379,TOXRIC_only,TOXRIC,True,False,1,0.249993481,0.249993481,0.249993481,0.249993481,23265,1,44,"C,N,O",4.3100424,2.079925610142758,120.20585176092588,True
COc1oc(C2CCC(=CC(C)=Cc3ccc([N+](=O)[O-])cc3)O2)c(C)c(=O)c1C,0.739949726,0.739949726,397.42700000000025,5.730055154741774,TOXRIC_only,TOXRIC,True,False,1,0.739949726,0.739949726,0.739949726,0.739949726,4239,1,29,"C,N,O",2.8882334,2.841821731508742,694.7390836846193,True
CS(=O)(=O)Cl,9.9998690595,9.9998690595,114.55300000000001,4.059012154015314,mixed,PubChem;TOXRIC,True,True,2,9.999738119,10.0,9.9998690595,9.9998690595,1710;38118,1,5,"C,Cl,O,S",2.7361767,1.3228354248130438,21.029813673855156,True
CS(=O)(=O)OCCCCF,0.999970623,0.999970623,170.20499999999998,5.230985072374851,TOXRIC_only,TOXRIC,True,False,1,0.999970623,0.999970623,0.999970623,0.999970623,2549,1,10,"C,F,O,S",3.6257005,1.605284598589451,40.298102630892764,True
CS(=O)(=O)OCCN(CCOS(C)(=O)=O)c1ccc(N=O)cc1,1.997907301,1.997907301,366.4170000000001,5.26340028071349,TOXRIC_only,TOXRIC,True,False,1,1.997907301,1.997907301,1.997907301,1.997907301,5966,1,23,"C,N,O,S",2.9414883,2.3219120147222787,209.85146949313548,True
CSC1SCC2C(=O)N(C)C(C(C)C)C(=O)OCC(NC(=O)c3cnc4ccccc4n3)C(=O)NC(C)C(=O)N(C)C1C(=O)N(C)C(C(C)C)C(=O)OCC(NC(=O)c1cnc3ccccc3c1)C(=O)NC(C)C(=O)N2C,0.84000687,0.84000687,1100.2909999999997,6.117224722639331,TOXRIC_only,TOXRIC,True,False,1,0.84000687,0.84000687,0.84000687,0.84000687,26107,1,77,"C,N,O,S",4.3875527,1.7296719844496335,53.66263381364633,True
CSC1SCC2C(=O)N(C)C(C(C)C)C(=O)OCC(NC(=O)c3cnc4ccccc4n3)C(=O)NC(C)C(=O)N(C)C1C(=O)N(C)C(C(C)C)C(=O)OCC(NC(=O)c1cnc3ccccc3n1)C(=O)NC(C)C(=O)N2C,0.280005339,0.280005339,1101.2789999999995,6.594731045526791,TOXRIC_only,TOXRIC,True,False,1,0.280005339,0.280005339,0.280005339,0.280005339,2329,1,77,"C,N,O,S",4.3722143,2.2225167282050133,166.92321016476808,True
CSCS(=O)CC(CO)NC(=O)C=Cc1c(C)[nH]c(=O)[nH]c1=O,2.399701197,2.399701197,361.4450000000001,5.177885053231634,TOXRIC_only,TOXRIC,True,False,1,2.399701197,2.399701197,2.399701197,2.399701197,31019,1,23,"C,N,O,S",2.8435667,2.334318397118963,215.9326910273649,True
CSc1c(Cl)c(Cl)c(Cl)c(Cl)c1Cl,8699.5157385,8699.5157385,296.433,1.532431471098771,mixed,PubChem;TOXRIC,True,True,2,8699.031477,8700.0,8699.5157385,8699.5157385,3700;37481,1,13,"C,Cl,S",3.0439997,1.5115682008372642,32.47642385650915,True
C[N+](C)(C)C(=O)Cc1ccc(-c2ccc(CC(=O)[N+](C)(C)C)cc2)cc1,0.80001354,0.80001354,354.494,5.646511551551731,TOXRIC_only,TOXRIC,True,False,1,0.80001354,0.80001354,0.80001354,0.80001354,6238,1,26,"C,N,O",4.2822657,1.3642458884047581,23.133742032955176,True
C[N+](C)(C)C(=O)OCCC1CC1CCOC(=O)[N+](C)(C)C,4.242570542,4.242570542,302.415,4.852974256536014,TOXRIC_only,TOXRIC,True,False,1,4.242570542,4.242570542,4.242570542,4.242570542,19838,1,21,"C,N,O",3.4723797,1.3805945720877721,24.021192971057076,True
C[N+](C)(C)CCNS(=O)(=O)c1ccc(-c2ccc(S(=O)(=O)NCC[N+](C)(C)C)cc2)cc1,0.738018271,0.738018271,484.6880000000002,5.817395153793421,TOXRIC_only,TOXRIC,True,False,1,0.738018271,0.738018271,0.738018271,0.738018271,5131,1,32,"C,N,O,S",4.479119,1.338276329788294,21.790958308682058,True
C[N+](C)(C)CCOC(=O)CCCN,8.500044909,8.500044909,189.27899999999994,4.347681212557779,TOXRIC_only,TOXRIC,True,False,1,8.500044909,8.500044909,8.500044909,8.500044909,4294,1,13,"C,N,O",2.821749,1.5259322406186921,33.56852359619388,True
C[N+](C)(C)NCCC(=O)O,7850.106668,7850.106668,147.198,1.2730263512008582,TOXRIC_only,TOXRIC,True,False,1,7850.106668,7850.106668,7850.106668,7850.106668,21945,1,10,"C,N,O",2.8538053,1.5807789523727502,38.08719174922281,True
C[N+](C)(C)c1ccc2c(c1)nc(-c1ccccc1)c1cc([N+](C)(C)C)ccc12,3.159761849,3.159761849,371.52800000000013,5.070337198579614,TOXRIC_only,TOXRIC,True,False,1,3.159761849,3.159761849,3.159761849,3.159761849,28350,1,28,"C,N",3.6102304,1.460106752717798,28.847405060185302,True
C[N+](C)(CCO)CC(=O)c1ccc(-c2ccccc2)cc1,2.500184613,2.500184613,284.379,5.055925444664931,TOXRIC_only,TOXRIC,True,False,1,2.500184613,2.500184613,2.500184613,2.500184613,22538,1,21,"C,N,O",3.5011492,1.5547762671136613,35.873707860195125,True
C[N+](C)(CCS)C(=O)Cc1ccc(-c2ccc(CC(=O)[N+](C)(C)CCS)cc2)cc1,29.00116862,29.00116862,446.68200000000024,4.187582953589886,TOXRIC_only,TOXRIC,True,False,1,29.00116862,29.00116862,29.00116862,29.00116862,16615,1,30,"C,N,O,S",5.770134,1.5825510185780827,38.24291767406045,True
C[N+]1(C)CCOC(O)(c2ccc(-c3ccc(-c4ccc(C5(O)C[N+](C)(C)CCO5)cc4)cc3)cc2)C1,0.106990404,0.106990404,490.64400000000035,6.661421664866221,TOXRIC_only,TOXRIC,True,False,1,0.106990404,0.106990404,0.106990404,0.106990404,11093,1,36,"C,N,O",4.6572304,2.004191287668955,100.96975156148484,True
Cc1c(Cl)cc(-c2ccc(=O)[nH]n2)cc1Cl,6950.9455035,6950.9455035,255.104,1.56467338476204,mixed,PubChem;TOXRIC,True,True,2,6950.891007,6951.0,6950.9455035,6950.9455035,17034;39025,1,16,"C,Cl,N,O",2.9902134,1.425540009402999,26.640355098801383,True
Cc1cc(=O)c(O)cc2c1CCC(C=CC=CC1Oc3cc(O)c(=O)cc(C)c3CC1C)O2,3.969867231,3.969867231,448.51500000000027,5.053000989658124,TOXRIC_only,TOXRIC,True,False,1,3.969867231,3.969867231,3.969867231,3.969867231,20352,1,33,"C,O",3.4760418,1.576959195834882,37.75367177731498,True
Cc1cc(=O)c2c(OCC(N)=O)c3ccoc3c(OCCN3CCOCC3)c2o1,4699.964959,4699.964959,402.4030000000003,1.9325665897904478,TOXRIC_only,TOXRIC,True,False,1,4699.964959,4699.964959,4699.964959,4699.964959,33933,1,29,"C,N,O",3.432342,1.499775462669269,31.60643133614401,True
Cc1cc(C)c(C)c(SCC2=NCCN2)c1C,1.999959741,1.999959741,248.39499999999995,5.094121596133943,TOXRIC_only,TOXRIC,True,False,1,1.999959741,1.999959741,1.999959741,1.999959741,20758,1,17,"C,N,S",3.5624008,1.5317207782628497,34.01894007883054,True
Cc1cc(N(C)C)nc(Cl)n1,0.4199987765,0.4199987765,171.63100000000003,5.611347707634333,mixed,PubChem;TOXRIC,True,True,2,0.419997553,0.42,0.4199987765,0.4199987765,2394;37021,1,11,"C,Cl,N",2.8597817,2.7515659655383855,564.3726581122875,True
Cc1cc(N(CCBr)CCBr)c2ccccc2c1,5.999902998,5.999902998,371.11600000000004,4.791365449491229,TOXRIC_only,TOXRIC,True,False,1,5.999902998,5.999902998,5.999902998,5.999902998,20254,1,18,"Br,C,N",3.4884932,1.3028722453744077,20.085018929389246,True
Cc1cc(OC(=O)N(C)C)n(C(C)C)n1,0.9999881665,0.9999881665,211.26500000000001,5.324832693259125,mixed,PubChem;TOXRIC,True,True,2,0.999976333,1.0,0.9999881665,0.9999881665,1635;36662,1,15,"C,N,O",3.431256,1.8935766374272154,78.26663054628473,True
Cc1cc(OCC(=O)COc2cc(C)c(Cl)c(C)c2)cc(C)c1Cl,6.000457421,6.000457421,367.27200000000005,4.7868034616047845,TOXRIC_only,TOXRIC,True,False,1,6.000457421,6.000457421,6.000457421,6.000457421,15764,1,24,"C,Cl,O",2.3457615,2.4410419240529047,276.08443578758795,True
Cc1cc2c(c3oc(C4(C)OC4C4OC4C)cc(=O)c13)C(=O)c1c(O)c(C3CC(C)(N(C)C)C(O)C(C)O3)cc(C3CC(N(C)C)C(O)C(C)O3)c1C2=O,0.299978309,0.299978309,746.8540000000002,6.396145858685655,TOXRIC_only,TOXRIC,True,False,1,0.299978309,0.299978309,0.299978309,0.299978309,6492,1,54,"C,N,O",4.993744,1.4024019622012798,25.258174667915313,True
Cc1ccc(C)n1-c1cccc(OC(C)C(=O)Nc2ccccn2)c1,22.99951999,22.99951999,335.40700000000004,4.163853349965707,TOXRIC_only,TOXRIC,True,False,1,22.99951999,22.99951999,22.99951999,22.99951999,34169,1,25,"C,N,O",2.5415792,1.6222741034447106,41.90579686430677,True
Cc1ccc(N=c2nc(Nc3ccc(Cl)cc3)ss2)cc1,17.78165088,17.78165088,333.869,4.273604017165263,TOXRIC_only,TOXRIC,True,False,1,17.78165088,17.78165088,17.78165088,17.78165088,34757,1,21,"C,Cl,N,S",2.9391668,1.3344372328787637,21.59917846551483,True
Cc1ccc(NCC(O)CO)cc1,1.099969653,1.099969653,181.235,5.216861368545595,TOXRIC_only,TOXRIC,True,False,1,1.099969653,1.099969653,1.099969653,1.099969653,13934,1,13,"C,N,O",3.5870214,1.629840017684999,42.64224074094396,True
Cc1ccc(OCC(O)CO)cc1,5.600030731,5.600030731,182.219,4.512403248674744,TOXRIC_only,TOXRIC,True,False,1,5.600030731,5.600030731,5.600030731,5.600030731,7749,1,13,"C,O",2.6177592,1.8946440209220583,78.45922625671811,True
Cc1ccc(S(=O)(=O)CC(O)CO)cc1,3.699919667,3.699919667,230.285,4.794073355658306,TOXRIC_only,TOXRIC,True,False,1,3.699919667,3.699919667,3.699919667,3.699919667,17846,1,15,"C,O,S",3.0480793,1.7459941034152644,55.71781838561233,True
Cc1ccc(S(=O)(=O)N(C)N=O)cc1,18.99973396,18.99973396,214.246,4.052165202464649,mixed,PubChem;TOXRIC,True,True,2,18.99946792,19.0,18.99973396,18.99973396,1173;36276,1,14,"C,N,O,S",2.7118435,1.3403217118640631,21.89382850216915,True
Cc1ccc(SCC(O)CO)cc1,3.399879973,3.399879973,198.287,4.765830656843667,TOXRIC_only,TOXRIC,True,False,1,3.399879973,3.399879973,3.399879973,3.399879973,17848,1,13,"C,O,S",2.7162218,2.0496088474564598,112.10083498487383,True
Cc1ccc([Si]23OCCN(CCO2)CCO3)o1,2099.950657,2099.950657,255.34599999999995,2.084919968872079,TOXRIC_only,TOXRIC,True,False,1,2099.950657,2099.950657,2099.950657,2099.950657,20642,1,17,"C,N,O,Si",3.615664,1.5307440364074618,33.942516391823474,True
Cc1ccc2c(c1O)NC(O)C1CC(C=CC(N)=O)=CN1C2=O,0.649981448,0.649981448,315.32900000000006,5.685862952501834,TOXRIC_only,TOXRIC,True,False,1,0.649981448,0.649981448,0.649981448,0.649981448,4995,1,23,"C,N,O",2.7929769,2.8928860962701446,781.4228315759957,True
Cc1ccc2c(ccc(-c3ccc(N(C)C)cc3)[n+]2C)c1,29.24112611,29.24112611,277.391,3.9770982724078356,TOXRIC_only,TOXRIC,True,False,1,29.24112611,29.24112611,29.24112611,29.24112611,9957,1,21,"C,N",2.521354,1.4557443123706042,28.559086534547788,True
Cc1cccc(NCC(=O)Sc2nc3ccccc3[nH]2)c1,1.000057166,1.000057166,297.38300000000004,5.473291312135493,TOXRIC_only,TOXRIC,True,False,1,1.000057166,1.000057166,1.000057166,1.000057166,23730,1,21,"C,N,O,S",2.616286,2.857005272783076,719.4577129095802,True
Cc1ccccc1OP(=S)(Oc1ccccc1C)Oc1ccccc1C,7199.30704,7199.30704,384.4370000000002,1.7275344835348192,TOXRIC_only,TOXRIC,True,False,1,7199.30704,7199.30704,7199.30704,7199.30704,2690,1,26,"C,O,P,S",3.041184,1.3136494649820265,20.589673742659304,True
Cc1cnccc1NC(=O)c1ccc(N)cc1,9.999691996,9.999691996,227.267,4.356549755804734,TOXRIC_only,TOXRIC,True,False,1,9.999691996,9.999691996,9.999691996,9.999691996,12574,1,17,"C,N,O",2.9663484,1.3902013461520237,24.558472234536087,True
Cc1nc(C)c(C)nc1C,0.7999765050000001,0.7999765050000001,136.19799999999998,5.231093498106195,mixed,PubChem;TOXRIC,True,True,2,0.79995301,0.8,0.7999765050000001,0.7999765050000001,3383;37372,1,10,"C,N",2.5268419,2.7042516192152037,506.1178089044086,True
Cc1nc(NCc2ccccc2)c2cc[nH]c2n1,23.99959712,23.99959712,238.294,3.9969091560980803,TOXRIC_only,TOXRIC,True,False,1,23.99959712,23.99959712,23.99959712,23.99959712,3716,1,18,"C,N",2.6829185,1.313990607514096,20.605853485128304,True
ClCCN(CCCl)CCCN(CCCl)CCCl,3639.741706,3639.741706,324.12300000000005,1.9496392849059867,TOXRIC_only,TOXRIC,True,False,1,3639.741706,3639.741706,3639.741706,3639.741706,19994,1,17,"C,Cl,N",4.4606504,2.511011159124775,324.3479513091621,True
ClCCN(CCCl)Cc1cccc2ccccc12,327.9837284,327.9837284,282.21400000000006,2.9347262558588505,TOXRIC_only,TOXRIC,True,False,1,327.9837284,327.9837284,327.9837284,327.9837284,16614,1,18,"C,Cl,N",5.1072063,2.1724800887456417,148.75791709420346,True
ClSC(Cl)(Cl)Cl,10.000268980000001,10.000268980000001,185.89000000000001,4.269244345921903,mixed,PubChem;TOXRIC,True,True,2,10.0,10.00053796,10.000268980000001,10.000268980000001,2568;37120,1,6,"C,Cl,S",2.7143803,1.5548640816396766,35.8809622723373,True
Clc1cc2c(cc1Cl)Oc1cc(Cl)c(Cl)cc1O2,0.120004845,0.120004845,321.97400000000005,6.428622022690333,mixed,PubChem;TOXRIC,True,True,2,0.12,0.12000969,0.120004845,0.120004845,392;37468,1,18,"C,Cl,O",2.9158237,3.5127983246465098,3256.854258208268,True
Clc1ccc(C(c2ccc(Cl)cc2)C(Cl)(Cl)Cl)cc1,32.000406225,32.000406225,354.491,4.044449722117385,mixed,PubChem;TOXRIC,True,True,2,32.0,32.00081245,32.000406225,32.000406225,895;35587,1,19,"C,Cl",2.4875135,1.5569361799420918,36.05256594814658,True
Clc1ccc(C(c2ccccc2Cl)C(Cl)(Cl)Cl)cc1,1577.0200195,1577.0200195,354.491,2.3517680070466405,mixed,PubChem;TOXRIC,True,True,2,1577.0,1577.040039,1577.0200195,1577.0200195,2934;37273,1,19,"C,Cl",3.73882,1.387052068942129,24.38103112757216,True
Clc1ccc(OCC2CCN2)cn1,3.793942708,3.793942708,198.653,4.719004359671401,TOXRIC_only,TOXRIC,True,False,1,3.793942708,3.793942708,3.793942708,3.793942708,35035,1,13,"C,Cl,N,O",2.9114792,1.8075251249759665,64.19853608244834,True
Cn1c(=O)n(CC(O)CO)c(=O)c2[nH]cnc21,18.20007575,18.20007575,240.219,4.120534159174126,TOXRIC_only,TOXRIC,True,False,1,18.20007575,18.20007575,18.20007575,18.20007575,28642,1,17,"C,N,O",2.7771053,1.3434288277532271,22.051027342035667,True
Cn1nc2c(nc1=O)c(=O)n(C)c(=O)n2C,1.199989246,1.199989246,223.19199999999998,5.269501269848306,TOXRIC_only,TOXRIC,True,False,1,1.199989246,1.199989246,1.199989246,1.199989246,9504,1,16,"C,N,O",2.8547285,2.4147728095364167,259.8799709437473,True
FC(F)(F)C(Cl)(Cl)Cl,8599.885253,8599.885253,187.37500000000003,1.3382189893013003,mixed,PubChem;TOXRIC,True,True,2,8599.770506,8600.0,8599.885253,8599.885253,2035;36870,1,8,"C,Cl,F",2.6667457,1.3285266733879086,21.30721427630232,True
FC(F)(F)CC[Si]12OCCN(CCO1)CCO2,0.199999263,0.199999263,271.3109999999999,6.1324390068150425,TOXRIC_only,TOXRIC,True,False,1,0.199999263,0.199999263,0.199999263,0.199999263,17099,1,17,"C,F,N,O,Si",2.9013114,3.2311276092625523,1702.6587291343164,True
FCCCCCCCCCCl,175.996104,175.996104,180.694,3.0114406779109686,TOXRIC_only,TOXRIC,True,False,1,175.996104,175.996104,175.996104,175.996104,2184,1,11,"C,Cl,F",4.4606338,1.449193076819256,28.131512114004817,True
N#CC1(c2ccc(Cl)cc2)CCC(=O)O1,9.699868698,9.699868698,221.64299999999997,4.35888816433395,TOXRIC_only,TOXRIC,True,False,1,9.699868698,9.699868698,9.699868698,9.699868698,12108,1,15,"C,Cl,N,O",2.5086024,1.8502857835813868,70.84117950564321,True
N#CCCCCF,0.9999802225000001,0.9999802225000001,101.12400000000001,5.004862829312919,mixed,PubChem;TOXRIC,True,True,2,0.999960445,1.0,0.9999802225000001,0.9999802225000001,2023;38598,1,7,"C,F,N",3.5153482,1.4895146332832558,30.868436532143168,True
N#CCN(CC#N)CC#N,9.9999254545,9.9999254545,134.142,4.127568014680373,mixed,PubChem;TOXRIC,True,True,2,9.999850909,10.0,9.9999254545,9.9999254545,6166;38882,1,10,"C,N",2.4838336,1.6437344632735122,44.02855813826102,True
N#CCN(CC#N)CCN(CC#N)CC#N,3029.9439535,3029.9439535,216.24799999999996,1.8535175043235026,mixed,PubChem;TOXRIC,True,True,2,3029.887907,3030.0,3029.9439535,3029.9439535,5425;37788,1,16,"C,N",3.3868926,1.5333750528206624,34.14876900269236,True
N#CCO,2.999947416,2.999947416,57.052,4.2791572311956685,mixed,PubChem;TOXRIC,True,True,2,2.999894832,3.0,2.999947416,2.999947416,1487;36528,1,4,"C,N,O",2.6138146,1.6653426388342183,46.27459631936775,True
N#CNC(=N)N,3999.904855,3999.904855,84.08200000000001,1.322653372435571,TOXRIC_only,TOXRIC,True,False,1,3999.904855,3999.904855,3999.904855,3999.904855,2159,1,6,"C,N",2.7984333,1.475779931397437,29.907487603720398,True
N#Cc1c(Cl)c(Cl)c(C#N)c(Cl)c1Cl,1580.9583815,1580.9583815,265.914,2.2258207655867785,mixed,PubChem;TOXRIC,True,True,2,1580.916763,1581.0,1580.9583815,1580.9583815,3734;38792,1,14,"C,Cl,N",4.948304,2.722483410743788,527.8170447491567,True
N#Cc1c(Cl)c(Cl)c(Cl)c(C#N)c1Cl,2.4999341900000003,2.4999341900000003,265.914,5.026812626776626,mixed,PubChem;TOXRIC,True,True,2,2.49986838,2.5,2.4999341900000003,2.4999341900000003,3735;37492,1,14,"C,Cl,N",2.7493217,2.2774909276341697,189.44839383739628,True
N#[N+][N-]CN(CN(CN(C[N-][N+]#N)[N+](=O)[O-])[N+](=O)[O-])[N+](=O)[O-],1949.96346,1949.96346,320.1860000000001,2.215375865376569,TOXRIC_only,TOXRIC,True,False,1,1949.96346,1949.96346,1949.96346,1949.96346,16940,1,22,"C,N,O",3.7694983,1.554122482859515,35.81974442831547,True
N#[N+][N-]Cc1ccccc1,0.119996395,0.119996395,133.15399999999997,6.045186018431179,TOXRIC_only,TOXRIC,True,False,1,0.119996395,0.119996395,0.119996395,0.119996395,2650,1,10,"C,N",2.9917026,3.053483461821072,1131.0543173269898,True
N=C(N)SCOCSC(=N)N,4050.312689,4050.312689,194.285,1.6809507191180382,TOXRIC_only,TOXRIC,True,False,1,4050.312689,4050.312689,4050.312689,4050.312689,13301,1,11,"C,N,O,S",3.1430979,1.4621471583844032,28.98325503575674,True
N=C1C/C(=N\c2ccc(N)cc2)C(=N)C/C1=N/c1ccc(N)cc1,5000.251273,5000.251273,318.384,1.803959405590867,TOXRIC_only,TOXRIC,True,False,1,5000.251273,5000.251273,5000.251273,5000.251273,8553,1,24,"C,N",3.218546,1.414586508105422,25.9768512867836,True
N=c1ccn(CC(O)COc2ccc([N+](=O)[O-])cc2)cc1,799.9972341,799.9972341,289.291,2.558246437250673,TOXRIC_only,TOXRIC,True,False,1,799.9972341,799.9972341,799.9972341,799.9972341,18287,1,21,"C,N,O",3.899966,1.341719564259947,21.964411130981127,True
N=c1ccn(CC(O)COc2cccc([N+](=O)[O-])c2)cc1,12.49995678,12.49995678,289.291,4.364426411332277,TOXRIC_only,TOXRIC,True,False,1,12.49995678,12.49995678,12.49995678,12.49995678,18289,1,21,"C,N,O",2.6162093,1.7482171427623303,56.0037544501886,True
NC(=O)NC(=O)C(O)(CCC(=O)O)c1ccccc1,46.79947266,46.79947266,266.253,3.7550535504395737,TOXRIC_only,TOXRIC,True,False,1,46.79947266,46.79947266,46.79947266,46.79947266,9513,1,19,"C,N,O",2.3318183,1.4232352082307114,26.499349202551006,True
NC(=O)c1cc2cccnc2nc1N,22.7,22.7,188.18999999999994,3.918570685063874,TOXRIC_only,TOXRIC,True,False,1,22.7,22.7,22.7,22.7,13877,1,14,"C,N,O",2.5698228,1.3487478968253486,22.322760349458175,True
NC(CCCF)C(=O)O,1.080015983,1.080015983,135.138,5.097347304618847,TOXRIC_only,TOXRIC,True,False,1,1.080015983,1.080015983,1.080015983,1.080015983,2048,1,9,"C,F,N,O",3.2903981,1.8069491837387197,64.11345538332921,True
NC(CCSCC(=O)O)C(=O)O,2.549947211,2.549947211,193.224,4.879529878590052,TOXRIC_only,TOXRIC,True,False,1,2.549947211,2.549947211,2.549947211,2.549947211,15235,1,12,"C,N,O,S",2.128599,2.750930950138514,563.5480484053844,True
NC(CSCC(=O)O)C(=O)O,2523.2573485000003,2523.2573485000003,179.197,1.8513691879843308,mixed,PubChem;TOXRIC,True,True,2,2066.514697,2980.0,2523.2573485000003,2523.2573485000003,31705;35403,1,11,"C,N,O,S",3.1532388,1.3018695853616165,20.038701932191273,True
NC(Cc1ccc(O)c(F)c1)C(=O)O,9.899975146500001,9.899975146500001,199.18099999999995,4.30361380412194,mixed,PubChem;TOXRIC,True,True,2,9.899950293,9.9,9.899975146500001,9.899975146500001,2096;38997,1,14,"C,F,N,O",2.4416673,1.8619464857778238,72.769013226983,True
NC1=C(Cl)C(=O)c2ccccc2C1=O,799.98843975,799.98843975,207.61599999999999,2.4141771082673857,mixed,PubChem;TOXRIC,True,True,2,799.9768795,800.0,799.98843975,799.98843975,4216;37609,1,14,"C,Cl,N,O",3.727241,1.3130639310087373,20.561932588998992,True
NC1=NC2=NC(N)=NC3=NC(N)=NC(=N1)N23,1997.963368,1997.963368,218.184,2.0382353781597473,TOXRIC_only,TOXRIC,True,False,1,1997.963368,1997.963368,1997.963368,1997.963368,3495,1,16,"C,N",3.3707838,1.3325484276874207,21.505444707568497,True
NC1=NC2C(COC(=O)NS(=O)(=O)O)N=C(N)N3CC(OS(=O)(=O)O)C(O)(O)C23N1,2.299912917,2.299912917,475.4180000000002,5.315364228335615,TOXRIC_only,TOXRIC,True,False,1,2.299912917,2.299912917,2.299912917,2.299912917,23168,1,30,"C,N,O,S",3.4242864,1.8910778628265819,77.81760544377855,True
NC1CCCC1,11.0,11.0,85.15,3.8887919671403948,TOXRIC_only,TOXRIC,True,False,1,11.0,11.0,11.0,11.0,18302,1,6,"C,N",2.5304375,1.358354497657973,22.822041862345717,True
NCC=CC(N)CF,999.9576816,999.9576816,118.15500000000002,2.072470483561489,TOXRIC_only,TOXRIC,True,False,1,999.9576816,999.9576816,999.9576816,999.9576816,23509,1,8,"C,F,N",3.9043708,1.8319003011980324,67.90477291477798,True
NCCSS(=O)(=O)O,17.50044524,17.50044524,157.21599999999998,3.9534476444646995,TOXRIC_only,TOXRIC,True,False,1,17.50044524,17.50044524,17.50044524,17.50044524,4306,1,8,"C,N,O,S",2.6353335,1.3181141064092796,20.80243177812021,True
NN=C(NN)NN,3650.0525829999997,3650.0525829999997,104.11700000000002,1.4552225249812936,mixed,PubChem;TOXRIC,True,True,2,3650.0,3650.105166,3650.0525829999997,3650.0525829999997,4719;40366,2,7,"C,N",3.208199,1.752976499219146,56.62086492167404,True
NNC(N)=S,1.000010972,1.000010972,91.139,4.9596994940315176,TOXRIC_only,TOXRIC,True,False,1,1.000010972,1.000010972,1.000010972,1.000010972,1156,1,5,"C,N,S",3.2019992,1.7577003065620351,57.24008981836278,True
NS(=O)(=O)CCl,2690.0207615,2690.0207615,129.56799999999998,1.6827421232011193,mixed,PubChem;TOXRIC,True,True,2,2690.0,2690.041523,2690.0207615,2690.0207615,9090;39332,1,6,"C,Cl,N,O,S",3.0785534,1.3958113149855262,24.87776235976981,True
Nc1ccc2nc(C=Cc3ccc([N+](=O)[O-])o3)cc(N)c2c1,24.99949374,24.99949374,296.28600000000006,4.073779916891473,TOXRIC_only,TOXRIC,True,False,1,24.99949374,24.99949374,24.99949374,24.99949374,3002,1,22,"C,N,O",2.599167,1.4746128083557064,29.82722211906137,True
Nc1ccc[n+](CC(O)COc2ccc([N+](=O)[O-])cc2)c1,4.999844993,4.999844993,290.299,4.763888999419159,TOXRIC_only,TOXRIC,True,False,1,4.999844993,4.999844993,4.999844993,4.999844993,18285,1,21,"C,N,O",2.762585,2.0013040747212827,100.30072557619224,True
Nc1nc(=S)[nH]s1,9.999924932,9.999924932,133.201,4.12451074546518,TOXRIC_only,TOXRIC,True,False,1,9.999924932,9.999924932,9.999924932,9.999924932,32693,1,7,"C,N,S",2.8148432,1.30966756766977,20.401756867425053,True
Nc1nc(Cl)nc2c1ncn2C1OC(COS(N)(=O)=O)C(O)C1O,0.2,0.2,380.7700000000001,6.279632728324454,TOXRIC_only,TOXRIC,True,False,1,0.2,0.2,0.2,0.2,18670,1,24,"C,Cl,N,O,S",2.8339715,3.445661227927726,2790.366362542625,True
Nc1nc(F)nc2nc[nH]c12,11.34,11.34,153.12,4.130418865875881,mixed,PubChem;TOXRIC,True,True,2,11.34,11.34,11.34,11.34,2809;37238,1,11,"C,F,N",2.6988225,1.4315963675543477,27.014464779233236,True
Nc1nc(N)c2nc(CNc3ccc(C(=O)NC(CCC(=O)O)C(=O)O)cc3)cnc2n1,1.899913717,1.899913717,440.42000000000024,5.365133154302132,TOXRIC_only,TOXRIC,True,False,1,1.899913717,1.899913717,1.899913717,1.899913717,16059,1,32,"C,N,O",3.5633802,1.8017529129080891,63.35091805924377,True
Nc1ncn(C2OC(CO)C(O)C2O)c(=O)n1,67.9980508,67.9980508,244.207,3.555261644889993,TOXRIC_only,TOXRIC,True,False,1,67.9980508,67.9980508,67.9980508,67.9980508,117,1,17,"C,N,O",2.2327495,1.3225121827623076,21.014167168399208,True
Nc1ncnc2c1ncn2C1OC(C(=O)NCCO)C(O)C1O,1.999956832,1.999956832,324.29699999999997,5.209922309378398,TOXRIC_only,TOXRIC,True,False,1,1.999956832,1.999956832,1.999956832,1.999956832,12322,1,23,"C,N,O",3.5486088,1.6613135294711716,45.84727517178312,True
Nc1ncnc2c1ncn2C1OC(F)(COS(N)(=O)=O)C(O)C1O,0.199997255,0.199997255,364.31500000000005,6.260453017955175,TOXRIC_only,TOXRIC,True,False,1,0.199997255,0.199997255,0.199997255,0.199997255,10131,1,24,"C,F,N,O,S",2.7259293,3.534523757701269,3423.921173766346,True
O=C(CBr)C12CC3CC(CC(C3)C1)C2,24.99995139,24.99995139,257.17099999999994,4.012282829377502,mixed,PubChem;TOXRIC,True,True,2,24.99990278,25.0,24.99995139,24.99995139,5110;39370,1,14,"Br,C,O",2.6964207,1.3158621598218376,20.694844134953087,True
O=C(CC(C(=O)O)N1CC1)c1ccc(Cl)cc1,8.749827538,8.749827538,253.685,4.462295295804228,TOXRIC_only,TOXRIC,True,False,1,8.749827538,8.749827538,8.749827538,8.749827538,27191,1,17,"C,Cl,N,O",2.8847158,1.5775795002872606,37.80763401768065,True
O=C(N1CC1)N1CC1,8.499848386,8.499848386,112.132,4.120318389190677,TOXRIC_only,TOXRIC,True,False,1,8.499848386,8.499848386,8.499848386,8.499848386,30886,1,8,"C,N,O",2.6642487,1.4560696842803988,28.580490919528692,True
O=C(NCCCCCCNC(=O)N1CC1)N1CC1,5.4999567505,5.4999567505,254.33399999999997,4.665045147233893,mixed,PubChem;TOXRIC,True,True,2,5.499913501,5.5,5.4999567505,5.4999567505,17440;37548,1,18,"C,N,O",2.9391634,1.7258817008075011,53.196333593143095,True
O=C(NCn1c(CSC(=S)N2CCOCC2)nc2ccccc21)c1ccccc1,1.000077361,1.000077361,426.5670000000001,5.629953658444948,TOXRIC_only,TOXRIC,True,False,1,1.000077361,1.000077361,1.000077361,1.000077361,33644,1,29,"C,N,O,S",2.805507,2.824446713788576,667.4929971949031,True
O=C(O)C=CCCCCCCCCCCF,71.99906223,71.99906223,230.32299999999992,3.505010468783671,TOXRIC_only,TOXRIC,True,False,1,71.99906223,71.99906223,71.99906223,71.99906223,3594,1,16,"C,F,O",4.942414,1.4374033381316123,27.37810206067643,True
O=C(O)C=CCCCCCCCCCF,1.549957003,1.549957003,216.29599999999994,5.144728837354792,TOXRIC_only,TOXRIC,True,False,1,1.549957003,1.549957003,1.549957003,1.549957003,3578,1,15,"C,F,O",3.7916057,1.353123126371516,22.548783997425407,True
O=C(O)CC(O)C(=O)O,50.00055933,50.00055933,134.087,3.4284118115956237,mixed,PubChem;TOXRIC,True,True,2,50.0,50.00111866,50.00055933,50.00055933,5939;35342,1,9,"C,O",2.0052187,1.4231930673176696,26.49677801493531,True
O=C(O)CCCCCCCCCF,1.499936928,1.499936928,190.25799999999995,5.10326992965572,TOXRIC_only,TOXRIC,True,False,1,1.499936928,1.499936928,1.499936928,1.499936928,1988,1,13,"C,F,O",3.6224132,1.4808567712389715,30.259153275132814,True
O=C(O)CCCCCCCCF,99.99943247,99.99943247,176.23099999999997,3.2460847703370526,TOXRIC_only,TOXRIC,True,False,1,99.99943247,99.99943247,99.99943247,99.99943247,2180,1,12,"C,F,O",4.860896,1.6148113401976154,41.1918540649495,True
O=C(O)CCCCF,99.99750254,99.99750254,120.12300000000002,3.079637016373443,TOXRIC_only,TOXRIC,True,False,1,99.99750254,99.99750254,99.99750254,99.99750254,2100,1,8,"C,F,O",4.6663895,1.5867524489585882,38.61468077971068,True
O=C(O)CCCF,0.650024506,0.650024506,106.09600000000002,5.212769280663612,TOXRIC_only,TOXRIC,True,False,1,0.650024506,0.650024506,0.650024506,0.650024506,2294,1,7,"C,F,O",3.6224666,1.5903027164851453,38.93164158440699,True
O=C(OCCCCF)c1ccccc1,1.699991337,1.699991337,196.22100000000003,5.062298776416235,TOXRIC_only,TOXRIC,True,False,1,1.699991337,1.699991337,1.699991337,1.699991337,1957,1,14,"C,F,O",3.4914196,1.5708792226595207,37.228815848141075,True
O=C([n+]1ccccc1CO)C1(OC2(C(=O)[n+]3ccccc3CO)C3=CC=C2CC3)C2=CC=C1CC2,0.758959674,0.758959674,470.5250000000003,5.7923640023435246,TOXRIC_only,TOXRIC,True,False,1,0.758959674,0.758959674,0.758959674,0.758959674,32672,1,35,"C,N,O",4.192737,1.5996268998349796,39.77653055905575,True
O=C(c1cccnc1)N1CC1,27.99905511,27.99905511,148.16499999999996,3.723602249994503,TOXRIC_only,TOXRIC,True,False,1,27.99905511,27.99905511,27.99905511,27.99905511,6614,1,11,"C,N,O",2.3555639,1.3680383709814414,23.33664238125412,True
O=C1C(=C(O)/C=C/c2ccc(O)cc2)C(=O)C(O)(C2OC(CO)C(O)C(O)C2O)C2=C1C1OC(CO)C(O)C(O)C1O2,5489.796841,5489.796841,594.5220000000004,2.034611657147194,TOXRIC_only,TOXRIC,True,False,1,5489.796841,5489.796841,5489.796841,5489.796841,24465,1,42,"C,O",3.6540422,1.6194305868103256,41.63231748675768,True
O=C1C=C2C(=CCOC2O)O1,4.9999837785,4.9999837785,154.12099999999998,4.488893222877949,mixed,PubChem;TOXRIC,True,True,2,4.999967557,5.0,4.9999837785,4.9999837785,1839;35829,1,11,"C,O",2.5031097,1.9857835293507273,96.77953460844705,True
O=C1C=CC(=NCl)C=C1,0.9999752749999999,0.9999752749999999,141.55700000000002,5.150942088177557,mixed,PubChem;TOXRIC,True,True,2,0.99995055,1.0,0.9999752749999999,0.9999752749999999,2709;37201,1,9,"C,Cl,N,O",3.3481066,1.8028354654816345,63.5090279312614,True
O=C1CC(c2cc(Br)cc(Br)c2)C(=O)N1CN1CCOCC1,28.89986626,28.89986626,432.11200000000025,4.174700494112194,TOXRIC_only,TOXRIC,True,False,1,28.89986626,28.89986626,28.89986626,28.89986626,34358,1,22,"Br,C,N,O",2.8319962,1.3427042916433223,22.014270149449043,True
O=C1CC2OCC=C3CN4CCC56c7ccccc7N1C5C2C3CC46,0.979944322,0.979944322,334.41900000000004,5.533089543028056,TOXRIC_only,TOXRIC,True,False,1,0.979944322,0.979944322,0.979944322,0.979944322,1036,1,25,"C,N,O",3.2259111,2.3071784025861612,202.85158366024027,True
O=C1CCC(C2(c3ccccc3)C(=O)C3=C(SCCS3)C2=O)C(=O)N1,6.998969092,6.998969092,373.4550000000001,4.727204202723769,TOXRIC_only,TOXRIC,True,False,1,6.998969092,6.998969092,6.998969092,6.998969092,21905,1,25,"C,N,O,S",3.057536,1.6696683159592425,46.737805396394776,True
O=C1CCCN1CC#CCN1CCCC1,2.9999345575,2.9999345575,206.28899999999996,4.8373642897530384,mixed,PubChem;TOXRIC,True,True,2,2.999869115,3.0,2.9999345575,2.9999345575,1063;35814,1,15,"C,N,O",3.1813612,1.6560030913277455,45.290080366053175,True
O=C1Nc2ccc(Cl)cc2C1=NO,6999.893181,6999.893181,196.593,1.4484766373479432,TOXRIC_only,TOXRIC,True,False,1,6999.893181,6999.893181,6999.893181,6999.893181,24365,1,13,"C,Cl,N,O",2.9099622,1.4614855399286681,28.939134610359577,True
O=C1OC(CN2CCOCC2)COc2ccccc21,9999.886057,9999.886057,263.293,1.4204442614640147,TOXRIC_only,TOXRIC,True,False,1,9999.886057,9999.886057,9999.886057,9999.886057,9528,1,19,"C,N,O",2.752365,1.3319208508406728,21.474390726887247,True
O=C1OCc2c(Cl)c(Cl)c(Cl)c(Cl)c21,9999.485123,9999.485123,271.91400000000004,1.4344539300251273,TOXRIC_only,TOXRIC,True,False,1,9999.485123,9999.485123,9999.485123,9999.485123,10537,1,14,"C,Cl,O",2.907919,1.4734650000285836,29.748495048715274,True
O=C1c2cccc3cc([N+](=O)[O-])cc(c23)C(=O)N1CCN1CCCC1,12.59810639,12.59810639,339.35100000000017,4.430343861697481,TOXRIC_only,TOXRIC,True,False,1,12.59810639,12.59810639,12.59810639,12.59810639,15075,1,25,"C,N,O",3.0783844,1.3519594622834186,22.488446854083456,True
O=C=NC1CCCCC1,12.999948065,12.999948065,125.171,3.9835621045580596,mixed,PubChem;TOXRIC,True,True,2,12.99989613,13.0,12.999948065,12.999948065,1434;37639,1,9,"C,N,O",2.639629,1.343933217381546,22.07665228357942,True
O=CCCCC=O,13.90020826,13.90020826,100.11699999999999,3.857486520398654,mixed,PubChem;TOXRIC,True,True,2,13.9,13.90041652,13.90020826,13.90020826,661;35663,1,7,"C,O",2.472775,1.3847115379462616,24.249988553722094,True
O=CCCCCCF,0.579995091,0.579995091,118.15100000000001,5.3090130839731895,TOXRIC_only,TOXRIC,True,False,1,0.579995091,0.579995091,0.579995091,0.579995091,2077,1,8,"C,F,O",3.7957795,1.5132336173441612,32.60120234738341,True
O=CCCCCF,80.99688825,80.99688825,104.12400000000001,3.1090825090876106,TOXRIC_only,TOXRIC,True,False,1,80.99688825,80.99688825,80.99688825,80.99688825,2024,1,7,"C,F,O",5.1070957,1.9980132092961784,99.54356935937686,True
O=Cc1ccccc1,8.999830381999999,8.999830381999999,106.12399999999997,4.07157928648542,mixed,PubChem;TOXRIC,True,True,2,8.999660764,9.0,8.999830381999999,8.999830381999999,1401;35320,1,8,"C,O",2.6535606,1.4180186480576857,26.18295432111159,True
O=NN1CCN([N+](=O)[O-])CN([N+](=O)[O-])C1,3.599918238,3.599918238,220.14499999999998,4.786416188975815,TOXRIC_only,TOXRIC,True,False,1,3.599918238,3.599918238,3.599918238,3.599918238,14033,1,15,"C,N,O",3.1372812,1.649135009547714,44.57948115251219,True
O=P12OCC(C3CCCCC3)(CO1)CO2,0.249993541,0.249993541,232.21599999999992,5.967963351822416,TOXRIC_only,TOXRIC,True,False,1,0.249993541,0.249993541,0.249993541,0.249993541,3977,1,15,"C,O,P",3.9013135,2.0666498085027136,116.5869144342655,True
O=S(=O)(CCO)CS(=O)(=O)CCO,3200.28931,3200.28931,232.27899999999997,1.860820706817068,TOXRIC_only,TOXRIC,True,False,1,3200.28931,3200.28931,3200.28931,3200.28931,13488,1,13,"C,O,S",3.1699426,1.309121910599314,20.376139750919755,True
O=S(=O)(F)CCCl,4.999999994,4.999999994,146.57,4.4670750840363596,TOXRIC_only,TOXRIC,True,False,1,4.999999994,4.999999994,4.999999994,4.999999994,2898,1,7,"C,Cl,F,O,S",2.8985083,1.5685667737183664,37.03111371636957,True
O=S(=O)(O)CCO,49.999405385,49.999405385,126.13299999999998,3.401863885750845,mixed,PubChem;TOXRIC,True,True,2,49.99881077,50.0,49.999405385,49.999405385,1493;36532,1,7,"C,O,S",1.9882191,1.4136447437907012,25.920581712441173,True
O=S1(=O)CC(Cl)C(Cl)C1,22.999817515,22.999817515,189.063,3.9148821546235775,mixed,PubChem;TOXRIC,True,True,2,22.99963503,23.0,22.999817515,22.999817515,4326;37621,1,9,"C,Cl,O,S",2.5781643,1.3367178155580257,21.712899167924753,True
O=S1(=O)CC(O)C(Cl)C1,9400.165278,9400.165278,170.61699999999996,1.2588868117514946,TOXRIC_only,TOXRIC,True,False,1,9400.165278,9400.165278,9400.165278,9400.165278,32316,1,9,"C,Cl,O,S",2.7741365,1.5152497315224311,32.752897909955124,True
O=S1(=O)N2CN3CN1CN(C2)S3(=O)=O,0.2100148585,0.2100148585,240.266,6.058442296165495,mixed,PubChem;TOXRIC,True,True,2,0.21,0.210029717,0.2100148585,0.2100148585,1174;38470,1,14,"C,N,O,S",3.156763,2.9016792193832686,797.405486334417,True
O=[N+]([O-])OCC(CO[N+](=O)[O-])(CO[N+](=O)[O-])CO[N+](=O)[O-],5000.079079,5000.079079,316.135,1.800895707200711,TOXRIC_only,TOXRIC,True,False,1,5000.079079,5000.079079,5000.079079,5000.079079,1130,1,21,"C,N,O",3.1999414,1.3990456895125458,25.063729195952913,True
O=[N+]([O-])c1c(Cl)c(Cl)c(Cl)c(Cl)c1Cl,4499.725735,4499.725735,295.336,1.8171303448594394,mixed,PubChem;TOXRIC,True,True,2,4499.45147,4500.0,4499.725735,4499.725735,1190;36287,1,14,"C,Cl,N,O",3.5879438,1.7708134474837003,58.99476119447417,True
O=[N+]([O-])c1cc(C(F)(F)F)cc([N+](=O)[O-])c1NN=C(C(F)(F)F)C(F)(F)F,5.999999997,5.999999997,414.14,4.83899592899639,TOXRIC_only,TOXRIC,True,False,1,5.999999997,5.999999997,5.999999997,5.999999997,24829,1,27,"C,F,N,O",2.9787295,1.8602664425309356,72.48805426809174,True
O=[N+]([O-])c1cccc2nc3ccccc3c(NCCO)c12,1.209970101,1.209970101,283.287,5.36945200646281,TOXRIC_only,TOXRIC,True,False,1,1.209970101,1.209970101,1.209970101,1.209970101,22261,1,21,"C,N,O",3.5820088,1.7874431678092453,61.29755723321837,True
O=c1[nH]c(=O)c(C2OC(CO)C(O)C2O)co1,5.000061184,5.000061184,245.18699999999998,4.690522121157003,TOXRIC_only,TOXRIC,True,False,1,5.000061184,5.000061184,5.000061184,5.000061184,32030,1,17,"C,N,O",2.5709083,2.1196138131278284,131.7085028611299,True
O=c1[nH]c2ccccc2c(=O)n1CCCN1CCN(c2ccccc2)CC1,39.99462198,39.99462198,364.449,3.9596351666274345,TOXRIC_only,TOXRIC,True,False,1,39.99462198,39.99462198,39.99462198,39.99462198,13932,1,27,"C,N,O",2.5278661,1.431769041520623,27.025207771444105,True
O=c1c2cccnc2oc2c(Cl)cc(-c3nn[nH]n3)cc12,9273.783371,9273.783371,299.677,1.509396465559864,TOXRIC_only,TOXRIC,True,False,1,9273.783371,9273.783371,9273.783371,9273.783371,20090,1,21,"C,Cl,N,O",2.869084,1.3596874158183099,22.892193901737976,True
OC(C1CO1)C(O)C1CO1,14.99979474,14.99979474,146.14199999999997,3.988689730379392,TOXRIC_only,TOXRIC,True,False,1,14.99979474,14.99979474,14.99979474,14.99979474,9631,1,10,"C,O",2.5563073,1.432382414552976,27.063403617178786,True
OC(CCCCCF)(CCCCCCF)CCCCCCF,2.20019663,2.20019663,324.47100000000006,5.168714392116292,TOXRIC_only,TOXRIC,True,False,1,2.20019663,2.20019663,2.20019663,2.20019663,2487,1,22,"C,F,O",3.6111412,1.5575731872823075,36.10548534040348,True
OC1C2(c3ccccc3)CN3CN(C2)CC1(c1ccccc1)C3,1.4999779715,1.4999779715,306.409,5.310216636360065,mixed,PubChem;TOXRIC,True,True,2,1.499955943,1.5,1.4999779715,1.4999779715,4550;38475,1,23,"C,N,O",3.6457915,1.6644251057509338,46.17693527275237,True
OC1CC2CCCCC2CC1N1CCC(c2ccccc2)CC1,0.700033494,0.700033494,313.48500000000007,5.651097945141661,TOXRIC_only,TOXRIC,True,False,1,0.700033494,0.700033494,0.700033494,0.700033494,28668,1,23,"C,N,O",4.2882547,1.362843207287657,23.059145374138218,True
OCCCCCCCCCCCF,99.99894894,99.99894894,190.30199999999996,3.2794479172966566,TOXRIC_only,TOXRIC,True,False,1,99.99894894,99.99894894,99.99894894,99.99894894,2192,1,13,"C,F,O",4.8129787,1.5335308272101793,34.161019809437036,True
OCCCCCCCCF,0.599995951,0.599995951,148.221,5.392761419377708,TOXRIC_only,TOXRIC,True,False,1,0.599995951,0.599995951,0.599995951,0.599995951,2112,1,10,"C,F,O",3.9778914,1.4148699742177957,25.993812038049185,True
OCC[S+](CCO)CCSCCCl,1.199917012,1.199917012,245.81699999999995,5.311460703501796,TOXRIC_only,TOXRIC,True,False,1,1.199917012,1.199917012,1.199917012,1.199917012,17916,1,13,"C,Cl,O,S",3.480069,1.831391781458949,67.82530907069612,True
[N-]=[N+]=C1N=CN=C1C(N)=O,1.0019926909999999,1.0019926909999999,137.102,5.136179236587173,mixed,PubChem;TOXRIC,True,True,2,1.001985382,1.002,1.0019926909999999,1.0019926909999999,5976;40493,1,10,"C,N,O",3.058634,2.077545193847305,119.54879248772431,True
[O-][N+](CCCl)(CCCl)CCCl,2.999632696,2.999632696,220.527,4.866393690700244,TOXRIC_only,TOXRIC,True,False,1,2.999632696,2.999632696,2.999632696,2.999632696,32756,1,11,"C,Cl,N,O",3.435533,1.430860643977832,26.968739231151442,True
[O-][n+]1ccc(O)c(O)c1-c1c(O)c(O)cc[n+]1[O-],12.47990103,12.47990103,252.182,4.305502943444565,TOXRIC_only,TOXRIC,True,False,1,12.47990103,12.47990103,12.47990103,12.47990103,12704,1,18,"C,N,O",2.888289,1.417213968682602,26.134486340089936,True
c1ccc(C(OCCN2CCN(CCOC(c3ccccc3)c3ccccc3)CC2)c2ccccc2)cc1,20.0003947,20.0003947,506.69000000000017,4.40370376678735,TOXRIC_only,TOXRIC,True,False,1,20.0003947,20.0003947,20.0003947,20.0003947,26123,1,38,"C,N,O",2.8120344,1.5916693982723356,39.05434858265576,True
c1ccc(C(c2ccccc2)c2nc3ccccc3o2)cc1,49.99193957,49.99193957,285.346,3.756471802270779,TOXRIC_only,TOXRIC,True,False,1,49.99193957,49.99193957,49.99193957,49.99193957,21059,1,22,"C,N,O",2.4306314,1.325840403116116,21.175828114673287,True
c1ccc(C2CCCCC2)c(OCCC2=NCCN2)c1,0.300008811,0.300008811,272.3919999999999,5.958060338681827,TOXRIC_only,TOXRIC,True,False,1,0.300008811,0.300008811,0.300008811,0.300008811,20231,1,20,"C,N,O",3.6383111,2.319749190992008,208.8089891701971,True
c1ccc(CSNNCc2ccncc2)cc1,2.999987771,2.999987771,245.35100000000003,4.912668348028167,TOXRIC_only,TOXRIC,True,False,1,2.999987771,2.999987771,2.999987771,2.999987771,17535,1,17,"C,N,S",3.1719491,1.7407191998500666,55.04516778517266,True
c1ccc(N(c2ccccc2)c2ccccc2)cc1,6399.347797,6399.347797,245.32500000000002,1.5836060933136393,TOXRIC_only,TOXRIC,True,False,1,6399.347797,6399.347797,6399.347797,6399.347797,2588,1,19,"C,N",3.0679536,1.4843474932647298,30.503346863250567,True
c1ccoc1,6.9997429305,6.9997429305,68.07499999999999,3.9879055594142283,mixed,PubChem;TOXRIC,True,True,2,6.999485861,7.0,6.9997429305,6.9997429305,848;36588,1,5,"C,O",2.535898,1.4520075892146433,28.31441474275947,True
c1cncc(C2=NCCCC2)c1,4.2,4.2,160.22,4.581467437002583,TOXRIC_only,TOXRIC,True,False,1,4.2,4.2,4.2,4.2,4500,1,12,"C,N",3.0979998,1.483467625830098,30.441610567670903,True
c1csc([Si]23OCCN(CCO2)CCO3)c1,0.299991841,0.299991841,257.3869999999999,5.933477164752931,TOXRIC_only,TOXRIC,True,False,1,0.299991841,0.299991841,0.299991841,0.299991841,13665,1,16,"C,N,O,S,Si",3.9669073,1.9665699019508072,92.59124035346015,True
