Canonical SMILES,Toxicity Value,label,_row_id,raw_smiles,raw_ld50_value,source_norm,ld50_mgkg,is_limit_value,ld50_parse_note,remove_reason,valid,parent_smiles,reason,n_fragments,element_set,heavy_atoms,molecular_weight
C1=CC(=C(C=C1C(=O)O)O)O,>800,2,35303,C1=CC(=C(C=C1C(=O)O)O)O,>800,PubChem,800.0,True,ok,limit_value_with_greater_less_symbols,,,,,,,
C(C(C(=O)O)N)C(=O)O,>6000,2,35340,C(C(C(=O)O)N)C(=O)O,>6000,PubChem,6000.0,True,ok,limit_value_with_greater_less_symbols,,,,,,,
C1=C(NC(=O)N=C1)N,>2222,2,35344,C1=C(NC(=O)N=C1)N,>2222,PubChem,2222.0,True,ok,limit_value_with_greater_less_symbols,,,,,,,
C1=CC=C2C(=C1)C(=CN2)CC(C(=O)O)N,>1000,2,35411,C1=CC=C2C(=C1)C(=CN2)CC(C(=O)O)N,>1000,PubChem,1000.0,True,ok,limit_value_with_greater_less_symbols,,,,,,,
C1=CC(=C(C=C1O)O)C(=O)O,>800,2,35421,C1=CC(=C(C=C1O)O)C(=O)O,>800,PubChem,800.0,True,ok,limit_value_with_greater_less_symbols,,,,,,,
C1C2=C(C(=CC=C2)O)C(=O)C3=C1C=CC=C3O,>1600,2,35475,C1C2=C(C(=CC=C2)O)C(=O)C3=C1C=CC=C3O,>1600,PubChem,1600.0,True,ok,limit_value_with_greater_less_symbols,,,,,,,
C1=CC=C(C=C1)COC(=O)C2=CC=CC=C2,>500,2,35497,C1=CC=C(C=C1)COC(=O)C2=CC=CC=C2,>500,PubChem,500.0,True,ok,limit_value_with_greater_less_symbols,,,,,,,
CC(CS(=O)(=O)C1=CC=C(C=C1)F)(C(=O)NC2=CC(=C(C=C2)C#N)C(F)(F)F)O,>2000,2,35501,CC(CS(=O)(=O)C1=CC=C(C=C1)F)(C(=O)NC2=CC(=C(C=C2)C#N)C(F)(F)F)O,>2000,PubChem,2000.0,True,ok,limit_value_with_greater_less_symbols,,,,,,,
C1CCC(CC1)N2C(=NN=N2)CCCCOC3=CC4=C(C=C3)NC(=O)CC4,>2000,2,35544,C1CCC(CC1)N2C(=NN=N2)CCCCOC3=CC4=C(C=C3)NC(=O)CC4,>2000,PubChem,2000.0,True,ok,limit_value_with_greater_less_symbols,,,,,,,
C1CN(CCC1N2C3=C(C=C(C=C3)Cl)NC2=O)CCCN4C5=CC=CC=C5NC4=O,>8000,2,35604,C1CN(CCC1N2C3=C(C=C(C=C3)Cl)NC2=O)CCCN4C5=CC=CC=C5NC4=O,>8000,PubChem,8000.0,True,ok,limit_value_with_greater_less_symbols,,,,,,,
CC(C)C(C1=CC=C(C=C1)Cl)C(=O)OC(C#N)C2=CC(=CC=C2)OC3=CC=CC=C3,>500,2,35640,CC(C)C(C1=CC=C(C=C1)Cl)C(=O)OC(C#N)C2=CC(=CC=C2)OC3=CC=CC=C3,>500,PubChem,500.0,True,ok,limit_value_with_greater_less_symbols,,,,,,,
CN1CCN(CC1)C2=C(C=C3C(=C2F)N(C=C(C3=O)C(=O)O)CCF)F,>1500,2,35641,CN1CCN(CC1)C2=C(C=C3C(=C2F)N(C=C(C3=O)C(=O)O)CCF)F,>1500,PubChem,1500.0,True,ok,limit_value_with_greater_less_symbols,,,,,,,
C1=CC=C(C=C1)C(C2=CC=C(C=C2)F)(C3=CC=CC=C3F)N4C=CN=C4,>2000,2,35656,C1=CC=C(C=C1)C(C2=CC=C(C=C2)F)(C3=CC=CC=C3F)N4C=CN=C4,>2000,PubChem,2000.0,True,ok,limit_value_with_greater_less_symbols,,,,,,,
CC1=CN=C(C=N1)C(=O)NCCC2=CC=C(C=C2)S(=O)(=O)NC(=O)NC3CCCCC3,>3000,2,35662,CC1=CN=C(C=N1)C(=O)NCCC2=CC=C(C=C2)S(=O)(=O)NC(=O)NC3CCCCC3,>3000,PubChem,3000.0,True,ok,limit_value_with_greater_less_symbols,,,,,,,
C1COC2(N1CC(=O)NC3=C2C=C(C=C3)Br)C4=CC=CC=C4F,>15000,2,35675,C1COC2(N1CC(=O)NC3=C2C=C(C=C3)Br)C4=CC=CC=C4F,>15000,PubChem,15000.0,True,ok,limit_value_with_greater_less_symbols,,,,,,,
CC(=O)N(C)C1=C(C(=C(C(=C1I)C(=O)NCC(=O)NC2=C(C(=C(C(=C2I)C(=O)O)I)C(=O)NCCO)I)I)C(=O)NC)I,>37300,2,35706,CC(=O)N(C)C1=C(C(=C(C(=C1I)C(=O)NCC(=O)NC2=C(C(=C(C(=C2I)C(=O)O)I)C(=O)NCCO)I)I)C(=O)NC)I,>37300,PubChem,37300.0,True,ok,limit_value_with_greater_less_symbols,,,,,,,
CC1=C(C=CN=C1CS(=O)C2=NC3=CC=CC=C3N2)OCC(F)(F)F,>5000,2,35724,CC1=C(C=CN=C1CS(=O)C2=NC3=CC=CC=C3N2)OCC(F)(F)F,>5000,PubChem,5000.0,True,ok,limit_value_with_greater_less_symbols,,,,,,,
CN(C1=NC(=CC=C1)OC)C(=S)OC2=CC3=C(CCCC3)C=C2,>2000,2,35726,CN(C1=NC(=CC=C1)OC)C(=S)OC2=CC3=C(CCCC3)C=C2,>2000,PubChem,2000.0,True,ok,limit_value_with_greater_less_symbols,,,,,,,
CC1NC2=CC(=C(C=C2C(=O)N1C3=CC=CC=C3C)S(=O)(=O)N)Cl,>1500,2,35768,CC1NC2=CC(=C(C=C2C(=O)N1C3=CC=CC=C3C)S(=O)(=O)N)Cl,>1500,PubChem,1500.0,True,ok,limit_value_with_greater_less_symbols,,,,,,,
CC(C)NCC(COC1=CC=C(C=C1)CCOC)O,>200,2,35769,CC(C)NCC(COC1=CC=C(C=C1)CCOC)O,>200,PubChem,200.0,True,ok,limit_value_with_greater_less_symbols,,,,,,,
CC1=CN=C(C(=C1OC)C)CS(=O)C2=NC3=C(N2)C=C(C=C3)OC,>100,2,35803,CC1=CN=C(C(=C1OC)C)CS(=O)C2=NC3=C(N2)C=C(C=C3)OC,>100,PubChem,100.0,True,ok,limit_value_with_greater_less_symbols,,,,,,,
C1C(CN(C1=O)CC(=O)N)O,>10000,2,35813,C1C(CN(C1=O)CC(=O)N)O,>10000,PubChem,10000.0,True,ok,limit_value_with_greater_less_symbols,,,,,,,
C1=CC(=CC=C1CC(C(=O)O)N)F,>1000,2,35820,C1=CC(=CC=C1CC(C(=O)O)N)F,>1000,PubChem,1000.0,True,ok,limit_value_with_greater_less_symbols,,,,,,,
CC(=CC1C(C1(C)C)C(=O)OCC2=CC(=CC=C2)OC3=CC=CC=C3)C,>5000,2,35843,CC(=CC1C(C1(C)C)C(=O)OCC2=CC(=CC=C2)OC3=CC=CC=C3)C,>5000,PubChem,5000.0,True,ok,limit_value_with_greater_less_symbols,,,,,,,
C1CC(=O)N(C1)CC(=O)N,>10000,2,35855,C1CC(=O)N(C1)CC(=O)N,>10000,PubChem,10000.0,True,ok,limit_value_with_greater_less_symbols,,,,,,,
CN1C(NC2=CC(=C(C=C2S1(=O)=O)S(=O)(=O)N)Cl)CSCC(F)(F)F,>5000,2,35860,CN1C(NC2=CC(=C(C=C2S1(=O)=O)S(=O)(=O)N)Cl)CSCC(F)(F)F,>5000,PubChem,5000.0,True,ok,limit_value_with_greater_less_symbols,,,,,,,
CC(C)(C)C1=CC(=CC(=C1O)C(C)(C)C)SC(C)(C)SC2=CC(=C(C(=C2)C(C)(C)C)O)C(C)(C)C,>800,2,35870,CC(C)(C)C1=CC(=CC(=C1O)C(C)(C)C)SC(C)(C)SC2=CC(=C(C(=C2)C(C)(C)C)O)C(C)(C)C,>800,PubChem,800.0,True,ok,limit_value_with_greater_less_symbols,,,,,,,
CC(=CC1C(C1(C)C)C(=O)OCC2=COC(=C2)CC3=CC=CC=C3)C,>1000,2,35892,CC(=CC1C(C1(C)C)C(=O)OCC2=COC(=C2)CC3=CC=CC=C3)C,>1000,PubChem,1000.0,True,ok,limit_value_with_greater_less_symbols,,,,,,,
CC1=C(ON=C1C)NS(=O)(=O)C2=CC=C(C=C2)N,>5000,2,35929,CC1=C(ON=C1C)NS(=O)(=O)C2=CC=C(C=C2)N,>5000,PubChem,5000.0,True,ok,limit_value_with_greater_less_symbols,,,,,,,
CC1=CC(=O)OC2=C1C=C3C=C(OC3=C2C)C,>3000,2,35981,CC1=CC(=O)OC2=C1C=C3C=C(OC3=C2C)C,>3000,PubChem,3000.0,True,ok,limit_value_with_greater_less_symbols,,,,,,,
C=CC(CCC(=O)O)N,>2500,2,35990,C=CC(CCC(=O)O)N,>2500,PubChem,2500.0,True,ok,limit_value_with_greater_less_symbols,,,,,,,
C[C@H]1C[C@H]2[C@@H]3CC[C@@]([C@]3(C[C@@H]([C@@H]2[C@@]4(C1=CC(=O)C=C4)C)O)C)(C(=O)COC(=O)C)O,>1409,2,36046,C[C@H]1C[C@H]2[C@@H]3CC[C@@]([C@]3(C[C@@H]([C@@H]2[C@@]4(C1=CC(=O)C=C4)C)O)C)(C(=O)COC(=O)C)O,>1409,PubChem,1409.0,True,ok,limit_value_with_greater_less_symbols,,,,,,,
C1=CC(=CC=C1C[C@@H](C(=O)O)N)O,>1450,2,36114,C1=CC(=CC=C1C[C@@H](C(=O)O)N)O,>1450,PubChem,1450.0,True,ok,limit_value_with_greater_less_symbols,,,,,,,
CSCC[C@@H](C(=O)O)N,>9500,2,36141,CSCC[C@@H](C(=O)O)N,>9500,PubChem,9500.0,True,ok,limit_value_with_greater_less_symbols,,,,,,,
C1=CC=C(C=C1)C[C@@H](C(=O)O)N,>1322,2,36142,C1=CC=C(C=C1)C[C@@H](C(=O)O)N,>1322,PubChem,1322.0,True,ok,limit_value_with_greater_less_symbols,,,,,,,
C1=C(NC=N1)C[C@@H](C(=O)O)N,>10000,2,36189,C1=C(NC=N1)C[C@@H](C(=O)O)N,>10000,PubChem,10000.0,True,ok,limit_value_with_greater_less_symbols,,,,,,,
C[C@H]1C[C@@H]2[C@H](CC[C@]3([C@H]2CC[C@@]3(C(=O)C)OC(=O)C)C)[C@@]4(C1=CC(=O)CC4)C,>1500,2,36192,C[C@H]1C[C@@H]2[C@H](CC[C@]3([C@H]2CC[C@@]3(C(=O)C)OC(=O)C)C)[C@@]4(C1=CC(=O)CC4)C,>1500,PubChem,1500.0,True,ok,limit_value_with_greater_less_symbols,,,,,,,
C[C@]12CC[C@H]3[C@H]([C@@H]1CC[C@]2(C#C)O)CCC4=C3C=CC(=C4)OC,>3200,2,36196,C[C@]12CC[C@H]3[C@H]([C@@H]1CC[C@]2(C#C)O)CCC4=C3C=CC(=C4)OC,>3200,PubChem,3200.0,True,ok,limit_value_with_greater_less_symbols,,,,,,,
CCCCOC(=O)CC(CC(=O)OCCCC)(C(=O)OCCCC)OC(=O)C,>4000,2,36237,CCCCOC(=O)CC(CC(=O)OCCCC)(C(=O)OCCCC)OC(=O)C,>4000,PubChem,4000.0,True,ok,limit_value_with_greater_less_symbols,,,,,,,
C(C(CO[N+](=O)[O-])(CO[N+](=O)[O-])CO[N+](=O)[O-])O[N+](=O)[O-],>5000,2,36241,C(C(CO[N+](=O)[O-])(CO[N+](=O)[O-])CO[N+](=O)[O-])O[N+](=O)[O-],>5000,PubChem,5000.0,True,ok,limit_value_with_greater_less_symbols,,,,,,,
C1=CC2=C(C=CC(=C2N=C1)O)S(=O)(=O)O,>800,2,36299,C1=CC2=C(C=CC(=C2N=C1)O)S(=O)(=O)O,>800,PubChem,800.0,True,ok,limit_value_with_greater_less_symbols,,,,,,,
C1C2=CC=CC=C2C3=CC=CC=C31,>2000,2,36310,C1C2=CC=CC=C2C3=CC=CC=C31,>2000,PubChem,2000.0,True,ok,limit_value_with_greater_less_symbols,,,,,,,
C1=CC=C(C=C1)NC(=O)C2=CC=CC=C2O,>500,2,36314,C1=CC=C(C=C1)NC(=O)C2=CC=CC=C2O,>500,PubChem,500.0,True,ok,limit_value_with_greater_less_symbols,,,,,,,
CC1=CC(=C(C=C1)O)C(=O)O,>300,2,36333,CC1=CC(=C(C=C1)O)C(=O)O,>300,PubChem,300.0,True,ok,limit_value_with_greater_less_symbols,,,,,,,
COC1=C(C=C(C=C1)C(=O)O)OC,>800,2,36370,COC1=C(C=C(C=C1)C(=O)O)OC,>800,PubChem,800.0,True,ok,limit_value_with_greater_less_symbols,,,,,,,
C1OC2=C(O1)C=C(C=C2)C(=O)O,>800,2,36383,C1OC2=C(O1)C=C(C=C2)C(=O)O,>800,PubChem,800.0,True,ok,limit_value_with_greater_less_symbols,,,,,,,
CC1=CC2=CC=CC=C2N1,>262,2,36390,CC1=CC2=CC=CC=C2N1,>262,PubChem,262.0,True,ok,limit_value_with_greater_less_symbols,,,,,,,
C1=CC=C(C=C1)COC2=CC=C(C=C2)O,>600,2,36479,C1=CC=C(C=C1)COC2=CC=C(C=C2)O,>600,PubChem,600.0,True,ok,limit_value_with_greater_less_symbols,,,,,,,
CCCCC(CC)COC(=O)CCCCC(=O)OCC(CC)CCCC,>100000,2,36480,CCCCC(CC)COC(=O)CCCCC(=O)OCC(CC)CCCC,>100000,PubChem,100000.0,True,ok,limit_value_with_greater_less_symbols,,,,,,,
CC(CCC=C(C)C)CC=O,>200,2,36507,CC(CCC=C(C)C)CC=O,>200,PubChem,200.0,True,ok,limit_value_with_greater_less_symbols,,,,,,,
COC1=C(C=CC(=C1)C(=O)O)O,>2691,2,36679,COC1=C(C=CC(=C1)C(=O)O)O,>2691,PubChem,2691.0,True,ok,limit_value_with_greater_less_symbols,,,,,,,
C1=CC(=CC=C1C(=O)O)S(=O)(=O)N,>1000,2,36719,C1=CC(=CC=C1C(=O)O)S(=O)(=O)N,>1000,PubChem,1000.0,True,ok,limit_value_with_greater_less_symbols,,,,,,,
CC(=O)NC1=NC=C(S1)[N+](=O)[O-],>300,2,36730,CC(=O)NC1=NC=C(S1)[N+](=O)[O-],>300,PubChem,300.0,True,ok,limit_value_with_greater_less_symbols,,,,,,,
C[As](=O)([O-])[O-].[Na+].[Na+],>1000,2,36759,C[As](=O)([O-])[O-].[Na+].[Na+],>1000,PubChem,1000.0,True,ok,limit_value_with_greater_less_symbols,,,,,,,
C1=CC=C2C(=C1)C=CC3=C2C=CC4=CC=CC=C43,>320,2,36789,C1=CC=C2C(=C1)C=CC3=C2C=CC4=CC=CC=C43,>320,PubChem,320.0,True,ok,limit_value_with_greater_less_symbols,,,,,,,
C1C2CC3CC1CC(C2)C3,>10000,2,36800,C1C2CC3CC1CC(C2)C3,>10000,PubChem,10000.0,True,ok,limit_value_with_greater_less_symbols,,,,,,,
C1=CC(=C(C(=C1)O)C(=O)O)O,>600,2,36823,C1=CC(=C(C(=C1)O)C(=O)O)O,>600,PubChem,600.0,True,ok,limit_value_with_greater_less_symbols,,,,,,,
C[C@]12CC[C@H]3[C@H]([C@@H]1CC[C@@H]2OC(=O)CCC4CCCC4)CCC5=C3C=CC(=C5)O,>1000,2,36836,C[C@]12CC[C@H]3[C@H]([C@@H]1CC[C@@H]2OC(=O)CCC4CCCC4)CCC5=C3C=CC(=C5)O,>1000,PubChem,1000.0,True,ok,limit_value_with_greater_less_symbols,,,,,,,
CCCCCCCCCC(=O)O[C@H]1CC[C@@H]2[C@@]1(CC[C@H]3[C@H]2CCC4=CC(=O)CC[C@H]34)C,>566,2,36875,CCCCCCCCCC(=O)O[C@H]1CC[C@@H]2[C@@]1(CC[C@H]3[C@H]2CCC4=CC(=O)CC[C@H]34)C,>566,PubChem,566.0,True,ok,limit_value_with_greater_less_symbols,,,,,,,
C(#N)N=C(N)N,>4000,2,36909,C(#N)N=C(N)N,>4000,PubChem,4000.0,True,ok,limit_value_with_greater_less_symbols,,,,,,,
C1OC2=C(O1)C3=C4C(=C2)C=CN=C4C(=O)C5=CC=CC=C53,>250,2,36929,C1OC2=C(O1)C3=C4C(=C2)C=CN=C4C(=O)C5=CC=CC=C53,>250,PubChem,250.0,True,ok,limit_value_with_greater_less_symbols,,,,,,,
C1=CC=C2C(=C1)C3=CC=CC=C3C2=O,>2000,2,36950,C1=CC=C2C(=C1)C3=CC=CC=C3C2=O,>2000,PubChem,2000.0,True,ok,limit_value_with_greater_less_symbols,,,,,,,
C1CNC2=CC=CC=C21,>238,2,36959,C1CNC2=CC=CC=C21,>238,PubChem,238.0,True,ok,limit_value_with_greater_less_symbols,,,,,,,
CC1=CC(=C(C(=C1)C)O)C,>1000,2,37004,CC1=CC(=C(C(=C1)C)O)C,>1000,PubChem,1000.0,True,ok,limit_value_with_greater_less_symbols,,,,,,,
C1CCC(CC1)N=C=NC2CCCCC2,>800,2,37028,C1CCC(CC1)N=C=NC2CCCCC2,>800,PubChem,800.0,True,ok,limit_value_with_greater_less_symbols,,,,,,,
CC1([C@@H](N2[C@H](S1)[C@@H](C2=O)N)C(=O)O)C,>1000,2,37063,CC1([C@@H](N2[C@H](S1)[C@@H](C2=O)N)C(=O)O)C,>1000,PubChem,1000.0,True,ok,limit_value_with_greater_less_symbols,,,,,,,
C1=CC=C(C=C1)N(C2=CC=CC=C2)C3=CC=CC=C3,>6400,2,37128,C1=CC=C(C=C1)N(C2=CC=CC=C2)C3=CC=CC=C3,>6400,PubChem,6400.0,True,ok,limit_value_with_greater_less_symbols,,,,,,,
C1=CC(=C(C(=C1C(=O)O)O)O)O,>800,2,37135,C1=CC(=C(C(=C1C(=O)O)O)O)O,>800,PubChem,800.0,True,ok,limit_value_with_greater_less_symbols,,,,,,,
CCCCCCCCCCCCCCCCCC#N,>10000,2,37203,CCCCCCCCCCCCCCCCCC#N,>10000,PubChem,10000.0,True,ok,limit_value_with_greater_less_symbols,,,,,,,
CCCCCCCCCCCCCCCCCCCCCCO,>800,2,37217,CCCCCCCCCCCCCCCCCCCCCCO,>800,PubChem,800.0,True,ok,limit_value_with_greater_less_symbols,,,,,,,
C1CCNC(=O)C1,>1000,2,37222,C1CCNC(=O)C1,>1000,PubChem,1000.0,True,ok,limit_value_with_greater_less_symbols,,,,,,,
CCCCC#C,>100,2,37231,CCCCC#C,>100,PubChem,100.0,True,ok,limit_value_with_greater_less_symbols,,,,,,,
CCCCCCCCCCCCCCCCCCOC(=O)CCSCCC(=O)OCCCCCCCCCCCCCCCCCC,>2000,2,37232,CCCCCCCCCCCCCCCCCCOC(=O)CCSCCC(=O)OCCCCCCCCCCCCCCCCCC,>2000,PubChem,2000.0,True,ok,limit_value_with_greater_less_symbols,,,,,,,
CC1=C2C=CC=CC2=C(C3=CC=CC=C13)C,>184,2,37269,CC1=C2C=CC=CC2=C(C3=CC=CC=C13)C,>184,PubChem,184.0,True,ok,limit_value_with_greater_less_symbols,,,,,,,
C(CCCl)CO,>100,2,37312,C(CCCl)CO,>100,PubChem,100.0,True,ok,limit_value_with_greater_less_symbols,,,,,,,
CN1CCCCC1=O,>1000,2,37316,CN1CCCCC1=O,>1000,PubChem,1000.0,True,ok,limit_value_with_greater_less_symbols,,,,,,,
C1=CC=C(C=C1)C(=C2C3C=C(C2C4C3C(=O)NC4=O)C(C5=CC=CC=C5)(C6=CC=CC=N6)O)C7=CC=CC=N7,>1000,2,37336,C1=CC=C(C=C1)C(=C2C3C=C(C2C4C3C(=O)NC4=O)C(C5=CC=CC=C5)(C6=CC=CC=N6)O)C7=CC=CC=N7,>1000,PubChem,1000.0,True,ok,limit_value_with_greater_less_symbols,,,,,,,
COC1=CC=CC(=C1OC)C(=O)O,>800,2,37431,COC1=CC=CC(=C1OC)C(=O)O,>800,PubChem,800.0,True,ok,limit_value_with_greater_less_symbols,,,,,,,
C1CCC(CC1)C(CO)CO,>250,2,37436,C1CCC(CC1)C(CO)CO,>250,PubChem,250.0,True,ok,limit_value_with_greater_less_symbols,,,,,,,
CCCCCCCCCCCCCCCCCC(=O)[O-].CCCCCCCCCCCCCCCCCC(=O)[O-].[Ca+2],>10000,2,37442,CCCCCCCCCCCCCCCCCC(=O)[O-].CCCCCCCCCCCCCCCCCC(=O)[O-].[Ca+2],>10000,PubChem,10000.0,True,ok,limit_value_with_greater_less_symbols,,,,,,,
CC(C)C(C1=CC=C(C=C1)Cl)C(=O)O,>500,2,37510,CC(C)C(C1=CC=C(C=C1)Cl)C(=O)O,>500,PubChem,500.0,True,ok,limit_value_with_greater_less_symbols,,,,,,,
C1=CC(=CC=C1SC2=CC(=C(C=C2Cl)Cl)Cl)Cl,>6810,2,37543,C1=CC(=CC=C1SC2=CC(=C(C=C2Cl)Cl)Cl)Cl,>6810,PubChem,6810.0,True,ok,limit_value_with_greater_less_symbols,,,,,,,
C1=CC=C(C=C1)C2(C(=O)NC(=O)N2)C3=CC=C(C=C3)O,>5000,2,37607,C1=CC=C(C=C1)C2(C(=O)NC(=O)N2)C3=CC=C(C=C3)O,>5000,PubChem,5000.0,True,ok,limit_value_with_greater_less_symbols,,,,,,,
C1C[C@@H](O[C@@H]1CO)N2C=NC3=C(N=CN=C32)N,>500,2,37705,C1C[C@@H](O[C@@H]1CO)N2C=NC3=C(N=CN=C32)N,>500,PubChem,500.0,True,ok,limit_value_with_greater_less_symbols,,,,,,,
C(CCCl)COCCCCCl,>100,2,37816,C(CCCl)COCCCCCl,>100,PubChem,100.0,True,ok,limit_value_with_greater_less_symbols,,,,,,,
CCCCCCCC(=O)NO,>800,2,37840,CCCCCCCC(=O)NO,>800,PubChem,800.0,True,ok,limit_value_with_greater_less_symbols,,,,,,,
[Re],>10000,2,37844,[Re],>10000,PubChem,10000.0,True,ok,limit_value_with_greater_less_symbols,,,,,,,
CCN(CC)C(=O)C(C)OC1=CC=CC2=CC=CC=C21,>1000,2,38006,CCN(CC)C(=O)C(C)OC1=CC=CC2=CC=CC=C21,>1000,PubChem,1000.0,True,ok,limit_value_with_greater_less_symbols,,,,,,,
CS(=O)(=O)C1=CC=C(C=C1)[C@H]([C@@H](CO)NC(=O)C(Cl)Cl)O,>5000,2,38008,CS(=O)(=O)C1=CC=C(C=C1)[C@H]([C@@H](CO)NC(=O)C(Cl)Cl)O,>5000,PubChem,5000.0,True,ok,limit_value_with_greater_less_symbols,,,,,,,
C(CCl)P(=O)(O)O,>1500,2,38032,C(CCl)P(=O)(O)O,>1500,PubChem,1500.0,True,ok,limit_value_with_greater_less_symbols,,,,,,,
CC1=C(C(=C(C2=C1O[C@](CC2)(C)CCC[C@H](C)CCC[C@H](C)CCCC(C)C)C)OC(=O)C3=CN=CC=C3)C,>10000,2,38033,CC1=C(C(=C(C2=C1O[C@](CC2)(C)CCC[C@H](C)CCC[C@H](C)CCCC(C)C)C)OC(=O)C3=CN=CC=C3)C,>10000,PubChem,10000.0,True,ok,limit_value_with_greater_less_symbols,,,,,,,
O=[Sn]=O,>6600,2,38061,O=[Sn]=O,>6600,PubChem,6600.0,True,ok,limit_value_with_greater_less_symbols,,,,,,,
CCCCCCCCCCCCOC(=O)CCSCCC(=O)OCCCCCCCCCCCC,>2000,2,38107,CCCCCCCCCCCCOC(=O)CCSCCC(=O)OCCCCCCCCCCCC,>2000,PubChem,2000.0,True,ok,limit_value_with_greater_less_symbols,,,,,,,
C1=C(OC(=C1)[N+](=O)[O-])C2=CSC(=N2)NC=O,>1600,2,38150,C1=C(OC(=C1)[N+](=O)[O-])C2=CSC(=N2)NC=O,>1600,PubChem,1600.0,True,ok,limit_value_with_greater_less_symbols,,,,,,,
C1CN(CCC1NC(=O)C2=CC=CC=C2)CCC3=CNC4=CC=CC=C43,>400,2,38162,C1CN(CCC1NC(=O)C2=CC=CC=C2)CCC3=CNC4=CC=CC=C43,>400,PubChem,400.0,True,ok,limit_value_with_greater_less_symbols,,,,,,,
C1C2=C(C(=C(C(=C2Cl)Cl)Cl)Cl)C(=O)O1,>10000,2,38165,C1C2=C(C(=C(C(=C2Cl)Cl)Cl)Cl)C(=O)O1,>10000,PubChem,10000.0,True,ok,limit_value_with_greater_less_symbols,,,,,,,
CC1=NN=C(C(=O)N1N)C2=CC=CC=C2,>600,2,38250,CC1=NN=C(C(=O)N1N)C2=CC=CC=C2,>600,PubChem,600.0,True,ok,limit_value_with_greater_less_symbols,,,,,,,
CC1(C(C1C(=O)OCC2=CC(=CC=C2)OC3=CC=CC=C3)C=C(Cl)Cl)C,>1000,2,38275,CC1(C(C1C(=O)OCC2=CC(=CC=C2)OC3=CC=CC=C3)C=C(Cl)Cl)C,>1000,PubChem,1000.0,True,ok,limit_value_with_greater_less_symbols,,,,,,,
CC1=CC=CC=C1C(=O)NC2=CC(=CC=C2)OC(C)C,>5000,2,38299,CC1=CC=CC=C1C(=O)NC2=CC(=CC=C2)OC(C)C,>5000,PubChem,5000.0,True,ok,limit_value_with_greater_less_symbols,,,,,,,
CC1([C@@H]([C@H]1C(=O)OCC2=CC(=CC=C2)OC3=CC=CC=C3)C=C(Cl)Cl)C,>1000,2,38317,CC1([C@@H]([C@H]1C(=O)OCC2=CC(=CC=C2)OC3=CC=CC=C3)C=C(Cl)Cl)C,>1000,PubChem,1000.0,True,ok,limit_value_with_greater_less_symbols,,,,,,,
CC1([C@@H]([C@H]1C(=O)OCC2=CC(=CC=C2)OC3=CC=CC=C3)C=C(Cl)Cl)C,>800,2,38318,CC1([C@@H]([C@H]1C(=O)OCC2=CC(=CC=C2)OC3=CC=CC=C3)C=C(Cl)Cl)C,>800,PubChem,800.0,True,ok,limit_value_with_greater_less_symbols,,,,,,,
C1=CC(=C(C(=C1)Cl)SC(CCC2=CC=C(C=C2)Cl)CN3C=CN=C3)Cl.[N+](=O)(O)[O-],>3600,2,38331,C1=CC(=C(C(=C1)Cl)SC(CCC2=CC=C(C=C2)Cl)CN3C=CN=C3)Cl.[N+](=O)(O)[O-],>3600,PubChem,3600.0,True,ok,limit_value_with_greater_less_symbols,,,,,,,
C1=CC(=C(C(=C1)Cl)SC(CCC2=CC=C(C=C2)Cl)CN3C=CN=C3)Cl.[N+](=O)(O)[O-],>1600,2,38332,C1=CC(=C(C(=C1)Cl)SC(CCC2=CC=C(C=C2)Cl)CN3C=CN=C3)Cl.[N+](=O)(O)[O-],>1600,PubChem,1600.0,True,ok,limit_value_with_greater_less_symbols,,,,,,,
CC(C)OC1=CC=CC(=C1)NC(=O)C2=CC=CC=C2C(F)(F)F,>10000,2,38340,CC(C)OC1=CC=CC(=C1)NC(=O)C2=CC=CC=C2C(F)(F)F,>10000,PubChem,10000.0,True,ok,limit_value_with_greater_less_symbols,,,,,,,
CC1=C(N2[C@@H]([C@@H](C2=O)NC(=O)[C@@H](C3=CC=C(C=C3)O)N)SC1)C(=O)O.O,>6000,2,38343,CC1=C(N2[C@@H]([C@@H](C2=O)NC(=O)[C@@H](C3=CC=C(C=C3)O)N)SC1)C(=O)O.O,>6000,PubChem,6000.0,True,ok,limit_value_with_greater_less_symbols,,,,,,,
CC1=C(N2[C@@H]([C@@H](C2=O)NC(=O)[C@@H](C3=CC=C(C=C3)O)N)SC1)C(=O)O,>6000,2,38344,CC1=C(N2[C@@H]([C@@H](C2=O)NC(=O)[C@@H](C3=CC=C(C=C3)O)N)SC1)C(=O)O,>6000,PubChem,6000.0,True,ok,limit_value_with_greater_less_symbols,,,,,,,
CC1=CC=CC=C1C(=O)C2=CC=C(C=C2)C3=CC=CC=C3,>1000,2,38371,CC1=CC=CC=C1C(=O)C2=CC=C(C=C2)C3=CC=CC=C3,>1000,PubChem,1000.0,True,ok,limit_value_with_greater_less_symbols,,,,,,,
C(CC(C(F)F)(C(=O)O)N)CN.Cl,>3000,2,38374,C(CC(C(F)F)(C(=O)O)N)CN.Cl,>3000,PubChem,3000.0,True,ok,limit_value_with_greater_less_symbols,,,,,,,
C[C@@H]1CN(C[C@@H](N1)C)C2=C(C(=C3C(=C2F)N(C=C(C3=O)C(=O)O)C4CC4)N)F,>2000,2,38383,C[C@@H]1CN(C[C@@H](N1)C)C2=C(C(=C3C(=C2F)N(C=C(C3=O)C(=O)O)C4CC4)N)F,>2000,PubChem,2000.0,True,ok,limit_value_with_greater_less_symbols,,,,,,,
[O-]Cl=O.[O-]Cl=O.[Ca+2],>200,2,38415,[O-]Cl=O.[O-]Cl=O.[Ca+2],>200,PubChem,200.0,True,ok,limit_value_with_greater_less_symbols,,,,,,,
C1=CC=C(C=C1)C2=NC(=O)NC3=CC=CC=C32,>800,2,38468,C1=CC=C(C=C1)C2=NC(=O)NC3=CC=CC=C32,>800,PubChem,800.0,True,ok,limit_value_with_greater_less_symbols,,,,,,,
COC1=CC=C(C=C1)CCC(=O)NCC2=CC=CC=C2,>800,2,38487,COC1=CC=C(C=C1)CCC(=O)NCC2=CC=CC=C2,>800,PubChem,800.0,True,ok,limit_value_with_greater_less_symbols,,,,,,,
C1CC1C(C2=CC=CC=C2)O,>500,2,38543,C1CC1C(C2=CC=CC=C2)O,>500,PubChem,500.0,True,ok,limit_value_with_greater_less_symbols,,,,,,,
C[N+](C)(C)CCO.C(C(=O)O)C(CC(=O)O)(C(=O)[O-])O,>4800,2,38550,C[N+](C)(C)CCO.C(C(=O)O)C(CC(=O)O)(C(=O)[O-])O,>4800,PubChem,4800.0,True,ok,limit_value_with_greater_less_symbols,,,,,,,
C1=C(C=C(C(=C1O)C(=O)O)O)O,>800,2,38567,C1=C(C=C(C(=C1O)C(=O)O)O)O,>800,PubChem,800.0,True,ok,limit_value_with_greater_less_symbols,,,,,,,
C1=CC2=C(N=C1)N=CN2,>200,2,38590,C1=CC2=C(N=C1)N=CN2,>200,PubChem,200.0,True,ok,limit_value_with_greater_less_symbols,,,,,,,
C([C@@H](C(=O)O)N)SSC[C@@H](C(=O)O)N,>961,2,38595,C([C@@H](C(=O)O)N)SSC[C@@H](C(=O)O)N,>961,PubChem,961.0,True,ok,limit_value_with_greater_less_symbols,,,,,,,
C(CF)CBr,>100,2,38597,C(CF)CBr,>100,PubChem,100.0,True,ok,limit_value_with_greater_less_symbols,,,,,,,
C1=CN=C(C=C1N)N,>200,2,38606,C1=CN=C(C=C1N)N,>200,PubChem,200.0,True,ok,limit_value_with_greater_less_symbols,,,,,,,
CC(=O)NC(=O)N,>1000,2,38630,CC(=O)NC(=O)N,>1000,PubChem,1000.0,True,ok,limit_value_with_greater_less_symbols,,,,,,,
C1=CC(=CC=C1CCC2=CC=C(C=C2)[N+](=O)[O-])[N+](=O)[O-],>1500,2,38645,C1=CC(=CC=C1CCC2=CC=C(C=C2)[N+](=O)[O-])[N+](=O)[O-],>1500,PubChem,1500.0,True,ok,limit_value_with_greater_less_symbols,,,,,,,
C(COS(=O)(=O)O)N,>2000,2,38663,C(COS(=O)(=O)O)N,>2000,PubChem,2000.0,True,ok,limit_value_with_greater_less_symbols,,,,,,,
C1CC(=O)NC(=O)C1,>600,2,38676,C1CC(=O)NC(=O)C1,>600,PubChem,600.0,True,ok,limit_value_with_greater_less_symbols,,,,,,,
COC1=CC=C(C=C1)S(=O)(=O)N,>1000,2,38680,COC1=CC=C(C=C1)S(=O)(=O)N,>1000,PubChem,1000.0,True,ok,limit_value_with_greater_less_symbols,,,,,,,
CCOC(=O)C1=C(NC(=C(C1)C(=O)OCC)C)C,>30000,2,38682,CCOC(=O)C1=C(NC(=C(C1)C(=O)OCC)C)C,>30000,PubChem,30000.0,True,ok,limit_value_with_greater_less_symbols,,,,,,,
CC[C@@]12CCCN3[C@@H]1C4=C(CC3)C5=CC=CC=C5N4C(=C2)C(=O)OC,>2000,2,38691,CC[C@@]12CCCN3[C@@H]1C4=C(CC3)C5=CC=CC=C5N4C(=C2)C(=O)OC,>2000,PubChem,2000.0,True,ok,limit_value_with_greater_less_symbols,,,,,,,
CCOC1=CC=C(C=C1)C(C)(C)COCC2=CC(=CC=C2)OC3=CC=CC=C3,>13400,2,38695,CCOC1=CC=C(C=C1)C(C)(C)COCC2=CC(=CC=C2)OC3=CC=CC=C3,>13400,PubChem,13400.0,True,ok,limit_value_with_greater_less_symbols,,,,,,,
C[C@H]1C[C@H]2[C@@H]3C[C@@H](C4=CC(=O)C=C[C@@]4([C@]3([C@H](C[C@@]2([C@]1(C(=O)COC(=O)C)OC(=O)C)C)O)F)C)F,>3000,2,38703,C[C@H]1C[C@H]2[C@@H]3C[C@@H](C4=CC(=O)C=C[C@@]4([C@]3([C@H](C[C@@]2([C@]1(C(=O)COC(=O)C)OC(=O)C)C)O)F)C)F,>3000,PubChem,3000.0,True,ok,limit_value_with_greater_less_symbols,,,,,,,
CCOC1=C(C(=C(C2=C1C(OC2=O)C3C4=C(C5=C(C=C4CCN3C)OCO5)OC)N)OCC)OCC,>15000,2,38726,CCOC1=C(C(=C(C2=C1C(OC2=O)C3C4=C(C5=C(C=C4CCN3C)OCO5)OC)N)OCC)OCC,>15000,PubChem,15000.0,True,ok,limit_value_with_greater_less_symbols,,,,,,,
C(CC(=O)NN)C(=O)NN,>1000,2,38732,C(CC(=O)NN)C(=O)NN,>1000,PubChem,1000.0,True,ok,limit_value_with_greater_less_symbols,,,,,,,
C1N(CSC(=S)N1CCC2=CC=CC=C2)CCC3=CC=CC=C3,>500,2,38739,C1N(CSC(=S)N1CCC2=CC=CC=C2)CCC3=CC=CC=C3,>500,PubChem,500.0,True,ok,limit_value_with_greater_less_symbols,,,,,,,
CC(C)C(=O)C1=CC=C(C=C1)Cl,>500,2,38740,CC(C)C(=O)C1=CC=C(C=C1)Cl,>500,PubChem,500.0,True,ok,limit_value_with_greater_less_symbols,,,,,,,
CC(C)(C)C1=CC(=CC(=C1O)C(C)(C)C)C=O,>1000,2,38751,CC(C)(C)C1=CC(=CC(=C1O)C(C)(C)C)C=O,>1000,PubChem,1000.0,True,ok,limit_value_with_greater_less_symbols,,,,,,,
CN1CCC2=CC(=C3C=C2[C@@H]1CC4=CC=C(C=C4)OC5=C(C=CC(=C5)C[C@H]6C7=C(O3)C(=C(C=C7CCN6C)OC)O)OC)OC,>50,2,38761,CN1CCC2=CC(=C3C=C2[C@@H]1CC4=CC=C(C=C4)OC5=C(C=CC(=C5)C[C@H]6C7=C(O3)C(=C(C=C7CCN6C)OC)O)OC)OC,>50,PubChem,50.0,True,ok,limit_value_with_greater_less_symbols,,,,,,,
CCC(C)(CC)C1=NOC(=C1)NC(=O)C2=C(C=CC=C2OC)OC,>5000,2,38765,CCC(C)(CC)C1=NOC(=C1)NC(=O)C2=C(C=CC=C2OC)OC,>5000,PubChem,5000.0,True,ok,limit_value_with_greater_less_symbols,,,,,,,
CCOC(=O)CC[C@@H](C(=O)OCC)N.Cl,>2000,2,38773,CCOC(=O)CC[C@@H](C(=O)OCC)N.Cl,>2000,PubChem,2000.0,True,ok,limit_value_with_greater_less_symbols,,,,,,,
C1=CC=C(C=C1)C(=CC=C(C2=CC=CC=C2)C3=CC=CC=C3)C4=CC=CC=C4,>10000,2,38777,C1=CC=C(C=C1)C(=CC=C(C2=CC=CC=C2)C3=CC=CC=C3)C4=CC=CC=C4,>10000,PubChem,10000.0,True,ok,limit_value_with_greater_less_symbols,,,,,,,
CC(=O)C1=CC=C(C=C1)S(=O)(=O)N,>1000,2,38778,CC(=O)C1=CC=C(C=C1)S(=O)(=O)N,>1000,PubChem,1000.0,True,ok,limit_value_with_greater_less_symbols,,,,,,,
C1=CC=C(C(=C1)C=NC2=CC=CC=C2O)O,>2000,2,38786,C1=CC=C(C(=C1)C=NC2=CC=CC=C2O)O,>2000,PubChem,2000.0,True,ok,limit_value_with_greater_less_symbols,,,,,,,
C1CNC(=O)NC1,>4000,2,38790,C1CNC(=O)NC1,>4000,PubChem,4000.0,True,ok,limit_value_with_greater_less_symbols,,,,,,,
C(CCCCl)CCO,>100,2,38795,C(CCCCl)CCO,>100,PubChem,100.0,True,ok,limit_value_with_greater_less_symbols,,,,,,,
C1=CC(=CC=C1CON)[N+](=O)[O-].Cl,>800,2,38797,C1=CC(=CC=C1CON)[N+](=O)[O-].Cl,>800,PubChem,800.0,True,ok,limit_value_with_greater_less_symbols,,,,,,,
CCCCS(=O)(=O)Cl,>100,2,38806,CCCCS(=O)(=O)Cl,>100,PubChem,100.0,True,ok,limit_value_with_greater_less_symbols,,,,,,,
COC1=CC(=CC(=C1O)OC)C(=O)N,>1000,2,38826,COC1=CC(=CC(=C1O)OC)C(=O)N,>1000,PubChem,1000.0,True,ok,limit_value_with_greater_less_symbols,,,,,,,
C(C(=O)NN)C(=O)NN,>1000,2,38844,C(C(=O)NN)C(=O)NN,>1000,PubChem,1000.0,True,ok,limit_value_with_greater_less_symbols,,,,,,,
CCOC1=NC(=NC(=N1)N)C,>400,2,38845,CCOC1=NC(=NC(=N1)N)C,>400,PubChem,400.0,True,ok,limit_value_with_greater_less_symbols,,,,,,,
CCCCCC(=O)NO,>400,2,38851,CCCCCC(=O)NO,>400,PubChem,400.0,True,ok,limit_value_with_greater_less_symbols,,,,,,,
COC1=C(C=C(C=C1)CC(=O)N)OC,>400,2,38867,COC1=C(C=C(C=C1)CC(=O)N)OC,>400,PubChem,400.0,True,ok,limit_value_with_greater_less_symbols,,,,,,,
C(CP(=O)(O)O)P(=O)(O)O,>1500,2,38872,C(CP(=O)(O)O)P(=O)(O)O,>1500,PubChem,1500.0,True,ok,limit_value_with_greater_less_symbols,,,,,,,
CC1=CC(=O)C2=NN=CN2N1,>2000,2,38948,CC1=CC(=O)C2=NN=CN2N1,>2000,PubChem,2000.0,True,ok,limit_value_with_greater_less_symbols,,,,,,,
C(CP(=O)(O)O)O,>1500,2,38965,C(CP(=O)(O)O)O,>1500,PubChem,1500.0,True,ok,limit_value_with_greater_less_symbols,,,,,,,
C(CS)[C@@H](C(=O)O)N,>1082,2,38983,C(CS)[C@@H](C(=O)O)N,>1082,PubChem,1082.0,True,ok,limit_value_with_greater_less_symbols,,,,,,,
CC1=C[C@@H]2[C@H](CC[C@]3([C@H]2CC[C@@]3(C(=O)C)OC(=O)C)C)[C@@H]4C1=CC(=O)CC4,>2000,2,38990,CC1=C[C@@H]2[C@H](CC[C@]3([C@H]2CC[C@@]3(C(=O)C)OC(=O)C)C)[C@@H]4C1=CC(=O)CC4,>2000,PubChem,2000.0,True,ok,limit_value_with_greater_less_symbols,,,,,,,
C1CCC(C1)N(CC2=CC=C(C=C2)Cl)C(=O)NC3=CC=CC=C3,>1000,2,38993,C1CCC(C1)N(CC2=CC=C(C=C2)Cl)C(=O)NC3=CC=CC=C3,>1000,PubChem,1000.0,True,ok,limit_value_with_greater_less_symbols,,,,,,,
CN(C1=CC=CC=C1)C(=O)COC2=NC3=CC=CC=C3S2,>1000,2,38995,CN(C1=CC=CC=C1)C(=O)COC2=NC3=CC=CC=C3S2,>1000,PubChem,1000.0,True,ok,limit_value_with_greater_less_symbols,,,,,,,
C1=CC=C(C=C1)C=NN=CC2=CC=CC=C2,>600,2,38999,C1=CC=C(C=C1)C=NN=CC2=CC=CC=C2,>600,PubChem,600.0,True,ok,limit_value_with_greater_less_symbols,,,,,,,
CC(=O)C1=CC[C@@H]2[C@@]1(CC[C@H]3[C@H]2CC=C4[C@@]3(CC[C@@H](C4)OC(=O)C)C)C,>8000,2,39012,CC(=O)C1=CC[C@@H]2[C@@]1(CC[C@H]3[C@H]2CC=C4[C@@]3(CC[C@@H](C4)OC(=O)C)C)C,>8000,PubChem,8000.0,True,ok,limit_value_with_greater_less_symbols,,,,,,,
C1=CC=C(C(=C1)C(=O)N)OCC(=O)O,>4000,2,39021,C1=CC=C(C(=C1)C(=O)N)OCC(=O)O,>4000,PubChem,4000.0,True,ok,limit_value_with_greater_less_symbols,,,,,,,
CC(C)(C)C1=CC(=CC=C1)OC(=S)N(C)C2=NC(=CC=C2)OC,>5000,2,39028,CC(C)(C)C1=CC(=CC=C1)OC(=S)N(C)C2=NC(=CC=C2)OC,>5000,PubChem,5000.0,True,ok,limit_value_with_greater_less_symbols,,,,,,,
CC1=CC=C(C=C1)S(=O)(=O)O.C1CN(CC1N)C2=C(C=C3C(=O)C(=CN(C3=N2)C4=C(C=C(C=C4)F)F)C(=O)O)F,>6000,2,39031,CC1=CC=C(C=C1)S(=O)(=O)O.C1CN(CC1N)C2=C(C=C3C(=O)C(=CN(C3=N2)C4=C(C=C(C=C4)F)F)C(=O)O)F,>6000,PubChem,6000.0,True,ok,limit_value_with_greater_less_symbols,,,,,,,
CC(=O)OC1=C(C=C(C=C1)C(=O)O)OC(=O)C,>800,2,39032,CC(=O)OC1=C(C=C(C=C1)C(=O)O)OC(=O)C,>800,PubChem,800.0,True,ok,limit_value_with_greater_less_symbols,,,,,,,
CC1=CC=C(C=C1)C(=O)COC2=C(C(=NN2C)C)C(=O)C3=C(C(=C(C=C3)Cl)C)Cl,>5000,2,39042,CC1=CC=C(C=C1)C(=O)COC2=C(C(=NN2C)C)C(=O)C3=C(C(=C(C=C3)Cl)C)Cl,>5000,PubChem,5000.0,True,ok,limit_value_with_greater_less_symbols,,,,,,,
CCC(=O)C1=CC=C(C=C1)[N+](=O)[O-],>600,2,39043,CCC(=O)C1=CC=C(C=C1)[N+](=O)[O-],>600,PubChem,600.0,True,ok,limit_value_with_greater_less_symbols,,,,,,,
C1=CC=C(C=C1)C(C2=CC=CC=C2)(C(C3=CC=CC=C3)(C4=CC=CC=C4)O)O,>8000,2,39045,C1=CC=C(C=C1)C(C2=CC=CC=C2)(C(C3=CC=CC=C3)(C4=CC=CC=C4)O)O,>8000,PubChem,8000.0,True,ok,limit_value_with_greater_less_symbols,,,,,,,
C1=CC2=C(C=C1F)NC=C2CC(C(=O)O)N,>1000,2,39049,C1=CC2=C(C=C1F)NC=C2CC(C(=O)O)N,>1000,PubChem,1000.0,True,ok,limit_value_with_greater_less_symbols,,,,,,,
CC(=O)NC1=CC=C(C=C1)[As](=O)(O)O,>2000,2,39053,CC(=O)NC1=CC=C(C=C1)[As](=O)(O)O,>2000,PubChem,2000.0,True,ok,limit_value_with_greater_less_symbols,,,,,,,
C1CC(=O)N(C1=O)CC2=CC=CC=C2,>400,2,39057,C1CC(=O)N(C1=O)CC2=CC=CC=C2,>400,PubChem,400.0,True,ok,limit_value_with_greater_less_symbols,,,,,,,
C1CC(=O)N(C1=O)CCC2=CC=CC=C2,>600,2,39068,C1CC(=O)N(C1=O)CCC2=CC=CC=C2,>600,PubChem,600.0,True,ok,limit_value_with_greater_less_symbols,,,,,,,
CC1CC(=O)NC(=O)C1,>600,2,39070,CC1CC(=O)NC(=O)C1,>600,PubChem,600.0,True,ok,limit_value_with_greater_less_symbols,,,,,,,
CC(=O)C1=C(C=CC(=C1)Br)O,>1000,2,39073,CC(=O)C1=C(C=CC(=C1)Br)O,>1000,PubChem,1000.0,True,ok,limit_value_with_greater_less_symbols,,,,,,,
C1=CC=C(C=C1)C(=O)C2=C3C=CC=CC3=CC4=CC=CC=C42,>2000,2,39082,C1=CC=C(C=C1)C(=O)C2=C3C=CC=CC3=CC4=CC=CC=C42,>2000,PubChem,2000.0,True,ok,limit_value_with_greater_less_symbols,,,,,,,
CC1CC2=C(O1)C(=CC=C2)C(=O)O,>1000,2,39095,CC1CC2=C(O1)C(=CC=C2)C(=O)O,>1000,PubChem,1000.0,True,ok,limit_value_with_greater_less_symbols,,,,,,,
C1=CC=C2C(=C1)C(C(=O)N2)CC#N,>1378,2,39096,C1=CC=C2C(=C1)C(C(=O)N2)CC#N,>1378,PubChem,1378.0,True,ok,limit_value_with_greater_less_symbols,,,,,,,
C1=CC=C(C=C1)C(N)P(=O)(O)O,>1000,2,39097,C1=CC=C(C=C1)C(N)P(=O)(O)O,>1000,PubChem,1000.0,True,ok,limit_value_with_greater_less_symbols,,,,,,,
C1C(CN(C1=O)CC2=CC=CC=C2)C(=O)O,>500,2,39101,C1C(CN(C1=O)CC2=CC=CC=C2)C(=O)O,>500,PubChem,500.0,True,ok,limit_value_with_greater_less_symbols,,,,,,,
C1=CC=C(C=C1)CSC2=NN=C(S2)N,>600,2,39102,C1=CC=C(C=C1)CSC2=NN=C(S2)N,>600,PubChem,600.0,True,ok,limit_value_with_greater_less_symbols,,,,,,,
C1CC2CC1C(C2C(=O)O)C(=O)O,>400,2,39108,C1CC2CC1C(C2C(=O)O)C(=O)O,>400,PubChem,400.0,True,ok,limit_value_with_greater_less_symbols,,,,,,,
CC(C)(C)C(CO)CO,>280,2,39113,CC(C)(C)C(CO)CO,>280,PubChem,280.0,True,ok,limit_value_with_greater_less_symbols,,,,,,,
CC(=O)NCCC1=CC(=C(C=C1)O)O,>2400,2,39115,CC(=O)NCCC1=CC(=C(C=C1)O)O,>2400,PubChem,2400.0,True,ok,limit_value_with_greater_less_symbols,,,,,,,
C1C(CC(=O)NC1=O)C2=CC=CC=C2,>600,2,39121,C1C(CC(=O)NC1=O)C2=CC=CC=C2,>600,PubChem,600.0,True,ok,limit_value_with_greater_less_symbols,,,,,,,
C1=CC(=CC=C1C2=COC3=C(C2=O)C=CC(=C3)O[C@H]4[C@@H]([C@H]([C@@H]([C@H](O4)CO)O)O)O)O,>2000,2,39153,C1=CC(=CC=C1C2=COC3=C(C2=O)C=CC(=C3)O[C@H]4[C@@H]([C@H]([C@@H]([C@H](O4)CO)O)O)O)O,>2000,PubChem,2000.0,True,ok,limit_value_with_greater_less_symbols,,,,,,,
C1=CC(=C(C=C1C(F)(F)F)N)O,>1000,2,39193,C1=CC(=C(C=C1C(F)(F)F)N)O,>1000,PubChem,1000.0,True,ok,limit_value_with_greater_less_symbols,,,,,,,
C(CCO)CCF,>100,2,39195,C(CCO)CCF,>100,PubChem,100.0,True,ok,limit_value_with_greater_less_symbols,,,,,,,
CS(=O)(=O)CCC(=O)O,>2000,2,39197,CS(=O)(=O)CCC(=O)O,>2000,PubChem,2000.0,True,ok,limit_value_with_greater_less_symbols,,,,,,,
CC(CS(=O)(=O)C)O,>2000,2,39227,CC(CS(=O)(=O)C)O,>2000,PubChem,2000.0,True,ok,limit_value_with_greater_less_symbols,,,,,,,
C=C1[C@H]([C@H]([C@](O1)(CO)N2C=NC3=C(N=CN=C32)N)O)O,>1000,2,39228,C=C1[C@H]([C@H]([C@](O1)(CO)N2C=NC3=C(N=CN=C32)N)O)O,>1000,PubChem,1000.0,True,ok,limit_value_with_greater_less_symbols,,,,,,,
C1C[C@H](N(C1)C(=O)[C@@H]2CCCN2C(=O)OCC3=CC=CC=C3)C=O,>1000,2,39232,C1C[C@H](N(C1)C(=O)[C@@H]2CCCN2C(=O)OCC3=CC=CC=C3)C=O,>1000,PubChem,1000.0,True,ok,limit_value_with_greater_less_symbols,,,,,,,
C[C@@]1([C@@H](N2[C@H](S1(=O)=O)CC2=O)C(=O)O)CN3C=CN=N3,>5000,2,39238,C[C@@]1([C@@H](N2[C@H](S1(=O)=O)CC2=O)C(=O)O)CN3C=CN=N3,>5000,PubChem,5000.0,True,ok,limit_value_with_greater_less_symbols,,,,,,,
CC(C)C(C1=CC=C(C=C1)Cl)C(C#N)C2=CC(=CC=C2)OC3=CC=CC=C3,>500,2,39245,CC(C)C(C1=CC=C(C=C1)Cl)C(C#N)C2=CC(=CC=C2)OC3=CC=CC=C3,>500,PubChem,500.0,True,ok,limit_value_with_greater_less_symbols,,,,,,,
COC(=O)[C@H](CC1=CC=CC=C1)NC(=O)[C@H](CC(=O)O)N,>5000,2,39249,COC(=O)[C@H](CC1=CC=CC=C1)NC(=O)[C@H](CC(=O)O)N,>5000,PubChem,5000.0,True,ok,limit_value_with_greater_less_symbols,,,,,,,
CC1(C=C(C(=O)C(=C1)C(C)(C)C)C(C)(C)C)O,>1600,2,39264,CC1(C=C(C(=O)C(=C1)C(C)(C)C)C(C)(C)C)O,>1600,PubChem,1600.0,True,ok,limit_value_with_greater_less_symbols,,,,,,,
COC1=CC2=C(C=C1)OC(=CC2=O)C3=CC=CC=C3,>4000,2,39269,COC1=CC2=C(C=C1)OC(=CC2=O)C3=CC=CC=C3,>4000,PubChem,4000.0,True,ok,limit_value_with_greater_less_symbols,,,,,,,
COC1=CC2=C(C=C1)NC=C2C[C@@H](C(=O)O)N,>1874,2,39277,COC1=CC2=C(C=C1)NC=C2C[C@@H](C(=O)O)N,>1874,PubChem,1874.0,True,ok,limit_value_with_greater_less_symbols,,,,,,,
C1CC(=O)NC(=O)C1N2C(=O)C3=CC=CC=C3S2(=O)=O,>5000,2,39299,C1CC(=O)NC(=O)C1N2C(=O)C3=CC=CC=C3S2(=O)=O,>5000,PubChem,5000.0,True,ok,limit_value_with_greater_less_symbols,,,,,,,
CC1=NC(=NC(=N1)OC)NC,>400,2,39307,CC1=NC(=NC(=N1)OC)NC,>400,PubChem,400.0,True,ok,limit_value_with_greater_less_symbols,,,,,,,
C1=C(NC=N1)C[C@@H](C(=O)O)N.O.Cl,>1677,2,39326,C1=C(NC=N1)C[C@@H](C(=O)O)N.O.Cl,>1677,PubChem,1677.0,True,ok,limit_value_with_greater_less_symbols,,,,,,,
CCCCCCC[C@@H](CC(=O)CCC1=CC(=C(C=C1)O)OC)O,>100,2,39333,CCCCCCC[C@@H](CC(=O)CCC1=CC(=C(C=C1)O)OC)O,>100,PubChem,100.0,True,ok,limit_value_with_greater_less_symbols,,,,,,,
CCCCCCCCC[C@@H](CC(=O)CCC1=CC(=C(C=C1)O)OC)O,>100,2,39334,CCCCCCCCC[C@@H](CC(=O)CCC1=CC(=C(C=C1)O)OC)O,>100,PubChem,100.0,True,ok,limit_value_with_greater_less_symbols,,,,,,,
C1C[C@H]2[C@@H]([C@@H]([C@@H]1O2)C(=O)O)C(=O)O,>400,2,39338,C1C[C@H]2[C@@H]([C@@H]([C@@H]1O2)C(=O)O)C(=O)O,>400,PubChem,400.0,True,ok,limit_value_with_greater_less_symbols,,,,,,,
C1C[C@@H]2[C@H](C[C@H]1O2)C(=O)O,>400,2,39344,C1C[C@@H]2[C@H](C[C@H]1O2)C(=O)O,>400,PubChem,400.0,True,ok,limit_value_with_greater_less_symbols,,,,,,,
CCC1(C(=O)NC(=O)N1)C2=CC=C(C=C2)O,>5000,2,39349,CCC1(C(=O)NC(=O)N1)C2=CC=C(C=C2)O,>5000,PubChem,5000.0,True,ok,limit_value_with_greater_less_symbols,,,,,,,
C1=CC=C(C=C1)C2=CC=C(C=C2)C(=O)C3=CC=CC=C3Cl,>2000,2,39382,C1=CC=C(C=C1)C2=CC=C(C=C2)C(=O)C3=CC=CC=C3Cl,>2000,PubChem,2000.0,True,ok,limit_value_with_greater_less_symbols,,,,,,,
C1=CC(=CC=C1CCNC(=O)C2=CC=C(C=C2)Cl)O,>5000,2,39389,C1=CC(=CC=C1CCNC(=O)C2=CC=C(C=C2)Cl)O,>5000,PubChem,5000.0,True,ok,limit_value_with_greater_less_symbols,,,,,,,
C1=CC2=C(C=C1O)C(=CN2)C[C@H](C(=O)O)N,>2000,2,39400,C1=CC2=C(C=C1O)C(=CN2)C[C@H](C(=O)O)N,>2000,PubChem,2000.0,True,ok,limit_value_with_greater_less_symbols,,,,,,,
C1=CC=C(C=C1)COC(=O)CC[C@@H](C(=O)OCC2=CC=CC=C2)N.Cl,>2000,2,39403,C1=CC=C(C=C1)COC(=O)CC[C@@H](C(=O)OCC2=CC=CC=C2)N.Cl,>2000,PubChem,2000.0,True,ok,limit_value_with_greater_less_symbols,,,,,,,
C1=CC=C2C(=C1)C(=O)N(C2=O)OCCBr,>1000,2,39404,C1=CC=C2C(=C1)C(=O)N(C2=O)OCCBr,>1000,PubChem,1000.0,True,ok,limit_value_with_greater_less_symbols,,,,,,,
C1C2(COP(=O)(O1)OC2)CO,>500,2,39407,C1C2(COP(=O)(O1)OC2)CO,>500,PubChem,500.0,True,ok,limit_value_with_greater_less_symbols,,,,,,,
COC1=NC(=NC(=N1)N)C(F)(F)F,>400,2,39408,COC1=NC(=NC(=N1)N)C(F)(F)F,>400,PubChem,400.0,True,ok,limit_value_with_greater_less_symbols,,,,,,,
CC(C)C(CO)CO,>620,2,39416,CC(C)C(CO)CO,>620,PubChem,620.0,True,ok,limit_value_with_greater_less_symbols,,,,,,,
C1=CN=C(C=N1)CO,>2000,2,39422,C1=CN=C(C=N1)CO,>2000,PubChem,2000.0,True,ok,limit_value_with_greater_less_symbols,,,,,,,
CC(C)C(C1=CC=C(C=C1)Cl)O,>500,2,39432,CC(C)C(C1=CC=C(C=C1)Cl)O,>500,PubChem,500.0,True,ok,limit_value_with_greater_less_symbols,,,,,,,
COC1=C(C=C(C=C1)C=NC2=CC=C(C=C2)C(=O)O)OC,>800,2,39438,COC1=C(C=C(C=C1)C=NC2=CC=C(C=C2)C(=O)O)OC,>800,PubChem,800.0,True,ok,limit_value_with_greater_less_symbols,,,,,,,
CC1=NC(=CN1CC(CCl)O)[N+](=O)[O-],>500,2,39441,CC1=NC(=CN1CC(CCl)O)[N+](=O)[O-],>500,PubChem,500.0,True,ok,limit_value_with_greater_less_symbols,,,,,,,
C1=CC2=C(C=C1Cl)C(=CS2)CC(=O)O,>512,2,39453,C1=CC2=C(C=C1Cl)C(=CS2)CC(=O)O,>512,PubChem,512.0,True,ok,limit_value_with_greater_less_symbols,,,,,,,
C1CN=C(NC1C(=O)O)N,>300,2,39471,C1CN=C(NC1C(=O)O)N,>300,PubChem,300.0,True,ok,limit_value_with_greater_less_symbols,,,,,,,
C1=CC=C(C=C1)C(=O)C2=CC=CC=C2NC(=O)C3=CC=CC=C3,>2000,2,39473,C1=CC=C(C=C1)C(=O)C2=CC=CC=C2NC(=O)C3=CC=CC=C3,>2000,PubChem,2000.0,True,ok,limit_value_with_greater_less_symbols,,,,,,,
C1=CC=C(C(=C1)C(=O)NCCCCCCNC(=O)C2=CC=CC=C2O)O,>500,2,39488,C1=CC=C(C(=C1)C(=O)NCCCCCCNC(=O)C2=CC=CC=C2O)O,>500,PubChem,500.0,True,ok,limit_value_with_greater_less_symbols,,,,,,,
CCOC(=O)C1=C(NC(=C(C1C2=CC=CO2)C(=O)OCC)C)C,>7500,2,39495,CCOC(=O)C1=C(NC(=C(C1C2=CC=CO2)C(=O)OCC)C)C,>7500,PubChem,7500.0,True,ok,limit_value_with_greater_less_symbols,,,,,,,
CC1=C(C(=O)N(N1)C2=CC=CC=C2)C=NC3=CC=C(C=C3)OC,>3000,2,39497,CC1=C(C(=O)N(N1)C2=CC=CC=C2)C=NC3=CC=C(C=C3)OC,>3000,PubChem,3000.0,True,ok,limit_value_with_greater_less_symbols,,,,,,,
CC1(CC(C1)C(=O)O)C,>1000,2,39512,CC1(CC(C1)C(=O)O)C,>1000,PubChem,1000.0,True,ok,limit_value_with_greater_less_symbols,,,,,,,
C1=CC=C2C(=C1)N=C(S2)NC(=O)C3=CC=C(C=C3)[N+](=O)[O-],>1000,2,39514,C1=CC=C2C(=C1)N=C(S2)NC(=O)C3=CC=C(C=C3)[N+](=O)[O-],>1000,PubChem,1000.0,True,ok,limit_value_with_greater_less_symbols,,,,,,,
C1=CC(=CC=C1C(=O)NC2=NC=C(C=C2)Cl)N,>1000,2,39521,C1=CC(=CC=C1C(=O)NC2=NC=C(C=C2)Cl)N,>1000,PubChem,1000.0,True,ok,limit_value_with_greater_less_symbols,,,,,,,
C1C(CN(C1=O)C2=CC=C(C=C2)Cl)C(=O)O,>500,2,39526,C1C(CN(C1=O)C2=CC=C(C=C2)Cl)C(=O)O,>500,PubChem,500.0,True,ok,limit_value_with_greater_less_symbols,,,,,,,
C[C@@H]([C@H]1CC[C@@H]2[C@@]1(CC[C@H]3[C@H]2CC[C@H]4[C@@]3(CC[C@H](C4)O)C)C)O,>2000,2,39532,C[C@@H]([C@H]1CC[C@@H]2[C@@]1(CC[C@H]3[C@H]2CC[C@H]4[C@@]3(CC[C@H](C4)O)C)C)O,>2000,PubChem,2000.0,True,ok,limit_value_with_greater_less_symbols,,,,,,,
C[C@]12CC[C@H]3[C@H]([C@@H]1CC[C@@H]2OC(=O)CCC4=CC=CC=C4)CCC5=CC(=O)CC[C@H]35,>1000,2,39538,C[C@]12CC[C@H]3[C@H]([C@@H]1CC[C@@H]2OC(=O)CCC4=CC=CC=C4)CCC5=CC(=O)CC[C@H]35,>1000,PubChem,1000.0,True,ok,limit_value_with_greater_less_symbols,,,,,,,
CC1=CC(=O)C[C@H]2[C@]1([C@H]3CC[C@]4([C@H]([C@@H]3CC2)CC[C@@H]4OC(=O)C)C)C,>2000,2,39548,CC1=CC(=O)C[C@H]2[C@]1([C@H]3CC[C@]4([C@H]([C@@H]3CC2)CC[C@@H]4OC(=O)C)C)C,>2000,PubChem,2000.0,True,ok,limit_value_with_greater_less_symbols,,,,,,,
C[C@]12CC[C@H]3[C@H]([C@@H]1CC[C@@H]2OC(=O)CCC4CCCC4)CCC5=CC(=O)CC[C@]35C,>1000,2,39600,C[C@]12CC[C@H]3[C@H]([C@@H]1CC[C@@H]2OC(=O)CCC4CCCC4)CCC5=CC(=O)CC[C@]35C,>1000,PubChem,1000.0,True,ok,limit_value_with_greater_less_symbols,,,,,,,
CCCCCC(=O)O[C@@]1(CC[C@@H]2[C@@]1(CC[C@H]3[C@H]2CCC4=CC(=O)CC[C@H]34)C)C(=O)C,>10000,2,39630,CCCCCC(=O)O[C@@]1(CC[C@@H]2[C@@]1(CC[C@H]3[C@H]2CCC4=CC(=O)CC[C@H]34)C)C(=O)C,>10000,PubChem,10000.0,True,ok,limit_value_with_greater_less_symbols,,,,,,,
C[C@@H]1C[C@@H]([C@@H]2[C@H](C[C@H]([C@@](O2)(C(=O)C(=O)N3CCCC[C@H]3C(=O)O[C@@H]([C@@H]([C@H](CC(=O)[C@@H](/C=C(/C1)\C)CC=C)O)C)/C(=C/[C@@H]4CC[C@H]([C@@H](C4)OC)O)/C)O)C)OC)OC,>200,2,39650,C[C@@H]1C[C@@H]([C@@H]2[C@H](C[C@H]([C@@](O2)(C(=O)C(=O)N3CCCC[C@H]3C(=O)O[C@@H]([C@@H]([C@H](CC(=O)[C@@H](/C=C(/C1)\C)CC=C)O)C)/C(=C/[C@@H]4CC[C@H]([C@@H](C4)OC)O)/C)O)C)OC)OC,>200,PubChem,200.0,True,ok,limit_value_with_greater_less_symbols,,,,,,,
COC1=C(C=CC(=C1)/C=C/C(=O)O)O,>194,2,39651,COC1=C(C=CC(=C1)/C=C/C(=O)O)O,>194,PubChem,194.0,True,ok,limit_value_with_greater_less_symbols,,,,,,,
C[C@@H](CCC[C@@H](C)CCC/C(=C/COC(=O)C)/C)CCCC(C)C,>5000,2,39700,C[C@@H](CCC[C@@H](C)CCC/C(=C/COC(=O)C)/C)CCCC(C)C,>5000,PubChem,5000.0,True,ok,limit_value_with_greater_less_symbols,,,,,,,
CCN1C(=C(SC1=S)C(=O)N)N,>100,2,39728,CCN1C(=C(SC1=S)C(=O)N)N,>100,PubChem,100.0,True,ok,limit_value_with_greater_less_symbols,,,,,,,
CCNC(=O)[C@@H]1CCCN1C(=O)[C@H](CCCN=C(N)N)NC(=O)[C@H](CC(C)C)NC(=O)[C@@H](CC(C)C)NC(=O)[C@H](CC2=CC=C(C=C2)O)NC(=O)[C@H](CO)NC(=O)[C@H](CC3=CNC4=CC=CC=C43)NC(=O)[C@H](CC5=CN=CN5)NC(=O)[C@@H]6CCC(=O)N6.CC(=O)O,>5000,2,39745,CCNC(=O)[C@@H]1CCCN1C(=O)[C@H](CCCN=C(N)N)NC(=O)[C@H](CC(C)C)NC(=O)[C@@H](CC(C)C)NC(=O)[C@H](CC2=CC=C(C=C2)O)NC(=O)[C@H](CO)NC(=O)[C@H](CC3=CNC4=CC=CC=C43)NC(=O)[C@H](CC5=CN=CN5)NC(=O)[C@@H]6CCC(=O)N6.CC(=O)O,>5000,PubChem,5000.0,True,ok,limit_value_with_greater_less_symbols,,,,,,,
COC(=O)C1=CC=C(C=C1)OCC(=O)C2=C(C=C(C=C2)O)O,>1800,2,39749,COC(=O)C1=CC=C(C=C1)OCC(=O)C2=C(C=C(C=C2)O)O,>1800,PubChem,1800.0,True,ok,limit_value_with_greater_less_symbols,,,,,,,
CC(=O)N(CCC[C@H]1C(=O)N[C@H](C(=O)N1)CCCN(C(=O)C)O)O,>800,2,39760,CC(=O)N(CCC[C@H]1C(=O)N[C@H](C(=O)N1)CCCN(C(=O)C)O)O,>800,PubChem,800.0,True,ok,limit_value_with_greater_less_symbols,,,,,,,
C1=CC(=C(C=C1/C=C/C(=O)O)O)O,>721,2,39761,C1=CC(=C(C=C1/C=C/C(=O)O)O)O,>721,PubChem,721.0,True,ok,limit_value_with_greater_less_symbols,,,,,,,
CC1=C(C(=O)C2=C(O1)C=C(C=C2)OC(=O)C)OC3=CC=CC=C3,>200,2,39764,CC1=C(C(=O)C2=C(O1)C=C(C=C2)OC(=O)C)OC3=CC=CC=C3,>200,PubChem,200.0,True,ok,limit_value_with_greater_less_symbols,,,,,,,
COC1=CC2=C(C=C1)C(=O)C(=CO2)OC3=CC=CC=C3,>200,2,39765,COC1=CC2=C(C=C1)C(=O)C(=CO2)OC3=CC=CC=C3,>200,PubChem,200.0,True,ok,limit_value_with_greater_less_symbols,,,,,,,
C1CC(=S)N(C1)CC(=S)NCCC2=CC=CC=C2,>1000,2,39766,C1CC(=S)N(C1)CC(=S)NCCC2=CC=CC=C2,>1000,PubChem,1000.0,True,ok,limit_value_with_greater_less_symbols,,,,,,,
CC(=O)OC1=CC2=C(C=C1)C(=O)C(=CO2)OC3=CC=CC=C3F,>1800,2,39768,CC(=O)OC1=CC2=C(C=C1)C(=O)C(=CO2)OC3=CC=CC=C3F,>1800,PubChem,1800.0,True,ok,limit_value_with_greater_less_symbols,,,,,,,
C1CC(=O)N(C1)CC(=O)NCC2=CC=CC=C2,>1000,2,39774,C1CC(=O)N(C1)CC(=O)NCC2=CC=CC=C2,>1000,PubChem,1000.0,True,ok,limit_value_with_greater_less_symbols,,,,,,,
C1CCN(CC1)C(=O)C2=C(N(C(=S)S2)C3=CC=CC=C3)N,>100,2,39777,C1CCN(CC1)C(=O)C2=C(N(C(=S)S2)C3=CC=CC=C3)N,>100,PubChem,100.0,True,ok,limit_value_with_greater_less_symbols,,,,,,,
C1COCCN1C(=O)C2=C(N(C(=S)S2)C3=CC=CC=C3)N,>100,2,39778,C1COCCN1C(=O)C2=C(N(C(=S)S2)C3=CC=CC=C3)N,>100,PubChem,100.0,True,ok,limit_value_with_greater_less_symbols,,,,,,,
C1=CC(=CC=C1[N+](=O)[O-])OCC(=O)C2=C(C=C(C=C2)O)O,>1800,2,39779,C1=CC(=CC=C1[N+](=O)[O-])OCC(=O)C2=C(C=C(C=C2)O)O,>1800,PubChem,1800.0,True,ok,limit_value_with_greater_less_symbols,,,,,,,
C1=CC(=CC=C1C(=O)O)N=CC2=C(C=CC(=C2)Cl)O,>800,2,39783,C1=CC(=CC=C1C(=O)O)N=CC2=C(C=CC(=C2)Cl)O,>800,PubChem,800.0,True,ok,limit_value_with_greater_less_symbols,,,,,,,
COC1=CC=CC=C1C=NC2=CC=C(C=C2)C(=O)O,>800,2,39784,COC1=CC=CC=C1C=NC2=CC=C(C=C2)C(=O)O,>800,PubChem,800.0,True,ok,limit_value_with_greater_less_symbols,,,,,,,
C1=CC(=CC=C1C(=O)O)N=CC2=C(C=C(C=C2)Cl)Cl,>800,2,39785,C1=CC(=CC=C1C(=O)O)N=CC2=C(C=C(C=C2)Cl)Cl,>800,PubChem,800.0,True,ok,limit_value_with_greater_less_symbols,,,,,,,
CC(=O)OC1=CC2=C(C=C1)C(=O)C(=CO2)OC3=C(C=C(C=C3)Cl)Cl,>1800,2,39787,CC(=O)OC1=CC2=C(C=C1)C(=O)C(=CO2)OC3=C(C=C(C=C3)Cl)Cl,>1800,PubChem,1800.0,True,ok,limit_value_with_greater_less_symbols,,,,,,,
COC1=CC=C(C=C1)N2CC(CC2=O)C(=O)O,>500,2,39834,COC1=CC=C(C=C1)N2CC(CC2=O)C(=O)O,>500,PubChem,500.0,True,ok,limit_value_with_greater_less_symbols,,,,,,,
CC1(COC(=N1)C2=CC(=C(C=C2)OC)OC)C,>500,2,39842,CC1(COC(=N1)C2=CC(=C(C=C2)OC)OC)C,>500,PubChem,500.0,True,ok,limit_value_with_greater_less_symbols,,,,,,,
CC1=CC(=CC=C1)N2CC(CC2=O)C(=O)O,>500,2,39848,CC1=CC(=CC=C1)N2CC(CC2=O)C(=O)O,>500,PubChem,500.0,True,ok,limit_value_with_greater_less_symbols,,,,,,,
C1C(CN(C1=O)C2=CC=C(C=C2)F)C(=O)O,>500,2,39849,C1C(CN(C1=O)C2=CC=C(C=C2)F)C(=O)O,>500,PubChem,500.0,True,ok,limit_value_with_greater_less_symbols,,,,,,,
CC1=NC=C(C(=N1)N)CN(/C(=C(/SS/C(=C(/N(C=O)CC2=CN=C(N=C2N)C)\C)/CCOC(=O)C(C)C)\CCOC(=O)C(C)C)/C)C=O,>2500,2,39856,CC1=NC=C(C(=N1)N)CN(/C(=C(/SS/C(=C(/N(C=O)CC2=CN=C(N=C2N)C)\C)/CCOC(=O)C(C)C)\CCOC(=O)C(C)C)/C)C=O,>2500,PubChem,2500.0,True,ok,limit_value_with_greater_less_symbols,,,,,,,
CC/C(=C(/C1=CC=C(C=C1)OCCN(C)C)\C2=CC(=CC=C2)O)/C3=CC=CC=C3,>1500,2,39871,CC/C(=C(/C1=CC=C(C=C1)OCCN(C)C)\C2=CC(=CC=C2)O)/C3=CC=CC=C3,>1500,PubChem,1500.0,True,ok,limit_value_with_greater_less_symbols,,,,,,,
CN1C(=NNC1=O)C2=CC=CC=C2,>800,2,39880,CN1C(=NNC1=O)C2=CC=CC=C2,>800,PubChem,800.0,True,ok,limit_value_with_greater_less_symbols,,,,,,,
C1=NN(C=N1)CCN,>500,2,39883,C1=NN(C=N1)CCN,>500,PubChem,500.0,True,ok,limit_value_with_greater_less_symbols,,,,,,,
C1CN(C(=O)C1C(=O)O)C2=CC=CC=C2,>500,2,39894,C1CN(C(=O)C1C(=O)O)C2=CC=CC=C2,>500,PubChem,500.0,True,ok,limit_value_with_greater_less_symbols,,,,,,,
CN1C(=NN=C1SC)C2=CC=C(C=C2)Cl,>800,2,39895,CN1C(=NN=C1SC)C2=CC=C(C=C2)Cl,>800,PubChem,800.0,True,ok,limit_value_with_greater_less_symbols,,,,,,,
CC(=O)NC1=CC=C(C=C1)C=NC2=CC=CC=C2C(=O)O,>800,2,39915,CC(=O)NC1=CC=C(C=C1)C=NC2=CC=CC=C2C(=O)O,>800,PubChem,800.0,True,ok,limit_value_with_greater_less_symbols,,,,,,,
CN(C)CC1=CC=C(O1)CSCCNC(=C[N+](=O)[O-])NCCSCC2=CC=C(O2)CN(C)C,>5,2,39916,CN(C)CC1=CC=C(O1)CSCCNC(=C[N+](=O)[O-])NCCSCC2=CC=C(O2)CN(C)C,>5,PubChem,5.0,True,ok,limit_value_with_greater_less_symbols,,,,,,,
C1=CC(=CC(=C1)Cl)OC2=CN=C(C=C2)C(=O)O,>300,2,39918,C1=CC(=CC(=C1)Cl)OC2=CN=C(C=C2)C(=O)O,>300,PubChem,300.0,True,ok,limit_value_with_greater_less_symbols,,,,,,,
C1CN(CCC1NC2=NC=CC=N2)CC3=CC=CC=C3,>100,2,39923,C1CN(CCC1NC2=NC=CC=N2)CC3=CC=CC=C3,>100,PubChem,100.0,True,ok,limit_value_with_greater_less_symbols,,,,,,,
C(CCP(=O)(O)O)C[C@@H](C(=O)O)N,>1000,2,39926,C(CCP(=O)(O)O)C[C@@H](C(=O)O)N,>1000,PubChem,1000.0,True,ok,limit_value_with_greater_less_symbols,,,,,,,
C1OC2=C(O1)C=C(C=C2)C3=NN=C(O3)N,>450,2,39933,C1OC2=C(O1)C=C(C=C2)C3=NN=C(O3)N,>450,PubChem,450.0,True,ok,limit_value_with_greater_less_symbols,,,,,,,
C[Si](C)(C)C#CC1=CC=C(C=C1)C23OCC(CO2)(CO3)CC=C,>250,2,39943,C[Si](C)(C)C#CC1=CC=C(C=C1)C23OCC(CO2)(CO3)CC=C,>250,PubChem,250.0,True,ok,limit_value_with_greater_less_symbols,,,,,,,
CN1C(=NNC1=O)C2=CC=C(C=C2)OC,>800,2,39944,CN1C(=NNC1=O)C2=CC=C(C=C2)OC,>800,PubChem,800.0,True,ok,limit_value_with_greater_less_symbols,,,,,,,
C(CNCCNCCNCCN)N.Cl,>4000,2,39952,C(CNCCNCCNCCN)N.Cl,>4000,PubChem,4000.0,True,ok,limit_value_with_greater_less_symbols,,,,,,,
CN1C(=NNC1=O)C2=CC=C(C=C2)Cl,>800,2,39954,CN1C(=NNC1=O)C2=CC=C(C=C2)Cl,>800,PubChem,800.0,True,ok,limit_value_with_greater_less_symbols,,,,,,,
CN1C(=NNC1=O)C2=CC=NC=C2,>800,2,39955,CN1C(=NNC1=O)C2=CC=NC=C2,>800,PubChem,800.0,True,ok,limit_value_with_greater_less_symbols,,,,,,,
CC1=CC=C(C=C1)C2=NNC(=O)N2C,>800,2,39956,CC1=CC=C(C=C1)C2=NNC(=O)N2C,>800,PubChem,800.0,True,ok,limit_value_with_greater_less_symbols,,,,,,,
CC1=C(NC(=C1CCC(=O)O)CC2=C(C(=C(N2)/C=C\3/C(=C(C(=O)N3)C)C=C)C)CCC(=O)O)/C=C\4/C(=C(C(=O)N4)C=C)C,>2000,2,39971,CC1=C(NC(=C1CCC(=O)O)CC2=C(C(=C(N2)/C=C\3/C(=C(C(=O)N3)C)C=C)C)CCC(=O)O)/C=C\4/C(=C(C(=O)N4)C=C)C,>2000,PubChem,2000.0,True,ok,limit_value_with_greater_less_symbols,,,,,,,
C1=CC(=C(C=C1C2=C(C(=O)C3=C(C=C(C=C3O2)O)O)O[C@H]4[C@@H]([C@H]([C@@H]([C@H](O4)CO)O)O)O)O)O,>5000,2,39983,C1=CC(=C(C=C1C2=C(C(=O)C3=C(C=C(C=C3O2)O)O)O[C@H]4[C@@H]([C@H]([C@@H]([C@H](O4)CO)O)O)O)O)O,>5000,PubChem,5000.0,True,ok,limit_value_with_greater_less_symbols,,,,,,,
C1=CC(=CC=C1C2=COC3=CC(=CC(=C3C2=O)O)O[C@H]4[C@@H]([C@H]([C@@H]([C@H](O4)CO)O)O)O)O,>2000,2,40003,C1=CC(=CC=C1C2=COC3=CC(=CC(=C3C2=O)O)O[C@H]4[C@@H]([C@H]([C@@H]([C@H](O4)CO)O)O)O)O,>2000,PubChem,2000.0,True,ok,limit_value_with_greater_less_symbols,,,,,,,
COC1=CC=C(C=C1)/C=C/C2=CC(=CC(=O)O2)OC,>1500,2,40011,COC1=CC=C(C=C1)/C=C/C2=CC(=CC(=O)O2)OC,>1500,PubChem,1500.0,True,ok,limit_value_with_greater_less_symbols,,,,,,,
C1=CC(=CC=C1C2=COC3=C(C2=O)C=CC(=C3)O)O,>2000,2,40014,C1=CC(=CC=C1C2=COC3=C(C2=O)C=CC(=C3)O)O,>2000,PubChem,2000.0,True,ok,limit_value_with_greater_less_symbols,,,,,,,
C[C@H]1[C@@H]([C@H]([C@H]([C@@H](O1)O[C@@H]2[C@H]([C@@H](O[C@@H]([C@H]2OC(=O)/C=C/C3=CC(=C(C=C3)O)O)CO)OCCC4=CC(=C(C=C4)O)O)O)O)O)O,>5000,2,40018,C[C@H]1[C@@H]([C@H]([C@H]([C@@H](O1)O[C@@H]2[C@H]([C@@H](O[C@@H]([C@H]2OC(=O)/C=C/C3=CC(=C(C=C3)O)O)CO)OCCC4=CC(=C(C=C4)O)O)O)O)O)O,>5000,PubChem,5000.0,True,ok,limit_value_with_greater_less_symbols,,,,,,,
CC(=CCC/C(=C/CC/C(=C/CCC(=O)OC/C=C(\C)/CCC=C(C)C)/C)/C)C,>4000,2,40029,CC(=CCC/C(=C/CC/C(=C/CCC(=O)OC/C=C(\C)/CCC=C(C)C)/C)/C)C,>4000,PubChem,4000.0,True,ok,limit_value_with_greater_less_symbols,,,,,,,
C1=CC=C(C=C1)OC2=C(OC3=C(C2=O)C=CC(=C3)O)C(F)(F)F,>200,2,40088,C1=CC=C(C=C1)OC2=C(OC3=C(C2=O)C=CC(=C3)O)C(F)(F)F,>200,PubChem,200.0,True,ok,limit_value_with_greater_less_symbols,,,,,,,
C1=CC=C(C=C1)OC2=COC3=C(C2=O)C=CC(=C3)O,>1800,2,40097,C1=CC=C(C=C1)OC2=COC3=C(C2=O)C=CC(=C3)O,>1800,PubChem,1800.0,True,ok,limit_value_with_greater_less_symbols,,,,,,,
CCCCCCCCCCOC(=O)/C=C\C(=O)OCCCCCCCCCC,>5000,2,40103,CCCCCCCCCCOC(=O)/C=C\C(=O)OCCCCCCCCCC,>5000,PubChem,5000.0,True,ok,limit_value_with_greater_less_symbols,,,,,,,
C1OC2=C(O1)C=C(C=C2)/C=C/C(=O)C3=CC=CC=C3,>2000,2,40104,C1OC2=C(O1)C=C(C=C2)/C=C/C(=O)C3=CC=CC=C3,>2000,PubChem,2000.0,True,ok,limit_value_with_greater_less_symbols,,,,,,,
CCCCC(CC)COC(=O)/C=C\C(=O)OCC(CC)CCCC,>1000,2,40127,CCCCC(CC)COC(=O)/C=C\C(=O)OCC(CC)CCCC,>1000,PubChem,1000.0,True,ok,limit_value_with_greater_less_symbols,,,,,,,
CC(=CCC/C(=C/CC/C(=C/CCC(C)(C=C)O)/C)/C)C,>2000,2,40128,CC(=CCC/C(=C/CC/C(=C/CCC(C)(C=C)O)/C)/C)C,>2000,PubChem,2000.0,True,ok,limit_value_with_greater_less_symbols,,,,,,,
CC1=CC=C(C=C1)/C=C/C(=O)C2=CC=CC=C2,>75,2,40135,CC1=CC=C(C=C1)/C=C/C(=O)C2=CC=CC=C2,>75,PubChem,75.0,True,ok,limit_value_with_greater_less_symbols,,,,,,,
C1=CC=C(C=C1)C(=O)/C=C/C2=CC=C(C=C2)Cl,>1000,2,40137,C1=CC=C(C=C1)C(=O)/C=C/C2=CC=C(C=C2)Cl,>1000,PubChem,1000.0,True,ok,limit_value_with_greater_less_symbols,,,,,,,
C1=CC=C(C=C1)C(=O)/C=C/C2=CC=CC=C2Cl,>750,2,40140,C1=CC=C(C=C1)C(=O)/C=C/C2=CC=CC=C2Cl,>750,PubChem,750.0,True,ok,limit_value_with_greater_less_symbols,,,,,,,
COC(=O)C1=CC=C(C=C1)OC2=COC3=C(C2=O)C=CC(=C3)O,>1800,2,40143,COC(=O)C1=CC=C(C=C1)OC2=COC3=C(C2=O)C=CC(=C3)O,>1800,PubChem,1800.0,True,ok,limit_value_with_greater_less_symbols,,,,,,,
CCC1=C[C@H]2C[C@]3([C@@H]1N(C2)CCC4=C3NC5=CC=CC=C45)C(=O)OC,>800,2,40145,CCC1=C[C@H]2C[C@]3([C@@H]1N(C2)CCC4=C3NC5=CC=CC=C45)C(=O)OC,>800,PubChem,800.0,True,ok,limit_value_with_greater_less_symbols,,,,,,,
C[C@H]1/C=C/C=C(\C(=O)NC2=CC(=C3C(=C2O)C(=C(C4=C3C(=O)[C@](O4)(O/C=C/[C@@H]([C@H]([C@H]([C@@H]([C@@H]([C@@H]([C@H]1O)C)O)C)OC(=O)C)C)OC)C)C)O)OCC(=O)O)/C,>3000,2,40152,C[C@H]1/C=C/C=C(\C(=O)NC2=CC(=C3C(=C2O)C(=C(C4=C3C(=O)[C@](O4)(O/C=C/[C@@H]([C@H]([C@H]([C@@H]([C@@H]([C@@H]([C@H]1O)C)O)C)OC(=O)C)C)OC)C)C)O)OCC(=O)O)/C,>3000,PubChem,3000.0,True,ok,limit_value_with_greater_less_symbols,,,,,,,
CC(C)(C)NC(=O)[C@@H]1CN(CCN1C[C@H](C[C@@H](CC2=CC=CC=C2)C(=O)N[C@@H]3[C@@H](CC4=CC=CC=C34)O)O)CC5=CN=CC=C5.OS(=O)(=O)O,>5000,2,40155,CC(C)(C)NC(=O)[C@@H]1CN(CCN1C[C@H](C[C@@H](CC2=CC=CC=C2)C(=O)N[C@@H]3[C@@H](CC4=CC=CC=C34)O)O)CC5=CN=CC=C5.OS(=O)(=O)O,>5000,PubChem,5000.0,True,ok,limit_value_with_greater_less_symbols,,,,,,,
CC(=CCC/C(=C/CC/C(=C/CC/C(=C/CC/C(=C/CC/C(=C/CC/C(=C/CC/C(=C/CC/C(=C/CO)/C)/C)/C)/C)/C)/C)/C)/C)C,>4000,2,40168,CC(=CCC/C(=C/CC/C(=C/CC/C(=C/CC/C(=C/CC/C(=C/CC/C(=C/CC/C(=C/CC/C(=C/CO)/C)/C)/C)/C)/C)/C)/C)/C)C,>4000,PubChem,4000.0,True,ok,limit_value_with_greater_less_symbols,,,,,,,
CO/N=C(/C1=CC=CO1)\C(=O)N[C@H]2[C@@H]3N(C2=O)C(=C(CS3)COC(=O)N)C(=O)O,>10000,2,40170,CO/N=C(/C1=CC=CO1)\C(=O)N[C@H]2[C@@H]3N(C2=O)C(=C(CS3)COC(=O)N)C(=O)O,>10000,PubChem,10000.0,True,ok,limit_value_with_greater_less_symbols,,,,,,,
CCOC1=CC=C(C=C1)/C=C/2\CCC3=CC=CC=C3C2=O,>245,2,40183,CCOC1=CC=C(C=C1)/C=C/2\CCC3=CC=CC=C3C2=O,>245,PubChem,245.0,True,ok,limit_value_with_greater_less_symbols,,,,,,,
C1=CC=C(C(=C1)/C=C/C2=CC=CC=C2[N+](=O)[O-])[N+](=O)[O-],>1500,2,40185,C1=CC=C(C(=C1)/C=C/C2=CC=CC=C2[N+](=O)[O-])[N+](=O)[O-],>1500,PubChem,1500.0,True,ok,limit_value_with_greater_less_symbols,,,,,,,
CCOC1=CC(=CC(=C1O)CSC2=CC=CC=C2)/C=C(\C#N)/C(=O)N,>1000,2,40192,CCOC1=CC(=CC(=C1O)CSC2=CC=CC=C2)/C=C(\C#N)/C(=O)N,>1000,PubChem,1000.0,True,ok,limit_value_with_greater_less_symbols,,,,,,,
CC(=O)/C=C/C1=CC2=C(C=C1)OCO2,>2000,2,40193,CC(=O)/C=C/C1=CC2=C(C=C1)OCO2,>2000,PubChem,2000.0,True,ok,limit_value_with_greater_less_symbols,,,,,,,
CC(C)(C)C(=O)/C=C/C1=CC(=C(C=C1)OC)OC,>2000,2,40202,CC(C)(C)C(=O)/C=C/C1=CC(=C(C=C1)OC)OC,>2000,PubChem,2000.0,True,ok,limit_value_with_greater_less_symbols,,,,,,,
CCCCCCCC/C=C\CCCCCCCC#N,>10000,2,40225,CCCCCCCC/C=C\CCCCCCCC#N,>10000,PubChem,10000.0,True,ok,limit_value_with_greater_less_symbols,,,,,,,
CC(C)[NH3+].[Cl-],>1000,2,40230,CC(C)[NH3+].[Cl-],>1000,PubChem,1000.0,True,ok,limit_value_with_greater_less_symbols,,,,,,,
C1=CC(=NC(=C1)/C=C/C2=CC=C(O2)[N+](=O)[O-])CO,>2000,2,40246,C1=CC(=NC(=C1)/C=C/C2=CC=C(O2)[N+](=O)[O-])CO,>2000,PubChem,2000.0,True,ok,limit_value_with_greater_less_symbols,,,,,,,
CCCCCCCCCCCCCCCC(=O)OC/C=C(\C)/CCC[C@H](C)CCC[C@H](C)CCCC(C)C,>5000,2,40250,CCCCCCCCCCCCCCCC(=O)OC/C=C(\C)/CCC[C@H](C)CCC[C@H](C)CCCC(C)C,>5000,PubChem,5000.0,True,ok,limit_value_with_greater_less_symbols,,,,,,,
CC(C)(C)C(=O)/C=C/C1=CC2=C(C=C1)OCO2,>2000,2,40262,CC(C)(C)C(=O)/C=C/C1=CC2=C(C=C1)OCO2,>2000,PubChem,2000.0,True,ok,limit_value_with_greater_less_symbols,,,,,,,
CC[C@@]1(C(=O)NC(=O)N1)C2=CC=CC=C2,>500,2,40272,CC[C@@]1(C(=O)NC(=O)N1)C2=CC=CC=C2,>500,PubChem,500.0,True,ok,limit_value_with_greater_less_symbols,,,,,,,
CC1CS(=O)(=O)CCN1/N=C/C2=CC=C(O2)[N+](=O)[O-],>800,2,40274,CC1CS(=O)(=O)CCN1/N=C/C2=CC=C(O2)[N+](=O)[O-],>800,PubChem,800.0,True,ok,limit_value_with_greater_less_symbols,,,,,,,
C1=CC=C(C(=C1)/C=N/NC(=O)C2=CN=CC=C2)Cl,>400,2,40277,C1=CC=C(C(=C1)/C=N/NC(=O)C2=CN=CC=C2)Cl,>400,PubChem,400.0,True,ok,limit_value_with_greater_less_symbols,,,,,,,
C=CC1=C(N2[C@@H]([C@@H](C2=O)NC(=O)/C(=N\O)/C3=CSC(=N3)N)SC1)C(=O)O,>5600,2,40281,C=CC1=C(N2[C@@H]([C@@H](C2=O)NC(=O)/C(=N\O)/C3=CSC(=N3)N)SC1)C(=O)O,>5600,PubChem,5600.0,True,ok,limit_value_with_greater_less_symbols,,,,,,,
CO[C@H]1CN(CC[C@H]1NC(=O)C2=CC(=C(C=C2OC)N)Cl)CCCOC3=CC=C(C=C3)F,>1000,2,40283,CO[C@H]1CN(CC[C@H]1NC(=O)C2=CC(=C(C=C2OC)N)Cl)CCCOC3=CC=C(C=C3)F,>1000,PubChem,1000.0,True,ok,limit_value_with_greater_less_symbols,,,,,,,
CC/C=C\C/C=C\C/C=C\C/C=C\C/C=C\CCCC(=O)OCC,>20000,2,40309,CC/C=C\C/C=C\C/C=C\C/C=C\C/C=C\CCCC(=O)OCC,>20000,PubChem,20000.0,True,ok,limit_value_with_greater_less_symbols,,,,,,,
CC(C)(C)OC(=O)NCCC(=O)N[C@@H](CC1=CNC2=CC=CC=C21)C(=O)N[C@@H](CCSC)C(=O)N[C@@H](CC(=O)O)C(=O)N[C@@H](CC3=CC=CC=C3)C(=O)N,>1000,2,40311,CC(C)(C)OC(=O)NCCC(=O)N[C@@H](CC1=CNC2=CC=CC=C21)C(=O)N[C@@H](CCSC)C(=O)N[C@@H](CC(=O)O)C(=O)N[C@@H](CC3=CC=CC=C3)C(=O)N,>1000,PubChem,1000.0,True,ok,limit_value_with_greater_less_symbols,,,,,,,
C(C[C@@H](C(=O)O)N)C[NH3+].C([C@@H](C(=O)[O-])N)C(=O)O,>5000,2,40333,C(C[C@@H](C(=O)O)N)C[NH3+].C([C@@H](C(=O)[O-])N)C(=O)O,>5000,PubChem,5000.0,True,ok,limit_value_with_greater_less_symbols,,,,,,,
C[C@H]([C@@H](C(=O)N[C@@H](CC1=CC=CC=C1)C(=O)N[C@@H]([C@@H](C)O)C(=O)N[C@@H](CO)C(=O)N[C@@H](CC(=O)O)C(=O)N[C@@H](CC2=CC=C(C=C2)O)C(=O)N[C@@H](CO)C(=O)N[C@@H](CCCCN)C(=O)N[C@@H](CC3=CC=C(C=C3)O)C(=O)N[C@@H](CC(C)C)C(=O)N[C@@H](CC(=O)O)C(=O)N[C@@H](CO)C(=O)N[C@@H](CCCNC(=N)N)C(=O)N[C@@H](CCCNC(=N)N)C(=O)N[C@@H](C)C(=O)N[C@@H](CCC(=O)N)C(=O)N[C@@H](CC(=O)O)C(=O)N[C@@H](CC4=CC=CC=C4)C(=O)N[C@@H](C(C)C)C(=O)N[C@@H](CCC(=O)N)C(=O)N[C@@H](CC5=CNC6=CC=CC=C65)C(=O)N[C@@H](CC(C)C)C(=O)N[C@@H](CCSC)C(=O)N[C@@H](CC(=O)N)C(=O)N[C@@H]([C@@H](C)O)C(=O)O)NC(=O)CNC(=O)[C@H](CCC(=O)N)NC(=O)[C@H](CO)NC(=O)[C@H](CC7=CN=CN7)N)O,>200,2,40419,C[C@H]([C@@H](C(=O)N[C@@H](CC1=CC=CC=C1)C(=O)N[C@@H]([C@@H](C)O)C(=O)N[C@@H](CO)C(=O)N[C@@H](CC(=O)O)C(=O)N[C@@H](CC2=CC=C(C=C2)O)C(=O)N[C@@H](CO)C(=O)N[C@@H](CCCCN)C(=O)N[C@@H](CC3=CC=C(C=C3)O)C(=O)N[C@@H](CC(C)C)C(=O)N[C@@H](CC(=O)O)C(=O)N[C@@H](CO)C(=O)N[C@@H](CCCNC(=N)N)C(=O)N[C@@H](CCCNC(=N)N)C(=O)N[C@@H](C)C(=O)N[C@@H](CCC(=O)N)C(=O)N[C@@H](CC(=O)O)C(=O)N[C@@H](CC4=CC=CC=C4)C(=O)N[C@@H](C(C)C)C(=O)N[C@@H](CCC(=O)N)C(=O)N[C@@H](CC5=CNC6=CC=CC=C65)C(=O)N[C@@H](CC(C)C)C(=O)N[C@@H](CCSC)C(=O)N[C@@H](CC(=O)N)C(=O)N[C@@H]([C@@H](C)O)C(=O)O)NC(=O)CNC(=O)[C@H](CCC(=O)N)NC(=O)[C@H](CO)NC(=O)[C@H](CC7=CN=CN7)N)O,>200,PubChem,200.0,True,ok,limit_value_with_greater_less_symbols,,,,,,,
CN1C2=CC=CC=C2C(=C(C1=O)C(=O)NN)O,>1000,2,40508,CN1C2=CC=CC=C2C(=C(C1=O)C(=O)NN)O,>1000,PubChem,1000.0,True,ok,limit_value_with_greater_less_symbols,,,,,,,
CCOC(=O)C1=C(C2=CC=CC=C2N(C1=O)C)O,>1000,2,40511,CCOC(=O)C1=C(C2=CC=CC=C2N(C1=O)C)O,>1000,PubChem,1000.0,True,ok,limit_value_with_greater_less_symbols,,,,,,,
C[C@@]1([C@H]2C[C@H]3[C@H](C(=O)C(=C([C@]3(C(=O)C2=C(C4=C1C=CC=C4O)O)O)O)C(=O)N)N(C)C)O.Cl,>500,2,40516,C[C@@]1([C@H]2C[C@H]3[C@H](C(=O)C(=C([C@]3(C(=O)C2=C(C4=C1C=CC=C4O)O)O)O)C(=O)N)N(C)C)O.Cl,>500,PubChem,500.0,True,ok,limit_value_with_greater_less_symbols,,,,,,,
[CH3-].CC1=CC2=C(C=C1C)N(C=N2)[C@@H]3[C@@H]([C@@H]([C@H](O3)CO)OP(=O)([O-])O[C@@H](C)CNC(=O)CC[C@@]\4([C@H]([C@@H]5[C@]6([C@@]([C@@H](C(=N6)/C(=C\7/[C@@]([C@@H](C(=N7)/C=C\8/C([C@@H](C(=N8)/C(=C4\[N-]5)/C)CCC(=O)N)(C)C)CCC(=O)N)(C)CC(=O)N)/C)CCC(=O)N)(C)CC(=O)N)C)CC(=O)N)C)O.[Co+3],>5000,2,40571,[CH3-].CC1=CC2=C(C=C1C)N(C=N2)[C@@H]3[C@@H]([C@@H]([C@H](O3)CO)OP(=O)([O-])O[C@@H](C)CNC(=O)CC[C@@]\4([C@H]([C@@H]5[C@]6([C@@]([C@@H](C(=N6)/C(=C\7/[C@@]([C@@H](C(=N7)/C=C\8/C([C@@H](C(=N8)/C(=C4\[N-]5)/C)CCC(=O)N)(C)C)CCC(=O)N)(C)CC(=O)N)/C)CCC(=O)N)(C)CC(=O)N)C)CC(=O)N)C)O.[Co+3],>5000,PubChem,5000.0,True,ok,limit_value_with_greater_less_symbols,,,,,,,
CCBr,2850.104618,1,483,CCBr,2850.104618,TOXRIC,2850.104618,False,ok,invalid_structure_or_removed_by_structure_rule,False,CCBr,too_few_heavy_atoms,1.0,"Br,C",3.0,
CC[Hg]Sc1ccccc1C(=O)O,53.99943582,1,954,CC[Hg]Sc1ccccc1C(=O)O,53.99943582,TOXRIC,53.99943582,False,ok,invalid_structure_or_removed_by_structure_rule,False,C[CH2][Hg][S]c1ccccc1C(=O)O,uncommon_or_metal_elements:Hg,1.0,"C,Hg,O,S",13.0,
CCCC[Sn](CCCC)(CCCC)O[Sn](CCCC)(CCCC)CCCC,12.49964353,1,969,CCCC[Sn](CCCC)(CCCC)O[Sn](CCCC)(CCCC)CCCC,12.49964353,TOXRIC,12.49964353,False,ok,invalid_structure_or_removed_by_structure_rule,False,CCC[CH2][Sn]([CH2]CCC)([CH2]CCC)[O][Sn]([CH2]CCC)([CH2]CCC)[CH2]CCC,uncommon_or_metal_elements:Sn,1.0,"C,O,Sn",27.0,
O=C(O)c1ccc([Hg+])cc1,24.99961146,1,988,O=C(O)c1ccc([Hg+])cc1,24.99961146,TOXRIC,24.99961146,False,ok,invalid_structure_or_removed_by_structure_rule,False,O=C(O)c1cc[c]([Hg+])cc1,uncommon_or_metal_elements:Hg,1.0,"C,Hg,O",10.0,
CNN,29.49512218,1,998,CNN,29.49512218,TOXRIC,29.49512218,False,ok,invalid_structure_or_removed_by_structure_rule,False,CNN,too_few_heavy_atoms,1.0,"C,N",3.0,
CC(=O)O[Hg]c1ccccc1,13.00000001,1,1011,CC(=O)O[Hg]c1ccccc1,13.00000001,TOXRIC,13.00000001,False,ok,invalid_structure_or_removed_by_structure_rule,False,CC(=O)[O][Hg][c]1ccccc1,uncommon_or_metal_elements:Hg,1.0,"C,Hg,O",11.0,
CO,10765,1,1048,CO,10765,TOXRIC,10765.0,False,ok,invalid_structure_or_removed_by_structure_rule,False,CO,too_few_heavy_atoms,1.0,"C,O",2.0,
CI,172.0000001,1,1088,CI,172.0000001,TOXRIC,172.0000001,False,ok,invalid_structure_or_removed_by_structure_rule,False,CI,too_few_heavy_atoms,1.0,"C,I",2.0,
CNC,582.9699921,1,1089,CNC,582.9699921,TOXRIC,582.9699921,False,ok,invalid_structure_or_removed_by_structure_rule,False,CNC,too_few_heavy_atoms,1.0,"C,N",3.0,
CCI,560.0143622,1,1090,CCI,560.0143622,TOXRIC,560.0143622,False,ok,invalid_structure_or_removed_by_structure_rule,False,CCI,too_few_heavy_atoms,1.0,"C,I",3.0,
CC#N,174.9872115,1,1091,CC#N,174.9872115,TOXRIC,174.9872115,False,ok,invalid_structure_or_removed_by_structure_rule,False,CC#N,too_few_heavy_atoms,1.0,"C,N",3.0,
CC=O,499.9659499,1,1092,CC=O,499.9659499,TOXRIC,499.9659499,False,ok,invalid_structure_or_removed_by_structure_rule,False,CC=O,too_few_heavy_atoms,1.0,"C,O",3.0,
ClCCl,436.9845638,1,1093,ClCCl,436.9845638,TOXRIC,436.9845638,False,ok,invalid_structure_or_removed_by_structure_rule,False,ClCCl,too_few_heavy_atoms,1.0,"C,Cl",3.0,
ICI,467.0000003,1,1094,ICI,467.0000003,TOXRIC,467.0000003,False,ok,invalid_structure_or_removed_by_structure_rule,False,ICI,too_few_heavy_atoms,1.0,"C,I",3.0,
NC=O,2449.999999,1,1095,NC=O,2449.999999,TOXRIC,2449.999999,False,ok,invalid_structure_or_removed_by_structure_rule,False,NC=O,too_few_heavy_atoms,1.0,"C,N,O",3.0,
CSC,8000.386234,1,1096,CSC,8000.386234,TOXRIC,8000.386234,False,ok,invalid_structure_or_removed_by_structure_rule,False,CSC,too_few_heavy_atoms,1.0,"C,S",3.0,
C1CO1,174.9880827,1,1097,C1CO1,174.9880827,TOXRIC,174.9880827,False,ok,invalid_structure_or_removed_by_structure_rule,False,C1CO1,too_few_heavy_atoms,1.0,"C,O",3.0,
C[As](C)(=O)O,707.1170294,1,1106,C[As](C)(=O)O,707.1170294,TOXRIC,707.1170294,False,ok,invalid_structure_or_removed_by_structure_rule,False,C[As](C)(=O)O,uncommon_or_metal_elements:As,1.0,"As,C,O",5.0,
CCCCCCCCCCCC(=O)O[Sn](CCCC)(CCCC)OC(=O)CCCCCCCCCCC,180.0082651,1,1119,CCCCCCCCCCCC(=O)O[Sn](CCCC)(CCCC)OC(=O)CCCCCCCCCCC,180.0082651,TOXRIC,180.0082651,False,ok,invalid_structure_or_removed_by_structure_rule,False,CCCCCCCCCCCC(=O)[O][Sn]([CH2]CCC)([CH2]CCC)[O]C(=O)CCCCCCCCCCC,uncommon_or_metal_elements:Sn,1.0,"C,O,Sn",37.0,
c1ccc([Sn](S[Sn](c2ccccc2)(c2ccccc2)c2ccccc2)(c2ccccc2)c2ccccc2)cc1,679.9767804,1,1124,c1ccc([Sn](S[Sn](c2ccccc2)(c2ccccc2)c2ccccc2)(c2ccccc2)c2ccccc2)cc1,679.9767804,TOXRIC,679.9767804,False,ok,invalid_structure_or_removed_by_structure_rule,False,c1cc[c]([Sn]([S][Sn]([c]2ccccc2)([c]2ccccc2)[c]2ccccc2)([c]2ccccc2)[c]2ccccc2)cc1,uncommon_or_metal_elements:Sn,1.0,"C,S,Sn",39.0,
NC(=O)Nc1ccc([As](Sc2ccccc2C(=O)O)Sc2ccccc2C(=O)O)cc1,264.9835796,1,1283,NC(=O)Nc1ccc([As](Sc2ccccc2C(=O)O)Sc2ccccc2C(=O)O)cc1,264.9835796,TOXRIC,264.9835796,False,ok,invalid_structure_or_removed_by_structure_rule,False,NC(=O)Nc1ccc([As](Sc2ccccc2C(=O)O)Sc2ccccc2C(=O)O)cc1,uncommon_or_metal_elements:As,1.0,"As,C,N,O,S",31.0,
CC[Hg]Cl,15.99969824,1,1490,CC[Hg]Cl,15.99969824,TOXRIC,15.99969824,False,ok,invalid_structure_or_removed_by_structure_rule,False,C[CH2][Hg][Cl],uncommon_or_metal_elements:Hg,1.0,"C,Cl,Hg",4.0,
C[Hg]Cl,10.00007965,1,1607,C[Hg]Cl,10.00007965,TOXRIC,10.00007965,False,ok,invalid_structure_or_removed_by_structure_rule,False,[CH3][Hg][Cl],uncommon_or_metal_elements:Hg,1.0,"C,Cl,Hg",3.0,
NC(=O)Nc1ccc([As](SCC(=O)O)SCC(=O)O)cc1,100.002549,1,1641,NC(=O)Nc1ccc([As](SCC(=O)O)SCC(=O)O)cc1,100.002549,TOXRIC,100.002549,False,ok,invalid_structure_or_removed_by_structure_rule,False,NC(=O)Nc1ccc([As](SCC(=O)O)SCC(=O)O)cc1,uncommon_or_metal_elements:As,1.0,"As,C,N,O,S",21.0,
Nc1ccc([As](=O)(O)O)cc1,247.9931444,1,1730,Nc1ccc([As](=O)(O)O)cc1,247.9931444,TOXRIC,247.9931444,False,ok,invalid_structure_or_removed_by_structure_rule,False,Nc1ccc([As](=O)(O)O)cc1,uncommon_or_metal_elements:As,1.0,"As,C,N,O",11.0,
O=CO,939.9999991,1,1799,O=CO,939.9999991,TOXRIC,939.9999991,False,ok,invalid_structure_or_removed_by_structure_rule,False,O=CO,too_few_heavy_atoms,1.0,"C,O",3.0,
N#C[Na],4.899900021,1,1817,N#C[Na],4.899900021,TOXRIC,4.899900021,False,ok,invalid_structure_or_removed_by_structure_rule,False,N#[C][Na],uncommon_or_metal_elements:Na,1.0,"C,N,Na",3.0,
N#C[K],5.990999999,1,1854,N#C[K],5.990999999,TOXRIC,5.990999999,False,ok,invalid_structure_or_removed_by_structure_rule,False,N#[C][K],uncommon_or_metal_elements:K,1.0,"C,K,N",3.0,
O=C(O)CC(S[Sb](SC(CC(=O)O)C(=O)O)SC(CC(=O)O)C(=O)O)C(=O)O,81.99985594,1,1936,O=C(O)CC(S[Sb](SC(CC(=O)O)C(=O)O)SC(CC(=O)O)C(=O)O)C(=O)O,81.99985594,TOXRIC,81.99985594,False,ok,invalid_structure_or_removed_by_structure_rule,False,O=C(O)CC([S][Sb]([S]C(CC(=O)O)C(=O)O)[S]C(CC(=O)O)C(=O)O)C(=O)O,uncommon_or_metal_elements:Sb,1.0,"C,O,S,Sb",28.0,
Nc1cc([As]=O)ccc1O,31.60238699,1,1939,Nc1cc([As]=O)ccc1O,31.60238699,TOXRIC,31.60238699,False,ok,invalid_structure_or_removed_by_structure_rule,False,Nc1cc([As]=O)ccc1O,uncommon_or_metal_elements:As,1.0,"As,C,N,O",10.0,
N#CN,141.4179923,1,2118,N#CN,141.4179923,TOXRIC,141.4179923,False,ok,invalid_structure_or_removed_by_structure_rule,False,N#CN,too_few_heavy_atoms,1.0,"C,N",3.0,
COC(CNC(=O)c1ccccc1OCC(=O)O)C[Hg]O,118.2463059,1,2266,COC(CNC(=O)c1ccccc1OCC(=O)O)C[Hg]O,118.2463059,TOXRIC,118.2463059,False,ok,invalid_structure_or_removed_by_structure_rule,False,COC(CNC(=O)c1ccccc1OCC(=O)O)[CH2][Hg][OH],uncommon_or_metal_elements:Hg,1.0,"C,Hg,N,O",21.0,
C[Hg]NC(=N)NC#N,20.00006696,1,2292,C[Hg]NC(=N)NC#N,20.00006696,TOXRIC,20.00006696,False,ok,invalid_structure_or_removed_by_structure_rule,False,[CH3][Hg][NH]C(=N)NC#N,uncommon_or_metal_elements:Hg,1.0,"C,Hg,N",8.0,
CC[Hg]N(c1ccccc1)S(=O)(=O)c1ccc(C)cc1,128.0099502,1,2334,CC[Hg]N(c1ccccc1)S(=O)(=O)c1ccc(C)cc1,128.0099502,TOXRIC,128.0099502,False,ok,invalid_structure_or_removed_by_structure_rule,False,C[CH2][Hg][N](c1ccccc1)S(=O)(=O)c1ccc(C)cc1,uncommon_or_metal_elements:Hg,1.0,"C,Hg,N,O,S",20.0,
Nc1cc([As](Cl)Cl)ccc1O,40.99870841,1,2397,Nc1cc([As](Cl)Cl)ccc1O,40.99870841,TOXRIC,40.99870841,False,ok,invalid_structure_or_removed_by_structure_rule,False,Nc1cc([As](Cl)Cl)ccc1O,uncommon_or_metal_elements:As,1.0,"As,C,Cl,N,O",11.0,
N#CS,537.7995741,1,2416,N#CS,537.7995741,TOXRIC,537.7995741,False,ok,invalid_structure_or_removed_by_structure_rule,False,N#CS,too_few_heavy_atoms,1.0,"C,N,S",3.0,
CCN,2609.710545,1,2482,CCN,2609.710545,TOXRIC,2609.710545,False,ok,invalid_structure_or_removed_by_structure_rule,False,CCN,too_few_heavy_atoms,1.0,"C,N",3.0,
N#CO,278.6327909,1,2538,N#CO,278.6327909,TOXRIC,278.6327909,False,ok,invalid_structure_or_removed_by_structure_rule,False,N#CO,too_few_heavy_atoms,1.0,"C,N,O",3.0,
CN,2159.930455,1,2565,CN,2159.930455,TOXRIC,2159.930455,False,ok,invalid_structure_or_removed_by_structure_rule,False,CN,too_few_heavy_atoms,1.0,"C,N",2.0,
C[Se]C,1800.165092,1,2566,C[Se]C,1800.165092,TOXRIC,1800.165092,False,ok,invalid_structure_or_removed_by_structure_rule,False,C[Se]C,too_few_heavy_atoms,1.0,"C,Se",3.0,
C[Sn](C)(C)C,17.99989934,1,2567,C[Sn](C)(C)C,17.99989934,TOXRIC,17.99989934,False,ok,invalid_structure_or_removed_by_structure_rule,False,[CH3][Sn]([CH3])([CH3])[CH3],uncommon_or_metal_elements:Sn,1.0,"C,Sn",5.0,
CC[Ge](CC)(CC)CC,3580.227469,1,2574,CC[Ge](CC)(CC)CC,3580.227469,TOXRIC,3580.227469,False,ok,invalid_structure_or_removed_by_structure_rule,False,C[CH2][Ge]([CH2]C)([CH2]C)[CH2]C,uncommon_or_metal_elements:Ge,1.0,"C,Ge",9.0,
CC(=O)Nc1ccc([As](=O)(O)O)cc1,1999.976842,1,2627,CC(=O)Nc1ccc([As](=O)(O)O)cc1,1999.976842,TOXRIC,1999.976842,False,ok,invalid_structure_or_removed_by_structure_rule,False,CC(=O)Nc1ccc([As](=O)(O)O)cc1,uncommon_or_metal_elements:As,1.0,"As,C,N,O",14.0,
CC[Hg]CC,44.99930424,1,2677,CC[Hg]CC,44.99930424,TOXRIC,44.99930424,False,ok,invalid_structure_or_removed_by_structure_rule,False,C[CH2][Hg][CH2]C,uncommon_or_metal_elements:Hg,1.0,"C,Hg",5.0,
O=[As]c1ccccc1,1.929919598,1,2705,O=[As]c1ccccc1,1.929919598,TOXRIC,1.929919598,False,ok,invalid_structure_or_removed_by_structure_rule,False,O=[As]c1ccccc1,uncommon_or_metal_elements:As,1.0,"As,C,O",8.0,
Cl[Sn](c1ccccc1)(c1ccccc1)c1ccccc1,21.50100392,1,2719,Cl[Sn](c1ccccc1)(c1ccccc1)c1ccccc1,21.50100392,TOXRIC,21.50100392,False,ok,invalid_structure_or_removed_by_structure_rule,False,[Cl][Sn]([c]1ccccc1)([c]1ccccc1)[c]1ccccc1,uncommon_or_metal_elements:Sn,1.0,"C,Cl,Sn",20.0,
CC[Sn](Cl)(Cl)CC,18.99992332,1,3031,CC[Sn](Cl)(Cl)CC,18.99992332,TOXRIC,18.99992332,False,ok,invalid_structure_or_removed_by_structure_rule,False,C[CH2][Sn]([Cl])([Cl])[CH2]C,uncommon_or_metal_elements:Sn,1.0,"C,Cl,Sn",7.0,
c1ccc([SnH](c2ccccc2)c2ccccc2)cc1,7.899167326,1,3074,c1ccc([SnH](c2ccccc2)c2ccccc2)cc1,7.899167326,TOXRIC,7.899167326,False,ok,invalid_structure_or_removed_by_structure_rule,False,c1cc[c]([SnH]([c]2ccccc2)[c]2ccccc2)cc1,uncommon_or_metal_elements:Sn,1.0,"C,Sn",19.0,
CC(=O)O[Sn](c1ccccc1)(c1ccccc1)c1ccccc1,8.250067845,1,3080,CC(=O)O[Sn](c1ccccc1)(c1ccccc1)c1ccccc1,8.250067845,TOXRIC,8.250067845,False,ok,invalid_structure_or_removed_by_structure_rule,False,CC(=O)[O][Sn]([c]1ccccc1)([c]1ccccc1)[c]1ccccc1,uncommon_or_metal_elements:Sn,1.0,"C,O,Sn",23.0,
CCC[Ge](CC)(CC)CC,4290.317176,1,3201,CCC[Ge](CC)(CC)CC,4290.317176,TOXRIC,4290.317176,False,ok,invalid_structure_or_removed_by_structure_rule,False,CC[CH2][Ge]([CH2]C)([CH2]C)[CH2]C,uncommon_or_metal_elements:Ge,1.0,"C,Ge",10.0,
CC[Sn](CC)(CC)S[Sn](CC)(CC)CC,7.000615061,1,3202,CC[Sn](CC)(CC)S[Sn](CC)(CC)CC,7.000615061,TOXRIC,7.000615061,False,ok,invalid_structure_or_removed_by_structure_rule,False,C[CH2][Sn]([CH2]C)([CH2]C)[S][Sn]([CH2]C)([CH2]C)[CH2]C,uncommon_or_metal_elements:Sn,1.0,"C,S,Sn",15.0,
CCC[Ge](CCC)(CCC)CCC,5640.322327,1,3203,CCC[Ge](CCC)(CCC)CCC,5640.322327,TOXRIC,5640.322327,False,ok,invalid_structure_or_removed_by_structure_rule,False,CC[CH2][Ge]([CH2]CC)([CH2]CC)[CH2]CC,uncommon_or_metal_elements:Ge,1.0,"C,Ge",13.0,
CCCC[Ge](CC)(CC)CC,5370.445619,1,3204,CCCC[Ge](CC)(CC)CC,5370.445619,TOXRIC,5370.445619,False,ok,invalid_structure_or_removed_by_structure_rule,False,CCC[CH2][Ge]([CH2]C)([CH2]C)[CH2]C,uncommon_or_metal_elements:Ge,1.0,"C,Ge",11.0,
C[Sn](C)(C)Br,2.899999997,1,3299,C[Sn](C)(C)Br,2.899999997,TOXRIC,2.899999997,False,ok,invalid_structure_or_removed_by_structure_rule,False,[CH3][Sn]([CH3])([CH3])[Br],uncommon_or_metal_elements:Sn,1.0,"Br,C,Sn",5.0,
CC[Sn](Cl)(Cl)Cl,78.99005242,1,3300,CC[Sn](Cl)(Cl)Cl,78.99005242,TOXRIC,78.99005242,False,ok,invalid_structure_or_removed_by_structure_rule,False,C[CH2][Sn]([Cl])([Cl])[Cl],uncommon_or_metal_elements:Sn,1.0,"C,Cl,Sn",6.0,
CC[Sn](CC)(CC)O[Sn](CC)(CC)CC,1.000016363,1,3356,CC[Sn](CC)(CC)O[Sn](CC)(CC)CC,1.000016363,TOXRIC,1.000016363,False,ok,invalid_structure_or_removed_by_structure_rule,False,C[CH2][Sn]([CH2]C)([CH2]C)[O][Sn]([CH2]C)([CH2]C)[CH2]C,uncommon_or_metal_elements:Sn,1.0,"C,O,Sn",15.0,
Cl[Sn](Cl)(c1ccccc1)c1ccccc1,17.79849867,1,3403,Cl[Sn](Cl)(c1ccccc1)c1ccccc1,17.79849867,TOXRIC,17.79849867,False,ok,invalid_structure_or_removed_by_structure_rule,False,[Cl][Sn]([Cl])([c]1ccccc1)[c]1ccccc1,uncommon_or_metal_elements:Sn,1.0,"C,Cl,Sn",15.0,
Clc1c(Cl)c(Cl)c(O[Hg]c2ccccc2)c(Cl)c1Cl,99.99521202,1,3410,Clc1c(Cl)c(Cl)c(O[Hg]c2ccccc2)c(Cl)c1Cl,99.99521202,TOXRIC,99.99521202,False,ok,invalid_structure_or_removed_by_structure_rule,False,Clc1c(Cl)c(Cl)c([O][Hg][c]2ccccc2)c(Cl)c1Cl,uncommon_or_metal_elements:Hg,1.0,"C,Cl,Hg,O",19.0,
C=CC[Ge](CC)(CC)CC,114.0062429,1,3680,C=CC[Ge](CC)(CC)CC,114.0062429,TOXRIC,114.0062429,False,ok,invalid_structure_or_removed_by_structure_rule,False,C=C[CH2][Ge]([CH2]C)([CH2]C)[CH2]C,uncommon_or_metal_elements:Ge,1.0,"C,Ge",10.0,
S=C=N[Sn](c1ccccc1)(c1ccccc1)c1ccccc1,35.89876844,1,3786,S=C=N[Sn](c1ccccc1)(c1ccccc1)c1ccccc1,35.89876844,TOXRIC,35.89876844,False,ok,invalid_structure_or_removed_by_structure_rule,False,S=C=[N][Sn]([c]1ccccc1)([c]1ccccc1)[c]1ccccc1,uncommon_or_metal_elements:Sn,1.0,"C,N,S,Sn",22.0,
NC(=O)Nc1ccc([As]=O)cc1,58.99817317,1,4046,NC(=O)Nc1ccc([As]=O)cc1,58.99817317,TOXRIC,58.99817317,False,ok,invalid_structure_or_removed_by_structure_rule,False,NC(=O)Nc1ccc([As]=O)cc1,uncommon_or_metal_elements:As,1.0,"As,C,N,O",12.0,
CC[Pb](CC)(CC)OC(C)=O,14.98175026,1,4098,CC[Pb](CC)(CC)OC(C)=O,14.98175026,TOXRIC,14.98175026,False,ok,invalid_structure_or_removed_by_structure_rule,False,C[CH2][Pb]([CH2]C)([CH2]C)[O]C(C)=O,uncommon_or_metal_elements:Pb,1.0,"C,O,Pb",11.0,
CCCC[Pb](CCCC)(CCCC)OC(C)=O,22.96888424,1,4099,CCCC[Pb](CCCC)(CCCC)OC(C)=O,22.96888424,TOXRIC,22.96888424,False,ok,invalid_structure_or_removed_by_structure_rule,False,CCC[CH2][Pb]([CH2]CCC)([CH2]CCC)[O]C(C)=O,uncommon_or_metal_elements:Pb,1.0,"C,O,Pb",17.0,
CCCC[Pb](CCCC)(OC(C)=O)OC(C)=O,5.992901343,1,4100,CCCC[Pb](CCCC)(OC(C)=O)OC(C)=O,5.992901343,TOXRIC,5.992901343,False,ok,invalid_structure_or_removed_by_structure_rule,False,CCC[CH2][Pb]([CH2]CCC)([O]C(C)=O)[O]C(C)=O,uncommon_or_metal_elements:Pb,1.0,"C,O,Pb",17.0,
C[Hg]SCC(O)CO,47.00014559,1,4103,C[Hg]SCC(O)CO,47.00014559,TOXRIC,47.00014559,False,ok,invalid_structure_or_removed_by_structure_rule,False,[CH3][Hg][S]CC(O)CO,uncommon_or_metal_elements:Hg,1.0,"C,Hg,O,S",8.0,
CC[Hg]OS(=O)(=O)c1ccc(C)cc1,28.00006986,1,4154,CC[Hg]OS(=O)(=O)c1ccc(C)cc1,28.00006986,TOXRIC,28.00006986,False,ok,invalid_structure_or_removed_by_structure_rule,False,C[CH2][Hg][O]S(=O)(=O)c1ccc(C)cc1,uncommon_or_metal_elements:Hg,1.0,"C,Hg,O,S",14.0,
CCCCCCCC[Sn](CCCCCCCC)(CCCCCCCC)O[Sn](CCCCCCCC)(CCCCCCCC)CCCCCCCC,2724.810108,1,4213,CCCCCCCC[Sn](CCCCCCCC)(CCCCCCCC)O[Sn](CCCCCCCC)(CCCCCCCC)CCCCCCCC,2724.810108,TOXRIC,2724.810108,False,ok,invalid_structure_or_removed_by_structure_rule,False,CCCCCCC[CH2][Sn]([CH2]CCCCCCC)([CH2]CCCCCCC)[O][Sn]([CH2]CCCCCCC)([CH2]CCCCCCC)[CH2]CCCCCCC,uncommon_or_metal_elements:Sn,1.0,"C,O,Sn",51.0,
C[Hg]S[Hg]C,31.60020461,1,4340,C[Hg]S[Hg]C,31.60020461,TOXRIC,31.60020461,False,ok,invalid_structure_or_removed_by_structure_rule,False,[CH3][Hg][S][Hg][CH3],uncommon_or_metal_elements:Hg,1.0,"C,Hg,S",5.0,
O=C(O)C1S[Sb](SC(C(=O)O)C(S[Sb]2SC(C(=O)O)C(C(=O)O)S2)C(=O)O)SC1C(=O)O,2499.878848,1,4350,O=C(O)C1S[Sb](SC(C(=O)O)C(S[Sb]2SC(C(=O)O)C(C(=O)O)S2)C(=O)O)SC1C(=O)O,2499.878848,TOXRIC,2499.878848,False,ok,invalid_structure_or_removed_by_structure_rule,False,O=C(O)C1[S][Sb]([S]C(C(=O)O)C([S][Sb]2[S]C(C(=O)O)C(C(=O)O)[S]2)C(=O)O)[S]C1C(=O)O,uncommon_or_metal_elements:Sb,1.0,"C,O,S,Sb",32.0,
O=[As]c1ccc([N+](=O)[O-])cc1,2.039961694,1,4396,O=[As]c1ccc([N+](=O)[O-])cc1,2.039961694,TOXRIC,2.039961694,False,ok,invalid_structure_or_removed_by_structure_rule,False,O=[As]c1ccc([N+](=O)[O-])cc1,uncommon_or_metal_elements:As,1.0,"As,C,N,O",11.0,
O=[As]c1ccc(Cl)cc1,2.359976687,1,4397,O=[As]c1ccc(Cl)cc1,2.359976687,TOXRIC,2.359976687,False,ok,invalid_structure_or_removed_by_structure_rule,False,O=[As]c1ccc(Cl)cc1,uncommon_or_metal_elements:As,1.0,"As,C,Cl,O",9.0,
O=[As]c1ccccc1Cl,3.039969973,1,4398,O=[As]c1ccccc1Cl,3.039969973,TOXRIC,3.039969973,False,ok,invalid_structure_or_removed_by_structure_rule,False,O=[As]c1ccccc1Cl,uncommon_or_metal_elements:As,1.0,"As,C,Cl,O",9.0,
O=[As]c1ccccc1[N+](=O)[O-],6.89987043,1,4444,O=[As]c1ccccc1[N+](=O)[O-],6.89987043,TOXRIC,6.89987043,False,ok,invalid_structure_or_removed_by_structure_rule,False,O=[As]c1ccccc1[N+](=O)[O-],uncommon_or_metal_elements:As,1.0,"As,C,N,O",11.0,
N#C[SeH],25.00330233,1,4471,N#C[SeH],25.00330233,TOXRIC,25.00330233,False,ok,invalid_structure_or_removed_by_structure_rule,False,N#C[SeH],too_few_heavy_atoms,1.0,"C,N,Se",3.0,
CCN(CC)c1ccc([As]=O)cc1,2.809,1,4776,CCN(CC)c1ccc([As]=O)cc1,2.809,TOXRIC,2.809,False,ok,invalid_structure_or_removed_by_structure_rule,False,CCN(CC)c1ccc([As]=O)cc1,uncommon_or_metal_elements:As,1.0,"As,C,N,O",13.0,
O=[As]c1ccc(N(CCCl)CCCl)cc1,5.544819994,1,4777,O=[As]c1ccc(N(CCCl)CCCl)cc1,5.544819994,TOXRIC,5.544819994,False,ok,invalid_structure_or_removed_by_structure_rule,False,O=[As]c1ccc(N(CCCl)CCCl)cc1,uncommon_or_metal_elements:As,1.0,"As,C,Cl,N,O",15.0,
CC[Ge](=O)O,2820.460655,1,4898,CC[Ge](=O)O,2820.460655,TOXRIC,2820.460655,False,ok,invalid_structure_or_removed_by_structure_rule,False,C[CH2][Ge](=[O])[OH],uncommon_or_metal_elements:Ge,1.0,"C,Ge,O",5.0,
CCCC[Sn](CCCC)(CCCC)S[Sn](CCCC)(CCCC)CCCC,144.0035284,1,4997,CCCC[Sn](CCCC)(CCCC)S[Sn](CCCC)(CCCC)CCCC,144.0035284,TOXRIC,144.0035284,False,ok,invalid_structure_or_removed_by_structure_rule,False,CCC[CH2][Sn]([CH2]CCC)([CH2]CCC)[S][Sn]([CH2]CCC)([CH2]CCC)[CH2]CCC,uncommon_or_metal_elements:Sn,1.0,"C,S,Sn",27.0,
CCCC[Ge](Cl)(Cl)Cl,190.0120721,1,5012,CCCC[Ge](Cl)(Cl)Cl,190.0120721,TOXRIC,190.0120721,False,ok,invalid_structure_or_removed_by_structure_rule,False,CCC[CH2][Ge]([Cl])([Cl])[Cl],uncommon_or_metal_elements:Ge,1.0,"C,Cl,Ge",8.0,
O=[As](O)(O)c1ccc(N(CCO)CCO)cc1,1052.9931,1,5132,O=[As](O)(O)c1ccc(N(CCO)CCO)cc1,1052.9931,TOXRIC,1052.9931,False,ok,invalid_structure_or_removed_by_structure_rule,False,O=[As](O)(O)c1ccc(N(CCO)CCO)cc1,uncommon_or_metal_elements:As,1.0,"As,C,N,O",17.0,
O=[As](O)(O)c1ccc(N(CCCl)CCCl)cc1,8.788897221,1,5133,O=[As](O)(O)c1ccc(N(CCCl)CCCl)cc1,8.788897221,TOXRIC,8.788897221,False,ok,invalid_structure_or_removed_by_structure_rule,False,O=[As](O)(O)c1ccc(N(CCCl)CCCl)cc1,uncommon_or_metal_elements:As,1.0,"As,C,Cl,N,O",17.0,
CN(CCCl)c1ccc([As](=O)(O)O)cc1,2.054985998,1,5134,CN(CCCl)c1ccc([As](=O)(O)O)cc1,2.054985998,TOXRIC,2.054985998,False,ok,invalid_structure_or_removed_by_structure_rule,False,CN(CCCl)c1ccc([As](=O)(O)O)cc1,uncommon_or_metal_elements:As,1.0,"As,C,Cl,N,O",15.0,
CCN(CC)c1ccc([As](=O)(O)O)cc1,7.101895997,1,5135,CCN(CC)c1ccc([As](=O)(O)O)cc1,7.101895997,TOXRIC,7.101895997,False,ok,invalid_structure_or_removed_by_structure_rule,False,CCN(CC)c1ccc([As](=O)(O)O)cc1,uncommon_or_metal_elements:As,1.0,"As,C,N,O",15.0,
ClCCN(CCCl)c1ccc([As]2SCCS2)cc1,14.99886788,1,5136,ClCCN(CCCl)c1ccc([As]2SCCS2)cc1,14.99886788,TOXRIC,14.99886788,False,ok,invalid_structure_or_removed_by_structure_rule,False,ClCCN(CCCl)c1ccc([As]2SCCS2)cc1,uncommon_or_metal_elements:As,1.0,"As,C,Cl,N,S",18.0,
CCN(CC)c1ccc([As]2SCCS2)cc1,15.99802119,1,5137,CCN(CC)c1ccc([As]2SCCS2)cc1,15.99802119,TOXRIC,15.99802119,False,ok,invalid_structure_or_removed_by_structure_rule,False,CCN(CC)c1ccc([As]2SCCS2)cc1,uncommon_or_metal_elements:As,1.0,"As,C,N,S",16.0,
O=[As]c1ccc(N(CCO)CCO)cc1,7.592775967,1,5138,O=[As]c1ccc(N(CCO)CCO)cc1,7.592775967,TOXRIC,7.592775967,False,ok,invalid_structure_or_removed_by_structure_rule,False,O=[As]c1ccc(N(CCO)CCO)cc1,uncommon_or_metal_elements:As,1.0,"As,C,N,O",15.0,
Nc1cc([As]=O)ccc1C(=O)O,16.99992511,1,5243,Nc1cc([As]=O)ccc1C(=O)O,16.99992511,TOXRIC,16.99992511,False,ok,invalid_structure_or_removed_by_structure_rule,False,Nc1cc([As]=O)ccc1C(=O)O,uncommon_or_metal_elements:As,1.0,"As,C,N,O",12.0,
O=[As]c1ccc(C(=O)NCCO)cc1,64.29873971,1,5256,O=[As]c1ccc(C(=O)NCCO)cc1,64.29873971,TOXRIC,64.29873971,False,ok,invalid_structure_or_removed_by_structure_rule,False,O=[As]c1ccc(C(=O)NCCO)cc1,uncommon_or_metal_elements:As,1.0,"As,C,N,O",14.0,
O=C(O)CNC(=O)c1ccc([As](O)O)cc1,20.99978056,1,5257,O=C(O)CNC(=O)c1ccc([As](O)O)cc1,20.99978056,TOXRIC,20.99978056,False,ok,invalid_structure_or_removed_by_structure_rule,False,O=C(O)CNC(=O)c1ccc([As](O)O)cc1,uncommon_or_metal_elements:As,1.0,"As,C,N,O",16.0,
NC(=O)CCCc1ccc([As]=O)cc1,21.59974401,1,5258,NC(=O)CCCc1ccc([As]=O)cc1,21.59974401,TOXRIC,21.59974401,False,ok,invalid_structure_or_removed_by_structure_rule,False,NC(=O)CCCc1ccc([As]=O)cc1,uncommon_or_metal_elements:As,1.0,"As,C,N,O",14.0,
O=[As]c1ccc(C(=O)NCc2ccccc2)cc1,4.299900063,1,5259,O=[As]c1ccc(C(=O)NCc2ccccc2)cc1,4.299900063,TOXRIC,4.299900063,False,ok,invalid_structure_or_removed_by_structure_rule,False,O=[As]c1ccc(C(=O)NCc2ccccc2)cc1,uncommon_or_metal_elements:As,1.0,"As,C,N,O",18.0,
O=C(CCl)Nc1ccc([As](=O)(O)O)cc1,223.9938949,1,5261,O=C(CCl)Nc1ccc([As](=O)(O)O)cc1,223.9938949,TOXRIC,223.9938949,False,ok,invalid_structure_or_removed_by_structure_rule,False,O=C(CCl)Nc1ccc([As](=O)(O)O)cc1,uncommon_or_metal_elements:As,1.0,"As,C,Cl,N,O",15.0,
O=C(Nc1ccccc1)c1ccc([As](=O)(O)O)cc1,71.39911065,1,5262,O=C(Nc1ccccc1)c1ccc([As](=O)(O)O)cc1,71.39911065,TOXRIC,71.39911065,False,ok,invalid_structure_or_removed_by_structure_rule,False,O=C(Nc1ccccc1)c1ccc([As](=O)(O)O)cc1,uncommon_or_metal_elements:As,1.0,"As,C,N,O",19.0,
CC(=O)O[Pb](C)(C)C,33.96188844,1,5403,CC(=O)O[Pb](C)(C)C,33.96188844,TOXRIC,33.96188844,False,ok,invalid_structure_or_removed_by_structure_rule,False,CC(=O)[O][Pb]([CH3])([CH3])[CH3],uncommon_or_metal_elements:Pb,1.0,"C,O,Pb",8.0,
CC(=O)O[U](=O)(=O)OC(C)=O,24.12460225,1,5626,CC(=O)O[U](=O)(=O)OC(C)=O,24.12460225,TOXRIC,24.12460225,False,ok,invalid_structure_or_removed_by_structure_rule,False,CC(=O)[O][U](=[O])(=[O])[O]C(C)=O,uncommon_or_metal_elements:U,1.0,"C,O,U",11.0,
O=[As]c1cccc([N+](=O)[O-])c1,3.049942729,1,5720,O=[As]c1cccc([N+](=O)[O-])c1,3.049942729,TOXRIC,3.049942729,False,ok,invalid_structure_or_removed_by_structure_rule,False,O=[As]c1cccc([N+](=O)[O-])c1,uncommon_or_metal_elements:As,1.0,"As,C,N,O",11.0,
C1CN2CCO[GeH](O1)OCC2,320.0232955,1,6130,C1CN2CCO[GeH](O1)OCC2,320.0232955,TOXRIC,320.0232955,False,ok,invalid_structure_or_removed_by_structure_rule,False,C1CN2CC[O][GeH]([O]1)[O]CC2,uncommon_or_metal_elements:Ge,1.0,"C,Ge,N,O",11.0,
CCC[Sn](CCC)(CCC)S[Sn](CCC)(CCC)CCC,96.9957748,1,6167,CCC[Sn](CCC)(CCC)S[Sn](CCC)(CCC)CCC,96.9957748,TOXRIC,96.9957748,False,ok,invalid_structure_or_removed_by_structure_rule,False,CC[CH2][Sn]([CH2]CC)([CH2]CC)[S][Sn]([CH2]CC)([CH2]CC)[CH2]CC,uncommon_or_metal_elements:Sn,1.0,"C,S,Sn",21.0,
C,1399.999999,1,6267,C,1399.999999,TOXRIC,1399.999999,False,ok,invalid_structure_or_removed_by_structure_rule,False,C,too_few_heavy_atoms,1.0,C,1.0,
C=C,84.9878805,1,6516,C=C,84.9878805,TOXRIC,84.9878805,False,ok,invalid_structure_or_removed_by_structure_rule,False,C=C,too_few_heavy_atoms,1.0,C,2.0,
CC1=[O+][Rh]234([O+]=C(C)C1)C1=C2CCC3=C4CC1,34.22303247,1,6519,CC1=[O+][Rh]234([O+]=C(C)C1)C1=C2CCC3=C4CC1,34.22303247,TOXRIC,34.22303247,False,ok,invalid_structure_or_removed_by_structure_rule,False,CC1=[O+][Rh]234([O+]=C(C)C1)[C]1=[C]2CC[C]3=[C]4CC1,uncommon_or_metal_elements:Rh,1.0,"C,O,Rh",16.0,
O=C(O)CC[Ge](=O)O[Ge](=O)CCC(=O)O,1250.151021,1,6533,O=C(O)CC[Ge](=O)O[Ge](=O)CCC(=O)O,1250.151021,TOXRIC,1250.151021,False,ok,invalid_structure_or_removed_by_structure_rule,False,O=C(O)C[CH2][Ge](=[O])[O][Ge](=[O])[CH2]CC(=O)O,uncommon_or_metal_elements:Ge,1.0,"C,Ge,O",15.0,
CCC[Pb](CCC)(CCC)OC(C)=O,23.96899201,1,6662,CCC[Pb](CCC)(CCC)OC(C)=O,23.96899201,TOXRIC,23.96899201,False,ok,invalid_structure_or_removed_by_structure_rule,False,CC[CH2][Pb]([CH2]CC)([CH2]CC)[O]C(C)=O,uncommon_or_metal_elements:Pb,1.0,"C,O,Pb",14.0,
CC[Hg]S[Hg]CC,36.59992552,1,6665,CC[Hg]S[Hg]CC,36.59992552,TOXRIC,36.59992552,False,ok,invalid_structure_or_removed_by_structure_rule,False,C[CH2][Hg][S][Hg][CH2]C,uncommon_or_metal_elements:Hg,1.0,"C,Hg,S",7.0,
CCCCCCCC[Sn](CCCCCCCC)(CCCCCCCC)S[Sn](CCCCCCCC)(CCCCCCCC)CCCCCCCC,3068.893265,1,6740,CCCCCCCC[Sn](CCCCCCCC)(CCCCCCCC)S[Sn](CCCCCCCC)(CCCCCCCC)CCCCCCCC,3068.893265,TOXRIC,3068.893265,False,ok,invalid_structure_or_removed_by_structure_rule,False,CCCCCCC[CH2][Sn]([CH2]CCCCCCC)([CH2]CCCCCCC)[S][Sn]([CH2]CCCCCCC)([CH2]CCCCCCC)[CH2]CCCCCCC,uncommon_or_metal_elements:Sn,1.0,"C,S,Sn",51.0,
O=S(=O)(O[Hg]c1ccccc1)c1cc2ccccc2cc1Cc1cc2ccccc2cc1S(=O)(=O)O[Hg]c1ccccc1,25.00094208,1,6976,O=S(=O)(O[Hg]c1ccccc1)c1cc2ccccc2cc1Cc1cc2ccccc2cc1S(=O)(=O)O[Hg]c1ccccc1,25.00094208,TOXRIC,25.00094208,False,ok,invalid_structure_or_removed_by_structure_rule,False,O=S(=O)([O][Hg][c]1ccccc1)c1cc2ccccc2cc1Cc1cc2ccccc2cc1S(=O)(=O)[O][Hg][c]1ccccc1,uncommon_or_metal_elements:Hg,1.0,"C,Hg,O,S",43.0,
CCN(CC)C(=S)S[Cd]SC(=S)N(CC)CC,650.0572182,1,6977,CCN(CC)C(=S)S[Cd]SC(=S)N(CC)CC,650.0572182,TOXRIC,650.0572182,False,ok,invalid_structure_or_removed_by_structure_rule,False,CCN(CC)C(=S)[S][Cd][S]C(=S)N(CC)CC,uncommon_or_metal_elements:Cd,1.0,"C,Cd,N,S",17.0,
CCN(C(=S)S[Zn]SC(=S)N(CC)c1ccccc1)c1ccccc1,532.96509,1,7097,CCN(C(=S)S[Zn]SC(=S)N(CC)c1ccccc1)c1ccccc1,532.96509,TOXRIC,532.96509,False,ok,invalid_structure_or_removed_by_structure_rule,False,CCN(C(=S)[S][Zn][S]C(=S)N(CC)c1ccccc1)c1ccccc1,uncommon_or_metal_elements:Zn,1.0,"C,N,S,Zn",25.0,
N#C[Fe](C#N)(C#N)(C#N)(C#N)N=O,11.64001425,1,7124,N#C[Fe](C#N)(C#N)(C#N)(C#N)N=O,11.64001425,TOXRIC,11.64001425,False,ok,invalid_structure_or_removed_by_structure_rule,False,N#[C][Fe]([C]#N)([C]#N)([C]#N)([C]#N)[N]=O,uncommon_or_metal_elements:Fe,1.0,"C,Fe,N,O",13.0,
O=C(O)CN1CCN(CC(=O)O)CC(=O)O[Co]OC(=O)C1,1959.264179,1,7215,O=C(O)CN1CCN(CC(=O)O)CC(=O)O[Co]OC(=O)C1,1959.264179,TOXRIC,1959.264179,False,ok,invalid_structure_or_removed_by_structure_rule,False,O=C(O)CN1CCN(CC(=O)O)CC(=O)[O][Co][O]C(=O)C1,uncommon_or_metal_elements:Co,1.0,"C,Co,N,O",21.0,
O=S(=O)(O)c1cc(O[Sb]2Oc3cc(S(=O)(=O)O)cc(S(=O)(=O)O)c3O2)c(O)c(S(=O)(=O)O)c1,259.9936893,1,7274,O=S(=O)(O)c1cc(O[Sb]2Oc3cc(S(=O)(=O)O)cc(S(=O)(=O)O)c3O2)c(O)c(S(=O)(=O)O)c1,259.9936893,TOXRIC,259.9936893,False,ok,invalid_structure_or_removed_by_structure_rule,False,O=S(=O)(O)c1cc([O][Sb]2[O]c3cc(S(=O)(=O)O)cc(S(=O)(=O)O)c3[O]2)c(O)c(S(=O)(=O)O)c1,uncommon_or_metal_elements:Sb,1.0,"C,O,S,Sb",33.0,
O=C(O)C1O[Sb](=O)(O[Sb]2(=O)OC(C(=O)O)C(O)C(C(O)CO)O2)OC(C(O)CO)C1O,33.00024273,1,7443,O=C(O)C1O[Sb](=O)(O[Sb]2(=O)OC(C(=O)O)C(O)C(C(O)CO)O2)OC(C(O)CO)C1O,33.00024273,TOXRIC,33.00024273,False,ok,invalid_structure_or_removed_by_structure_rule,False,O=C(O)C1[O][Sb](=[O])([O][Sb]2(=[O])[O]C(C(=O)O)C(O)C(C(O)CO)[O]2)[O]C(C(O)CO)C1O,uncommon_or_metal_elements:Sb,1.0,"C,O,Sb",31.0,
COCC[Hg]O[Si](=O)O[Hg]CCOC,50.000084,1,8364,COCC[Hg]O[Si](=O)O[Hg]CCOC,50.000084,TOXRIC,50.000084,False,ok,invalid_structure_or_removed_by_structure_rule,False,COC[CH2][Hg][O][Si](=O)[O][Hg][CH2]COC,uncommon_or_metal_elements:Hg,1.0,"C,Hg,O,Si",14.0,
c1ccc([Hg]S[Hg]c2ccccc2)cc1,28.00004768,1,8619,c1ccc([Hg]S[Hg]c2ccccc2)cc1,28.00004768,TOXRIC,28.00004768,False,ok,invalid_structure_or_removed_by_structure_rule,False,c1cc[c]([Hg][S][Hg][c]2ccccc2)cc1,uncommon_or_metal_elements:Hg,1.0,"C,Hg,S",15.0,
CC(C)[Ge](I)(I)I,220.0084203,1,9091,CC(C)[Ge](I)(I)I,220.0084203,TOXRIC,220.0084203,False,ok,invalid_structure_or_removed_by_structure_rule,False,C[CH](C)[Ge]([I])([I])[I],uncommon_or_metal_elements:Ge,1.0,"C,Ge,I",7.0,
COCC[Hg+],50.00038513,1,9447,COCC[Hg+],50.00038513,TOXRIC,50.00038513,False,ok,invalid_structure_or_removed_by_structure_rule,False,COC[CH2][Hg+],uncommon_or_metal_elements:Hg,1.0,"C,Hg,O",5.0,
N#CC(C#N)=CC([Na])(C#N)C#N,65.99879344,1,9453,N#CC(C#N)=CC([Na])(C#N)C#N,65.99879344,TOXRIC,65.99879344,False,ok,invalid_structure_or_removed_by_structure_rule,False,N#CC(C#N)=C[C]([Na])(C#N)C#N,uncommon_or_metal_elements:Na,1.0,"C,N,Na",12.0,
CC(C)(Oc1ccc(Cl)cc1)C(=O)O[Al](O)OC(=O)C(C)(C)Oc1ccc(Cl)cc1,3307.219444,1,10141,CC(C)(Oc1ccc(Cl)cc1)C(=O)O[Al](O)OC(=O)C(C)(C)Oc1ccc(Cl)cc1,3307.219444,TOXRIC,3307.219444,False,ok,invalid_structure_or_removed_by_structure_rule,False,CC(C)(Oc1ccc(Cl)cc1)C(=O)[O][Al]([OH])[O]C(=O)C(C)(C)Oc1ccc(Cl)cc1,uncommon_or_metal_elements:Al,1.0,"Al,C,Cl,O",30.0,
CC(C)[Hg]O,16.06162201,1,11725,CC(C)[Hg]O,16.06162201,TOXRIC,16.06162201,False,ok,invalid_structure_or_removed_by_structure_rule,False,C[CH](C)[Hg][OH],uncommon_or_metal_elements:Hg,1.0,"C,Hg,O",5.0,
O=C(O)C1O[Sb]2OC(=O)C(O2)C(C(=O)O)O[Sb]2OC(=O)C1O2,60.00066961,1,12018,O=C(O)C1O[Sb]2OC(=O)C(O2)C(C(=O)O)O[Sb]2OC(=O)C1O2,60.00066961,TOXRIC,60.00066961,False,ok,invalid_structure_or_removed_by_structure_rule,False,O=C(O)C1[O][Sb]2[O]C(=O)C([O]2)C(C(=O)O)[O][Sb]2[O]C(=O)C1[O]2,uncommon_or_metal_elements:Sb,1.0,"C,O,Sb",22.0,
O=S(=O)(OCC1OC(OC2(COS(=O)(=O)O[Al](O)O)OC(COS(=O)(=O)O[Al](O)O)C(OS(=O)(=O)O[Al](O)O)C2OS(=O)(=O)O[Al](O)O)C(OS(=O)(=O)O[Al](O)O)C(OS(=O)(=O)O[Al](O)O)C1OS(=O)(=O)O[Al](O)O)O[Al](O)O,8088.531384,1,14947,O=S(=O)(OCC1OC(OC2(COS(=O)(=O)O[Al](O)O)OC(COS(=O)(=O)O[Al](O)O)C(OS(=O)(=O)O[Al](O)O)C2OS(=O)(=O)O[Al](O)O)C(OS(=O)(=O)O[Al](O)O)C(OS(=O)(=O)O[Al](O)O)C1OS(=O)(=O)O[Al](O)O)O[Al](O)O,8088.531384,TOXRIC,8088.531384,False,ok,invalid_structure_or_removed_by_structure_rule,False,O=S(=O)(OCC1OC(OC2(COS(=O)(=O)[O][Al]([OH])[OH])OC(COS(=O)(=O)[O][Al]([OH])[OH])C(OS(=O)(=O)[O][Al]([OH])[OH])C2OS(=O)(=O)[O][Al]([OH])[OH])C(OS(=O)(=O)[O][Al]([OH])[OH])C(OS(=O)(=O)[O][Al]([OH])[OH])C1OS(=O)(=O)[O][Al]([OH])[OH])[O][Al]([OH])[OH],uncommon_or_metal_elements:Al,1.0,"Al,C,O,S",79.0,
CCCC12CO[Sb](OC1)OC2,250.0018728,1,16449,CCCC12CO[Sb](OC1)OC2,250.0018728,TOXRIC,250.0018728,False,ok,invalid_structure_or_removed_by_structure_rule,False,CCCC12C[O][Sb]([O]C1)[O]C2,uncommon_or_metal_elements:Sb,1.0,"C,O,Sb",11.0,
CC[Hg]NC(=N)NC#N,19.00024302,1,17499,CC[Hg]NC(=N)NC#N,19.00024302,TOXRIC,19.00024302,False,ok,invalid_structure_or_removed_by_structure_rule,False,C[CH2][Hg][NH]C(=N)NC#N,uncommon_or_metal_elements:Hg,1.0,"C,Hg,N",9.0,
C[Hg]OS(=O)(=O)c1ccc(C)cc1,19.99989661,1,17500,C[Hg]OS(=O)(=O)c1ccc(C)cc1,19.99989661,TOXRIC,19.99989661,False,ok,invalid_structure_or_removed_by_structure_rule,False,[CH3][Hg][O]S(=O)(=O)c1ccc(C)cc1,uncommon_or_metal_elements:Hg,1.0,"C,Hg,O,S",13.0,
c1ccc([Hg]CCCCCCCCCCCCSCCCCCCCCCCCC[Hg]c2ccccc2)cc1,499.9962122,1,17501,c1ccc([Hg]CCCCCCCCCCCCSCCCCCCCCCCCC[Hg]c2ccccc2)cc1,499.9962122,TOXRIC,499.9962122,False,ok,invalid_structure_or_removed_by_structure_rule,False,c1cc[c]([Hg][CH2]CCCCCCCCCCCSCCCCCCCCCCC[CH2][Hg][c]2ccccc2)cc1,uncommon_or_metal_elements:Hg,1.0,"C,Hg,S",39.0,
C[As](O)O,10.00000001,1,17503,C[As](O)O,10.00000001,TOXRIC,10.00000001,False,ok,invalid_structure_or_removed_by_structure_rule,False,C[As](O)O,uncommon_or_metal_elements:As,1.0,"As,C,O",4.0,
CCCCS[Sn](CCC)(CCC)CCC,27.00312314,1,19249,CCCCS[Sn](CCC)(CCC)CCC,27.00312314,TOXRIC,27.00312314,False,ok,invalid_structure_or_removed_by_structure_rule,False,CCCC[S][Sn]([CH2]CC)([CH2]CC)[CH2]CC,uncommon_or_metal_elements:Sn,1.0,"C,S,Sn",15.0,
Cl[Hg]C1C=CC([Hg]Cl)O1,19.99996297,1,19264,Cl[Hg]C1C=CC([Hg]Cl)O1,19.99996297,TOXRIC,19.99996297,False,ok,invalid_structure_or_removed_by_structure_rule,False,[Cl][Hg][CH]1C=C[CH]([Hg][Cl])O1,uncommon_or_metal_elements:Hg,1.0,"C,Cl,Hg,O",9.0,
CCCCCCCC[Sn](CCCCCCCC)(CCCCCCCC)SCC,2944.931978,1,20034,CCCCCCCC[Sn](CCCCCCCC)(CCCCCCCC)SCC,2944.931978,TOXRIC,2944.931978,False,ok,invalid_structure_or_removed_by_structure_rule,False,CCCCCCC[CH2][Sn]([CH2]CCCCCCC)([CH2]CCCCCCC)[S]CC,uncommon_or_metal_elements:Sn,1.0,"C,S,Sn",28.0,
CCCCCCCC[Sn](CCCCCCCC)(CCCCCCCC)SCCCC,389.0241545,1,20035,CCCCCCCC[Sn](CCCCCCCC)(CCCCCCCC)SCCCC,389.0241545,TOXRIC,389.0241545,False,ok,invalid_structure_or_removed_by_structure_rule,False,CCCCCCC[CH2][Sn]([CH2]CCCCCCC)([CH2]CCCCCCC)[S]CCCC,uncommon_or_metal_elements:Sn,1.0,"C,S,Sn",30.0,
O[Ge]12OCCN(CCO1)CCO2,8436.587882,1,20412,O[Ge]12OCCN(CCO1)CCO2,8436.587882,TOXRIC,8436.587882,False,ok,invalid_structure_or_removed_by_structure_rule,False,[OH][Ge]12[O]CCN(CC[O]1)CC[O]2,uncommon_or_metal_elements:Ge,1.0,"C,Ge,N,O",12.0,
CCOC(=O)CC[Ge]12OCCN(CCO1)CCO2,2400.142544,1,20414,CCOC(=O)CC[Ge]12OCCN(CCO1)CCO2,2400.142544,TOXRIC,2400.142544,False,ok,invalid_structure_or_removed_by_structure_rule,False,CCOC(=O)C[CH2][Ge]12[O]CCN(CC[O]1)CC[O]2,uncommon_or_metal_elements:Ge,1.0,"C,Ge,N,O",18.0,
c1csc([Ge]23OCCN(CCO2)CCO3)c1,16.5010384,1,20644,c1csc([Ge]23OCCN(CCO2)CCO3)c1,16.5010384,TOXRIC,16.5010384,False,ok,invalid_structure_or_removed_by_structure_rule,False,c1cs[c]([Ge]23[O]CCN(CC[O]2)CC[O]3)c1,uncommon_or_metal_elements:Ge,1.0,"C,Ge,N,O,S",16.0,
Nc1ccc([As]=O)cc1,4.209467038,1,21099,Nc1ccc([As]=O)cc1,4.209467038,TOXRIC,4.209467038,False,ok,invalid_structure_or_removed_by_structure_rule,False,Nc1ccc([As]=O)cc1,uncommon_or_metal_elements:As,1.0,"As,C,N,O",9.0,
O=C(Nc1ccc([As](=O)(O)O)cc1)c1ccc(Cl)cc1,76.99805118,1,21385,O=C(Nc1ccc([As](=O)(O)O)cc1)c1ccc(Cl)cc1,76.99805118,TOXRIC,76.99805118,False,ok,invalid_structure_or_removed_by_structure_rule,False,O=C(Nc1ccc([As](=O)(O)O)cc1)c1ccc(Cl)cc1,uncommon_or_metal_elements:As,1.0,"As,C,Cl,N,O",20.0,
O=C(Nc1ccc([As](=O)(O)O)cc1)C(Cl)Cl,285.9973839,1,21386,O=C(Nc1ccc([As](=O)(O)O)cc1)C(Cl)Cl,285.9973839,TOXRIC,285.9973839,False,ok,invalid_structure_or_removed_by_structure_rule,False,O=C(Nc1ccc([As](=O)(O)O)cc1)C(Cl)Cl,uncommon_or_metal_elements:As,1.0,"As,C,Cl,N,O",16.0,
O=C(CCCl)Nc1ccc([As](=O)(O)O)cc1,222.996375,1,21387,O=C(CCCl)Nc1ccc([As](=O)(O)O)cc1,222.996375,TOXRIC,222.996375,False,ok,invalid_structure_or_removed_by_structure_rule,False,O=C(CCCl)Nc1ccc([As](=O)(O)O)cc1,uncommon_or_metal_elements:As,1.0,"As,C,Cl,N,O",16.0,
O=C(CCCCl)Nc1ccc([As](=O)(O)O)cc1,210.9986879,1,21388,O=C(CCCCl)Nc1ccc([As](=O)(O)O)cc1,210.9986879,TOXRIC,210.9986879,False,ok,invalid_structure_or_removed_by_structure_rule,False,O=C(CCCCl)Nc1ccc([As](=O)(O)O)cc1,uncommon_or_metal_elements:As,1.0,"As,C,Cl,N,O",17.0,
O=C(Nc1ccc([As](=O)(O)O)cc1)c1ccc(Cl)cc1Cl,46.29952519,1,21389,O=C(Nc1ccc([As](=O)(O)O)cc1)c1ccc(Cl)cc1Cl,46.29952519,TOXRIC,46.29952519,False,ok,invalid_structure_or_removed_by_structure_rule,False,O=C(Nc1ccc([As](=O)(O)O)cc1)c1ccc(Cl)cc1Cl,uncommon_or_metal_elements:As,1.0,"As,C,Cl,N,O",21.0,
O=C(Cc1ccc(Cl)cc1)Nc1ccc([As](=O)(O)O)cc1,1.829970296,1,21390,O=C(Cc1ccc(Cl)cc1)Nc1ccc([As](=O)(O)O)cc1,1.829970296,TOXRIC,1.829970296,False,ok,invalid_structure_or_removed_by_structure_rule,False,O=C(Cc1ccc(Cl)cc1)Nc1ccc([As](=O)(O)O)cc1,uncommon_or_metal_elements:As,1.0,"As,C,Cl,N,O",21.0,
O=S1(=O)O[Pt]2(NCC3(CCCCC3)CN2)O1,13.06084553,1,21557,O=S1(=O)O[Pt]2(NCC3(CCCCC3)CN2)O1,13.06084553,TOXRIC,13.06084553,False,ok,invalid_structure_or_removed_by_structure_rule,False,O=S1(=O)[O][Pt]2([NH]CC3(CCCCC3)C[NH]2)[O]1,uncommon_or_metal_elements:Pt,1.0,"C,N,O,Pt,S",16.0,
C=C[Ge]12OCCN(CCO1)CCO2,5600.41005,1,21999,C=C[Ge]12OCCN(CCO1)CCO2,5600.41005,TOXRIC,5600.41005,False,ok,invalid_structure_or_removed_by_structure_rule,False,C=[CH][Ge]12[O]CCN(CC[O]1)CC[O]2,uncommon_or_metal_elements:Ge,1.0,"C,Ge,N,O",13.0,
O=C(O)C=Cc1cc(C(=O)O[Sb]2OC(=O)c3c(c(C=CC(=O)O)c4ccccc4c3O)O2)cc2ccccc12,1750.016532,1,22416,O=C(O)C=Cc1cc(C(=O)O[Sb]2OC(=O)c3c(c(C=CC(=O)O)c4ccccc4c3O)O2)cc2ccccc12,1750.016532,TOXRIC,1750.016532,False,ok,invalid_structure_or_removed_by_structure_rule,False,O=C(O)C=Cc1cc(C(=O)[O][Sb]2[O]C(=O)c3c(c(C=CC(=O)O)c4ccccc4c3O)[O]2)cc2ccccc12,uncommon_or_metal_elements:Sb,1.0,"C,O,Sb",39.0,
O=C(O)c1cc2ccccc2c(C(=O)O)c1O[Sb]1OC(=O)c2cc3ccccc3c(C(=O)O)c2O1,349.9891963,1,22417,O=C(O)c1cc2ccccc2c(C(=O)O)c1O[Sb]1OC(=O)c2cc3ccccc3c(C(=O)O)c2O1,349.9891963,TOXRIC,349.9891963,False,ok,invalid_structure_or_removed_by_structure_rule,False,O=C(O)c1cc2ccccc2c(C(=O)O)c1[O][Sb]1[O]C(=O)c2cc3ccccc3c(C(=O)O)c2[O]1,uncommon_or_metal_elements:Sb,1.0,"C,O,Sb",35.0,
OCc1cnc2nc1O[Sb](O)Oc1nc(ncc1CO)O[Sb](O)O2,662.3785703,1,22430,OCc1cnc2nc1O[Sb](O)Oc1nc(ncc1CO)O[Sb](O)O2,662.3785703,TOXRIC,662.3785703,False,ok,invalid_structure_or_removed_by_structure_rule,False,OCc1cnc2nc1[O][Sb]([OH])[O]c1nc(ncc1CO)[O][Sb]([OH])[O]2,uncommon_or_metal_elements:Sb,1.0,"C,N,O,Sb",24.0,
O=Cc1cc(S(=O)(=O)O)c2cccnc2c1O[Sb](O)Oc1c(C=O)cc(S(=O)(=O)O)c2cccnc12,75.11415197,1,22431,O=Cc1cc(S(=O)(=O)O)c2cccnc2c1O[Sb](O)Oc1c(C=O)cc(S(=O)(=O)O)c2cccnc12,75.11415197,TOXRIC,75.11415197,False,ok,invalid_structure_or_removed_by_structure_rule,False,O=Cc1cc(S(=O)(=O)O)c2cccnc2c1[O][Sb]([OH])[O]c1c(C=O)cc(S(=O)(=O)O)c2cccnc12,uncommon_or_metal_elements:Sb,1.0,"C,N,O,S,Sb",36.0,
O[Sb]1Oc2ccnc(n2)O[Sb](O)Oc2nccc(n2)O1,301.2128326,1,22432,O[Sb]1Oc2ccnc(n2)O[Sb](O)Oc2nccc(n2)O1,301.2128326,TOXRIC,301.2128326,False,ok,invalid_structure_or_removed_by_structure_rule,False,[OH][Sb]1[O]c2ccnc(n2)[O][Sb]([OH])[O]c2nccc(n2)[O]1,uncommon_or_metal_elements:Sb,1.0,"C,N,O,Sb",20.0,
CCC[Hg]S[Hg]CCC,33.30032054,1,23336,CCC[Hg]S[Hg]CCC,33.30032054,TOXRIC,33.30032054,False,ok,invalid_structure_or_removed_by_structure_rule,False,CC[CH2][Hg][S][Hg][CH2]CC,uncommon_or_metal_elements:Hg,1.0,"C,Hg,S",9.0,
CCCC[Hg]S[Hg]CCCC,28.30005168,1,23337,CCCC[Hg]S[Hg]CCCC,28.30005168,TOXRIC,28.30005168,False,ok,invalid_structure_or_removed_by_structure_rule,False,CCC[CH2][Hg][S][Hg][CH2]CCC,uncommon_or_metal_elements:Hg,1.0,"C,Hg,S",11.0,
CC(C)(CO)C(O)C(=O)NCCC(=O)O[Cu]OC(=O)CCCN,25.1310278,1,24486,CC(C)(CO)C(O)C(=O)NCCC(=O)O[Cu]OC(=O)CCCN,25.1310278,TOXRIC,25.1310278,False,ok,invalid_structure_or_removed_by_structure_rule,False,CC(C)(CO)C(O)C(=O)NCCC(=O)[O][Cu][O]C(=O)CCCN,uncommon_or_metal_elements:Cu,1.0,"C,Cu,N,O",23.0,
CC(=O)N1CCS[Ge]1(CCC(C)C)CCC(C)C,1000.093355,1,28677,CC(=O)N1CCS[Ge]1(CCC(C)C)CCC(C)C,1000.093355,TOXRIC,1000.093355,False,ok,invalid_structure_or_removed_by_structure_rule,False,CC(=O)[N]1CC[S][Ge]1([CH2]CC(C)C)[CH2]CC(C)C,uncommon_or_metal_elements:Ge,1.0,"C,Ge,N,O,S",18.0,
CC(=O)N1CCS[Ge]1(C)c1ccccc1,800.0454017,1,28678,CC(=O)N1CCS[Ge]1(C)c1ccccc1,800.0454017,TOXRIC,800.0454017,False,ok,invalid_structure_or_removed_by_structure_rule,False,CC(=O)[N]1CC[S][Ge]1([CH3])[c]1ccccc1,uncommon_or_metal_elements:Ge,1.0,"C,Ge,N,O,S",15.0,
CC(=O)N1CC(C)S[Ge]1(CCC(C)C)CCC(C)C,1000.011557,1,28679,CC(=O)N1CC(C)S[Ge]1(CCC(C)C)CCC(C)C,1000.011557,TOXRIC,1000.011557,False,ok,invalid_structure_or_removed_by_structure_rule,False,CC(=O)[N]1CC(C)[S][Ge]1([CH2]CC(C)C)[CH2]CC(C)C,uncommon_or_metal_elements:Ge,1.0,"C,Ge,N,O,S",19.0,
CC(=O)N1CC(C)S[Ge]1(C)c1ccccc1,900.0577805,1,28680,CC(=O)N1CC(C)S[Ge]1(C)c1ccccc1,900.0577805,TOXRIC,900.0577805,False,ok,invalid_structure_or_removed_by_structure_rule,False,CC(=O)[N]1CC(C)[S][Ge]1([CH3])[c]1ccccc1,uncommon_or_metal_elements:Ge,1.0,"C,Ge,N,O,S",16.0,
CC(C)CC[Ge]1(CCC(C)C)SCCN1C(=O)C(N)CC(C)C,1500.029764,1,28682,CC(C)CC[Ge]1(CCC(C)C)SCCN1C(=O)C(N)CC(C)C,1500.029764,TOXRIC,1500.029764,False,ok,invalid_structure_or_removed_by_structure_rule,False,CC(C)C[CH2][Ge]1([CH2]CC(C)C)[S]CC[N]1C(=O)C(N)CC(C)C,uncommon_or_metal_elements:Ge,1.0,"C,Ge,N,O,S",23.0,
CC(C)CC(N)C(=O)N1CCS[Ge]1(C)c1ccccc1,1500.225184,1,28683,CC(C)CC(N)C(=O)N1CCS[Ge]1(C)c1ccccc1,1500.225184,TOXRIC,1500.225184,False,ok,invalid_structure_or_removed_by_structure_rule,False,CC(C)CC(N)C(=O)[N]1CC[S][Ge]1([CH3])[c]1ccccc1,uncommon_or_metal_elements:Ge,1.0,"C,Ge,N,O,S",20.0,
CC(C)CC[Ge]1(CCC(C)C)SCCN1C(=O)CN,1500.069147,1,28684,CC(C)CC[Ge]1(CCC(C)C)SCCN1C(=O)CN,1500.069147,TOXRIC,1500.069147,False,ok,invalid_structure_or_removed_by_structure_rule,False,CC(C)C[CH2][Ge]1([CH2]CC(C)C)[S]CC[N]1C(=O)CN,uncommon_or_metal_elements:Ge,1.0,"C,Ge,N,O,S",19.0,
C[Ge]1(c2ccccc2)SCCN1C(=O)CN,1500.055565,1,28685,C[Ge]1(c2ccccc2)SCCN1C(=O)CN,1500.055565,TOXRIC,1500.055565,False,ok,invalid_structure_or_removed_by_structure_rule,False,[CH3][Ge]1([c]2ccccc2)[S]CC[N]1C(=O)CN,uncommon_or_metal_elements:Ge,1.0,"C,Ge,N,O,S",16.0,
CC(C)CC[Ge]1(CCC(C)C)SCCN1C(=O)C(N)C(C)C,800.0719482,1,28686,CC(C)CC[Ge]1(CCC(C)C)SCCN1C(=O)C(N)C(C)C,800.0719482,TOXRIC,800.0719482,False,ok,invalid_structure_or_removed_by_structure_rule,False,CC(C)C[CH2][Ge]1([CH2]CC(C)C)[S]CC[N]1C(=O)C(N)C(C)C,uncommon_or_metal_elements:Ge,1.0,"C,Ge,N,O,S",22.0,
CC(C)CC[Ge](CCC(C)C)(SC(C)CNCCCN)SC(C)CNCCCN,299.9823332,1,28689,CC(C)CC[Ge](CCC(C)C)(SC(C)CNCCCN)SC(C)CNCCCN,299.9823332,TOXRIC,299.9823332,False,ok,invalid_structure_or_removed_by_structure_rule,False,CC(C)C[CH2][Ge]([CH2]CC(C)C)([S]C(C)CNCCCN)[S]C(C)CNCCCN,uncommon_or_metal_elements:Ge,1.0,"C,Ge,N,S",29.0,
CC(CNCCCN)S[Ge](C)(SC(C)CNCCCN)c1ccccc1,400.0130642,1,28690,CC(CNCCCN)S[Ge](C)(SC(C)CNCCCN)c1ccccc1,400.0130642,TOXRIC,400.0130642,False,ok,invalid_structure_or_removed_by_structure_rule,False,CC(CNCCCN)[S][Ge]([CH3])([S]C(C)CNCCCN)[c]1ccccc1,uncommon_or_metal_elements:Ge,1.0,"C,Ge,N,S",26.0,
CC(=O)NCC(C)S[Ge](C)(SC(C)CNC(C)=O)c1ccccc1,700.0538257,1,28691,CC(=O)NCC(C)S[Ge](C)(SC(C)CNC(C)=O)c1ccccc1,700.0538257,TOXRIC,700.0538257,False,ok,invalid_structure_or_removed_by_structure_rule,False,CC(=O)NCC(C)[S][Ge]([CH3])([S]C(C)CNC(C)=O)[c]1ccccc1,uncommon_or_metal_elements:Ge,1.0,"C,Ge,N,O,S",24.0,
CC(=O)NCC(C)S[Ge](CCC(C)C)(CCC(C)C)SC(C)CNC(C)=O,999.9749643,1,28692,CC(=O)NCC(C)S[Ge](CCC(C)C)(CCC(C)C)SC(C)CNC(C)=O,999.9749643,TOXRIC,999.9749643,False,ok,invalid_structure_or_removed_by_structure_rule,False,CC(=O)NCC(C)[S][Ge]([CH2]CC(C)C)([CH2]CC(C)C)[S]C(C)CNC(C)=O,uncommon_or_metal_elements:Ge,1.0,"C,Ge,N,O,S",27.0,
CC(C)CC(NCCS[Ge](C)(SCCNC(CC(C)C)C(N)=O)c1ccccc1)C(N)=O,1500.113184,1,28693,CC(C)CC(NCCS[Ge](C)(SCCNC(CC(C)C)C(N)=O)c1ccccc1)C(N)=O,1500.113184,TOXRIC,1500.113184,False,ok,invalid_structure_or_removed_by_structure_rule,False,CC(C)CC(NCC[S][Ge]([CH3])([S]CCNC(CC(C)C)C(N)=O)[c]1ccccc1)C(N)=O,uncommon_or_metal_elements:Ge,1.0,"C,Ge,N,O,S",32.0,
NCCS[Ge]12OCCN(CCO1)CCO2,700.0474708,1,28951,NCCS[Ge]12OCCN(CCO1)CCO2,700.0474708,TOXRIC,700.0474708,False,ok,invalid_structure_or_removed_by_structure_rule,False,NCC[S][Ge]12[O]CCN(CC[O]1)CC[O]2,uncommon_or_metal_elements:Ge,1.0,"C,Ge,N,O,S",15.0,
CC(CN)S[Ge]12OCCN(CCO1)CCO2,1500.063119,1,28953,CC(CN)S[Ge]12OCCN(CCO1)CCO2,1500.063119,TOXRIC,1500.063119,False,ok,invalid_structure_or_removed_by_structure_rule,False,CC(CN)[S][Ge]12[O]CCN(CC[O]1)CC[O]2,uncommon_or_metal_elements:Ge,1.0,"C,Ge,N,O,S",16.0,
NCCCNCCS[Ge]12OCCN(CCO1)CCO2,519.6359074,1,28954,NCCCNCCS[Ge]12OCCN(CCO1)CCO2,519.6359074,TOXRIC,519.6359074,False,ok,invalid_structure_or_removed_by_structure_rule,False,NCCCNCC[S][Ge]12[O]CCN(CC[O]1)CC[O]2,uncommon_or_metal_elements:Ge,1.0,"C,Ge,N,O,S",19.0,
NCCS[Ge](=O)O[Ge](=O)SCCN,499.9927646,1,28955,NCCS[Ge](=O)O[Ge](=O)SCCN,499.9927646,TOXRIC,499.9927646,False,ok,invalid_structure_or_removed_by_structure_rule,False,NCC[S][Ge](=[O])[O][Ge](=[O])[S]CCN,uncommon_or_metal_elements:Ge,1.0,"C,Ge,N,O,S",13.0,
CC(CN)S[Ge](=O)O[Ge](=O)SC(C)CN,700.0768288,1,28956,CC(CN)S[Ge](=O)O[Ge](=O)SC(C)CN,700.0768288,TOXRIC,700.0768288,False,ok,invalid_structure_or_removed_by_structure_rule,False,CC(CN)[S][Ge](=[O])[O][Ge](=[O])[S]C(C)CN,uncommon_or_metal_elements:Ge,1.0,"C,Ge,N,O,S",15.0,
CCCC12COC(c3ccc(C#C[Ge](C)(C)C)cc3)(OC1)OC2,79.99488027,1,29909,CCCC12COC(c3ccc(C#C[Ge](C)(C)C)cc3)(OC1)OC2,79.99488027,TOXRIC,79.99488027,False,ok,invalid_structure_or_removed_by_structure_rule,False,CCCC12COC(c3ccc(C#[C][Ge]([CH3])([CH3])[CH3])cc3)(OC1)OC2,uncommon_or_metal_elements:Ge,1.0,"C,Ge,O",23.0,
C[Hg+],20.00046376,1,30865,C[Hg+],20.00046376,TOXRIC,20.00046376,False,ok,invalid_structure_or_removed_by_structure_rule,False,[CH3][Hg+],uncommon_or_metal_elements:Hg,1.0,"C,Hg",2.0,
CC(=O)C12C3C4C5C1[Fe]45321678C2C1C6C7(C(C)=O)C28,89.99700113,1,30996,CC(=O)C12C3C4C5C1[Fe]45321678C2C1C6C7(C(C)=O)C28,89.99700113,TOXRIC,89.99700113,False,ok,invalid_structure_or_removed_by_structure_rule,False,CC(=O)[C]12[CH]3[CH]4[CH]5[CH]1[Fe]45321678[CH]2[CH]1[CH]6[C]7(C(C)=O)[CH]28,uncommon_or_metal_elements:Fe,1.0,"C,Fe,O",17.0,
NC(=O)NO[Sb](=O)(O)c1ccc(N)cc1,265.996695,1,31003,NC(=O)NO[Sb](=O)(O)c1ccc(N)cc1,265.996695,TOXRIC,265.996695,False,ok,invalid_structure_or_removed_by_structure_rule,False,NC(=O)N[O][Sb](=[O])([OH])[c]1ccc(N)cc1,uncommon_or_metal_elements:Sb,1.0,"C,N,O,Sb",15.0,
O=[As](O)(O)c1ccc(O)cc1,1000.000001,1,31123,O=[As](O)(O)c1ccc(O)cc1,1000.000001,TOXRIC,1000.000001,False,ok,invalid_structure_or_removed_by_structure_rule,False,O=[As](O)(O)c1ccc(O)cc1,uncommon_or_metal_elements:As,1.0,"As,C,O",11.0,
CC[Hg]OP(=O)(O)O[Hg]CC,15.00021609,1,31129,CC[Hg]OP(=O)(O)O[Hg]CC,15.00021609,TOXRIC,15.00021609,False,ok,invalid_structure_or_removed_by_structure_rule,False,C[CH2][Hg][O]P(=O)(O)[O][Hg][CH2]C,uncommon_or_metal_elements:Hg,1.0,"C,Hg,O,P",11.0,
Oc1ccccc1O[Hg]c1ccccc1,50.00000001,1,31283,Oc1ccccc1O[Hg]c1ccccc1,50.00000001,TOXRIC,50.00000001,False,ok,invalid_structure_or_removed_by_structure_rule,False,Oc1ccccc1[O][Hg][c]1ccccc1,uncommon_or_metal_elements:Hg,1.0,"C,Hg,O",15.0,
CC(C)[Ge](C(C)C)(C(C)C)C(C)C,620.0354338,1,31340,CC(C)[Ge](C(C)C)(C(C)C)C(C)C,620.0354338,TOXRIC,620.0354338,False,ok,invalid_structure_or_removed_by_structure_rule,False,C[CH](C)[Ge]([CH](C)C)([CH](C)C)[CH](C)C,uncommon_or_metal_elements:Ge,1.0,"C,Ge",13.0,
CCCCC[Hg]S[Hg]CCCCC,33.29982641,1,32093,CCCCC[Hg]S[Hg]CCCCC,33.29982641,TOXRIC,33.29982641,False,ok,invalid_structure_or_removed_by_structure_rule,False,CCCC[CH2][Hg][S][Hg][CH2]CCCC,uncommon_or_metal_elements:Hg,1.0,"C,Hg,S",13.0,
N[Pt]1(N)OC(=O)C2(CCC2)C(=O)O1,118.6442743,1,32129,N[Pt]1(N)OC(=O)C2(CCC2)C(=O)O1,118.6442743,TOXRIC,118.6442743,False,ok,invalid_structure_or_removed_by_structure_rule,False,[NH2][Pt]1([NH2])[O]C(=O)C2(CCC2)C(=O)[O]1,uncommon_or_metal_elements:Pt,1.0,"C,N,O,Pt",13.0,
O=C(O[Al](O)OC(=O)c1ccc(Oc2ccc(Cl)cc2)cn1)c1ccc(Oc2ccc(Cl)cc2)cn1,300.5658822,1,33880,O=C(O[Al](O)OC(=O)c1ccc(Oc2ccc(Cl)cc2)cn1)c1ccc(Oc2ccc(Cl)cc2)cn1,300.5658822,TOXRIC,300.5658822,False,ok,invalid_structure_or_removed_by_structure_rule,False,O=C([O][Al]([OH])[O]C(=O)c1ccc(Oc2ccc(Cl)cc2)cn1)c1ccc(Oc2ccc(Cl)cc2)cn1,uncommon_or_metal_elements:Al,1.0,"Al,C,Cl,N,O",36.0,
C[Ge](C)(SCCN)SCCN,200.025101,1,34060,C[Ge](C)(SCCN)SCCN,200.025101,TOXRIC,200.025101,False,ok,invalid_structure_or_removed_by_structure_rule,False,[CH3][Ge]([CH3])([S]CCN)[S]CCN,uncommon_or_metal_elements:Ge,1.0,"C,Ge,N,S",11.0,
CC(CN)S[Ge](C)(C)SC(C)CN,399.9689073,1,34063,CC(CN)S[Ge](C)(C)SC(C)CN,399.9689073,TOXRIC,399.9689073,False,ok,invalid_structure_or_removed_by_structure_rule,False,CC(CN)[S][Ge]([CH3])([CH3])[S]C(C)CN,uncommon_or_metal_elements:Ge,1.0,"C,Ge,N,S",13.0,
CCCC[Ge](CCCC)(SCCN)SCCN,599.9469223,1,34064,CCCC[Ge](CCCC)(SCCN)SCCN,599.9469223,TOXRIC,599.9469223,False,ok,invalid_structure_or_removed_by_structure_rule,False,CCC[CH2][Ge]([CH2]CCC)([S]CCN)[S]CCN,uncommon_or_metal_elements:Ge,1.0,"C,Ge,N,S",17.0,
CCCC[Ge](CCCC)(SC(C)CN)SC(C)CN,400.0174302,1,34065,CCCC[Ge](CCCC)(SC(C)CN)SC(C)CN,400.0174302,TOXRIC,400.0174302,False,ok,invalid_structure_or_removed_by_structure_rule,False,CCC[CH2][Ge]([CH2]CCC)([S]C(C)CN)[S]C(C)CN,uncommon_or_metal_elements:Ge,1.0,"C,Ge,N,S",19.0,
CCCCC[Ge](CCCCC)(SC(C)CN)SC(C)CN,800.125494,1,34066,CCCCC[Ge](CCCCC)(SC(C)CN)SC(C)CN,800.125494,TOXRIC,800.125494,False,ok,invalid_structure_or_removed_by_structure_rule,False,CCCC[CH2][Ge]([CH2]CCCC)([S]C(C)CN)[S]C(C)CN,uncommon_or_metal_elements:Ge,1.0,"C,Ge,N,S",21.0,
CCCCC[Ge](CCCCC)(SCCN)SCCN,800.0348592,1,34067,CCCCC[Ge](CCCCC)(SCCN)SCCN,800.0348592,TOXRIC,800.0348592,False,ok,invalid_structure_or_removed_by_structure_rule,False,CCCC[CH2][Ge]([CH2]CCCC)([S]CCN)[S]CCN,uncommon_or_metal_elements:Ge,1.0,"C,Ge,N,S",19.0,
CC(C)CC[Ge](CCC(C)C)(SC(C)CN)SC(C)CN,300.0470604,1,34068,CC(C)CC[Ge](CCC(C)C)(SC(C)CN)SC(C)CN,300.0470604,TOXRIC,300.0470604,False,ok,invalid_structure_or_removed_by_structure_rule,False,CC(C)C[CH2][Ge]([CH2]CC(C)C)([S]C(C)CN)[S]C(C)CN,uncommon_or_metal_elements:Ge,1.0,"C,Ge,N,S",21.0,
Cc1ccc([Ge](C)(SC(C)CN)SC(C)CN)cc1,799.9554474,1,34072,Cc1ccc([Ge](C)(SC(C)CN)SC(C)CN)cc1,799.9554474,TOXRIC,799.9554474,False,ok,invalid_structure_or_removed_by_structure_rule,False,Cc1cc[c]([Ge]([CH3])([S]C(C)CN)[S]C(C)CN)cc1,uncommon_or_metal_elements:Ge,1.0,"C,Ge,N,S",19.0,
NCCS[Ge](Cl)(SCCN)N1CCN=C1Cc1cccc2ccccc12,149.9926538,1,34908,NCCS[Ge](Cl)(SCCN)N1CCN=C1Cc1cccc2ccccc12,149.9926538,TOXRIC,149.9926538,False,ok,invalid_structure_or_removed_by_structure_rule,False,NCC[S][Ge]([Cl])([S]CCN)[N]1CCN=C1Cc1cccc2ccccc12,uncommon_or_metal_elements:Ge,1.0,"C,Cl,Ge,N,S",26.0,
NCCS[Ge](SCCN)(N1CCN=C1Cc1cccc2ccccc12)N1CCN=C1Cc1cccc2ccccc12,99.99347251,1,34909,NCCS[Ge](SCCN)(N1CCN=C1Cc1cccc2ccccc12)N1CCN=C1Cc1cccc2ccccc12,99.99347251,TOXRIC,99.99347251,False,ok,invalid_structure_or_removed_by_structure_rule,False,NCC[S][Ge]([S]CCN)([N]1CCN=C1Cc1cccc2ccccc12)[N]1CCN=C1Cc1cccc2ccccc12,uncommon_or_metal_elements:Ge,1.0,"C,Ge,N,S",41.0,
NCCCNCCS[Ge](SCCNCCCN)(N1CCN=C1Cc1cccc2ccccc12)N1CCN=C1Cc1cccc2ccccc12,99.99551236,1,34910,NCCCNCCS[Ge](SCCNCCCN)(N1CCN=C1Cc1cccc2ccccc12)N1CCN=C1Cc1cccc2ccccc12,99.99551236,TOXRIC,99.99551236,False,ok,invalid_structure_or_removed_by_structure_rule,False,NCCCNCC[S][Ge]([S]CCNCCCN)([N]1CCN=C1Cc1cccc2ccccc12)[N]1CCN=C1Cc1cccc2ccccc12,uncommon_or_metal_elements:Ge,1.0,"C,Ge,N,S",49.0,
CC(C)CC[Ge](CCC(C)C)(N1CCN=C1Cc1cccc2ccccc12)N1CCN=C1Cc1cccc2ccccc12,74.99526396,1,34911,CC(C)CC[Ge](CCC(C)C)(N1CCN=C1Cc1cccc2ccccc12)N1CCN=C1Cc1cccc2ccccc12,74.99526396,TOXRIC,74.99526396,False,ok,invalid_structure_or_removed_by_structure_rule,False,CC(C)C[CH2][Ge]([CH2]CC(C)C)([N]1CCN=C1Cc1cccc2ccccc12)[N]1CCN=C1Cc1cccc2ccccc12,uncommon_or_metal_elements:Ge,1.0,"C,Ge,N",43.0,
CCCCCC[Ge](CCCCCC)(N1CCN=C1Cc1cccc2ccccc12)N1CCN=C1Cc1cccc2ccccc12,75.00068027,1,34912,CCCCCC[Ge](CCCCCC)(N1CCN=C1Cc1cccc2ccccc12)N1CCN=C1Cc1cccc2ccccc12,75.00068027,TOXRIC,75.00068027,False,ok,invalid_structure_or_removed_by_structure_rule,False,CCCCC[CH2][Ge]([CH2]CCCCC)([N]1CCN=C1Cc1cccc2ccccc12)[N]1CCN=C1Cc1cccc2ccccc12,uncommon_or_metal_elements:Ge,1.0,"C,Ge,N",45.0,
C[Ge](C)(N1C=NCC1)N1C=NCC1,500.0332151,1,34913,C[Ge](C)(N1C=NCC1)N1C=NCC1,500.0332151,TOXRIC,500.0332151,False,ok,invalid_structure_or_removed_by_structure_rule,False,[CH3][Ge]([CH3])([N]1C=NCC1)[N]1C=NCC1,uncommon_or_metal_elements:Ge,1.0,"C,Ge,N",13.0,
NCCS[Ge](SCCN)(SCCN)N1CCN=C1Cc1cccc2ccccc12,99.99725658,1,34914,NCCS[Ge](SCCN)(SCCN)N1CCN=C1Cc1cccc2ccccc12,99.99725658,TOXRIC,99.99725658,False,ok,invalid_structure_or_removed_by_structure_rule,False,NCC[S][Ge]([S]CCN)([S]CCN)[N]1CCN=C1Cc1cccc2ccccc12,uncommon_or_metal_elements:Ge,1.0,"C,Ge,N,S",29.0,
NCCCNCCS[Ge](SCCNCCCN)(SCCNCCCN)N1CCN=C1Cc1cccc2ccccc12,49.99985326,1,34915,NCCCNCCS[Ge](SCCNCCCN)(SCCNCCCN)N1CCN=C1Cc1cccc2ccccc12,49.99985326,TOXRIC,49.99985326,False,ok,invalid_structure_or_removed_by_structure_rule,False,NCCCNCC[S][Ge]([S]CCNCCCN)([S]CCNCCCN)[N]1CCN=C1Cc1cccc2ccccc12,uncommon_or_metal_elements:Ge,1.0,"C,Ge,N,S",41.0,
CC=O,500,2,35313,CC=O,500,PubChem,500.0,False,ok,invalid_structure_or_removed_by_structure_rule,False,CC=O,too_few_heavy_atoms,1.0,"C,O",3.0,
C(=O)O,940,2,35329,C(=O)O,940,PubChem,940.0,False,ok,invalid_structure_or_removed_by_structure_rule,False,O=CO,too_few_heavy_atoms,1.0,"C,O",3.0,
C,1400,2,35331,C,1400,PubChem,1400.0,False,ok,invalid_structure_or_removed_by_structure_rule,False,C,too_few_heavy_atoms,1.0,C,1.0,
CNC,736,2,35346,CNC,736,PubChem,736.0,False,ok,invalid_structure_or_removed_by_structure_rule,False,CNC,too_few_heavy_atoms,1.0,"C,N",3.0,
CCO,528,2,35351,CCO,528,PubChem,528.0,False,ok,invalid_structure_or_removed_by_structure_rule,False,CCO,too_few_heavy_atoms,1.0,"C,O",3.0,
C(=O)N,2450,2,35352,C(=O)N,2450,PubChem,2450.0,False,ok,invalid_structure_or_removed_by_structure_rule,False,NC=O,too_few_heavy_atoms,1.0,"C,N,O",3.0,
C#N,2.99,2,35356,C#N,2.99,PubChem,2.99,False,ok,invalid_structure_or_removed_by_structure_rule,False,C#N,too_few_heavy_atoms,1.0,"C,N",2.0,
NO,60,2,35359,NO,60,PubChem,60.0,False,ok,invalid_structure_or_removed_by_structure_rule,False,NO,no_carbon_in_parent,1.0,,2.0,
CO,10765,2,35372,CO,10765,PubChem,10765.0,False,ok,invalid_structure_or_removed_by_structure_rule,False,CO,too_few_heavy_atoms,1.0,"C,O",2.0,
CSC,8000,2,35402,CSC,8000,PubChem,8000.0,False,ok,invalid_structure_or_removed_by_structure_rule,False,CSC,too_few_heavy_atoms,1.0,"C,S",3.0,
C[As](=O)(C)O,500,2,35516,C[As](=O)(C)O,500,PubChem,500.0,False,ok,invalid_structure_or_removed_by_structure_rule,False,C[As](C)(=O)O,uncommon_or_metal_elements:As,1.0,"As,C,O",5.0,
C1=CC=C(C=C1)[As]=O,1.93,2,35846,C1=CC=C(C=C1)[As]=O,1.93,PubChem,1.93,False,ok,invalid_structure_or_removed_by_structure_rule,False,O=[As]c1ccccc1,uncommon_or_metal_elements:As,1.0,"As,C,O",8.0,
[Cl-].[K+],620,2,35861,[Cl-].[K+],620,PubChem,620.0,False,ok,invalid_structure_or_removed_by_structure_rule,False,[K+],no_carbon_in_parent,2.0,,1.0,
[Na+].[Cl-],2602,2,35906,[Na+].[Cl-],2602,PubChem,2602.0,False,ok,invalid_structure_or_removed_by_structure_rule,False,Cl,no_carbon_in_parent,2.0,,1.0,
[F-].[Na+],38,2,35907,[F-].[Na+],38,PubChem,38.0,False,ok,invalid_structure_or_removed_by_structure_rule,False,[Na+],no_carbon_in_parent,2.0,,1.0,
[Na+].[I-],430,2,35909,[Na+].[I-],430,PubChem,430.0,False,ok,invalid_structure_or_removed_by_structure_rule,False,I,no_carbon_in_parent,2.0,,1.0,
Cl[Zn]Cl,24,2,35993,Cl[Zn]Cl,24,PubChem,24.0,False,ok,invalid_structure_or_removed_by_structure_rule,False,[Cl][Zn][Cl],no_carbon_in_parent,1.0,,3.0,
CNC[C@@H](C1=CC(=C(C=C1)O)O)O.[C@@H]([C@H](C(=O)O)O)(C(=O)O)O,7.8,2,36027,CNC[C@@H](C1=CC(=C(C=C1)O)O)O.[C@@H]([C@H](C(=O)O)O)(C(=O)O)O,7.8,PubChem,7.8,False,ok,invalid_structure_or_removed_by_structure_rule,False,,complex_multiple_organic_fragments,2.0,,,
C[C@@H](CC1=CC=CC=C1)N.C[C@@H](CC1=CC=CC=C1)N.OS(=O)(=O)O,9.7,2,36031,C[C@@H](CC1=CC=CC=C1)N.C[C@@H](CC1=CC=CC=C1)N.OS(=O)(=O)O,9.7,PubChem,9.7,False,ok,invalid_structure_or_removed_by_structure_rule,False,,complex_multiple_organic_fragments,3.0,,,
CCN(CC)CCOC(=O)C1=CC=C(C=C1)N.CC1([C@@H](N2[C@H](S1)[C@@H](C2=O)NC(=O)CC3=CC=CC=C3)C(=O)O)C,371,2,36057,CCN(CC)CCOC(=O)C1=CC=C(C=C1)N.CC1([C@@H](N2[C@H](S1)[C@@H](C2=O)NC(=O)CC3=CC=CC=C3)C(=O)O)C,371,PubChem,371.0,False,ok,invalid_structure_or_removed_by_structure_rule,False,,complex_multiple_organic_fragments,2.0,,,
[C-]#N,3,2,36087,[C-]#N,3,PubChem,3.0,False,ok,invalid_structure_or_removed_by_structure_rule,False,C#N,too_few_heavy_atoms,1.0,"C,N",2.0,
CC(CC1=CC=CC=C1)N.CC(CC1=CC=CC=C1)N.OS(=O)(=O)O,13,2,36113,CC(CC1=CC=CC=C1)N.CC(CC1=CC=CC=C1)N.OS(=O)(=O)O,13,PubChem,13.0,False,ok,invalid_structure_or_removed_by_structure_rule,False,,complex_multiple_organic_fragments,3.0,,,
CNN,15,2,36117,CNN,15,PubChem,15.0,False,ok,invalid_structure_or_removed_by_structure_rule,False,CNN,too_few_heavy_atoms,1.0,"C,N",3.0,
CC[N+](C)(C)CC1=CC=CC=C1Br.CC1=CC=C(C=C1)S(=O)(=O)[O-],39,2,36126,CC[N+](C)(C)CC1=CC=CC=C1Br.CC1=CC=C(C=C1)S(=O)(=O)[O-],39,PubChem,39.0,False,ok,invalid_structure_or_removed_by_structure_rule,False,,complex_multiple_organic_fragments,2.0,,,
CC(=O)[O-].CC(=O)[O-].[Ca+2],75,2,36133,CC(=O)[O-].CC(=O)[O-].[Ca+2],75,PubChem,75.0,False,ok,invalid_structure_or_removed_by_structure_rule,False,,complex_multiple_organic_fragments,3.0,,,
CN1C=NC2=C1C(=O)N(C(=O)N2C)C.C(C(=O)O)C(CC(=O)O)(C(=O)O)O,540,2,36175,CN1C=NC2=C1C(=O)N(C(=O)N2C)C.C(C(=O)O)C(CC(=O)O)(C(=O)O)O,540,PubChem,540.0,False,ok,invalid_structure_or_removed_by_structure_rule,False,,complex_multiple_organic_fragments,2.0,,,
CI,172,2,36201,CI,172,PubChem,172.0,False,ok,invalid_structure_or_removed_by_structure_rule,False,CI,too_few_heavy_atoms,1.0,"C,I",2.0,
CCBr,2850,2,36202,CCBr,2850,PubChem,2850.0,False,ok,invalid_structure_or_removed_by_structure_rule,False,CCBr,too_few_heavy_atoms,1.0,"Br,C",3.0,
CCI,560,2,36203,CCI,560,PubChem,560.0,False,ok,invalid_structure_or_removed_by_structure_rule,False,CCI,too_few_heavy_atoms,1.0,"C,I",3.0,
CC#N,175,2,36204,CC#N,175,PubChem,175.0,False,ok,invalid_structure_or_removed_by_structure_rule,False,CC#N,too_few_heavy_atoms,1.0,"C,N",3.0,
C(Cl)Cl,437,2,36205,C(Cl)Cl,437,PubChem,437.0,False,ok,invalid_structure_or_removed_by_structure_rule,False,ClCCl,too_few_heavy_atoms,1.0,"C,Cl",3.0,
C(I)I,467,2,36206,C(I)I,467,PubChem,467.0,False,ok,invalid_structure_or_removed_by_structure_rule,False,ICI,too_few_heavy_atoms,1.0,"C,I",3.0,
C1CO1,175,2,36207,C1CO1,175,PubChem,175.0,False,ok,invalid_structure_or_removed_by_structure_rule,False,C1CO1,too_few_heavy_atoms,1.0,"C,O",3.0,
C1=CC(=CC=C1N)[As](=O)(O)O,248,2,36427,C1=CC(=CC=C1N)[As](=O)(O)O,248,PubChem,248.0,False,ok,invalid_structure_or_removed_by_structure_rule,False,Nc1ccc([As](=O)(O)O)cc1,uncommon_or_metal_elements:As,1.0,"As,C,N,O",11.0,
CC[Hg]Cl,16,2,36531,CC[Hg]Cl,16,PubChem,16.0,False,ok,invalid_structure_or_removed_by_structure_rule,False,C[CH2][Hg][Cl],uncommon_or_metal_elements:Hg,1.0,"C,Cl,Hg",4.0,
CCC(C1=CC=CC=C1)C2=NOC(=N2)CCN(CC)CC.C(C(=O)O)C(CC(=O)O)(C(=O)O)O,390,2,36699,CCC(C1=CC=CC=C1)C2=NOC(=N2)CCN(CC)CC.C(C(=O)O)C(CC(=O)O)(C(=O)O)O,390,PubChem,390.0,False,ok,invalid_structure_or_removed_by_structure_rule,False,,complex_multiple_organic_fragments,2.0,,,
CC(=O)[O-].CC(=O)[O-].[Cu+2],2.5,2,36748,CC(=O)[O-].CC(=O)[O-].[Cu+2],2.5,PubChem,2.5,False,ok,invalid_structure_or_removed_by_structure_rule,False,,complex_multiple_organic_fragments,3.0,,,
C1CNCCN1.C(CCC(=O)O)CC(=O)O,1640,2,36750,C1CNCCN1.C(CCC(=O)O)CC(=O)O,1640,PubChem,1640.0,False,ok,invalid_structure_or_removed_by_structure_rule,False,,complex_multiple_organic_fragments,2.0,,,
[C-]#N.[Na+],4.9,2,36756,[C-]#N.[Na+],4.9,PubChem,4.9,False,ok,invalid_structure_or_removed_by_structure_rule,False,C#N,too_few_heavy_atoms,2.0,"C,N",2.0,
[C-]#N.[K+],5.991,2,36775,[C-]#N.[K+],5.991,PubChem,5.991,False,ok,invalid_structure_or_removed_by_structure_rule,False,C#N,too_few_heavy_atoms,2.0,"C,N",2.0,
C1CN1,4,2,36776,C1CN1,4,PubChem,4.0,False,ok,invalid_structure_or_removed_by_structure_rule,False,C1CN1,too_few_heavy_atoms,1.0,"C,N",3.0,
C1=CC=C2C(=C1)N=C(S2)[S-].C1=CC=C2C(=C1)N=C(S2)[S-].[Zn+2],200,2,36782,C1=CC=C2C(=C1)N=C(S2)[S-].C1=CC=C2C(=C1)N=C(S2)[S-].[Zn+2],200,PubChem,200.0,False,ok,invalid_structure_or_removed_by_structure_rule,False,,complex_multiple_organic_fragments,3.0,,,
C([C@H]([C@H]([C@@H]([C@H](C(=O)[O-])O)O)O)O)O.C([C@H]([C@H]([C@@H]([C@H](C(=O)[O-])O)O)O)O)O.[Ca+2],2200,2,36810,C([C@H]([C@H]([C@@H]([C@H](C(=O)[O-])O)O)O)O)O.C([C@H]([C@H]([C@@H]([C@H](C(=O)[O-])O)O)O)O)O.[Ca+2],2200,PubChem,2200.0,False,ok,invalid_structure_or_removed_by_structure_rule,False,,complex_multiple_organic_fragments,3.0,,,
CC(=O)[O-].CC(=O)[O-].[Pb+2],140,2,36816,CC(=O)[O-].CC(=O)[O-].[Pb+2],140,PubChem,140.0,False,ok,invalid_structure_or_removed_by_structure_rule,False,,complex_multiple_organic_fragments,3.0,,,
CC(=O)[O-].CC(=O)[O-].[Pb+2],399,2,36817,CC(=O)[O-].CC(=O)[O-].[Pb+2],399,PubChem,399.0,False,ok,invalid_structure_or_removed_by_structure_rule,False,,complex_multiple_organic_fragments,3.0,,,
NN,62,2,36818,NN,62,PubChem,62.0,False,ok,invalid_structure_or_removed_by_structure_rule,False,NN,no_carbon_in_parent,1.0,,2.0,
COC1=C(C2=C[N+]3=C(C=C2C=C1)C4=CC5=C(C=C4CC3)OCO5)OC.COC1=C(C2=C[N+]3=C(C=C2C=C1)C4=CC5=C(C=C4CC3)OCO5)OC.[O-]S(=O)(=O)[O-],26.4,2,36842,COC1=C(C2=C[N+]3=C(C=C2C=C1)C4=CC5=C(C=C4CC3)OCO5)OC.COC1=C(C2=C[N+]3=C(C=C2C=C1)C4=CC5=C(C=C4CC3)OCO5)OC.[O-]S(=O)(=O)[O-],26.4,PubChem,26.4,False,ok,invalid_structure_or_removed_by_structure_rule,False,,complex_multiple_organic_fragments,3.0,,,
CN1C2=C(C(=O)N(C1=O)C)NC=N2.CN1C2=C(C(=O)N(C1=O)C)NC=N2.C(CN)N,37,2,36844,CN1C2=C(C(=O)N(C1=O)C)NC=N2.CN1C2=C(C(=O)N(C1=O)C)NC=N2.C(CN)N,37,PubChem,37.0,False,ok,invalid_structure_or_removed_by_structure_rule,False,,complex_multiple_organic_fragments,3.0,,,
C1=NC2=NC=NC(=C2N1)N.C1=NC2=NC=NC(=C2N1)N.OS(=O)(=O)O,750,2,36847,C1=NC2=NC=NC(=C2N1)N.C1=NC2=NC=NC(=C2N1)N.OS(=O)(=O)O,750,PubChem,750.0,False,ok,invalid_structure_or_removed_by_structure_rule,False,,complex_multiple_organic_fragments,3.0,,,
CC(=O)[O-].CC(=O)[O-].[Ni+2],32,2,36887,CC(=O)[O-].CC(=O)[O-].[Ni+2],32,PubChem,32.0,False,ok,invalid_structure_or_removed_by_structure_rule,False,,complex_multiple_organic_fragments,3.0,,,
C[C@@]1(C(=O)N2[C@H](C(=O)N3CCC[C@H]3[C@@]2(O1)O)CC4=CC=CC=C4)NC(=O)[C@H]5CN([C@@H]6CC7=CNC8=CC=CC(=C78)C6=C5)C.C[C@@]1(C(=O)N2[C@H](C(=O)N3CCC[C@H]3[C@@]2(O1)O)CC4=CC=CC=C4)NC(=O)[C@H]5CN([C@@H]6CC7=CNC8=CC=CC(=C78)C6=C5)C.[C@@H]([C@H](C(=O)O)O)(C(=O)O)O,412,2,36895,C[C@@]1(C(=O)N2[C@H](C(=O)N3CCC[C@H]3[C@@]2(O1)O)CC4=CC=CC=C4)NC(=O)[C@H]5CN([C@@H]6CC7=CNC8=CC=CC(=C78)C6=C5)C.C[C@@]1(C(=O)N2[C@H](C(=O)N3CCC[C@H]3[C@@]2(O1)O)CC4=CC=CC=C4)NC(=O)[C@H]5CN([C@@H]6CC7=CNC8=CC=CC(=C78)C6=C5)C.[C@@H]([C@H](C(=O)O)O)(C(=O)O)O,412,PubChem,412.0,False,ok,invalid_structure_or_removed_by_structure_rule,False,,complex_multiple_organic_fragments,3.0,,,
C(#N)N,200,2,36898,C(#N)N,200,PubChem,200.0,False,ok,invalid_structure_or_removed_by_structure_rule,False,N#CN,too_few_heavy_atoms,1.0,"C,N",3.0,
CC1=CC(=O)N(N1C)C2=CC=CC=C2.C(C(Cl)(Cl)Cl)(O)O.C(C(Cl)(Cl)Cl)(O)O,982,2,36935,CC1=CC(=O)N(N1C)C2=CC=CC=C2.C(C(Cl)(Cl)Cl)(O)O.C(C(Cl)(Cl)Cl)(O)O,982,PubChem,982.0,False,ok,invalid_structure_or_removed_by_structure_rule,False,,complex_multiple_organic_fragments,3.0,,,
CNC.Cl,1570,2,36976,CNC.Cl,1570,PubChem,1570.0,False,ok,invalid_structure_or_removed_by_structure_rule,False,CNC,too_few_heavy_atoms,2.0,"C,N",3.0,
CN1C2=C(C(=O)N(C1=O)C)NC(=N2)Cl.CN(C)CCOC(C1=CC=CC=C1)C2=CC=CC=C2,149,2,36999,CN1C2=C(C(=O)N(C1=O)C)NC(=N2)Cl.CN(C)CCOC(C1=CC=CC=C1)C2=CC=CC=C2,149,PubChem,149.0,False,ok,invalid_structure_or_removed_by_structure_rule,False,,complex_multiple_organic_fragments,2.0,,,
C1=CC(=C(C=C1[As]=O)N)O.Cl,31,2,37023,C1=CC(=C(C=C1[As]=O)N)O.Cl,31,PubChem,31.0,False,ok,invalid_structure_or_removed_by_structure_rule,False,Nc1cc([As]=O)ccc1O,uncommon_or_metal_elements:As,2.0,"As,C,N,O",10.0,
C1=CC(=C(C=C1[As]=O)N)O,32.843,2,37024,C1=CC(=C(C=C1[As]=O)N)O,32.843,PubChem,32.843,False,ok,invalid_structure_or_removed_by_structure_rule,False,Nc1cc([As]=O)ccc1O,uncommon_or_metal_elements:As,1.0,"As,C,N,O",10.0,
CC(=O)[O-].CC(=O)[O-].[Cd+2],14,2,37053,CC(=O)[O-].CC(=O)[O-].[Cd+2],14,PubChem,14.0,False,ok,invalid_structure_or_removed_by_structure_rule,False,,complex_multiple_organic_fragments,3.0,,,
CCCCCCCCCCCCCCCCCC(=O)[O-].CCCCCCCCCCCCCCCCCC(=O)[O-].[Zn+2],354,2,37074,CCCCCCCCCCCCCCCCCC(=O)[O-].CCCCCCCCCCCCCCCCCC(=O)[O-].[Zn+2],354,PubChem,354.0,False,ok,invalid_structure_or_removed_by_structure_rule,False,,complex_multiple_organic_fragments,3.0,,,
CC(=O)[O-].CC(=O)[O-].[Zn+2],57,2,37075,CC(=O)[O-].CC(=O)[O-].[Zn+2],57,PubChem,57.0,False,ok,invalid_structure_or_removed_by_structure_rule,False,,complex_multiple_organic_fragments,3.0,,,
CCN.Cl,2610,2,37076,CCN.Cl,2610,PubChem,2610.0,False,ok,invalid_structure_or_removed_by_structure_rule,False,CCN,too_few_heavy_atoms,2.0,"C,N",3.0,
CN1CCC2=C(C1)C(C3=CC=CC=C23)C4=CC=CC=C4.[C@@H]([C@H](C(=O)O)O)(C(=O)O)O,88,2,37084,CN1CCC2=C(C1)C(C3=CC=CC=C23)C4=CC=CC=C4.[C@@H]([C@H](C(=O)O)O)(C(=O)O)O,88,PubChem,88.0,False,ok,invalid_structure_or_removed_by_structure_rule,False,,complex_multiple_organic_fragments,2.0,,,
C1CN(CC2=CC=CC=C21)C(=N)N.C1CN(CC2=CC=CC=C21)C(=N)N.OS(=O)(=O)O,132,2,37097,C1CN(CC2=CC=CC=C21)C(=N)N.C1CN(CC2=CC=CC=C21)C(=N)N.OS(=O)(=O)O,132,PubChem,132.0,False,ok,invalid_structure_or_removed_by_structure_rule,False,,complex_multiple_organic_fragments,3.0,,,
C(#N)[S-].C(#N)[S-].[Hg+2],3.5,2,37117,C(#N)[S-].C(#N)[S-].[Hg+2],3.5,PubChem,3.5,False,ok,invalid_structure_or_removed_by_structure_rule,False,,complex_multiple_organic_fragments,3.0,,,
C[Se]C,1800,2,37118,C[Se]C,1800,PubChem,1800.0,False,ok,invalid_structure_or_removed_by_structure_rule,False,C[Se]C,too_few_heavy_atoms,1.0,"C,Se",3.0,
C[Sn](C)(C)C,18,2,37119,C[Sn](C)(C)C,18,PubChem,18.0,False,ok,invalid_structure_or_removed_by_structure_rule,False,[CH3][Sn]([CH3])([CH3])[CH3],uncommon_or_metal_elements:Sn,1.0,"C,Sn",5.0,
CC[Ge](CC)(CC)CC,3580,2,37125,CC[Ge](CC)(CC)CC,3580,PubChem,3580.0,False,ok,invalid_structure_or_removed_by_structure_rule,False,C[CH2][Ge]([CH2]C)([CH2]C)[CH2]C,uncommon_or_metal_elements:Ge,1.0,"C,Ge",9.0,
CC[Hg]CC,45,2,37182,CC[Hg]CC,45,PubChem,45.0,False,ok,invalid_structure_or_removed_by_structure_rule,False,C[CH2][Hg][CH2]C,uncommon_or_metal_elements:Hg,1.0,"C,Hg",5.0,
C1=CC=C(C=C1)[Sn](C2=CC=CC=C2)(C3=CC=CC=C3)Cl,21.5,2,37204,C1=CC=C(C=C1)[Sn](C2=CC=CC=C2)(C3=CC=CC=C3)Cl,21.5,PubChem,21.5,False,ok,invalid_structure_or_removed_by_structure_rule,False,[Cl][Sn]([c]1ccccc1)([c]1ccccc1)[c]1ccccc1,uncommon_or_metal_elements:Sn,1.0,"C,Cl,Sn",20.0,
CC(C)NC(C)C.C(C(=O)O)(Cl)Cl,750,2,37215,CC(C)NC(C)C.C(C(=O)O)(Cl)Cl,750,PubChem,750.0,False,ok,invalid_structure_or_removed_by_structure_rule,False,,complex_multiple_organic_fragments,2.0,,,
CSC(=N)N.CSC(=N)N.OS(=O)(=O)O,400,2,37295,CSC(=N)N.CSC(=N)N.OS(=O)(=O)O,400,PubChem,400.0,False,ok,invalid_structure_or_removed_by_structure_rule,False,,complex_multiple_organic_fragments,3.0,,,
CCC(=O)N(C1CCN(CC1)CCC2=CC=CC=C2)C3=CC=CC=C3.C(C(=O)O)C(CC(=O)O)(C(=O)O)O,68.4,2,37335,CCC(=O)N(C1CCN(CC1)CCC2=CC=CC=C2)C3=CC=CC=C3.C(C(=O)O)C(CC(=O)O)(C(=O)O)O,68.4,PubChem,68.4,False,ok,invalid_structure_or_removed_by_structure_rule,False,,complex_multiple_organic_fragments,2.0,,,
CCC[Ge](CCC)(CCC)CCC,5640,2,37337,CCC[Ge](CCC)(CCC)CCC,5640,PubChem,5640.0,False,ok,invalid_structure_or_removed_by_structure_rule,False,CC[CH2][Ge]([CH2]CC)([CH2]CC)[CH2]CC,uncommon_or_metal_elements:Ge,1.0,"C,Ge",13.0,
C[Sn](C)(C)Br,2.9,2,37349,C[Sn](C)(C)Br,2.9,PubChem,2.9,False,ok,invalid_structure_or_removed_by_structure_rule,False,[CH3][Sn]([CH3])([CH3])[Br],uncommon_or_metal_elements:Sn,1.0,"Br,C,Sn",5.0,
C1=CC=C(C=C1)[Sn](C2=CC=CC=C2)(Cl)Cl,17.8,2,37378,C1=CC=C(C=C1)[Sn](C2=CC=CC=C2)(Cl)Cl,17.8,PubChem,17.8,False,ok,invalid_structure_or_removed_by_structure_rule,False,[Cl][Sn]([Cl])([c]1ccccc1)[c]1ccccc1,uncommon_or_metal_elements:Sn,1.0,"C,Cl,Sn",15.0,
C[Hg+].[OH-],20,2,37385,C[Hg+].[OH-],20,PubChem,20.0,False,ok,invalid_structure_or_removed_by_structure_rule,False,[CH3][Hg+],uncommon_or_metal_elements:Hg,2.0,"C,Hg",2.0,
[Ga]#[As],4700,2,37405,[Ga]#[As],4700,PubChem,4700.0,False,ok,invalid_structure_or_removed_by_structure_rule,False,[Ga]#[As],no_carbon_in_parent,1.0,,2.0,
[O-2].[O-2].[O-2].[Sb+3].[Sb+3],172,2,37406,[O-2].[O-2].[O-2].[Sb+3].[Sb+3],172,PubChem,172.0,False,ok,invalid_structure_or_removed_by_structure_rule,False,[Sb+3],no_carbon_in_parent,5.0,,1.0,
O=[Ge]=O,1550,2,37407,O=[Ge]=O,1550,PubChem,1550.0,False,ok,invalid_structure_or_removed_by_structure_rule,False,[O]=[Ge]=[O],no_carbon_in_parent,1.0,,3.0,
[OH-].[Na+],40,2,37408,[OH-].[Na+],40,PubChem,40.0,False,ok,invalid_structure_or_removed_by_structure_rule,False,O,no_carbon_in_parent,2.0,,1.0,
O=[Mo](=O)=O,141,2,37409,O=[Mo](=O)=O,141,PubChem,141.0,False,ok,invalid_structure_or_removed_by_structure_rule,False,[O]=[Mo](=[O])=[O],no_carbon_in_parent,1.0,,4.0,
O=[Sb](=O)O[Sb](=O)=O,978,2,37410,O=[Sb](=O)O[Sb](=O)=O,978,PubChem,978.0,False,ok,invalid_structure_or_removed_by_structure_rule,False,[O]=[Sb](=[O])[O][Sb](=[O])=[O],no_carbon_in_parent,1.0,,7.0,
O=[V](=O)O[V](=O)=O,23,2,37411,O=[V](=O)O[V](=O)=O,23,PubChem,23.0,False,ok,invalid_structure_or_removed_by_structure_rule,False,[O]=[V](=[O])[O][V](=[O])=[O],no_carbon_in_parent,1.0,,7.0,
O=[Cr](=O)=O,14,2,37413,O=[Cr](=O)=O,14,PubChem,14.0,False,ok,invalid_structure_or_removed_by_structure_rule,False,[O]=[Cr](=[O])=[O],no_carbon_in_parent,1.0,,4.0,
CCNCC.CCN(CC)C(=S)S,500,2,37430,CCNCC.CCN(CC)C(=S)S,500,PubChem,500.0,False,ok,invalid_structure_or_removed_by_structure_rule,False,,complex_multiple_organic_fragments,2.0,,,
CC1([C@@H](N2[C@H](S1)[C@@H](C2=O)NC(=O)CC3=CC=CC=C3)C(=O)O)C.CC1([C@@H](N2[C@H](S1)[C@@H](C2=O)NC(=O)CC3=CC=CC=C3)C(=O)O)C.C1=CC=C(C=C1)CNCCNCC2=CC=CC=C2,460,2,37432,CC1([C@@H](N2[C@H](S1)[C@@H](C2=O)NC(=O)CC3=CC=CC=C3)C(=O)O)C.CC1([C@@H](N2[C@H](S1)[C@@H](C2=O)NC(=O)CC3=CC=CC=C3)C(=O)O)C.C1=CC=C(C=C1)CNCCNCC2=CC=CC=C2,460,PubChem,460.0,False,ok,invalid_structure_or_removed_by_structure_rule,False,,complex_multiple_organic_fragments,3.0,,,
CC(=O)[O-].CC(=O)[O-].[Hg+2],6.5,2,37445,CC(=O)[O-].CC(=O)[O-].[Hg+2],6.5,PubChem,6.5,False,ok,invalid_structure_or_removed_by_structure_rule,False,,complex_multiple_organic_fragments,3.0,,,
CCN(CC)C(=O)N1CCN(CC1)C.C(C(=O)O)C(CC(=O)O)(C(=O)O)O,425,2,37456,CCN(CC)C(=O)N1CCN(CC1)C.C(C(=O)O)C(CC(=O)O)(C(=O)O)O,425,PubChem,425.0,False,ok,invalid_structure_or_removed_by_structure_rule,False,,complex_multiple_organic_fragments,2.0,,,
C(#N)[S-].[NH4+],500,2,37472,C(#N)[S-].[NH4+],500,PubChem,500.0,False,ok,invalid_structure_or_removed_by_structure_rule,False,N#CS,too_few_heavy_atoms,2.0,"C,N,S",3.0,
CCCCCCCCCCCCCCCCCC(=O)[O-].CCCCCCCCCCCCCCCCCC(=O)[O-].[Cd+2],42.1,2,37542,CCCCCCCCCCCCCCCCCC(=O)[O-].CCCCCCCCCCCCCCCCCC(=O)[O-].[Cd+2],42.1,PubChem,42.1,False,ok,invalid_structure_or_removed_by_structure_rule,False,,complex_multiple_organic_fragments,3.0,,,
[N+](=O)([O-])[O-].[N+](=O)([O-])[O-].[Cu+2],17.1,2,37642,[N+](=O)([O-])[O-].[N+](=O)([O-])[O-].[Cu+2],17.1,PubChem,17.1,False,ok,invalid_structure_or_removed_by_structure_rule,False,O=[N+]([O-])O,no_carbon_in_parent,3.0,,4.0,
C1=CC(=CC=C1NC(=O)CCl)[As](=O)(O)O,224,2,37774,C1=CC(=CC=C1NC(=O)CCl)[As](=O)(O)O,224,PubChem,224.0,False,ok,invalid_structure_or_removed_by_structure_rule,False,O=C(CCl)Nc1ccc([As](=O)(O)O)cc1,uncommon_or_metal_elements:As,1.0,"As,C,Cl,N,O",15.0,
C1N2CN3CN1CN(C2)C3.C1=CC=C(C=C1)C(=O)NCC(=O)O,1500,2,37787,C1N2CN3CN1CN(C2)C3.C1=CC=C(C=C1)C(=O)NCC(=O)O,1500,PubChem,1500.0,False,ok,invalid_structure_or_removed_by_structure_rule,False,,complex_multiple_organic_fragments,2.0,,,
CC(=O)[O-].CC(=O)[O-].O.O.O.[Pb+2],174,2,37807,CC(=O)[O-].CC(=O)[O-].O.O.O.[Pb+2],174,PubChem,174.0,False,ok,invalid_structure_or_removed_by_structure_rule,False,,complex_multiple_organic_fragments,6.0,,,
CCN(CC)CCOC(=O)C1=CC=C(C=C1)N.CC1([C@@H](N2[C@H](S1)[C@@H](C2=O)NC(=O)CC3=CC=CC=C3)C(=O)O)C.O,146,2,37809,CCN(CC)CCOC(=O)C1=CC=C(C=C1)N.CC1([C@@H](N2[C@H](S1)[C@@H](C2=O)NC(=O)CC3=CC=CC=C3)C(=O)O)C.O,146,PubChem,146.0,False,ok,invalid_structure_or_removed_by_structure_rule,False,,complex_multiple_organic_fragments,3.0,,,
[Cd],5.7,2,37845,[Cd],5.7,PubChem,5.7,False,ok,invalid_structure_or_removed_by_structure_rule,False,[Cd],no_carbon_in_parent,1.0,,1.0,
[Cu],3.5,2,37846,[Cu],3.5,PubChem,3.5,False,ok,invalid_structure_or_removed_by_structure_rule,False,[Cu],no_carbon_in_parent,1.0,,1.0,
O=[Se]=O,4.3,2,37847,O=[Se]=O,4.3,PubChem,4.3,False,ok,invalid_structure_or_removed_by_structure_rule,False,O=[Se]=O,no_carbon_in_parent,1.0,,3.0,
Cl[Cu]Cl,7.4,2,37848,Cl[Cu]Cl,7.4,PubChem,7.4,False,ok,invalid_structure_or_removed_by_structure_rule,False,[Cl][Cu][Cl],no_carbon_in_parent,1.0,,3.0,
[O-]S(=O)(=O)[O-].[Mg+2],1029,2,37852,[O-]S(=O)(=O)[O-].[Mg+2],1029,PubChem,1029.0,False,ok,invalid_structure_or_removed_by_structure_rule,False,O=S(=O)(O)O,no_carbon_in_parent,2.0,,5.0,
Cl[Hg]Cl,3.9,2,37853,Cl[Hg]Cl,3.9,PubChem,3.9,False,ok,invalid_structure_or_removed_by_structure_rule,False,[Cl][Hg][Cl],no_carbon_in_parent,1.0,,3.0,
Cl[Pd]Cl,87,2,37856,Cl[Pd]Cl,87,PubChem,87.0,False,ok,invalid_structure_or_removed_by_structure_rule,False,[Cl][Pd][Cl],no_carbon_in_parent,1.0,,3.0,
[Cl-].[Cs+],1460,2,37857,[Cl-].[Cs+],1460,PubChem,1460.0,False,ok,invalid_structure_or_removed_by_structure_rule,False,[Cs+],no_carbon_in_parent,2.0,,1.0,
Cl[Ni]Cl,11,2,37863,Cl[Ni]Cl,11,PubChem,11.0,False,ok,invalid_structure_or_removed_by_structure_rule,False,[Cl][Ni][Cl],no_carbon_in_parent,1.0,,3.0,
[O-]S(=O)(=O)[O-].[Fe+2],106,2,37864,[O-]S(=O)(=O)[O-].[Fe+2],106,PubChem,106.0,False,ok,invalid_structure_or_removed_by_structure_rule,False,O=S(=O)(O)O,no_carbon_in_parent,2.0,,5.0,
[Al](Br)(Br)Br,1068,2,37866,[Al](Br)(Br)Br,1068,PubChem,1068.0,False,ok,invalid_structure_or_removed_by_structure_rule,False,[Br][Al]([Br])[Br],no_carbon_in_parent,1.0,,4.0,
[O-]S(=O)(=O)[O-].[Zn+2],29.06,2,37867,[O-]S(=O)(=O)[O-].[Zn+2],29.06,PubChem,29.06,False,ok,invalid_structure_or_removed_by_structure_rule,False,O=S(=O)(O)O,no_carbon_in_parent,2.0,,5.0,
[O-]S(=O)[O-].[Na+].[Na+],950,2,37868,[O-]S(=O)[O-].[Na+].[Na+],950,PubChem,950.0,False,ok,invalid_structure_or_removed_by_structure_rule,False,O=S(O)O,no_carbon_in_parent,3.0,,4.0,
OP(=O)([O-])OP(=O)(O)[O-].[Na+].[Na+],1000,2,37869,OP(=O)([O-])OP(=O)(O)[O-].[Na+].[Na+],1000,PubChem,1000.0,False,ok,invalid_structure_or_removed_by_structure_rule,False,O=P(O)(O)OP(=O)(O)O,no_carbon_in_parent,3.0,,9.0,
OP(=O)([O-])OP(=O)(O)[O-].[Na+].[Na+],680,2,37870,OP(=O)([O-])OP(=O)(O)[O-].[Na+].[Na+],680,PubChem,680.0,False,ok,invalid_structure_or_removed_by_structure_rule,False,O=P(O)(O)OP(=O)(O)O,no_carbon_in_parent,3.0,,9.0,
[O-]P(=O)([O-])OP(=O)([O-])OP(=O)([O-])[O-].[Na+].[Na+].[Na+].[Na+].[Na+],700,2,37871,[O-]P(=O)([O-])OP(=O)([O-])OP(=O)([O-])[O-].[Na+].[Na+].[Na+].[Na+].[Na+],700,PubChem,700.0,False,ok,invalid_structure_or_removed_by_structure_rule,False,O=P(O)(O)OP(=O)(O)OP(=O)(O)O,no_carbon_in_parent,6.0,,13.0,
Cl[Fe]Cl,59,2,37872,Cl[Fe]Cl,59,PubChem,59.0,False,ok,invalid_structure_or_removed_by_structure_rule,False,[Cl][Fe][Cl],no_carbon_in_parent,1.0,,3.0,
[O-]S(=O)(=O)[O-].[Cu+2],7.182,2,37873,[O-]S(=O)(=O)[O-].[Cu+2],7.182,PubChem,7.182,False,ok,invalid_structure_or_removed_by_structure_rule,False,O=S(=O)(O)O,no_carbon_in_parent,2.0,,5.0,
O.O.O.O.O.[O-]S(=O)(=O)[O-].[Cu+2],33,2,37874,O.O.O.O.O.[O-]S(=O)(=O)[O-].[Cu+2],33,PubChem,33.0,False,ok,invalid_structure_or_removed_by_structure_rule,False,O=S(=O)(O)O,no_carbon_in_parent,7.0,,5.0,
[N+](=O)([O-])[O-].[Ag+],17,2,37875,[N+](=O)([O-])[O-].[Ag+],17,PubChem,17.0,False,ok,invalid_structure_or_removed_by_structure_rule,False,O=[N+]([O-])O,no_carbon_in_parent,2.0,,4.0,
[O-]S(=O)(=S)[O-].[Na+].[Na+],5200,2,37876,[O-]S(=O)(=S)[O-].[Na+].[Na+],5200,PubChem,5200.0,False,ok,invalid_structure_or_removed_by_structure_rule,False,O=S(O)(O)=S,no_carbon_in_parent,3.0,,5.0,
Cl[Sn]Cl,65.598,2,37877,Cl[Sn]Cl,65.598,PubChem,65.598,False,ok,invalid_structure_or_removed_by_structure_rule,False,[Cl][Sn][Cl],no_carbon_in_parent,1.0,,3.0,
I[Hg]I,4.2,2,37878,I[Hg]I,4.2,PubChem,4.2,False,ok,invalid_structure_or_removed_by_structure_rule,False,[I][Hg][I],no_carbon_in_parent,1.0,,3.0,
[O-][Cr](=O)(=O)[O-].[Na+].[Na+],32,2,37879,[O-][Cr](=O)(=O)[O-].[Na+].[Na+],32,PubChem,32.0,False,ok,invalid_structure_or_removed_by_structure_rule,False,[O]=[Cr](=[O])([OH])[OH],no_carbon_in_parent,3.0,,5.0,
[O-][Cr](=O)(=O)O[Cr](=O)(=O)[O-].[K+].[K+],37,2,37880,[O-][Cr](=O)(=O)O[Cr](=O)(=O)[O-].[K+].[K+],37,PubChem,37.0,False,ok,invalid_structure_or_removed_by_structure_rule,False,[O]=[Cr](=[O])([OH])[O][Cr](=[O])(=[O])[OH],no_carbon_in_parent,3.0,,9.0,
[O-]P(=O)([O-])[O-].[O-]P(=O)([O-])[O-].[Zn+2].[Zn+2].[Zn+2],552,2,37881,[O-]P(=O)([O-])[O-].[O-]P(=O)([O-])[O-].[Zn+2].[Zn+2].[Zn+2],552,PubChem,552.0,False,ok,invalid_structure_or_removed_by_structure_rule,False,O=P(O)(O)O,no_carbon_in_parent,5.0,,5.0,
N=[N+]=[N-],22,2,37882,N=[N+]=[N-],22,PubChem,22.0,False,ok,invalid_structure_or_removed_by_structure_rule,False,[N-]=[N+]=N,no_carbon_in_parent,1.0,,3.0,
I[Hg],50,2,37883,I[Hg],50,PubChem,50.0,False,ok,invalid_structure_or_removed_by_structure_rule,False,[I][Hg],no_carbon_in_parent,1.0,,2.0,
[O-]S(=O)(=O)[O-].[Hg+2],6.3,2,37884,[O-]S(=O)(=O)[O-].[Hg+2],6.3,PubChem,6.3,False,ok,invalid_structure_or_removed_by_structure_rule,False,O=S(=O)(O)O,no_carbon_in_parent,2.0,,5.0,
[O-]S(=O)(=O)[O-].[Hg+].[Hg+],11.5,2,37885,[O-]S(=O)(=O)[O-].[Hg+].[Hg+],11.5,PubChem,11.5,False,ok,invalid_structure_or_removed_by_structure_rule,False,O=S(=O)(O)O,no_carbon_in_parent,3.0,,5.0,
F[Sn]F,16.15,2,37886,F[Sn]F,16.15,PubChem,16.15,False,ok,invalid_structure_or_removed_by_structure_rule,False,[F][Sn][F],no_carbon_in_parent,1.0,,3.0,
O.O.O.O.O.O.[Al](Cl)(Cl)Cl,940,2,37887,O.O.O.O.O.O.[Al](Cl)(Cl)Cl,940,PubChem,940.0,False,ok,invalid_structure_or_removed_by_structure_rule,False,[Cl][Al]([Cl])[Cl],no_carbon_in_parent,7.0,,4.0,
[N+](=O)([O-])[O-].[N+](=O)([O-])[O-].[N+](=O)([O-])[O-].O.O.O.O.O.O.O.O.O.[Al+3],1587,2,37888,[N+](=O)([O-])[O-].[N+](=O)([O-])[O-].[N+](=O)([O-])[O-].O.O.O.O.O.O.O.O.O.[Al+3],1587,PubChem,1587.0,False,ok,invalid_structure_or_removed_by_structure_rule,False,O=[N+]([O-])O,no_carbon_in_parent,13.0,,4.0,
O[As](=O)([O-])[O-].[Pb+2],128,2,37889,O[As](=O)([O-])[O-].[Pb+2],128,PubChem,128.0,False,ok,invalid_structure_or_removed_by_structure_rule,False,O=[As](O)(O)O,no_carbon_in_parent,2.0,,5.0,
[O-]S(=O)(=O)[O-].[Mn+2],147,2,37890,[O-]S(=O)(=O)[O-].[Mn+2],147,PubChem,147.0,False,ok,invalid_structure_or_removed_by_structure_rule,False,O=S(=O)(O)O,no_carbon_in_parent,2.0,,5.0,
[O-]S(=O)(=O)[O-].[Ni+2],20.894,2,37891,[O-]S(=O)(=O)[O-].[Ni+2],20.894,PubChem,20.894,False,ok,invalid_structure_or_removed_by_structure_rule,False,O=S(=O)(O)O,no_carbon_in_parent,2.0,,5.0,
[Be+2].[Cl-].[Cl-],11.987,2,37892,[Be+2].[Cl-].[Cl-],11.987,PubChem,11.987,False,ok,invalid_structure_or_removed_by_structure_rule,False,Cl,no_carbon_in_parent,3.0,,1.0,
[O-][Cr](=O)(=O)[O-].[K+].[K+],32,2,37893,[O-][Cr](=O)(=O)[O-].[K+].[K+],32,PubChem,32.0,False,ok,invalid_structure_or_removed_by_structure_rule,False,[O]=[Cr](=[O])([OH])[OH],no_carbon_in_parent,3.0,,5.0,
[N+](=O)([O-])[O-].[N+](=O)([O-])[O-].[N+](=O)([O-])[O-].[Cr+3],110,2,37894,[N+](=O)([O-])[O-].[N+](=O)([O-])[O-].[N+](=O)([O-])[O-].[Cr+3],110,PubChem,110.0,False,ok,invalid_structure_or_removed_by_structure_rule,False,O=[N+]([O-])O,no_carbon_in_parent,4.0,,4.0,
Br[Hg]Br,5,2,37895,Br[Hg]Br,5,PubChem,5.0,False,ok,invalid_structure_or_removed_by_structure_rule,False,[Br][Hg][Br],no_carbon_in_parent,1.0,,3.0,
Cl[Tl],23.982,2,37896,Cl[Tl],23.982,PubChem,23.982,False,ok,invalid_structure_or_removed_by_structure_rule,False,[Cl][Tl],no_carbon_in_parent,1.0,,2.0,
O.O.O.O.O.O.[Cl-].[Cl-].[Co+2],90,2,37897,O.O.O.O.O.O.[Cl-].[Cl-].[Co+2],90,PubChem,90.0,False,ok,invalid_structure_or_removed_by_structure_rule,False,O,no_carbon_in_parent,9.0,,1.0,
O.O.O.O.O.O.[Mg+2].[Cl-].[Cl-],775,2,37898,O.O.O.O.O.O.[Mg+2].[Cl-].[Cl-],775,PubChem,775.0,False,ok,invalid_structure_or_removed_by_structure_rule,False,O,no_carbon_in_parent,9.0,,1.0,
O.O.O.O.O.O.[Cl-].[Cl-].[Ni+2],48,2,37899,O.O.O.O.O.O.[Cl-].[Cl-].[Ni+2],48,PubChem,48.0,False,ok,invalid_structure_or_removed_by_structure_rule,False,O,no_carbon_in_parent,9.0,,1.0,
NN.O,156,2,37900,NN.O,156,PubChem,156.0,False,ok,invalid_structure_or_removed_by_structure_rule,False,NN,no_carbon_in_parent,2.0,,2.0,
CCOC1=CC=C(C=C1)NC(=O)C.CC(=O)OC1=CC=CC=C1C(=O)O.CN1C=NC2=C1C(=O)N(C(=O)N2C)C,44,2,37901,CCOC1=CC=C(C=C1)NC(=O)C.CC(=O)OC1=CC=CC=C1C(=O)O.CN1C=NC2=C1C(=O)N(C(=O)N2C)C,44,PubChem,44.0,False,ok,invalid_structure_or_removed_by_structure_rule,False,,complex_multiple_organic_fragments,3.0,,,
CCOP(=O)(OCC)SCCSCC.CCOP(=S)(OCC)OCCSCC,4,2,37904,CCOP(=O)(OCC)SCCSCC.CCOP(=S)(OCC)OCCSCC,4,PubChem,4.0,False,ok,invalid_structure_or_removed_by_structure_rule,False,,complex_multiple_organic_fragments,2.0,,,
[N+](=O)([O-])[O-].[N+](=O)([O-])[O-].[Ba+2],293,2,37910,[N+](=O)([O-])[O-].[N+](=O)([O-])[O-].[Ba+2],293,PubChem,293.0,False,ok,invalid_structure_or_removed_by_structure_rule,False,O=[N+]([O-])O,no_carbon_in_parent,3.0,,4.0,
Cl[Cr](Cl)Cl,143,2,37911,Cl[Cr](Cl)Cl,143,PubChem,143.0,False,ok,invalid_structure_or_removed_by_structure_rule,False,[Cl][Cr]([Cl])[Cl],no_carbon_in_parent,1.0,,4.0,
Cl[Eu](Cl)Cl,387,2,37912,Cl[Eu](Cl)Cl,387,PubChem,387.0,False,ok,invalid_structure_or_removed_by_structure_rule,False,[Cl][Eu]([Cl])[Cl],no_carbon_in_parent,1.0,,4.0,
Cl[In](Cl)Cl,4.95,2,37913,Cl[In](Cl)Cl,4.95,PubChem,4.95,False,ok,invalid_structure_or_removed_by_structure_rule,False,[Cl][In]([Cl])[Cl],no_carbon_in_parent,1.0,,4.0,
Cl[Sb](Cl)Cl,13,2,37914,Cl[Sb](Cl)Cl,13,PubChem,13.0,False,ok,invalid_structure_or_removed_by_structure_rule,False,[Cl][Sb]([Cl])[Cl],no_carbon_in_parent,1.0,,4.0,
Cl[Nb](Cl)(Cl)(Cl)Cl,61,2,37915,Cl[Nb](Cl)(Cl)(Cl)Cl,61,PubChem,61.0,False,ok,invalid_structure_or_removed_by_structure_rule,False,[Cl][Nb]([Cl])([Cl])([Cl])[Cl],no_carbon_in_parent,1.0,,6.0,
[O-]S(=O)(=O)[O-].[O-]S(=O)(=O)[O-].[O-]S(=O)(=O)[O-].[Fe+3].[Fe+3],168,2,37916,[O-]S(=O)(=O)[O-].[O-]S(=O)(=O)[O-].[O-]S(=O)(=O)[O-].[Fe+3].[Fe+3],168,PubChem,168.0,False,ok,invalid_structure_or_removed_by_structure_rule,False,O=S(=O)(O)O,no_carbon_in_parent,5.0,,5.0,
[O-]Cl(=O)(=O)=O.[O-]Cl(=O)(=O)=O.[Mg+2],1500,2,37917,[O-]Cl(=O)(=O)=O.[O-]Cl(=O)(=O)=O.[Mg+2],1500,PubChem,1500.0,False,ok,invalid_structure_or_removed_by_structure_rule,False,[O-][Cl+3]([O-])([O-])O,no_carbon_in_parent,3.0,,5.0,
NN.OS(=O)(=O)O,152,2,37918,NN.OS(=O)(=O)O,152,PubChem,152.0,False,ok,invalid_structure_or_removed_by_structure_rule,False,O=S(=O)(O)O,no_carbon_in_parent,2.0,,5.0,
[O-]S(=O)(=O)[O-].[O-]S(=O)(=O)[O-].[O-]S(=O)(=O)[O-].[Al+3].[Al+3],274,2,37919,[O-]S(=O)(=O)[O-].[O-]S(=O)(=O)[O-].[O-]S(=O)(=O)[O-].[Al+3].[Al+3],274,PubChem,274.0,False,ok,invalid_structure_or_removed_by_structure_rule,False,O=S(=O)(O)O,no_carbon_in_parent,5.0,,5.0,
[N+](=O)([O-])[O-].[N+](=O)([O-])[O-].[N+](=O)([O-])[O-].[Tb+3],368,2,37920,[N+](=O)([O-])[O-].[N+](=O)([O-])[O-].[N+](=O)([O-])[O-].[Tb+3],368,PubChem,368.0,False,ok,invalid_structure_or_removed_by_structure_rule,False,O=[N+]([O-])O,no_carbon_in_parent,4.0,,4.0,
[N+](=O)([O-])[O-].[N+](=O)([O-])[O-].[Hg+2],7.2,2,37921,[N+](=O)([O-])[O-].[N+](=O)([O-])[O-].[Hg+2],7.2,PubChem,7.2,False,ok,invalid_structure_or_removed_by_structure_rule,False,O=[N+]([O-])O,no_carbon_in_parent,3.0,,4.0,
Cl[Lu](Cl)Cl,315,2,37922,Cl[Lu](Cl)Cl,315,PubChem,315.0,False,ok,invalid_structure_or_removed_by_structure_rule,False,[Cl][Lu]([Cl])[Cl],no_carbon_in_parent,1.0,,4.0,
[N+](=O)([O-])[O-].[N+](=O)([O-])[O-].[N+](=O)([O-])[O-].[Lu+3],223,2,37923,[N+](=O)([O-])[O-].[N+](=O)([O-])[O-].[N+](=O)([O-])[O-].[Lu+3],223,PubChem,223.0,False,ok,invalid_structure_or_removed_by_structure_rule,False,O=[N+]([O-])O,no_carbon_in_parent,4.0,,4.0,
[N+](=O)([O-])[O-].[N+](=O)([O-])[O-].[Pb+2],74,2,37924,[N+](=O)([O-])[O-].[N+](=O)([O-])[O-].[Pb+2],74,PubChem,74.0,False,ok,invalid_structure_or_removed_by_structure_rule,False,O=[N+]([O-])O,no_carbon_in_parent,3.0,,4.0,
[N+](=O)([O-])[O-].[Tl+],37.293,2,37925,[N+](=O)([O-])[O-].[Tl+],37.293,PubChem,37.293,False,ok,invalid_structure_or_removed_by_structure_rule,False,O=[N+]([O-])O,no_carbon_in_parent,2.0,,4.0,
Cl[Hg].Cl[Hg],10,2,37926,Cl[Hg].Cl[Hg],10,PubChem,10.0,False,ok,invalid_structure_or_removed_by_structure_rule,False,[Cl][Hg],no_carbon_in_parent,2.0,,2.0,
[O-]S(=O)(=O)[O-].[Cd+2],6.879,2,37927,[O-]S(=O)(=O)[O-].[Cd+2],6.879,PubChem,6.879,False,ok,invalid_structure_or_removed_by_structure_rule,False,O=S(=O)(O)O,no_carbon_in_parent,2.0,,5.0,
[O-]S(=O)(=S)[O-].[Ca+2],115,2,37928,[O-]S(=O)(=S)[O-].[Ca+2],115,PubChem,115.0,False,ok,invalid_structure_or_removed_by_structure_rule,False,O=S(O)(O)=S,no_carbon_in_parent,2.0,,5.0,
[O-]S(=O)(=O)[O-].[Co+2],126,2,37929,[O-]S(=O)(=O)[O-].[Co+2],126,PubChem,126.0,False,ok,invalid_structure_or_removed_by_structure_rule,False,O=S(=O)(O)O,no_carbon_in_parent,2.0,,5.0,
[O-]P1(=O)OP(=O)(OP(=O)(OP(=O)(OP(=O)(OP(=O)(O1)[O-])[O-])[O-])[O-])[O-].[Na+].[Na+].[Na+].[Na+].[Na+].[Na+],870,2,37930,[O-]P1(=O)OP(=O)(OP(=O)(OP(=O)(OP(=O)(OP(=O)(O1)[O-])[O-])[O-])[O-])[O-].[Na+].[Na+].[Na+].[Na+].[Na+].[Na+],870,PubChem,870.0,False,ok,invalid_structure_or_removed_by_structure_rule,False,O=P1(O)OP(=O)(O)OP(=O)(O)OP(=O)(O)OP(=O)(O)OP(=O)(O)O1,no_carbon_in_parent,7.0,,24.0,
[N+](=O)([O-])[O-].[N+](=O)([O-])[O-].[N+](=O)([O-])[O-].[Eu+3],245,2,37931,[N+](=O)([O-])[O-].[N+](=O)([O-])[O-].[N+](=O)([O-])[O-].[Eu+3],245,PubChem,245.0,False,ok,invalid_structure_or_removed_by_structure_rule,False,O=[N+]([O-])O,no_carbon_in_parent,4.0,,4.0,
Cl[Ho](Cl)Cl,312,2,37932,Cl[Ho](Cl)Cl,312,PubChem,312.0,False,ok,invalid_structure_or_removed_by_structure_rule,False,[Cl][Ho]([Cl])[Cl],no_carbon_in_parent,1.0,,4.0,
[N+](=O)([O-])[O-].[N+](=O)([O-])[O-].[N+](=O)([O-])[O-].[Dy+3],238,2,37933,[N+](=O)([O-])[O-].[N+](=O)([O-])[O-].[N+](=O)([O-])[O-].[Dy+3],238,PubChem,238.0,False,ok,invalid_structure_or_removed_by_structure_rule,False,O=[N+]([O-])O,no_carbon_in_parent,4.0,,4.0,
[N+](=O)([O-])[O-].[N+](=O)([O-])[O-].[N+](=O)([O-])[O-].[Ho+3],247,2,37934,[N+](=O)([O-])[O-].[N+](=O)([O-])[O-].[N+](=O)([O-])[O-].[Ho+3],247,PubChem,247.0,False,ok,invalid_structure_or_removed_by_structure_rule,False,O=[N+]([O-])O,no_carbon_in_parent,4.0,,4.0,
[O-]S(=O)(=O)[O-].[Cs+].[Cs+],1790,2,37937,[O-]S(=O)(=O)[O-].[Cs+].[Cs+],1790,PubChem,1790.0,False,ok,invalid_structure_or_removed_by_structure_rule,False,O=S(=O)(O)O,no_carbon_in_parent,3.0,,5.0,
[Cl-].[Cl-].[Ba+2],39,2,37939,[Cl-].[Cl-].[Ba+2],39,PubChem,39.0,False,ok,invalid_structure_or_removed_by_structure_rule,False,[Ba+2],no_carbon_in_parent,3.0,,1.0,
[N+](=O)([O-])[O-].[N+](=O)([O-])[O-].[N+](=O)([O-])[O-].[Sm+3],239,2,37940,[N+](=O)([O-])[O-].[N+](=O)([O-])[O-].[N+](=O)([O-])[O-].[Sm+3],239,PubChem,239.0,False,ok,invalid_structure_or_removed_by_structure_rule,False,O=[N+]([O-])O,no_carbon_in_parent,4.0,,4.0,
[N+](=O)([O-])[O-].[Hg+],5,2,37942,[N+](=O)([O-])[O-].[Hg+],5,PubChem,5.0,False,ok,invalid_structure_or_removed_by_structure_rule,False,O=[N+]([O-])O,no_carbon_in_parent,2.0,,4.0,
CCCCCCCCCCCCC1=CC=C(C=C1)S(=O)(=O)[O-].CCCCCCCCCCCCC1=CC(=CC=C1)S(=O)(=O)[O-].CCCCCCCCCCCCC1=CC=CC=C1S(=O)(=O)[O-].[Na+].[Na+].[Na+],80,2,37951,CCCCCCCCCCCCC1=CC=C(C=C1)S(=O)(=O)[O-].CCCCCCCCCCCCC1=CC(=CC=C1)S(=O)(=O)[O-].CCCCCCCCCCCCC1=CC=CC=C1S(=O)(=O)[O-].[Na+].[Na+].[Na+],80,PubChem,80.0,False,ok,invalid_structure_or_removed_by_structure_rule,False,,complex_multiple_organic_fragments,6.0,,,
[NH4+].[Br-],559,2,37952,[NH4+].[Br-],559,PubChem,559.0,False,ok,invalid_structure_or_removed_by_structure_rule,False,N,no_carbon_in_parent,2.0,,1.0,
[NH4+].[Cl-],485,2,37953,[NH4+].[Cl-],485,PubChem,485.0,False,ok,invalid_structure_or_removed_by_structure_rule,False,N,no_carbon_in_parent,2.0,,1.0,
O.O.O.O.O.O.[O-]S(=O)(=S)[O-].[Mg+2],35,2,37972,O.O.O.O.O.O.[O-]S(=O)(=S)[O-].[Mg+2],35,PubChem,35.0,False,ok,invalid_structure_or_removed_by_structure_rule,False,O=S(O)(O)=S,no_carbon_in_parent,8.0,,5.0,
Cl[Ga](Cl)Cl,36.975,2,37973,Cl[Ga](Cl)Cl,36.975,PubChem,36.975,False,ok,invalid_structure_or_removed_by_structure_rule,False,[Cl][Ga]([Cl])[Cl],no_carbon_in_parent,1.0,,4.0,
[Be+2].[O-]S(=O)(=O)[O-],1200,2,37974,[Be+2].[O-]S(=O)(=O)[O-],1200,PubChem,1200.0,False,ok,invalid_structure_or_removed_by_structure_rule,False,O=S(=O)(O)O,no_carbon_in_parent,2.0,,5.0,
[Be+2].[N+](=O)([O-])[O-].[N+](=O)([O-])[O-],0.5,2,37978,[Be+2].[N+](=O)([O-])[O-].[N+](=O)([O-])[O-],0.5,PubChem,0.5,False,ok,invalid_structure_or_removed_by_structure_rule,False,O=[N+]([O-])O,no_carbon_in_parent,3.0,,4.0,
[Na+].Cl[Au-](Cl)(Cl)Cl,72,2,38004,[Na+].Cl[Au-](Cl)(Cl)Cl,72,PubChem,72.0,False,ok,invalid_structure_or_removed_by_structure_rule,False,[Cl][AuH]([Cl])([Cl])[Cl],no_carbon_in_parent,2.0,,5.0,
[NH4+].[NH4+].[O-]S(=O)(=O)[O-].[O-]S(=O)(=O)[O-].[Ni+2],68.1,2,38013,[NH4+].[NH4+].[O-]S(=O)(=O)[O-].[O-]S(=O)(=O)[O-].[Ni+2],68.1,PubChem,68.1,False,ok,invalid_structure_or_removed_by_structure_rule,False,O=S(=O)(O)O,no_carbon_in_parent,5.0,,5.0,
[Na+].[SH-],18,2,38034,[Na+].[SH-],18,PubChem,18.0,False,ok,invalid_structure_or_removed_by_structure_rule,False,S,no_carbon_in_parent,2.0,,1.0,
[H+].[H+].Cl[Ir-2](Cl)(Cl)(Cl)(Cl)Cl,118,2,38038,[H+].[H+].Cl[Ir-2](Cl)(Cl)(Cl)(Cl)Cl,118,PubChem,118.0,False,ok,invalid_structure_or_removed_by_structure_rule,False,[Cl][Ir-2]([Cl])([Cl])([Cl])([Cl])[Cl],no_carbon_in_parent,3.0,,7.0,
C1=CC(=C(C=C1O)S(=O)(=O)[O-])O.C1=CC(=C(C=C1O)S(=O)(=O)[O-])O.[Ca+2],876,2,38076,C1=CC(=C(C=C1O)S(=O)(=O)[O-])O.C1=CC(=C(C=C1O)S(=O)(=O)[O-])O.[Ca+2],876,PubChem,876.0,False,ok,invalid_structure_or_removed_by_structure_rule,False,,complex_multiple_organic_fragments,3.0,,,
O=[Os](=O)(=O)=O,13.5,2,38080,O=[Os](=O)(=O)=O,13.5,PubChem,13.5,False,ok,invalid_structure_or_removed_by_structure_rule,False,[O]=[Os](=[O])(=[O])=[O],no_carbon_in_parent,1.0,,5.0,
O=[Hg],4.5,2,38089,O=[Hg],4.5,PubChem,4.5,False,ok,invalid_structure_or_removed_by_structure_rule,False,[O]=[Hg],no_carbon_in_parent,1.0,,2.0,
CC(=C)[C@@H]1C2[C@@H]3[C@@]4([C@](C1C(=O)O2)(CC5[C@]4(O5)C(=O)O3)O)C.C[C@@]12[C@H]3C4[C@H](C([C@@]1(C[C@@H]5[C@]2(O5)C(=O)O3)O)C(=O)O4)C(C)(C)O,9.2,2,38119,CC(=C)[C@@H]1C2[C@@H]3[C@@]4([C@](C1C(=O)O2)(CC5[C@]4(O5)C(=O)O3)O)C.C[C@@]12[C@H]3C4[C@H](C([C@@]1(C[C@@H]5[C@]2(O5)C(=O)O3)O)C(=O)O4)C(C)(C)O,9.2,PubChem,9.2,False,ok,invalid_structure_or_removed_by_structure_rule,False,,complex_multiple_organic_fragments,2.0,,,
C1=CC(=CC=C1O)S(=O)(=O)[O-].C1=CC(=CC=C1O)S(=O)(=O)[O-].[Zn+2],172,2,38128,C1=CC(=CC=C1O)S(=O)(=O)[O-].C1=CC(=CC=C1O)S(=O)(=O)[O-].[Zn+2],172,PubChem,172.0,False,ok,invalid_structure_or_removed_by_structure_rule,False,,complex_multiple_organic_fragments,3.0,,,
CCC(=O)O[C@](CC1=CC=CC=C1)(C2=CC=CC=C2)[C@H](C)CN(C)C.C1=CC=C2C=C(C=CC2=C1)S(=O)(=O)O.O,171,2,38158,CCC(=O)O[C@](CC1=CC=CC=C1)(C2=CC=CC=C2)[C@H](C)CN(C)C.C1=CC=C2C=C(C=CC2=C1)S(=O)(=O)O.O,171,PubChem,171.0,False,ok,invalid_structure_or_removed_by_structure_rule,False,,complex_multiple_organic_fragments,3.0,,,
[O-]S(=O)(=O)[O-].O=[V+2],44.988,2,38168,[O-]S(=O)(=O)[O-].O=[V+2],44.988,PubChem,44.988,False,ok,invalid_structure_or_removed_by_structure_rule,False,O=S(=O)(O)O,no_carbon_in_parent,2.0,,5.0,
C1=CC=C2C(=C1)C(=CN2)CCCCCCC[NH3+].C(CCC(=O)[O-])CC(=O)O,285,2,38190,C1=CC=C2C(=C1)C(=CN2)CCCCCCC[NH3+].C(CCC(=O)[O-])CC(=O)O,285,PubChem,285.0,False,ok,invalid_structure_or_removed_by_structure_rule,False,,complex_multiple_organic_fragments,2.0,,,
CN(C)C1CSSSC1.C(=O)(C(=O)O)O,37200,2,38191,CN(C)C1CSSSC1.C(=O)(C(=O)O)O,37200,PubChem,37200.0,False,ok,invalid_structure_or_removed_by_structure_rule,False,,complex_multiple_organic_fragments,2.0,,,
[N+](=O)([O-])[O-].[N+](=O)([O-])[O-].[N+](=O)([O-])[O-].O.O.O.O.O.O.[Lu+3],290,2,38218,[N+](=O)([O-])[O-].[N+](=O)([O-])[O-].[N+](=O)([O-])[O-].O.O.O.O.O.O.[Lu+3],290,PubChem,290.0,False,ok,invalid_structure_or_removed_by_structure_rule,False,O=[N+]([O-])O,no_carbon_in_parent,10.0,,4.0,
Cl[Hf](Cl)(Cl)Cl,135,2,38222,Cl[Hf](Cl)(Cl)Cl,135,PubChem,135.0,False,ok,invalid_structure_or_removed_by_structure_rule,False,[Cl][Hf]([Cl])([Cl])[Cl],no_carbon_in_parent,1.0,,5.0,
CC(C)(C)NC[C@@H](COC1=CC=CC=C1C2CCCC2)O.CC(C)(C)NC[C@@H](COC1=CC=CC=C1C2CCCC2)O.OS(=O)(=O)O,71,2,38227,CC(C)(C)NC[C@@H](COC1=CC=CC=C1C2CCCC2)O.CC(C)(C)NC[C@@H](COC1=CC=CC=C1C2CCCC2)O.OS(=O)(=O)O,71,PubChem,71.0,False,ok,invalid_structure_or_removed_by_structure_rule,False,,complex_multiple_organic_fragments,3.0,,,
C(CC[NH2+]CCC[NH3+])C[NH3+].C(CC[NH2+]CCC[NH3+])C[NH3+].OP(=O)([O-])[O-].OP(=O)([O-])[O-].OP(=O)([O-])[O-],468,2,38258,C(CC[NH2+]CCC[NH3+])C[NH3+].C(CC[NH2+]CCC[NH3+])C[NH3+].OP(=O)([O-])[O-].OP(=O)([O-])[O-].OP(=O)([O-])[O-],468,PubChem,468.0,False,ok,invalid_structure_or_removed_by_structure_rule,False,,complex_multiple_organic_fragments,5.0,,,
CC(C)(C)NCC(C1=CC(=C(C=C1)O)CO)O.CC(C)(C)NCC(C1=CC(=C(C=C1)O)CO)O.OS(=O)(=O)O,200,2,38266,CC(C)(C)NCC(C1=CC(=C(C=C1)O)CO)O.CC(C)(C)NCC(C1=CC(=C(C=C1)O)CO)O.OS(=O)(=O)O,200,PubChem,200.0,False,ok,invalid_structure_or_removed_by_structure_rule,False,,complex_multiple_organic_fragments,3.0,,,
[O-][As](=O)([O-])[O-].[Na+].[Na+].[Na+],9,2,38327,[O-][As](=O)([O-])[O-].[Na+].[Na+].[Na+],9,PubChem,9.0,False,ok,invalid_structure_or_removed_by_structure_rule,False,O=[As](O)(O)O,no_carbon_in_parent,4.0,,5.0,
[O-][Mo](=O)(=O)[O-].[Na+].[Na+],303,2,38401,[O-][Mo](=O)(=O)[O-].[Na+].[Na+],303,PubChem,303.0,False,ok,invalid_structure_or_removed_by_structure_rule,False,[O]=[Mo](=[O])([OH])[OH],no_carbon_in_parent,3.0,,5.0,
Cl[Pd-2](Cl)(Cl)Cl.[K+].[K+],153,2,38402,Cl[Pd-2](Cl)(Cl)Cl.[K+].[K+],153,PubChem,153.0,False,ok,invalid_structure_or_removed_by_structure_rule,False,[Cl][Pd-2]([Cl])([Cl])[Cl],no_carbon_in_parent,3.0,,5.0,
Cl[Pt-2](Cl)(Cl)Cl.[K+].[K+],45,2,38403,Cl[Pt-2](Cl)(Cl)Cl.[K+].[K+],45,PubChem,45.0,False,ok,invalid_structure_or_removed_by_structure_rule,False,[Cl][Pt-2]([Cl])([Cl])[Cl],no_carbon_in_parent,3.0,,5.0,
O.O.O.O.O.O.O.O.O.O.O.O.OP(=O)([O-])[O-].[Na+].[Na+],430,2,38404,O.O.O.O.O.O.O.O.O.O.O.O.OP(=O)([O-])[O-].[Na+].[Na+],430,PubChem,430.0,False,ok,invalid_structure_or_removed_by_structure_rule,False,O=P(O)(O)O,no_carbon_in_parent,15.0,,5.0,
Cl[Tb](Cl)Cl,332,2,38405,Cl[Tb](Cl)Cl,332,PubChem,332.0,False,ok,invalid_structure_or_removed_by_structure_rule,False,[Cl][Tb]([Cl])[Cl],no_carbon_in_parent,1.0,,4.0,
F[U](F)(F)F,40,2,38406,F[U](F)(F)F,40,PubChem,40.0,False,ok,invalid_structure_or_removed_by_structure_rule,False,[F][U]([F])([F])[F],no_carbon_in_parent,1.0,,5.0,
O.O.O.O.O.O.O.O.O.O.O.O.[O-]P(=O)([O-])[O-].[Na+].[Na+].[Na+],430,2,38407,O.O.O.O.O.O.O.O.O.O.O.O.[O-]P(=O)([O-])[O-].[Na+].[Na+].[Na+],430,PubChem,430.0,False,ok,invalid_structure_or_removed_by_structure_rule,False,O=P(O)(O)O,no_carbon_in_parent,16.0,,5.0,
O.O.O.O.O.[O-]S(=O)(=S)[O-].[Na+].[Na+],5600,2,38408,O.O.O.O.O.[O-]S(=O)(=S)[O-].[Na+].[Na+],5600,PubChem,5600.0,False,ok,invalid_structure_or_removed_by_structure_rule,False,O=S(O)(O)=S,no_carbon_in_parent,8.0,,5.0,
O.O.[Cl-].[Cl-].[Cu+2],9.4,2,38409,O.O.[Cl-].[Cl-].[Cu+2],9.4,PubChem,9.4,False,ok,invalid_structure_or_removed_by_structure_rule,False,O,no_carbon_in_parent,5.0,,1.0,
Cl[Gd](Cl)Cl,378,2,38410,Cl[Gd](Cl)Cl,378,PubChem,378.0,False,ok,invalid_structure_or_removed_by_structure_rule,False,[Cl][Gd]([Cl])[Cl],no_carbon_in_parent,1.0,,4.0,
Cl[Sm](Cl)Cl,365,2,38411,Cl[Sm](Cl)Cl,365,PubChem,365.0,False,ok,invalid_structure_or_removed_by_structure_rule,False,[Cl][Sm]([Cl])[Cl],no_carbon_in_parent,1.0,,4.0,
Cl[Yb](Cl)Cl,300,2,38412,Cl[Yb](Cl)Cl,300,PubChem,300.0,False,ok,invalid_structure_or_removed_by_structure_rule,False,[Cl][Yb]([Cl])[Cl],no_carbon_in_parent,1.0,,4.0,
Cl[Tm](Cl)Cl,332,2,38413,Cl[Tm](Cl)Cl,332,PubChem,332.0,False,ok,invalid_structure_or_removed_by_structure_rule,False,[Cl][Tm]([Cl])[Cl],no_carbon_in_parent,1.0,,4.0,
[O-][V](=O)([O-])[O-].[Na+].[Na+].[Na+],36.3,2,38414,[O-][V](=O)([O-])[O-].[Na+].[Na+].[Na+],36.3,PubChem,36.3,False,ok,invalid_structure_or_removed_by_structure_rule,False,[O]=[V]([OH])([OH])[OH],no_carbon_in_parent,4.0,,5.0,
[H+].[H+].Cl[Pt-2](Cl)(Cl)(Cl)(Cl)Cl,29097,2,38416,[H+].[H+].Cl[Pt-2](Cl)(Cl)(Cl)(Cl)Cl,29097,PubChem,29097.0,False,ok,invalid_structure_or_removed_by_structure_rule,False,[Cl][Pt-2]([Cl])([Cl])([Cl])([Cl])[Cl],no_carbon_in_parent,3.0,,7.0,
CCN[C@@H]1C[C@@H]([C@H]([C@@H]([C@H]1O[C@@H]2[C@@H]([C@H]([C@@](CO2)(C)O)NC)O)O)O[C@@H]3[C@@H](CC=C(O3)CN)N)N.CCN[C@@H]1C[C@@H]([C@H]([C@@H]([C@H]1O[C@@H]2[C@@H]([C@H]([C@@](CO2)(C)O)NC)O)O)O[C@@H]3[C@@H](CC=C(O3)CN)N)N.OS(=O)(=O)O.OS(=O)(=O)O.OS(=O)(=O)O.OS(=O)(=O)O.OS(=O)(=O)O,189,2,38419,CCN[C@@H]1C[C@@H]([C@H]([C@@H]([C@H]1O[C@@H]2[C@@H]([C@H]([C@@](CO2)(C)O)NC)O)O)O[C@@H]3[C@@H](CC=C(O3)CN)N)N.CCN[C@@H]1C[C@@H]([C@H]([C@@H]([C@H]1O[C@@H]2[C@@H]([C@H]([C@@](CO2)(C)O)NC)O)O)O[C@@H]3[C@@H](CC=C(O3)CN)N)N.OS(=O)(=O)O.OS(=O)(=O)O.OS(=O)(=O)O.OS(=O)(=O)O.OS(=O)(=O)O,189,PubChem,189.0,False,ok,invalid_structure_or_removed_by_structure_rule,False,,complex_multiple_organic_fragments,7.0,,,
[CH-]1C=CC=C1.[CH-]1C=CC=C1.[Ni+2],86,2,38424,[CH-]1C=CC=C1.[CH-]1C=CC=C1.[Ni+2],86,PubChem,86.0,False,ok,invalid_structure_or_removed_by_structure_rule,False,,complex_multiple_organic_fragments,3.0,,,
O=[Ba],146,2,38425,O=[Ba],146,PubChem,146.0,False,ok,invalid_structure_or_removed_by_structure_rule,False,[O]=[Ba],no_carbon_in_parent,1.0,,2.0,
CC(=O)[O-].CC(=O)[O-].O.O.O.O.[Ni+2],45.7,2,38432,CC(=O)[O-].CC(=O)[O-].O.O.O.O.[Ni+2],45.7,PubChem,45.7,False,ok,invalid_structure_or_removed_by_structure_rule,False,,complex_multiple_organic_fragments,7.0,,,
O.O.O.O.O.O.O.[O-]S(=O)(=O)[O-].[Zn+2],75,2,38434,O.O.O.O.O.O.O.[O-]S(=O)(=O)[O-].[Zn+2],75,PubChem,75.0,False,ok,invalid_structure_or_removed_by_structure_rule,False,O=S(=O)(O)O,no_carbon_in_parent,9.0,,5.0,
[O-]S(=O)(=O)OOS(=O)(=O)[O-].[Na+].[Na+],226,2,38436,[O-]S(=O)(=O)OOS(=O)(=O)[O-].[Na+].[Na+],226,PubChem,226.0,False,ok,invalid_structure_or_removed_by_structure_rule,False,O=S(=O)(O)OOS(=O)(=O)O,no_carbon_in_parent,3.0,,10.0,
O.O.O.O.O.O.O.[O-]S(=O)(=O)[O-].[Fe+2],245,2,38437,O.O.O.O.O.O.O.[O-]S(=O)(=O)[O-].[Fe+2],245,PubChem,245.0,False,ok,invalid_structure_or_removed_by_structure_rule,False,O=S(=O)(O)O,no_carbon_in_parent,9.0,,5.0,
[F-].[F-].[Ba+2],29.91,2,38438,[F-].[F-].[Ba+2],29.91,PubChem,29.91,False,ok,invalid_structure_or_removed_by_structure_rule,False,[Ba+2],no_carbon_in_parent,3.0,,1.0,
[Be+2].O.O.O.O.[O-]S(=O)(=O)[O-],41,2,38439,[Be+2].O.O.O.O.[O-]S(=O)(=O)[O-],41,PubChem,41.0,False,ok,invalid_structure_or_removed_by_structure_rule,False,O=S(=O)(O)O,no_carbon_in_parent,6.0,,5.0,
[N+](=O)([O-])[O-].[Cs+],1450,2,38440,[N+](=O)([O-])[O-].[Cs+],1450,PubChem,1450.0,False,ok,invalid_structure_or_removed_by_structure_rule,False,O=[N+]([O-])O,no_carbon_in_parent,2.0,,4.0,
[Cl-].[Rb+],1149,2,38441,[Cl-].[Rb+],1149,PubChem,1149.0,False,ok,invalid_structure_or_removed_by_structure_rule,False,[Rb+],no_carbon_in_parent,2.0,,1.0,
CC(CN1C2=CC=CC=C2SC3=CC=CC=C31)N(C)C.CN1C2=C(C(=O)N(C1=O)C)NC(=N2)Cl,200,2,38463,CC(CN1C2=CC=CC=C2SC3=CC=CC=C31)N(C)C.CN1C2=C(C(=O)N(C1=O)C)NC(=N2)Cl,200,PubChem,200.0,False,ok,invalid_structure_or_removed_by_structure_rule,False,,complex_multiple_organic_fragments,2.0,,,
CC1([C@@H](N2[C@H](S1)[C@@H](C2=O)NC(=O)COC3=CC=CC=C3)C(=O)O)C.CC1([C@@H](N2[C@H](S1)[C@@H](C2=O)NC(=O)COC3=CC=CC=C3)C(=O)O)C.C1=CC=C(C=C1)CNCCNCC2=CC=CC=C2,994,2,38480,CC1([C@@H](N2[C@H](S1)[C@@H](C2=O)NC(=O)COC3=CC=CC=C3)C(=O)O)C.CC1([C@@H](N2[C@H](S1)[C@@H](C2=O)NC(=O)COC3=CC=CC=C3)C(=O)O)C.C1=CC=C(C=C1)CNCCNCC2=CC=CC=C2,994,PubChem,994.0,False,ok,invalid_structure_or_removed_by_structure_rule,False,,complex_multiple_organic_fragments,3.0,,,
Cl[La](Cl)Cl,121,2,38481,Cl[La](Cl)Cl,121,PubChem,121.0,False,ok,invalid_structure_or_removed_by_structure_rule,False,[Cl][La]([Cl])[Cl],no_carbon_in_parent,1.0,,4.0,
[O-]S(=O)(=O)[O-].[O-]S(=O)(=O)[O-].[O-]S(=O)(=O)[O-].[Ga+3].[Ga+3],2330,2,38484,[O-]S(=O)(=O)[O-].[O-]S(=O)(=O)[O-].[O-]S(=O)(=O)[O-].[Ga+3].[Ga+3],2330,PubChem,2330.0,False,ok,invalid_structure_or_removed_by_structure_rule,False,O=S(=O)(O)O,no_carbon_in_parent,5.0,,5.0,
C(#N)S.C(=N)(N)N,300,2,38491,C(#N)S.C(=N)(N)N,300,PubChem,300.0,False,ok,invalid_structure_or_removed_by_structure_rule,False,,complex_multiple_organic_fragments,2.0,,,
C1CCCN(CCC1)CCN=C(N)N.C1CCCN(CCC1)CCN=C(N)N.OS(=O)(=O)O,112,2,38499,C1CCCN(CCC1)CCN=C(N)N.C1CCCN(CCC1)CCN=C(N)N.OS(=O)(=O)O,112,PubChem,112.0,False,ok,invalid_structure_or_removed_by_structure_rule,False,,complex_multiple_organic_fragments,3.0,,,
CC[Sn](Cl)(Cl)Cl,79,2,38544,CC[Sn](Cl)(Cl)Cl,79,PubChem,79.0,False,ok,invalid_structure_or_removed_by_structure_rule,False,C[CH2][Sn]([Cl])([Cl])[Cl],uncommon_or_metal_elements:Sn,1.0,"C,Cl,Sn",6.0,
Cl[Nd](Cl)Cl,347,2,38552,Cl[Nd](Cl)Cl,347,PubChem,347.0,False,ok,invalid_structure_or_removed_by_structure_rule,False,[Cl][Nd]([Cl])[Cl],no_carbon_in_parent,1.0,,4.0,
Cl[Dy](Cl)Cl,343,2,38553,Cl[Dy](Cl)Cl,343,PubChem,343.0,False,ok,invalid_structure_or_removed_by_structure_rule,False,[Cl][Dy]([Cl])[Cl],no_carbon_in_parent,1.0,,4.0,
Cl[Th](Cl)(Cl)Cl,332,2,38554,Cl[Th](Cl)(Cl)Cl,332,PubChem,332.0,False,ok,invalid_structure_or_removed_by_structure_rule,False,[Cl][Th]([Cl])([Cl])[Cl],no_carbon_in_parent,1.0,,5.0,
Cl[Er](Cl)Cl,226,2,38560,Cl[Er](Cl)Cl,226,PubChem,226.0,False,ok,invalid_structure_or_removed_by_structure_rule,False,[Cl][Er]([Cl])[Cl],no_carbon_in_parent,1.0,,4.0,
Cl[Pr](Cl)Cl,359,2,38562,Cl[Pr](Cl)Cl,359,PubChem,359.0,False,ok,invalid_structure_or_removed_by_structure_rule,False,[Cl][Pr]([Cl])[Cl],no_carbon_in_parent,1.0,,4.0,
CC(C)(CC1=CC=CC=C1)NC.CC(C)(CC1=CC=CC=C1)NC.OS(=O)(=O)O,232,2,38716,CC(C)(CC1=CC=CC=C1)NC.CC(C)(CC1=CC=CC=C1)NC.OS(=O)(=O)O,232,PubChem,232.0,False,ok,invalid_structure_or_removed_by_structure_rule,False,,complex_multiple_organic_fragments,3.0,,,
CN1CCC(CC1)OC(C2=CC=CC=C2)C3=CC=CC=C3.CN1C2=C(C(=O)N(C1=O)C)NC(=N2)Cl,86,2,38717,CN1CCC(CC1)OC(C2=CC=CC=C2)C3=CC=CC=C3.CN1C2=C(C(=O)N(C1=O)C)NC(=N2)Cl,86,PubChem,86.0,False,ok,invalid_structure_or_removed_by_structure_rule,False,,complex_multiple_organic_fragments,2.0,,,
[Na+].[Na+].[Se-2],4,2,38774,[Na+].[Na+].[Se-2],4,PubChem,4.0,False,ok,invalid_structure_or_removed_by_structure_rule,False,[Se-2],no_carbon_in_parent,3.0,,1.0,
[OH-].[OH-].[Mg+2],815,2,38775,[OH-].[OH-].[Mg+2],815,PubChem,815.0,False,ok,invalid_structure_or_removed_by_structure_rule,False,O,no_carbon_in_parent,3.0,,1.0,
C(#N)[Se-].[K+],25,2,38836,C(#N)[Se-].[K+],25,PubChem,25.0,False,ok,invalid_structure_or_removed_by_structure_rule,False,N#C[SeH],too_few_heavy_atoms,2.0,"C,N,Se",3.0,
CNN.Cl,58,2,38884,CNN.Cl,58,PubChem,58.0,False,ok,invalid_structure_or_removed_by_structure_rule,False,CNN,too_few_heavy_atoms,2.0,"C,N",3.0,
C[C@@](CC1=CC=C(C=C1)O)(C(=O)OC)N.C[C@](CC1=CC=C(C=C1)O)(C(=O)OC)N.Cl.Cl,400,2,38885,C[C@@](CC1=CC=C(C=C1)O)(C(=O)OC)N.C[C@](CC1=CC=C(C=C1)O)(C(=O)OC)N.Cl.Cl,400,PubChem,400.0,False,ok,invalid_structure_or_removed_by_structure_rule,False,,complex_multiple_organic_fragments,4.0,,,
[Li+].[Br-],1160,2,38889,[Li+].[Br-],1160,PubChem,1160.0,False,ok,invalid_structure_or_removed_by_structure_rule,False,Br,no_carbon_in_parent,2.0,,1.0,
[F-].[F-].[Sr+2],4400,2,38890,[F-].[F-].[Sr+2],4400,PubChem,4400.0,False,ok,invalid_structure_or_removed_by_structure_rule,False,[Sr+2],no_carbon_in_parent,3.0,,1.0,
Cl[Sc](Cl)Cl,93.358,2,38895,Cl[Sc](Cl)Cl,93.358,PubChem,93.358,False,ok,invalid_structure_or_removed_by_structure_rule,False,[Cl][Sc]([Cl])[Cl],no_carbon_in_parent,1.0,,4.0,
O=[Ru]=O,3050,2,38896,O=[Ru]=O,3050,PubChem,3050.0,False,ok,invalid_structure_or_removed_by_structure_rule,False,[O]=[Ru]=[O],no_carbon_in_parent,1.0,,3.0,
C(C[Ge](=O)O[Ge](=O)CCC(=O)O)C(=O)O,1250,2,38897,C(C[Ge](=O)O[Ge](=O)CCC(=O)O)C(=O)O,1250,PubChem,1250.0,False,ok,invalid_structure_or_removed_by_structure_rule,False,O=C(O)C[CH2][Ge](=[O])[O][Ge](=[O])[CH2]CC(=O)O,uncommon_or_metal_elements:Ge,1.0,"C,Ge,O",15.0,
Cl[Re](Cl)Cl,280,2,38901,Cl[Re](Cl)Cl,280,PubChem,280.0,False,ok,invalid_structure_or_removed_by_structure_rule,False,[Cl][Re]([Cl])[Cl],no_carbon_in_parent,1.0,,4.0,
F[Nd](F)F,7876,2,38903,F[Nd](F)F,7876,PubChem,7876.0,False,ok,invalid_structure_or_removed_by_structure_rule,False,[F][Nd]([F])[F],no_carbon_in_parent,1.0,,4.0,
[F-].[F-].[Ca+2],2638,2,38917,[F-].[F-].[Ca+2],2638,PubChem,2638.0,False,ok,invalid_structure_or_removed_by_structure_rule,False,[Ca+2],no_carbon_in_parent,3.0,,1.0,
CC#N.CC#N.[Cl-].[Cl-].[Pt+2],27,2,38959,CC#N.CC#N.[Cl-].[Cl-].[Pt+2],27,PubChem,27.0,False,ok,invalid_structure_or_removed_by_structure_rule,False,,complex_multiple_organic_fragments,5.0,,,
CCN(CC)CCOCCOC(=O)C1(CCCC1)C2=CC=CC=C2.C(C(=O)O)C(CC(=O)O)(C(=O)O)O,122,2,38966,CCN(CC)CCOCCOC(=O)C1(CCCC1)C2=CC=CC=C2.C(C(=O)O)C(CC(=O)O)(C(=O)O)O,122,PubChem,122.0,False,ok,invalid_structure_or_removed_by_structure_rule,False,,complex_multiple_organic_fragments,2.0,,,
C[N+](C)(C)CCO.C1=C(NC(=O)NC1=O)C(=O)[O-],400,2,38967,C[N+](C)(C)CCO.C1=C(NC(=O)NC1=O)C(=O)[O-],400,PubChem,400.0,False,ok,invalid_structure_or_removed_by_structure_rule,False,,complex_multiple_organic_fragments,2.0,,,
CC[Sn](CC)(Cl)Cl,19,2,38976,CC[Sn](CC)(Cl)Cl,19,PubChem,19.0,False,ok,invalid_structure_or_removed_by_structure_rule,False,C[CH2][Sn]([Cl])([Cl])[CH2]C,uncommon_or_metal_elements:Sn,1.0,"C,Cl,Sn",7.0,
[Cd]=[Te],2100,2,38979,[Cd]=[Te],2100,PubChem,2100.0,False,ok,invalid_structure_or_removed_by_structure_rule,False,[Cd]=[Te],no_carbon_in_parent,1.0,,2.0,
C1(=NC(=NC(=N1)N)N)N.C1(=O)NC(=O)NC(=O)N1,1130,2,39023,C1(=NC(=NC(=N1)N)N)N.C1(=O)NC(=O)NC(=O)N1,1130,PubChem,1130.0,False,ok,invalid_structure_or_removed_by_structure_rule,False,,complex_multiple_organic_fragments,2.0,,,
NN.Cl,133,2,39169,NN.Cl,133,PubChem,133.0,False,ok,invalid_structure_or_removed_by_structure_rule,False,NN,no_carbon_in_parent,2.0,,2.0,
C[C@H]1[C@@H](OCCN1C)C2=CC=CC=C2.[C@@H]([C@H](C(=O)O)O)(C(=O)O)O,210,2,39206,C[C@H]1[C@@H](OCCN1C)C2=CC=CC=C2.[C@@H]([C@H](C(=O)O)O)(C(=O)O)O,210,PubChem,210.0,False,ok,invalid_structure_or_removed_by_structure_rule,False,,complex_multiple_organic_fragments,2.0,,,
CN1[C@@H](CCC[C@@H]1CC(=O)C2=CC=CC=C2)C[C@@H](C3=CC=CC=C3)O.CN1[C@@H](CCC[C@@H]1CC(=O)C2=CC=CC=C2)C[C@@H](C3=CC=CC=C3)O.OS(=O)(=O)O,55.3,2,39207,CN1[C@@H](CCC[C@@H]1CC(=O)C2=CC=CC=C2)C[C@@H](C3=CC=CC=C3)O.CN1[C@@H](CCC[C@@H]1CC(=O)C2=CC=CC=C2)C[C@@H](C3=CC=CC=C3)O.OS(=O)(=O)O,55.3,PubChem,55.3,False,ok,invalid_structure_or_removed_by_structure_rule,False,,complex_multiple_organic_fragments,3.0,,,
CC1(CCCC(N1C)(C)C)C.[C@@H]([C@H](C(=O)O)O)(C(=O)O)O,164,2,39209,CC1(CCCC(N1C)(C)C)C.[C@@H]([C@H](C(=O)O)O)(C(=O)O)O,164,PubChem,164.0,False,ok,invalid_structure_or_removed_by_structure_rule,False,,complex_multiple_organic_fragments,2.0,,,
B([O-])([O-])[O-].B([O-])([O-])[O-].[Ca+2].[Ca+2].[Ca+2],3900,2,39250,B([O-])([O-])[O-].B([O-])([O-])[O-].[Ca+2].[Ca+2].[Ca+2],3900,PubChem,3900.0,False,ok,invalid_structure_or_removed_by_structure_rule,False,OB(O)O,no_carbon_in_parent,5.0,,4.0,
[H+].[H+].O.O.O.O.O.O.Cl[Pt-2](Cl)(Cl)(Cl)(Cl)Cl,82,2,39251,[H+].[H+].O.O.O.O.O.O.Cl[Pt-2](Cl)(Cl)(Cl)(Cl)Cl,82,PubChem,82.0,False,ok,invalid_structure_or_removed_by_structure_rule,False,[Cl][Pt-2]([Cl])([Cl])([Cl])([Cl])[Cl],no_carbon_in_parent,9.0,,7.0,
O.O.O.O.O.[O-][Se](=O)[O-].[Na+].[Na+],9,2,39253,O.O.O.O.O.[O-][Se](=O)[O-].[Na+].[Na+],9,PubChem,9.0,False,ok,invalid_structure_or_removed_by_structure_rule,False,O=[Se](O)O,no_carbon_in_parent,8.0,,4.0,
O.O.[O-][W](=O)(=O)[O-].[Na+].[Na+],145,2,39273,O.O.[O-][W](=O)(=O)[O-].[Na+].[Na+],145,PubChem,145.0,False,ok,invalid_structure_or_removed_by_structure_rule,False,[O]=[W](=[O])([OH])[OH],no_carbon_in_parent,5.0,,5.0,
CS(=O)C.CS(=O)C.CS(=O)C.CS(=O)C.Cl[Ru]Cl,1000,2,39274,CS(=O)C.CS(=O)C.CS(=O)C.CS(=O)C.Cl[Ru]Cl,1000,PubChem,1000.0,False,ok,invalid_structure_or_removed_by_structure_rule,False,,complex_multiple_organic_fragments,5.0,,,
[N+](=O)([O-])[O-].[N+](=O)([O-])[O-].[N+](=O)([O-])[O-].[Y+3],1710,2,39292,[N+](=O)([O-])[O-].[N+](=O)([O-])[O-].[N+](=O)([O-])[O-].[Y+3],1710,PubChem,1710.0,False,ok,invalid_structure_or_removed_by_structure_rule,False,O=[N+]([O-])O,no_carbon_in_parent,4.0,,4.0,
[O-2].[O-2].[O-2].[Y+3].[Y+3],430,2,39293,[O-2].[O-2].[O-2].[Y+3].[Y+3],430,PubChem,430.0,False,ok,invalid_structure_or_removed_by_structure_rule,False,[Y+3],no_carbon_in_parent,5.0,,1.0,
[P-3].[P-3].[Cu+2].[Cu+2].[Cu+2],392,2,39294,[P-3].[P-3].[Cu+2].[Cu+2].[Cu+2],392,PubChem,392.0,False,ok,invalid_structure_or_removed_by_structure_rule,False,[Cu+2],no_carbon_in_parent,5.0,,1.0,
Cl[Sn](Cl)(Cl)Cl,99,2,39295,Cl[Sn](Cl)(Cl)Cl,99,PubChem,99.0,False,ok,invalid_structure_or_removed_by_structure_rule,False,[Cl][Sn]([Cl])([Cl])[Cl],no_carbon_in_parent,1.0,,5.0,
[O-]P(=O)([O-])[O-].[O-]P(=O)([O-])[O-].[Zn+2],287,2,39296,[O-]P(=O)([O-])[O-].[O-]P(=O)([O-])[O-].[Zn+2],287,PubChem,287.0,False,ok,invalid_structure_or_removed_by_structure_rule,False,O=P(O)(O)O,no_carbon_in_parent,3.0,,5.0,
C1CCN(CC1)C(=S)[S-].C1CCN(CC1)C(=S)[S-].[Zn+2],260,2,39297,C1CCN(CC1)C(=S)[S-].C1CCN(CC1)C(=S)[S-].[Zn+2],260,PubChem,260.0,False,ok,invalid_structure_or_removed_by_structure_rule,False,,complex_multiple_organic_fragments,3.0,,,
N#[O+].[Cl-].[Cl-].[Cl-].[Cl-].[Cl-].[K+].[K+].[Ru+2],127,2,39298,N#[O+].[Cl-].[Cl-].[Cl-].[Cl-].[Cl-].[K+].[K+].[Ru+2],127,PubChem,127.0,False,ok,invalid_structure_or_removed_by_structure_rule,False,N#[O+],no_carbon_in_parent,9.0,,2.0,
[N+](=O)([O-])[O-].[N+](=O)([O-])[O-].[N+](=O)([O-])[O-].O.O.O.O.O.[Bi+3],71,2,39309,[N+](=O)([O-])[O-].[N+](=O)([O-])[O-].[N+](=O)([O-])[O-].O.O.O.O.O.[Bi+3],71,PubChem,71.0,False,ok,invalid_structure_or_removed_by_structure_rule,False,O=[N+]([O-])O,no_carbon_in_parent,9.0,,4.0,
O.O.O.O.O.O.O.[O-]S(=O)[O-].[Na+].[Na+],277,2,39310,O.O.O.O.O.O.O.[O-]S(=O)[O-].[Na+].[Na+],277,PubChem,277.0,False,ok,invalid_structure_or_removed_by_structure_rule,False,O=S(O)O,no_carbon_in_parent,10.0,,4.0,
CN1C2=C(C(=O)N(C1=O)C)N(C=N2)CC(=O)O.CN(C)CCN(CC1=CC=C(C=C1)OC)C2=CC=CC=N2,117,2,39319,CN1C2=C(C(=O)N(C1=O)C)N(C=N2)CC(=O)O.CN(C)CCN(CC1=CC=C(C=C1)OC)C2=CC=CC=N2,117,PubChem,117.0,False,ok,invalid_structure_or_removed_by_structure_rule,False,,complex_multiple_organic_fragments,2.0,,,
C1=CC(=C(C=C1C(CN)O)O)O.[C@@H]([C@H](C(=O)[O-])O)(C(=O)[O-])O,31,2,39324,C1=CC(=C(C=C1C(CN)O)O)O.[C@@H]([C@H](C(=O)[O-])O)(C(=O)[O-])O,31,PubChem,31.0,False,ok,invalid_structure_or_removed_by_structure_rule,False,,complex_multiple_organic_fragments,2.0,,,
CN[NH3+].OS(=O)(=O)[O-],160,2,39325,CN[NH3+].OS(=O)(=O)[O-],160,PubChem,160.0,False,ok,invalid_structure_or_removed_by_structure_rule,False,CNN,too_few_heavy_atoms,2.0,"C,N",3.0,
O.O.O.O.O.O.Cl[Cr](Cl)Cl,285,2,39330,O.O.O.O.O.O.Cl[Cr](Cl)Cl,285,PubChem,285.0,False,ok,invalid_structure_or_removed_by_structure_rule,False,[Cl][Cr]([Cl])[Cl],no_carbon_in_parent,7.0,,4.0,
O.O.O.O.O.[O-]S(=O)(=O)[O-].O=[V+2],113,2,39331,O.O.O.O.O.[O-]S(=O)(=O)[O-].O=[V+2],113,PubChem,113.0,False,ok,invalid_structure_or_removed_by_structure_rule,False,O=S(=O)(O)O,no_carbon_in_parent,7.0,,5.0,
C=CC=C.C=CC#N.C=CC(=O)O,316,2,39335,C=CC=C.C=CC#N.C=CC(=O)O,316,PubChem,316.0,False,ok,invalid_structure_or_removed_by_structure_rule,False,,complex_multiple_organic_fragments,3.0,,,
CCCCCCCCCCCCCCCCCC(=O)[O-].CCCCCCCCCCCCCCCCCC(=O)[O-].[Ba+2],319,2,39361,CCCCCCCCCCCCCCCCCC(=O)[O-].CCCCCCCCCCCCCCCCCC(=O)[O-].[Ba+2],319,PubChem,319.0,False,ok,invalid_structure_or_removed_by_structure_rule,False,,complex_multiple_organic_fragments,3.0,,,
C=C.[Cl-].[Cl-].[Cl-].[K+].[Pt+2],85,2,39362,C=C.[Cl-].[Cl-].[Cl-].[K+].[Pt+2],85,PubChem,85.0,False,ok,invalid_structure_or_removed_by_structure_rule,False,C=C,too_few_heavy_atoms,6.0,C,2.0,
O.O.O.O.O.O.O.O.O.O.O.O.O.O.O.[O-]S(=O)(=O)[O-].[O-]S(=O)(=O)[O-].[O-]S(=O)(=O)[O-].[Cr+3].[Cr+3],258,2,39374,O.O.O.O.O.O.O.O.O.O.O.O.O.O.O.[O-]S(=O)(=O)[O-].[O-]S(=O)(=O)[O-].[O-]S(=O)(=O)[O-].[Cr+3].[Cr+3],258,PubChem,258.0,False,ok,invalid_structure_or_removed_by_structure_rule,False,O=S(=O)(O)O,no_carbon_in_parent,20.0,,5.0,
O.O.O.O.O.O.[Cl-].[Cl-].[Cl-].[Gd+3],669,2,39375,O.O.O.O.O.O.[Cl-].[Cl-].[Cl-].[Gd+3],669,PubChem,669.0,False,ok,invalid_structure_or_removed_by_structure_rule,False,O,no_carbon_in_parent,10.0,,1.0,
CN.CN.OS(=O)(=O)O,2400,2,39381,CN.CN.OS(=O)(=O)O,2400,PubChem,2400.0,False,ok,invalid_structure_or_removed_by_structure_rule,False,,complex_multiple_organic_fragments,3.0,,,
O.O.O.O.O.O.[Cl-].[Cl-].[Cl-].[Y+3],158,2,39429,O.O.O.O.O.O.[Cl-].[Cl-].[Cl-].[Y+3],158,PubChem,158.0,False,ok,invalid_structure_or_removed_by_structure_rule,False,O,no_carbon_in_parent,10.0,,1.0,
[N+](=O)([O-])[O-].[N+](=O)([O-])[O-].[N+](=O)([O-])[O-].O.O.O.O.O.O.[Eu+3],320,2,39430,[N+](=O)([O-])[O-].[N+](=O)([O-])[O-].[N+](=O)([O-])[O-].O.O.O.O.O.O.[Eu+3],320,PubChem,320.0,False,ok,invalid_structure_or_removed_by_structure_rule,False,O=[N+]([O-])O,no_carbon_in_parent,10.0,,4.0,
O.O.O.O.O.O.O.O.O.O.[O-][Se](=O)(=O)[O-].[Na+].[Na+],18,2,39431,O.O.O.O.O.O.O.O.O.O.[O-][Se](=O)(=O)[O-].[Na+].[Na+],18,PubChem,18.0,False,ok,invalid_structure_or_removed_by_structure_rule,False,O=[Se](=O)(O)O,no_carbon_in_parent,13.0,,5.0,
[N+](=O)([O-])[O-].[N+](=O)([O-])[O-].[N+](=O)([O-])[O-].O.O.O.O.O.O.[Tb+3],480,2,39439,[N+](=O)([O-])[O-].[N+](=O)([O-])[O-].[N+](=O)([O-])[O-].O.O.O.O.O.O.[Tb+3],480,PubChem,480.0,False,ok,invalid_structure_or_removed_by_structure_rule,False,O=[N+]([O-])O,no_carbon_in_parent,10.0,,4.0,
[N+](=O)([O-])[O-].[N+](=O)([O-])[O-].[N+](=O)([O-])[O-].O.O.O.O.O.O.[Pr+3],290,2,39446,[N+](=O)([O-])[O-].[N+](=O)([O-])[O-].[N+](=O)([O-])[O-].O.O.O.O.O.O.[Pr+3],290,PubChem,290.0,False,ok,invalid_structure_or_removed_by_structure_rule,False,O=[N+]([O-])O,no_carbon_in_parent,10.0,,4.0,
CC1=C(SC=N1)CCBr.CC1=C(SC=N1)CCBr.C(CS(=O)(=O)O)S(=O)(=O)O,250,2,39447,CC1=C(SC=N1)CCBr.CC1=C(SC=N1)CCBr.C(CS(=O)(=O)O)S(=O)(=O)O,250,PubChem,250.0,False,ok,invalid_structure_or_removed_by_structure_rule,False,,complex_multiple_organic_fragments,3.0,,,
[N+](=O)([O-])[O-].[N+](=O)([O-])[O-].[N+](=O)([O-])[O-].O.O.O.O.O.O.[Nd+3],270,2,39449,[N+](=O)([O-])[O-].[N+](=O)([O-])[O-].[N+](=O)([O-])[O-].O.O.O.O.O.O.[Nd+3],270,PubChem,270.0,False,ok,invalid_structure_or_removed_by_structure_rule,False,O=[N+]([O-])O,no_carbon_in_parent,10.0,,4.0,
C1COCCN1C(=N)N.C1COCCN1C(=N)N.OS(=O)(=O)O,1900,2,39452,C1COCCN1C(=N)N.C1COCCN1C(=N)N.OS(=O)(=O)O,1900,PubChem,1900.0,False,ok,invalid_structure_or_removed_by_structure_rule,False,,complex_multiple_organic_fragments,3.0,,,
[N+](=O)([O-])[O-].[N+](=O)([O-])[O-].[N+](=O)([O-])[O-].O.O.O.O.O.O.[Gd+3],300,2,39485,[N+](=O)([O-])[O-].[N+](=O)([O-])[O-].[N+](=O)([O-])[O-].O.O.O.O.O.O.[Gd+3],300,PubChem,300.0,False,ok,invalid_structure_or_removed_by_structure_rule,False,O=[N+]([O-])O,no_carbon_in_parent,10.0,,4.0,
CCCCN.CCCCN.OS(=O)(=O)O,1100,2,39525,CCCCN.CCCCN.OS(=O)(=O)O,1100,PubChem,1100.0,False,ok,invalid_structure_or_removed_by_structure_rule,False,,complex_multiple_organic_fragments,3.0,,,
CC[NH+](CC)CCC1=NC(=NO1)C2=CC=CC=C2.C(C(=O)O)C(CC(=O)[O-])(C(=O)O)O,351,2,39555,CC[NH+](CC)CCC1=NC(=NO1)C2=CC=CC=C2.C(C(=O)O)C(CC(=O)[O-])(C(=O)O)O,351,PubChem,351.0,False,ok,invalid_structure_or_removed_by_structure_rule,False,,complex_multiple_organic_fragments,2.0,,,
C[NH+](C)CCOC1=CC=CC=C1CC2=CC=CC=C2.C(C(=O)O)C(CC(=O)[O-])(C(=O)O)O,246,2,39561,C[NH+](C)CCOC1=CC=CC=C1CC2=CC=CC=C2.C(C(=O)O)C(CC(=O)[O-])(C(=O)O)O,246,PubChem,246.0,False,ok,invalid_structure_or_removed_by_structure_rule,False,,complex_multiple_organic_fragments,2.0,,,
CC1=CC(=NO1)NS(=O)(=O)C2=CC=C(C=C2)N.COC1=CC(=CC(=C1OC)OC)CC2=CN=C(N=C2N)N,2010,2,39570,CC1=CC(=NO1)NS(=O)(=O)C2=CC=C(C=C2)N.COC1=CC(=CC(=C1OC)OC)CC2=CN=C(N=C2N)N,2010,PubChem,2010.0,False,ok,invalid_structure_or_removed_by_structure_rule,False,,complex_multiple_organic_fragments,2.0,,,
C[C@@]1(CO[C@@H]([C@@H]([C@H]1NC)O)O[C@H]2[C@@H](C[C@@H]([C@H]([C@@H]2O)O[C@@H]3[C@@H](CC=C(O3)CN)N)N)N)O.C[C@@]1(CO[C@@H]([C@@H]([C@H]1NC)O)O[C@H]2[C@@H](C[C@@H]([C@H]([C@@H]2O)O[C@@H]3[C@@H](CC=C(O3)CN)N)N)N)O.OS(=O)(=O)O.OS(=O)(=O)O.OS(=O)(=O)O.OS(=O)(=O)O.OS(=O)(=O)O,221,2,39574,C[C@@]1(CO[C@@H]([C@@H]([C@H]1NC)O)O[C@H]2[C@@H](C[C@@H]([C@H]([C@@H]2O)O[C@@H]3[C@@H](CC=C(O3)CN)N)N)N)O.C[C@@]1(CO[C@@H]([C@@H]([C@H]1NC)O)O[C@H]2[C@@H](C[C@@H]([C@H]([C@@H]2O)O[C@@H]3[C@@H](CC=C(O3)CN)N)N)N)O.OS(=O)(=O)O.OS(=O)(=O)O.OS(=O)(=O)O.OS(=O)(=O)O.OS(=O)(=O)O,221,PubChem,221.0,False,ok,invalid_structure_or_removed_by_structure_rule,False,,complex_multiple_organic_fragments,7.0,,,
CC(CN1C2=CC=CC=C2SC3=CC=CC=C31)CN(C)C.CC(CN1C2=CC=CC=C2SC3=CC=CC=C31)CN(C)C.[C@@H]([C@H](C(=O)O)O)(C(=O)O)O,140,2,39589,CC(CN1C2=CC=CC=C2SC3=CC=CC=C31)CN(C)C.CC(CN1C2=CC=CC=C2SC3=CC=CC=C31)CN(C)C.[C@@H]([C@H](C(=O)O)O)(C(=O)O)O,140,PubChem,140.0,False,ok,invalid_structure_or_removed_by_structure_rule,False,,complex_multiple_organic_fragments,3.0,,,
CC(C)NCC(COC1=CC=C(C=C1)CCOC)O.CC(C)NCC(COC1=CC=C(C=C1)CCOC)O.[C@@H]([C@H](C(=O)O)O)(C(=O)O)O,202,2,39593,CC(C)NCC(COC1=CC=C(C=C1)CCOC)O.CC(C)NCC(COC1=CC=C(C=C1)CCOC)O.[C@@H]([C@H](C(=O)O)O)(C(=O)O)O,202,PubChem,202.0,False,ok,invalid_structure_or_removed_by_structure_rule,False,,complex_multiple_organic_fragments,3.0,,,
COC1=CC2=C(C=CN=C2C=C1)[C@@H]([C@H]3C[C@@H]4CCN3C[C@@H]4C=C)O.COC1=CC2=C(C=CN=C2C=C1)[C@@H]([C@H]3C[C@@H]4CCN3C[C@@H]4C=C)O.OS(=O)(=O)O,135,2,39594,COC1=CC2=C(C=CN=C2C=C1)[C@@H]([C@H]3C[C@@H]4CCN3C[C@@H]4C=C)O.COC1=CC2=C(C=CN=C2C=C1)[C@@H]([C@H]3C[C@@H]4CCN3C[C@@H]4C=C)O.OS(=O)(=O)O,135,PubChem,135.0,False,ok,invalid_structure_or_removed_by_structure_rule,False,,complex_multiple_organic_fragments,3.0,,,
CC(C)(C)[NH2+]CC(C1=CC(=CC(=C1)O)O)O.CC(C)(C)[NH2+]CC(C1=CC(=CC(=C1)O)O)O.[O-]S(=O)(=O)[O-],130,2,39595,CC(C)(C)[NH2+]CC(C1=CC(=CC(=C1)O)O)O.CC(C)(C)[NH2+]CC(C1=CC(=CC(=C1)O)O)O.[O-]S(=O)(=O)[O-],130,PubChem,130.0,False,ok,invalid_structure_or_removed_by_structure_rule,False,,complex_multiple_organic_fragments,3.0,,,
C[C@@H]([C@@H](C1=CC(=CC=C1)O)O)N.[C@@H]([C@H](C(=O)O)O)(C(=O)O)O,680,2,39603,C[C@@H]([C@@H](C1=CC(=CC=C1)O)O)N.[C@@H]([C@H](C(=O)O)O)(C(=O)O)O,680,PubChem,680.0,False,ok,invalid_structure_or_removed_by_structure_rule,False,,complex_multiple_organic_fragments,2.0,,,
CC(C)(CO)[C@H](C(=O)NCCC(=O)[O-])O.CC(C)(CO)[C@H](C(=O)NCCC(=O)[O-])O.[Ca+2],920,2,39628,CC(C)(CO)[C@H](C(=O)NCCC(=O)[O-])O.CC(C)(CO)[C@H](C(=O)NCCC(=O)[O-])O.[Ca+2],920,PubChem,920.0,False,ok,invalid_structure_or_removed_by_structure_rule,False,,complex_multiple_organic_fragments,3.0,,,
[NH4+].[O-][V](=O)=O,45.931,2,39678,[NH4+].[O-][V](=O)=O,45.931,PubChem,45.931,False,ok,invalid_structure_or_removed_by_structure_rule,False,N,no_carbon_in_parent,2.0,,1.0,
CCN(CC)CCOC(=O)C1(CCCC1)C2=CC=CC=C2.CCN(CC)CCOC(=O)C1(CCCC1)C2=CC=CC=C2.C(CS(=O)(=O)O)S(=O)(=O)O,240,2,39680,CCN(CC)CCOC(=O)C1(CCCC1)C2=CC=CC=C2.CCN(CC)CCOC(=O)C1(CCCC1)C2=CC=CC=C2.C(CS(=O)(=O)O)S(=O)(=O)O,240,PubChem,240.0,False,ok,invalid_structure_or_removed_by_structure_rule,False,,complex_multiple_organic_fragments,3.0,,,
CC(=O)NC1=C(C(=C(C(=C1I)C(=O)O)I)C(=O)NC)I.CNC[C@@H]([C@H]([C@@H]([C@@H](CO)O)O)O)O,22741,2,39733,CC(=O)NC1=C(C(=C(C(=C1I)C(=O)O)I)C(=O)NC)I.CNC[C@@H]([C@H]([C@@H]([C@@H](CO)O)O)O)O,22741,PubChem,22741.0,False,ok,invalid_structure_or_removed_by_structure_rule,False,,complex_multiple_organic_fragments,2.0,,,
C(C(=O)O)ON.C(C(=O)O)ON.Cl,65,2,39817,C(C(=O)O)ON.C(C(=O)O)ON.Cl,65,PubChem,65.0,False,ok,invalid_structure_or_removed_by_structure_rule,False,,complex_multiple_organic_fragments,3.0,,,
CN1CCC[C@H]1C2=CN=CC=C2.CN1CCC[C@H]1C2=CN=CC=C2.OS(=O)(=O)O,10.2,2,39833,CN1CCC[C@H]1C2=CN=CC=C2.CN1CCC[C@H]1C2=CN=CC=C2.OS(=O)(=O)O,10.2,PubChem,10.2,False,ok,invalid_structure_or_removed_by_structure_rule,False,,complex_multiple_organic_fragments,3.0,,,
C(=O)(C(F)(F)F)C(F)(F)F.C(=O)(C(F)(F)F)C(F)(F)F.O.O.O,250,2,39868,C(=O)(C(F)(F)F)C(F)(F)F.C(=O)(C(F)(F)F)C(F)(F)F.O.O.O,250,PubChem,250.0,False,ok,invalid_structure_or_removed_by_structure_rule,False,,complex_multiple_organic_fragments,5.0,,,
CS(=O)C.CS(=O)C.[Cl-].[Cl-].[Pt+2],133,2,39874,CS(=O)C.CS(=O)C.[Cl-].[Cl-].[Pt+2],133,PubChem,133.0,False,ok,invalid_structure_or_removed_by_structure_rule,False,,complex_multiple_organic_fragments,5.0,,,
C(C(C(=O)[O-])[O-])(C(=O)[O-])[O-].C(C(C(=O)[O-])[O-])(C(=O)[O-])[O-].[K+].[K+].[Sb+3].[Sb+3],49.64,2,39908,C(C(C(=O)[O-])[O-])(C(=O)[O-])[O-].C(C(C(=O)[O-])[O-])(C(=O)[O-])[O-].[K+].[K+].[Sb+3].[Sb+3],49.64,PubChem,49.64,False,ok,invalid_structure_or_removed_by_structure_rule,False,,complex_multiple_organic_fragments,6.0,,,
C(C(C(=O)[O-])[O-])(C(=O)[O-])[O-].C(C(C(=O)[O-])[O-])(C(=O)[O-])[O-].[K+].[K+].[Sb+3].[Sb+3],45.637,2,39909,C(C(C(=O)[O-])[O-])(C(=O)[O-])[O-].C(C(C(=O)[O-])[O-])(C(=O)[O-])[O-].[K+].[K+].[Sb+3].[Sb+3],45.637,PubChem,45.637,False,ok,invalid_structure_or_removed_by_structure_rule,False,,complex_multiple_organic_fragments,6.0,,,
[N-]=[N+]=[N-].[Na+],28,2,39965,[N-]=[N+]=[N-].[Na+],28,PubChem,28.0,False,ok,invalid_structure_or_removed_by_structure_rule,False,[N-]=[N+]=[N-],no_carbon_in_parent,2.0,,3.0,
C1=CC(=C(C=C1Cl)C2=NC(=NC(=N2)N)N)Cl.C(=C\C(=O)O)\C(=O)O,775,2,40045,C1=CC(=C(C=C1Cl)C2=NC(=NC(=N2)N)N)Cl.C(=C\C(=O)O)\C(=O)O,775,PubChem,775.0,False,ok,invalid_structure_or_removed_by_structure_rule,False,,complex_multiple_organic_fragments,2.0,,,
O.O.[Cl-].[Cl-].[Ba+2],51,2,40050,O.O.[Cl-].[Cl-].[Ba+2],51,PubChem,51.0,False,ok,invalid_structure_or_removed_by_structure_rule,False,O,no_carbon_in_parent,5.0,,1.0,
[Cl-].[Cl-].[Ca+2],210,2,40051,[Cl-].[Cl-].[Ca+2],210,PubChem,210.0,False,ok,invalid_structure_or_removed_by_structure_rule,False,[Ca+2],no_carbon_in_parent,3.0,,1.0,
[Rb],1200,2,40110,[Rb],1200,PubChem,1200.0,False,ok,invalid_structure_or_removed_by_structure_rule,False,[Rb],no_carbon_in_parent,1.0,,1.0,
C[C@@H]([C@@H](C1=CC=CC=C1)O)NC.C[C@@H]([C@@H](C1=CC=CC=C1)O)NC.OS(=O)(=O)O,270,2,40113,C[C@@H]([C@@H](C1=CC=CC=C1)O)NC.C[C@@H]([C@@H](C1=CC=CC=C1)O)NC.OS(=O)(=O)O,270,PubChem,270.0,False,ok,invalid_structure_or_removed_by_structure_rule,False,,complex_multiple_organic_fragments,3.0,,,
[As],3,2,40115,[As],3,PubChem,3.0,False,ok,invalid_structure_or_removed_by_structure_rule,False,[As],no_carbon_in_parent,1.0,,1.0,
CN1CC[C@]23[C@@H]4[C@H]1CC5=C2C(=C(C=C5)OC)O[C@H]3[C@H](C=C4)O.CN1CC[C@]23[C@@H]4[C@H]1CC5=C2C(=C(C=C5)OC)O[C@H]3[C@H](C=C4)O.OS(=O)(=O)O,143,2,40116,CN1CC[C@]23[C@@H]4[C@H]1CC5=C2C(=C(C=C5)OC)O[C@H]3[C@H](C=C4)O.CN1CC[C@]23[C@@H]4[C@H]1CC5=C2C(=C(C=C5)OC)O[C@H]3[C@H](C=C4)O.OS(=O)(=O)O,143,PubChem,143.0,False,ok,invalid_structure_or_removed_by_structure_rule,False,,complex_multiple_organic_fragments,3.0,,,
[Mg+2].[Cl-].[Cl-],342,2,40117,[Mg+2].[Cl-].[Cl-],342,PubChem,342.0,False,ok,invalid_structure_or_removed_by_structure_rule,False,Cl,no_carbon_in_parent,3.0,,1.0,
[Ca+2].[Br-].[Br-],740,2,40118,[Ca+2].[Br-].[Br-],740,PubChem,740.0,False,ok,invalid_structure_or_removed_by_structure_rule,False,Br,no_carbon_in_parent,3.0,,1.0,
[Cl-].[Cl-].[Sr+2],908,2,40123,[Cl-].[Cl-].[Sr+2],908,PubChem,908.0,False,ok,invalid_structure_or_removed_by_structure_rule,False,[Sr+2],no_carbon_in_parent,3.0,,1.0,
[B],11000,2,40154,[B],11000,PubChem,11000.0,False,ok,invalid_structure_or_removed_by_structure_rule,False,[B],no_carbon_in_parent,1.0,,1.0,
C(CN)C#N.C(CN)C#N.C(=C/C(=O)O)\C(=O)O,5362,2,40157,C(CN)C#N.C(CN)C#N.C(=C/C(=O)O)\C(=O)O,5362,PubChem,5362.0,False,ok,invalid_structure_or_removed_by_structure_rule,False,,complex_multiple_organic_fragments,3.0,,,
CN1CC[C@]23CCCC[C@H]2[C@H]1CC4=C3C=C(C=C4)O.[C@@H]([C@H](C(=O)O)O)(C(=O)O)O,92,2,40160,CN1CC[C@]23CCCC[C@H]2[C@H]1CC4=C3C=C(C=C4)O.[C@@H]([C@H](C(=O)O)O)(C(=O)O)O,92,PubChem,92.0,False,ok,invalid_structure_or_removed_by_structure_rule,False,,complex_multiple_organic_fragments,2.0,,,
C/C(=C/C(=O)C)/[O-].C/C(=C/C(=O)C)/[O-].C/C(=C/C(=O)C)/[O-].[Fe+3],76,2,40171,C/C(=C/C(=O)C)/[O-].C/C(=C/C(=O)C)/[O-].C/C(=C/C(=O)C)/[O-].[Fe+3],76,PubChem,76.0,False,ok,invalid_structure_or_removed_by_structure_rule,False,,complex_multiple_organic_fragments,4.0,,,
C1CN(CCN1)C2=NC3=CC=CC=C3C=C2.C(=C\C(=O)O)\C(=O)O,102,2,40182,C1CN(CCN1)C2=NC3=CC=CC=C3C=C2.C(=C\C(=O)O)\C(=O)O,102,PubChem,102.0,False,ok,invalid_structure_or_removed_by_structure_rule,False,,complex_multiple_organic_fragments,2.0,,,
O.O.[Cl-].[Cl-].[Ca+2],20500,2,40194,O.O.[Cl-].[Cl-].[Ca+2],20500,PubChem,20500.0,False,ok,invalid_structure_or_removed_by_structure_rule,False,O,no_carbon_in_parent,5.0,,1.0,
[OH-].[OH-].[Ba+2],255,2,40195,[OH-].[OH-].[Ba+2],255,PubChem,255.0,False,ok,invalid_structure_or_removed_by_structure_rule,False,O,no_carbon_in_parent,3.0,,1.0,
CCN(C1=CC=CC=C1)C(=S)[S-].CCN(C1=CC=CC=C1)C(=S)[S-].[Zn+2],533,2,40196,CCN(C1=CC=CC=C1)C(=S)[S-].CCN(C1=CC=CC=C1)C(=S)[S-].[Zn+2],533,PubChem,533.0,False,ok,invalid_structure_or_removed_by_structure_rule,False,,complex_multiple_organic_fragments,3.0,,,
O.Cl[Ru](Cl)Cl,225,2,40197,O.Cl[Ru](Cl)Cl,225,PubChem,225.0,False,ok,invalid_structure_or_removed_by_structure_rule,False,[Cl][Ru]([Cl])[Cl],no_carbon_in_parent,2.0,,4.0,
C1=CC=C(C=C1)C#N.C1=CC=C(C=C1)C#N.[Cl-].[Cl-].[Pt+2],90,2,40198,C1=CC=C(C=C1)C#N.C1=CC=C(C=C1)C#N.[Cl-].[Cl-].[Pt+2],90,PubChem,90.0,False,ok,invalid_structure_or_removed_by_structure_rule,False,,complex_multiple_organic_fragments,5.0,,,
O.O.O.O.O.O.[Cl-].[Cl-].[Sr+2],1253,2,40199,O.O.O.O.O.O.[Cl-].[Cl-].[Sr+2],1253,PubChem,1253.0,False,ok,invalid_structure_or_removed_by_structure_rule,False,O,no_carbon_in_parent,9.0,,1.0,
[B].CNC,200,2,40208,[B].CNC,200,PubChem,200.0,False,ok,invalid_structure_or_removed_by_structure_rule,False,CNC,too_few_heavy_atoms,2.0,"C,N",3.0,
C[NH3+].[Cl-],2160,2,40211,C[NH3+].[Cl-],2160,PubChem,2160.0,False,ok,invalid_structure_or_removed_by_structure_rule,False,CN,too_few_heavy_atoms,2.0,"C,N",2.0,
C[C@@]12CC[NH+]([C@@H]1N(C3=C2C=C(C=C3)OC(=O)NC)C)C.C[C@@]12CC[NH+]([C@@H]1N(C3=C2C=C(C=C3)OC(=O)NC)C)C.[O-]S(=O)(=O)[O-],0.51,2,40221,C[C@@]12CC[NH+]([C@@H]1N(C3=C2C=C(C=C3)OC(=O)NC)C)C.C[C@@]12CC[NH+]([C@@H]1N(C3=C2C=C(C=C3)OC(=O)NC)C)C.[O-]S(=O)(=O)[O-],0.51,PubChem,0.51,False,ok,invalid_structure_or_removed_by_structure_rule,False,,complex_multiple_organic_fragments,3.0,,,
[O-2].[O-2].[O-2].[O-2].[Co+2].[Co+3].[Co+3],1890,2,40229,[O-2].[O-2].[O-2].[O-2].[Co+2].[Co+3].[Co+3],1890,PubChem,1890.0,False,ok,invalid_structure_or_removed_by_structure_rule,False,[Co+2],no_carbon_in_parent,7.0,,1.0,
C/C=C(\C)/C(=O)O[C@H]1[C@@H]([C@@]2([C@@H](C[C@@]3(C(=CCC4[C@]3(CCC5[C@@]4(CCC([C@]5(C)CO)O[C@H]6[C@@H]([C@H]([C@@H]([C@H](O6)C(=O)O)O[C@H]7[C@@H]([C@H]([C@@H]([C@H](O7)CO)O)O)O)O)O[C@H]8[C@@H]([C@H]([C@@H]([C@H](O8)CO)O)O)O)C)C)C2CC1(C)C)C)O)CO)OC(=O)C.C/C=C(/C)\C(=O)O[C@H]1[C@@H]([C@@]2([C@@H](C[C@@]3(C(=CCC4[C@]3(CCC5[C@@]4(CCC([C@]5(C)CO)O[C@H]6[C@@H]([C@H]([C@@H]([C@H](O6)C(=O)O)O[C@H]7[C@@H]([C@H]([C@@H]([C@H](O7)CO)O)O)O)O)O[C@H]8[C@@H]([C@H]([C@@H]([C@H](O8)CO)O)O)O)C)C)C2CC1(C)C)C)O)CO)OC(=O)C,6.7,2,40239,C/C=C(\C)/C(=O)O[C@H]1[C@@H]([C@@]2([C@@H](C[C@@]3(C(=CCC4[C@]3(CCC5[C@@]4(CCC([C@]5(C)CO)O[C@H]6[C@@H]([C@H]([C@@H]([C@H](O6)C(=O)O)O[C@H]7[C@@H]([C@H]([C@@H]([C@H](O7)CO)O)O)O)O)O[C@H]8[C@@H]([C@H]([C@@H]([C@H](O8)CO)O)O)O)C)C)C2CC1(C)C)C)O)CO)OC(=O)C.C/C=C(/C)\C(=O)O[C@H]1[C@@H]([C@@]2([C@@H](C[C@@]3(C(=CCC4[C@]3(CCC5[C@@]4(CCC([C@]5(C)CO)O[C@H]6[C@@H]([C@H]([C@@H]([C@H](O6)C(=O)O)O[C@H]7[C@@H]([C@H]([C@@H]([C@H](O7)CO)O)O)O)O)O[C@H]8[C@@H]([C@H]([C@@H]([C@H](O8)CO)O)O)O)C)C)C2CC1(C)C)C)O)CO)OC(=O)C,6.7,PubChem,6.7,False,ok,invalid_structure_or_removed_by_structure_rule,False,,complex_multiple_organic_fragments,2.0,,,
CC1=C(SC=C1)/C=C/C2=NCCCN2C.[C@@H]([C@H](C(=O)O)O)(C(=O)O)O,28,2,40243,CC1=C(SC=C1)/C=C/C2=NCCCN2C.[C@@H]([C@H](C(=O)O)O)(C(=O)O)O,28,PubChem,28.0,False,ok,invalid_structure_or_removed_by_structure_rule,False,,complex_multiple_organic_fragments,2.0,,,
C1CN(CC1)CC#CCN2C(=O)CCC2.C1CN(CC1)CC#CCN2C(=O)CCC2.C(=C/C(=O)O)\C(=O)O.C(=C/C(=O)O)\C(=O)O.C(=C/C(=O)O)\C(=O)O,6.5,2,40248,C1CN(CC1)CC#CCN2C(=O)CCC2.C1CN(CC1)CC#CCN2C(=O)CCC2.C(=C/C(=O)O)\C(=O)O.C(=C/C(=O)O)\C(=O)O.C(=C/C(=O)O)\C(=O)O,6.5,PubChem,6.5,False,ok,invalid_structure_or_removed_by_structure_rule,False,,complex_multiple_organic_fragments,5.0,,,
CCCC[NH2+]CC(C1=CC=C(C=C1)O)O.CCCC[NH2+]CC(C1=CC=C(C=C1)O)O.[O-]S(=O)(=O)[O-],210,2,40315,CCCC[NH2+]CC(C1=CC=C(C=C1)O)O.CCCC[NH2+]CC(C1=CC=C(C=C1)O)O.[O-]S(=O)(=O)[O-],210,PubChem,210.0,False,ok,invalid_structure_or_removed_by_structure_rule,False,,complex_multiple_organic_fragments,3.0,,,
CC1=C(SC=N1)CCCl.CC1=C(SC=N1)CCCl.C(CS(=O)(=O)O)S(=O)(=O)O,380,2,40318,CC1=C(SC=N1)CCCl.CC1=C(SC=N1)CCCl.C(CS(=O)(=O)O)S(=O)(=O)O,380,PubChem,380.0,False,ok,invalid_structure_or_removed_by_structure_rule,False,,complex_multiple_organic_fragments,3.0,,,
Cl[Y](Cl)Cl,88,2,40331,Cl[Y](Cl)Cl,88,PubChem,88.0,False,ok,invalid_structure_or_removed_by_structure_rule,False,[Cl][Y]([Cl])[Cl],no_carbon_in_parent,1.0,,4.0,
Cl[Mn]Cl,121,2,40335,Cl[Mn]Cl,121,PubChem,121.0,False,ok,invalid_structure_or_removed_by_structure_rule,False,[Cl][Mn][Cl],no_carbon_in_parent,1.0,,3.0,
C/C(=C/C(=O)C)/O.C/C(=C/C(=O)C)/O.[Ni],125,2,40338,C/C(=C/C(=O)C)/O.C/C(=C/C(=O)C)/O.[Ni],125,PubChem,125.0,False,ok,invalid_structure_or_removed_by_structure_rule,False,,complex_multiple_organic_fragments,3.0,,,
O=[Ce]O[Ce]=O,475,2,40343,O=[Ce]O[Ce]=O,475,PubChem,475.0,False,ok,invalid_structure_or_removed_by_structure_rule,False,[O]=[Ce][O][Ce]=[O],no_carbon_in_parent,1.0,,5.0,
O.O.O.[Cl-].[Cl-].[Cl-].[Rh+3],369,2,40348,O.O.O.[Cl-].[Cl-].[Cl-].[Rh+3],369,PubChem,369.0,False,ok,invalid_structure_or_removed_by_structure_rule,False,O,no_carbon_in_parent,7.0,,1.0,
CN1[C@@H]2CC[C@H]1CC(C2)OC(=O)[C@H](CO)C3=CC=CC=C3.CN1[C@@H]2CC[C@H]1CC(C2)OC(=O)[C@H](CO)C3=CC=CC=C3.OS(=O)(=O)O,210,2,40349,CN1[C@@H]2CC[C@H]1CC(C2)OC(=O)[C@H](CO)C3=CC=CC=C3.CN1[C@@H]2CC[C@H]1CC(C2)OC(=O)[C@H](CO)C3=CC=CC=C3.OS(=O)(=O)O,210,PubChem,210.0,False,ok,invalid_structure_or_removed_by_structure_rule,False,,complex_multiple_organic_fragments,3.0,,,
C1[C@@H]([C@H]([C@@H]([C@H]([C@@H]1N)O[C@@H]2[C@@H]([C@H]([C@@H]([C@H](O2)CO)O)N)O)O)O[C@@H]3[C@@H](C[C@@H]([C@H](O3)CN)O)N)N.C1[C@@H]([C@H]([C@@H]([C@H]([C@@H]1N)O[C@@H]2[C@@H]([C@H]([C@@H]([C@H](O2)CO)O)N)O)O)O[C@@H]3[C@@H](C[C@@H]([C@H](O3)CN)O)N)N.OS(=O)(=O)O.OS(=O)(=O)O.OS(=O)(=O)O.OS(=O)(=O)O.OS(=O)(=O)O,262,2,40360,C1[C@@H]([C@H]([C@@H]([C@H]([C@@H]1N)O[C@@H]2[C@@H]([C@H]([C@@H]([C@H](O2)CO)O)N)O)O)O[C@@H]3[C@@H](C[C@@H]([C@H](O3)CN)O)N)N.C1[C@@H]([C@H]([C@@H]([C@H]([C@@H]1N)O[C@@H]2[C@@H]([C@H]([C@@H]([C@H](O2)CO)O)N)O)O)O[C@@H]3[C@@H](C[C@@H]([C@H](O3)CN)O)N)N.OS(=O)(=O)O.OS(=O)(=O)O.OS(=O)(=O)O.OS(=O)(=O)O.OS(=O)(=O)O,262,PubChem,262.0,False,ok,invalid_structure_or_removed_by_structure_rule,False,,complex_multiple_organic_fragments,7.0,,,
CN1CCC[C@H]1C2=CN=CC=C2.[C@@H]([C@H](C(=O)O)O)(C(=O)O)O.[C@@H]([C@H](C(=O)O)O)(C(=O)O)O,9.1,2,40363,CN1CCC[C@H]1C2=CN=CC=C2.[C@@H]([C@H](C(=O)O)O)(C(=O)O)O.[C@@H]([C@H](C(=O)O)O)(C(=O)O)O,9.1,PubChem,9.1,False,ok,invalid_structure_or_removed_by_structure_rule,False,,complex_multiple_organic_fragments,3.0,,,
CC(=O)[C-]1[CH-][CH-][CH-][CH-]1.CC(=O)[C-]1C=CC=C1.[Fe],90,2,40365,CC(=O)[C-]1[CH-][CH-][CH-][CH-]1.CC(=O)[C-]1C=CC=C1.[Fe],90,PubChem,90.0,False,ok,invalid_structure_or_removed_by_structure_rule,False,,complex_multiple_organic_fragments,3.0,,,
[CH-]1C=CC=C1.[CH-]1C=CC=C1.[Co+2],80,2,40377,[CH-]1C=CC=C1.[CH-]1C=CC=C1.[Co+2],80,PubChem,80.0,False,ok,invalid_structure_or_removed_by_structure_rule,False,,complex_multiple_organic_fragments,3.0,,,
CCCC(CCC)C(=O)[O-].CCCC(CCC)C(=O)[O-].[Ca+2],320,2,40391,CCCC(CCC)C(=O)[O-].CCCC(CCC)C(=O)[O-].[Ca+2],320,PubChem,320.0,False,ok,invalid_structure_or_removed_by_structure_rule,False,,complex_multiple_organic_fragments,3.0,,,
CC(=O)[CH-]C(=O)C.CC(=O)[CH-]C(=O)C.[Cu+2],19,2,40396,CC(=O)[CH-]C(=O)C.CC(=O)[CH-]C(=O)C.[Cu+2],19,PubChem,19.0,False,ok,invalid_structure_or_removed_by_structure_rule,False,,complex_multiple_organic_fragments,3.0,,,
N.N.[Cl-].[Cl-].[Cl-].[Cl-].[Pt+4],22.84,2,40405,N.N.[Cl-].[Cl-].[Cl-].[Cl-].[Pt+4],22.84,PubChem,22.84,False,ok,invalid_structure_or_removed_by_structure_rule,False,N,no_carbon_in_parent,7.0,,1.0,
C1CNCCN1.C1CNCCN1.C1CNCCN1.C(C(=O)O)C(CC(=O)O)(C(=O)O)O.C(C(=O)O)C(CC(=O)O)(C(=O)O)O,3548,2,40408,C1CNCCN1.C1CNCCN1.C1CNCCN1.C(C(=O)O)C(CC(=O)O)(C(=O)O)O.C(C(=O)O)C(CC(=O)O)(C(=O)O)O,3548,PubChem,3548.0,False,ok,invalid_structure_or_removed_by_structure_rule,False,,complex_multiple_organic_fragments,5.0,,,
C[NH2+]C(=NC)NCC1=CC=CC=C1.C[NH2+]C(=NC)NCC1=CC=CC=C1.[O-]S(=O)(=O)[O-],150,2,40413,C[NH2+]C(=NC)NCC1=CC=CC=C1.C[NH2+]C(=NC)NCC1=CC=CC=C1.[O-]S(=O)(=O)[O-],150,PubChem,150.0,False,ok,invalid_structure_or_removed_by_structure_rule,False,,complex_multiple_organic_fragments,3.0,,,
[O-]P(=O)=O.[O-]P(=O)=O.[Ca+2],800,2,40416,[O-]P(=O)=O.[O-]P(=O)=O.[Ca+2],800,PubChem,800.0,False,ok,invalid_structure_or_removed_by_structure_rule,False,O=P(=O)O,no_carbon_in_parent,3.0,,4.0,
[O-]P(=O)=O.[O-]P(=O)=O.[Ca+2],800,2,40417,[O-]P(=O)=O.[O-]P(=O)=O.[Ca+2],800,PubChem,800.0,False,ok,invalid_structure_or_removed_by_structure_rule,False,O=P(=O)O,no_carbon_in_parent,3.0,,4.0,
B1(OB2OB(OB(O1)O2)[O-])[O-].O.O.O.O.O.O.O.O.O.O.[Na+].[Na+],2711,2,40425,B1(OB2OB(OB(O1)O2)[O-])[O-].O.O.O.O.O.O.O.O.O.O.[Na+].[Na+],2711,PubChem,2711.0,False,ok,invalid_structure_or_removed_by_structure_rule,False,OB1OB2OB(O)OB(O1)O2,no_carbon_in_parent,13.0,,11.0,
O.O.[O-][Mo](=O)(=O)[O-].[Na+].[Na+],257,2,40426,O.O.[O-][Mo](=O)(=O)[O-].[Na+].[Na+],257,PubChem,257.0,False,ok,invalid_structure_or_removed_by_structure_rule,False,[O]=[Mo](=[O])([OH])[OH],no_carbon_in_parent,5.0,,5.0,
[N+](=O)([O-])[O-].[N+](=O)([O-])[O-].[N+](=O)([O-])[O-].O.O.O.O.O.O.[Ce+3],470,2,40427,[N+](=O)([O-])[O-].[N+](=O)([O-])[O-].[N+](=O)([O-])[O-].O.O.O.O.O.O.[Ce+3],470,PubChem,470.0,False,ok,invalid_structure_or_removed_by_structure_rule,False,O=[N+]([O-])O,no_carbon_in_parent,10.0,,4.0,
[N+](=O)([O-])[O-].[N+](=O)([O-])[O-].[N+](=O)([O-])[O-].O.O.O.O.O.O.[La+3],410,2,40428,[N+](=O)([O-])[O-].[N+](=O)([O-])[O-].[N+](=O)([O-])[O-].O.O.O.O.O.O.[La+3],410,PubChem,410.0,False,ok,invalid_structure_or_removed_by_structure_rule,False,O=[N+]([O-])O,no_carbon_in_parent,10.0,,4.0,
O.O.O.O.[Cl-].[Cl-].[Fe+2],93,2,40429,O.O.O.O.[Cl-].[Cl-].[Fe+2],93,PubChem,93.0,False,ok,invalid_structure_or_removed_by_structure_rule,False,O,no_carbon_in_parent,7.0,,1.0,
CN(C)CCO.[C@@H]([C@H](C(=O)O)O)(C(=O)O)O,3000,2,40430,CN(C)CCO.[C@@H]([C@H](C(=O)O)O)(C(=O)O)O,3000,PubChem,3000.0,False,ok,invalid_structure_or_removed_by_structure_rule,False,,complex_multiple_organic_fragments,2.0,,,
C1=CC=C(C=C1)[Sn](C2=CC=CC=C2)(C3=CC=CC=C3)S[Sn](C4=CC=CC=C4)(C5=CC=CC=C5)C6=CC=CC=C6,680,2,40436,C1=CC=C(C=C1)[Sn](C2=CC=CC=C2)(C3=CC=CC=C3)S[Sn](C4=CC=CC=C4)(C5=CC=CC=C5)C6=CC=CC=C6,680,PubChem,680.0,False,ok,invalid_structure_or_removed_by_structure_rule,False,c1cc[c]([Sn]([S][Sn]([c]2ccccc2)([c]2ccccc2)[c]2ccccc2)([c]2ccccc2)[c]2ccccc2)cc1,uncommon_or_metal_elements:Sn,1.0,"C,S,Sn",39.0,
CCCC[Sn](CCCC)(CCCC)S[Sn](CCCC)(CCCC)CCCC,144,2,40437,CCCC[Sn](CCCC)(CCCC)S[Sn](CCCC)(CCCC)CCCC,144,PubChem,144.0,False,ok,invalid_structure_or_removed_by_structure_rule,False,CCC[CH2][Sn]([CH2]CCC)([CH2]CCC)[S][Sn]([CH2]CCC)([CH2]CCC)[CH2]CCC,uncommon_or_metal_elements:Sn,1.0,"C,S,Sn",27.0,
CCCC[Pb](CCCC)(CCCC)OC(=O)C,23,2,40438,CCCC[Pb](CCCC)(CCCC)OC(=O)C,23,PubChem,23.0,False,ok,invalid_structure_or_removed_by_structure_rule,False,CCC[CH2][Pb]([CH2]CCC)([CH2]CCC)[O]C(C)=O,uncommon_or_metal_elements:Pb,1.0,"C,O,Pb",17.0,
CC(=O)O[Pb](C)(C)C,34,2,40439,CC(=O)O[Pb](C)(C)C,34,PubChem,34.0,False,ok,invalid_structure_or_removed_by_structure_rule,False,CC(=O)[O][Pb]([CH3])([CH3])[CH3],uncommon_or_metal_elements:Pb,1.0,"C,O,Pb",8.0,
CC[Pb](CC)(CC)OC(=O)C,15,2,40440,CC[Pb](CC)(CC)OC(=O)C,15,PubChem,15.0,False,ok,invalid_structure_or_removed_by_structure_rule,False,C[CH2][Pb]([CH2]C)([CH2]C)[O]C(C)=O,uncommon_or_metal_elements:Pb,1.0,"C,O,Pb",11.0,
CCC[Pb](CCC)(CCC)OC(=O)C,24,2,40441,CCC[Pb](CCC)(CCC)OC(=O)C,24,PubChem,24.0,False,ok,invalid_structure_or_removed_by_structure_rule,False,CC[CH2][Pb]([CH2]CC)([CH2]CC)[O]C(C)=O,uncommon_or_metal_elements:Pb,1.0,"C,O,Pb",14.0,
S=[Sb]S[Sb]=S,209,2,40442,S=[Sb]S[Sb]=S,209,PubChem,209.0,False,ok,invalid_structure_or_removed_by_structure_rule,False,[S]=[Sb][S][Sb]=[S],no_carbon_in_parent,1.0,,5.0,
Cl,40.142,2,40445,Cl,40.142,PubChem,40.142,False,ok,invalid_structure_or_removed_by_structure_rule,False,Cl,no_carbon_in_parent,1.0,,1.0,
C[C@H](CC1=CC=CC=C1)N.C[C@H](CC1=CC=CC=C1)N.OS(=O)(=O)O,232,2,40449,C[C@H](CC1=CC=CC=C1)N.C[C@H](CC1=CC=CC=C1)N.OS(=O)(=O)O,232,PubChem,232.0,False,ok,invalid_structure_or_removed_by_structure_rule,False,,complex_multiple_organic_fragments,3.0,,,
O,190000,2,40454,O,190000,PubChem,190000.0,False,ok,invalid_structure_or_removed_by_structure_rule,False,O,no_carbon_in_parent,1.0,,1.0,
OO,880,2,40455,OO,880,PubChem,880.0,False,ok,invalid_structure_or_removed_by_structure_rule,False,OO,no_carbon_in_parent,1.0,,2.0,
O.O.O.O.O.O.O.O.O.O.O.O.O.O.O.O.O.O.[O-]S(=O)(=O)[O-].[O-]S(=O)(=O)[O-].[O-]S(=O)(=O)[O-].[Al+3].[Al+3],997,2,40456,O.O.O.O.O.O.O.O.O.O.O.O.O.O.O.O.O.O.[O-]S(=O)(=O)[O-].[O-]S(=O)(=O)[O-].[O-]S(=O)(=O)[O-].[Al+3].[Al+3],997,PubChem,997.0,False,ok,invalid_structure_or_removed_by_structure_rule,False,O=S(=O)(O)O,no_carbon_in_parent,23.0,,5.0,
O.O.O.O.[O-]S(=O)(=O)[O-].[Mn+2],534,2,40457,O.O.O.O.[O-]S(=O)(=O)[O-].[Mn+2],534,PubChem,534.0,False,ok,invalid_structure_or_removed_by_structure_rule,False,O=S(=O)(O)O,no_carbon_in_parent,6.0,,5.0,
C1CN2CC3=CCO[C@H]4CC(=O)N5[C@H]6[C@H]4[C@H]3C[C@H]2[C@@]61C7=CC=CC=C75.C1CN2CC3=CCO[C@H]4CC(=O)N5[C@H]6[C@H]4[C@H]3C[C@H]2[C@@]61C7=CC=CC=C75.OS(=O)(=O)O,0.9,2,40458,C1CN2CC3=CCO[C@H]4CC(=O)N5[C@H]6[C@H]4[C@H]3C[C@H]2[C@@]61C7=CC=CC=C75.C1CN2CC3=CCO[C@H]4CC(=O)N5[C@H]6[C@H]4[C@H]3C[C@H]2[C@@]61C7=CC=CC=C75.OS(=O)(=O)O,0.9,PubChem,0.9,False,ok,invalid_structure_or_removed_by_structure_rule,False,,complex_multiple_organic_fragments,3.0,,,
C([C@H]([C@H]([C@@H]([C@H](C(=O)[O-])O)O)O)O)O.C([C@H]([C@H]([C@@H]([C@H](C(=O)[O-])O)O)O)O)O.[Fe+2],160,2,40461,C([C@H]([C@H]([C@@H]([C@H](C(=O)[O-])O)O)O)O)O.C([C@H]([C@H]([C@@H]([C@H](C(=O)[O-])O)O)O)O)O.[Fe+2],160,PubChem,160.0,False,ok,invalid_structure_or_removed_by_structure_rule,False,,complex_multiple_organic_fragments,3.0,,,
C1=CC(=C(C=C1[C@H](CN)O)O)O.[C@@H]([C@H](C(=O)O)O)(C(=O)O)O,26.8,2,40475,C1=CC(=C(C=C1[C@H](CN)O)O)O.[C@@H]([C@H](C(=O)O)O)(C(=O)O)O,26.8,PubChem,26.8,False,ok,invalid_structure_or_removed_by_structure_rule,False,,complex_multiple_organic_fragments,2.0,,,
C1[C@H]([C@@H]1N)C2=CC=CC=C2.C1[C@H]([C@@H]1N)C2=CC=CC=C2.OS(=O)(=O)O,41,2,40477,C1[C@H]([C@@H]1N)C2=CC=CC=C2.C1[C@H]([C@@H]1N)C2=CC=CC=C2.OS(=O)(=O)O,41,PubChem,41.0,False,ok,invalid_structure_or_removed_by_structure_rule,False,,complex_multiple_organic_fragments,3.0,,,
CC(C1=CC(=CC=C1)OC2=CC=CC=C2)C(=O)[O-].CC(C1=CC(=CC=C1)OC2=CC=CC=C2)C(=O)[O-].O.O.[Ca+2],286,2,40479,CC(C1=CC(=CC=C1)OC2=CC=CC=C2)C(=O)[O-].CC(C1=CC(=CC=C1)OC2=CC=CC=C2)C(=O)[O-].O.O.[Ca+2],286,PubChem,286.0,False,ok,invalid_structure_or_removed_by_structure_rule,False,,complex_multiple_organic_fragments,5.0,,,
C1CN(CC(=O)O[Pb]OC(=O)CN1CC(=O)[O-])CC(=O)[O-].[Na+].[Na+],7500,2,40481,C1CN(CC(=O)O[Pb]OC(=O)CN1CC(=O)[O-])CC(=O)[O-].[Na+].[Na+],7500,PubChem,7500.0,False,ok,invalid_structure_or_removed_by_structure_rule,False,O=C(O)CN1CCN(CC(=O)O)CC(=O)[O][Pb][O]C(=O)C1,uncommon_or_metal_elements:Pb,3.0,"C,N,O,Pb",21.0,
C[N+](C)(C)CCO.C(C(=O)[O-])C(CC(=O)[O-])(C(=O)[O-])[O-].O.O.O.[Fe+3],151,2,40489,C[N+](C)(C)CCO.C(C(=O)[O-])C(CC(=O)[O-])(C(=O)[O-])[O-].O.O.O.[Fe+3],151,PubChem,151.0,False,ok,invalid_structure_or_removed_by_structure_rule,False,,complex_multiple_organic_fragments,6.0,,,
CCCC[C-]1C(=O)N(N(C1=O)C2=CC=CC=C2)C3=CC=CC=C3.[Na+],169,2,40490,CCCC[C-]1C(=O)N(N(C1=O)C2=CC=CC=C2)C3=CC=CC=C3.[Na+],169,PubChem,169.0,False,ok,invalid_structure_or_removed_by_structure_rule,False,,parent_parse_failed,2.0,,,
C[C@H](CC1=CC=C(C=C1)OC)NC[C@@H](C2=CC(=C(C=C2)O)NC=O)O.C[C@H](CC1=CC=C(C=C1)OC)NC[C@@H](C2=CC(=C(C=C2)O)NC=O)O.C(=C/C(=O)O)\C(=O)O,210,2,40495,C[C@H](CC1=CC=C(C=C1)OC)NC[C@@H](C2=CC(=C(C=C2)O)NC=O)O.C[C@H](CC1=CC=C(C=C1)OC)NC[C@@H](C2=CC(=C(C=C2)O)NC=O)O.C(=C/C(=O)O)\C(=O)O,210,PubChem,210.0,False,ok,invalid_structure_or_removed_by_structure_rule,False,,complex_multiple_organic_fragments,3.0,,,
C([C@@H](C(=O)[O-])N)C(=O)O.C([C@@H](C(=O)[O-])N)C(=O)O.[Zn+2],80,2,40522,C([C@@H](C(=O)[O-])N)C(=O)O.C([C@@H](C(=O)[O-])N)C(=O)O.[Zn+2],80,PubChem,80.0,False,ok,invalid_structure_or_removed_by_structure_rule,False,,complex_multiple_organic_fragments,3.0,,,
S1[As]2S[As]1S2,215,2,40530,S1[As]2S[As]1S2,215,PubChem,215.0,False,ok,invalid_structure_or_removed_by_structure_rule,False,S1[As]2S[As]1S2,no_carbon_in_parent,1.0,,5.0,
[C@@H]([C@H](C(=O)[O-])[O-])(C(=O)[O-])[O-].[C@@H]([C@H](C(=O)[O-])[O-])(C(=O)[O-])[O-].O.O.O.[K+].[K+].[Sb+3].[Sb+3],33,2,40532,[C@@H]([C@H](C(=O)[O-])[O-])(C(=O)[O-])[O-].[C@@H]([C@H](C(=O)[O-])[O-])(C(=O)[O-])[O-].O.O.O.[K+].[K+].[Sb+3].[Sb+3],33,PubChem,33.0,False,ok,invalid_structure_or_removed_by_structure_rule,False,,complex_multiple_organic_fragments,9.0,,,
C[As](=O)(O)[O-].C[As](=O)(O)[O-].[Ca+2],500,2,40533,C[As](=O)(O)[O-].C[As](=O)(O)[O-].[Ca+2],500,PubChem,500.0,False,ok,invalid_structure_or_removed_by_structure_rule,False,,complex_multiple_organic_fragments,3.0,,,
B([O-])([O-])[O-].B([O-])([O-])[O-].B([O-])([O-])[O-].B([O-])([O-])[O-].B([O-])([O-])[O-].B([O-])([O-])[O-].B([O-])([O-])[O-].B([O-])([O-])[O-].B([O-])([O-])[O-].B([O-])([O-])[O-].B([O-])([O-])[O-].B([O-])([O-])[O-],1483,2,40547,B([O-])([O-])[O-].B([O-])([O-])[O-].B([O-])([O-])[O-].B([O-])([O-])[O-].B([O-])([O-])[O-].B([O-])([O-])[O-].B([O-])([O-])[O-].B([O-])([O-])[O-].B([O-])([O-])[O-].B([O-])([O-])[O-].B([O-])([O-])[O-].B([O-])([O-])[O-],1483,PubChem,1483.0,False,ok,invalid_structure_or_removed_by_structure_rule,False,OB(O)O,no_carbon_in_parent,12.0,,4.0,
CC[C@@H]1C(=O)N2CCC[C@H]2C(=O)N([C@H](C(=O)N3CCC(=O)C[C@H]3C(=O)N[C@H](C(=O)O[C@@H]([C@@H](C(=O)N1)NC(=O)C4=C(C=CC=N4)O)C)C5=CC=CC=C5)CC6=CC=CC=C6)C.C[C@@H]1/C=C/C(=O)NC/C=C/C(=C/[C@H](CC(=O)CC2=NC(=CO2)C(=O)N3CCC=C3C(=O)O[C@@H]1C(C)C)O)/C,450,2,40550,CC[C@@H]1C(=O)N2CCC[C@H]2C(=O)N([C@H](C(=O)N3CCC(=O)C[C@H]3C(=O)N[C@H](C(=O)O[C@@H]([C@@H](C(=O)N1)NC(=O)C4=C(C=CC=N4)O)C)C5=CC=CC=C5)CC6=CC=CC=C6)C.C[C@@H]1/C=C/C(=O)NC/C=C/C(=C/[C@H](CC(=O)CC2=NC(=CO2)C(=O)N3CCC=C3C(=O)O[C@@H]1C(C)C)O)/C,450,PubChem,450.0,False,ok,invalid_structure_or_removed_by_structure_rule,False,,complex_multiple_organic_fragments,2.0,,,
[O-]Cl(=O)(=O)=O.[O-]Cl(=O)(=O)=O.[Co],160,2,40574,[O-]Cl(=O)(=O)=O.[O-]Cl(=O)(=O)=O.[Co],160,PubChem,160.0,False,ok,invalid_structure_or_removed_by_structure_rule,False,[O-][Cl+3]([O-])([O-])O,no_carbon_in_parent,3.0,,5.0,
CC(=O)OC1CC2CCC3C(CCC4(C)C3CC(N3CC[N+](C)(C)CC3)C4OC(C)=O)C2(C)CC1N1CC[N+](C)(C)CC1,0.070599414,1,299,CC(=O)OC1CC2CCC3C(CCC4(C)C3CC(N3CC[N+](C)(C)CC3)C4OC(C)=O)C2(C)CC1N1CC[N+](C)(C)CC1,0.070599414,TOXRIC,0.070599414,False,ok,ld50_below_0.1_mgkg,True,CC(=O)OC1CC2CCC3C(CCC4(C)C3CC(N3CC[N+](C)(C)CC3)C4OC(C)=O)C2(C)CC1N1CC[N+](C)(C)CC1,ok,1.0,"C,N,O",43.0,602.9050000000001
C[N+](C)(CCO)C(=O)Cc1ccc(-c2ccc(CC(=O)[N+](C)(C)CCO)cc2)cc1,0.019997781,1,1084,C[N+](C)(CCO)C(=O)Cc1ccc(-c2ccc(CC(=O)[N+](C)(C)CCO)cc2)cc1,0.019997781,TOXRIC,0.019997781,False,ok,ld50_below_0.1_mgkg,True,C[N+](C)(CCO)C(=O)Cc1ccc(-c2ccc(CC(=O)[N+](C)(C)CCO)cc2)cc1,ok,1.0,"C,N,O",30.0,414.54600000000016
CCOP(=O)(Oc1ccc([N+](=O)[O-])cc1)SCC,0.049999142,1,2576,CCOP(=O)(Oc1ccc([N+](=O)[O-])cc1)SCC,0.049999142,TOXRIC,0.049999142,False,ok,ld50_below_0.1_mgkg,True,CCOP(=O)(Oc1ccc([N+](=O)[O-])cc1)SCC,ok,1.0,"C,N,O,P,S",18.0,291.26500000000004
CCN(CCBr)Cc1cccc2ccccc12,0.022999213,1,3775,CCN(CCBr)Cc1cccc2ccccc12,0.022999213,TOXRIC,0.022999213,False,ok,ld50_below_0.1_mgkg,True,CCN(CCBr)Cc1cccc2ccccc12,ok,1.0,"Br,C,N",17.0,292.22
CCN1C(=CC=CC=CC=Cc2sc3ccccc3[n+]2CC)Sc2ccccc21,0.099994493,1,4351,CCN1C(=CC=CC=CC=Cc2sc3ccccc3[n+]2CC)Sc2ccccc21,0.099994493,TOXRIC,0.099994493,False,ok,ld50_below_0.1_mgkg,True,CCN1C(=CC=CC=CC=Cc2sc3ccccc3[n+]2CC)Sc2ccccc21,ok,1.0,"C,N,S",29.0,417.62300000000016
NC1=NC(O)C2C3OC4(O)OC(C(O)C2(N1)C4O)C3(O)CO,0.008,1,4888,NC1=NC(O)C2C3OC4(O)OC(C(O)C2(N1)C4O)C3(O)CO,0.008,TOXRIC,0.008,False,ok,ld50_below_0.1_mgkg,True,NC1=NC(O)C2C3OC4(O)OC(C(O)C2(N1)C4O)C3(O)CO,ok,1.0,"C,N,O",22.0,319.2700000000001
C[N+]1(C)CCOC(O)(c2ccc(C3(O)C[N+](C)(C)CCO3)cc2)C1,0.045993476,1,5051,C[N+]1(C)CCOC(O)(c2ccc(C3(O)C[N+](C)(C)CCO3)cc2)C1,0.045993476,TOXRIC,0.045993476,False,ok,ld50_below_0.1_mgkg,True,C[N+]1(C)CCOC(O)(c2ccc(C3(O)C[N+](C)(C)CCO3)cc2)C1,ok,1.0,"C,N,O",24.0,338.44800000000015
CCN(CCCl)Cc1cccc2ccccc12,0.098996404,1,5768,CCN(CCCl)Cc1cccc2ccccc12,0.098996404,TOXRIC,0.098996404,False,ok,ld50_below_0.1_mgkg,True,CCN(CCCl)Cc1cccc2ccccc12,ok,1.0,"C,Cl,N",17.0,247.76900000000003
NC1=NC23C4C(N=C(N)N2CC2(CC(C(CO)COS(=O)(=O)O)N(O)C(=O)O2)C3(O)O)C(=O)N(O)CN14,0.016000608,1,6274,NC1=NC23C4C(N=C(N)N2CC2(CC(C(CO)COS(=O)(=O)O)N(O)C(=O)O2)C3(O)O)C(=O)N(O)CN14,0.016000608,TOXRIC,0.016000608,False,ok,ld50_below_0.1_mgkg,True,NC1=NC23C4C(N=C(N)N2CC2(CC(C(CO)COS(=O)(=O)O)N(O)C(=O)O2)C3(O)O)C(=O)N(O)CN14,ok,1.0,"C,N,O,S",37.0,552.479
CSC1SCC2C(=O)N(C)C(C(C)C(C)C)C(=O)OCC(NC(=O)c3cnc4ccccc4n3)C(=O)NC(C)C(=O)N(C)C1C(=O)N(C)C(C(C)C(C)C)C(=O)OCC(NC(=O)c1cnc3ccccc3n1)C(=O)NC(C)C(=O)N2C,0.025000281,1,6468,CSC1SCC2C(=O)N(C)C(C(C)C(C)C)C(=O)OCC(NC(=O)c3cnc4ccccc4n3)C(=O)NC(C)C(=O)N(C)C1C(=O)N(C)C(C(C)C(C)C)C(=O)OCC(NC(=O)c1cnc3ccccc3n1)C(=O)NC(C)C(=O)N2C,0.025000281,TOXRIC,0.025000281,False,ok,ld50_below_0.1_mgkg,True,CSC1SCC2C(=O)N(C)C(C(C)C(C)C)C(=O)OCC(NC(=O)c3cnc4ccccc4n3)C(=O)NC(C)C(=O)N(C)C1C(=O)N(C)C(C(C)C(C)C)C(=O)OCC(NC(=O)c1cnc3ccccc3n1)C(=O)NC(C)C(=O)N2C,ok,1.0,"C,N,O,S",81.0,1157.3869999999997
CC1CC2OC3C(CC2OC2CC4OC5CC=CCC6OC7C=CC8OC9C(CC8OC7C=CC6OC5CC(O)C4(C)OC2C1)OC1CC=CC(C=CC(O)CO)OC1C9O)OC1C(C)C(C)C2(CC(O)CO2)OC1C(O)C3C,0.000249993,1,6495,CC1CC2OC3C(CC2OC2CC4OC5CC=CCC6OC7C=CC8OC9C(CC8OC7C=CC6OC5CC(O)C4(C)OC2C1)OC1CC=CC(C=CC(O)CO)OC1C9O)OC1C(C)C(C)C2(CC(O)CO2)OC1C(O)C3C,0.000249993,TOXRIC,0.000249993,False,ok,ld50_below_0.1_mgkg,True,CC1CC2OC3C(CC2OC2CC4OC5CC=CCC6OC7C=CC8OC9C(CC8OC7C=CC6OC5CC(O)C4(C)OC2C1)OC1CC=CC(C=CC(O)CO)OC1C9O)OC1C(C)C(C)C2(CC(O)CO2)OC1C(O)C3C,ok,1.0,"C,O",79.0,1111.3290000000002
CC=CC1=CN2C(=O)c3cc(OC4OC(C)C(NC)C(C)(O)C4O)c(C)c(O)c3NC(O)C2C1,0.031997174,1,6526,CC=CC1=CN2C(=O)c3cc(OC4OC(C)C(NC)C(C)(O)C4O)c(C)c(O)c3NC(O)C2C1,0.031997174,TOXRIC,0.031997174,False,ok,ld50_below_0.1_mgkg,True,CC=CC1=CN2C(=O)c3cc(OC4OC(C)C(NC)C(C)(O)C4O)c(C)c(O)c3NC(O)C2C1,ok,1.0,"C,N,O",34.0,475.54200000000026
CCC(C)C1C(=O)OCC(NC(=O)c2cnc3ccccc3n2)C(=O)NC(C)C(=O)N(C)C2C(=O)N(C)C(C(C)CC)C(=O)OCC(NC(=O)c3cnc4ccccc4n3)C(=O)NC(C)C(=O)N(C)C(CSC2SC)C(=O)N1C,0.039998831,1,6793,CCC(C)C1C(=O)OCC(NC(=O)c2cnc3ccccc3n2)C(=O)NC(C)C(=O)N(C)C2C(=O)N(C)C(C(C)CC)C(=O)OCC(NC(=O)c3cnc4ccccc4n3)C(=O)NC(C)C(=O)N(C)C(CSC2SC)C(=O)N1C,0.039998831,TOXRIC,0.039998831,False,ok,ld50_below_0.1_mgkg,True,CCC(C)C1C(=O)OCC(NC(=O)c2cnc3ccccc3n2)C(=O)NC(C)C(=O)N(C)C2C(=O)N(C)C(C(C)CC)C(=O)OCC(NC(=O)c3cnc4ccccc4n3)C(=O)NC(C)C(=O)N(C)C(CSC2SC)C(=O)N1C,ok,1.0,"C,N,O,S",79.0,1129.3329999999996
CC(C)OC1CC1(Cl)Cl,0.011999929,1,6830,CC(C)OC1CC1(Cl)Cl,0.011999929,TOXRIC,0.011999929,False,ok,ld50_below_0.1_mgkg,True,CC(C)OC1CC1(Cl)Cl,ok,1.0,"C,Cl,O",9.0,169.05100000000002
CCCOC1CC1(Cl)Cl,0.059999645,1,6831,CCCOC1CC1(Cl)Cl,0.059999645,TOXRIC,0.059999645,False,ok,ld50_below_0.1_mgkg,True,CCCOC1CC1(Cl)Cl,ok,1.0,"C,Cl,O",9.0,169.051
CCN1C(=CC=CC=Cc2sc3cc(OC)ccc3[n+]2CC)Sc2cc(OC)ccc21,0.049995904,1,7165,CCN1C(=CC=CC=Cc2sc3cc(OC)ccc3[n+]2CC)Sc2cc(OC)ccc21,0.049995904,TOXRIC,0.049995904,False,ok,ld50_below_0.1_mgkg,True,CCN1C(=CC=CC=Cc2sc3cc(OC)ccc3[n+]2CC)Sc2cc(OC)ccc21,ok,1.0,"C,N,O,S",31.0,451.63700000000017
Cc1ccc[n+](CC(=O)c2ccc(-c3ccc(C(=O)C[n+]4cccc(C)c4)cc3)cc2)c1,0.049996687,1,7218,Cc1ccc[n+](CC(=O)c2ccc(-c3ccc(C(=O)C[n+]4cccc(C)c4)cc3)cc2)c1,0.049996687,TOXRIC,0.049996687,False,ok,ld50_below_0.1_mgkg,True,Cc1ccc[n+](CC(=O)c2ccc(-c3ccc(C(=O)C[n+]4cccc(C)c4)cc3)cc2)c1,ok,1.0,"C,N,O",32.0,422.52800000000013
C[N+]1(C)CCOC(O)(c2ccc(-c3ccc(C4(O)C[N+](C)(C)CCO4)cc3)cc2)C1,0.045994896,1,7553,C[N+]1(C)CCOC(O)(c2ccc(-c3ccc(C4(O)C[N+](C)(C)CCO4)cc3)cc2)C1,0.045994896,TOXRIC,0.045994896,False,ok,ld50_below_0.1_mgkg,True,C[N+]1(C)CCOC(O)(c2ccc(-c3ccc(C4(O)C[N+](C)(C)CCO4)cc3)cc2)C1,ok,1.0,"C,N,O",30.0,414.5460000000003
CC12CSP(=S)(SC1)SC2,0.010001357,1,8196,CC12CSP(=S)(SC1)SC2,0.010001357,TOXRIC,0.010001357,False,ok,ld50_below_0.1_mgkg,True,CC12CSP(=S)(SC1)SC2,ok,1.0,"C,P,S",10.0,228.369
CCOP(C)(=O)SCCN(C)C,0.049998343,1,8782,CCOP(C)(=O)SCCN(C)C,0.049998343,TOXRIC,0.049998343,False,ok,ld50_below_0.1_mgkg,True,CCOP(C)(=O)SCCN(C)C,ok,1.0,"C,N,O,P,S",12.0,211.26699999999997
CCOP(C)(=O)SCCN(CC)CC,0.049999791,1,9253,CCOP(C)(=O)SCCN(CC)CC,0.049999791,TOXRIC,0.049999791,False,ok,ld50_below_0.1_mgkg,True,CCOP(C)(=O)SCCN(CC)CC,ok,1.0,"C,N,O,P,S",14.0,239.32099999999994
Cc1c[nH]c(C)c1C(=O)OC(C)C1=CCC23OCCN(C)CC12CC(O)C12OC4(O)CCC1(C)C(CC=C32)C4,0.002000056,1,9722,Cc1c[nH]c(C)c1C(=O)OC(C)C1=CCC23OCCN(C)CC12CC(O)C12OC4(O)CCC1(C)C(CC=C32)C4,0.002000056,TOXRIC,0.002000056,False,ok,ld50_below_0.1_mgkg,True,Cc1c[nH]c(C)c1C(=O)OC(C)C1=CCC23OCCN(C)CC12CC(O)C12OC4(O)CCC1(C)C(CC=C32)C4,ok,1.0,"C,N,O",39.0,538.6850000000003
CC1CC[N+](C)(CC(=O)c2ccc(-c3ccc(C(=O)C[N+]4(C)CCC(C)CC4)cc3)cc2)CC1,0.070003328,1,10025,CC1CC[N+](C)(CC(=O)c2ccc(-c3ccc(C(=O)C[N+]4(C)CCC(C)CC4)cc3)cc2)CC1,0.070003328,TOXRIC,0.070003328,False,ok,ld50_below_0.1_mgkg,True,CC1CC[N+](C)(CC(=O)c2ccc(-c3ccc(C(=O)C[N+]4(C)CCC(C)CC4)cc3)cc2)CC1,ok,1.0,"C,N,O",34.0,462.67800000000034
CC(O)C(=O)OC1C2CCC3C(C)(O)C4C5OC5C(C)(C)C4(O)C(O)CC13CC2(C)O,0.099992509,1,10874,CC(O)C(=O)OC1C2CCC3C(C)(O)C4C5OC5C(C)(C)C4(O)C(O)CC13CC2(C)O,0.099992509,TOXRIC,0.099992509,False,ok,ld50_below_0.1_mgkg,True,CC(O)C(=O)OC1C2CCC3C(C)(O)C4C5OC5C(C)(C)C4(O)C(O)CC13CC2(C)O,ok,1.0,"C,O",31.0,440.53300000000024
O=C(c1ccc(Cl)cc1)C(Cl)(Cc1ccc([N+](=O)[O-])cc1)[P+](c1ccccc1)(c1ccccc1)c1ccccc1,0.031997431,1,11713,O=C(c1ccc(Cl)cc1)C(Cl)(Cc1ccc([N+](=O)[O-])cc1)[P+](c1ccccc1)(c1ccccc1)c1ccccc1,0.031997431,TOXRIC,0.031997431,False,ok,ld50_below_0.1_mgkg,True,O=C(c1ccc(Cl)cc1)C(Cl)(Cc1ccc([N+](=O)[O-])cc1)[P+](c1ccccc1)(c1ccccc1)c1ccccc1,ok,1.0,"C,Cl,N,O,P",40.0,585.4470000000001
NC(=O)OCC1N=C(N)N2CCC(O)(O)C23NC(N)=NC13,0.007999973,1,12227,NC(=O)OCC1N=C(N)N2CCC(O)(O)C23NC(N)=NC13,0.007999973,TOXRIC,0.007999973,False,ok,ld50_below_0.1_mgkg,True,NC(=O)OCC1N=C(N)N2CCC(O)(O)C23NC(N)=NC13,ok,1.0,"C,N,O",21.0,299.29100000000005
CCOP(C)(=O)SCCN(C(C)C)C(C)C,0.049999065,1,14208,CCOP(C)(=O)SCCN(C(C)C)C(C)C,0.049999065,TOXRIC,0.049999065,False,ok,ld50_below_0.1_mgkg,True,CCOP(C)(=O)SCCN(C(C)C)C(C)C,ok,1.0,"C,N,O,P,S",16.0,267.375
NC1=NC(O)C2C3OC4(O)OC(C(O)C2(N1)C4O)C3(O)C(O)C(N)C(=O)O,0.012999967,1,16648,NC1=NC(O)C2C3OC4(O)OC(C(O)C2(N1)C4O)C3(O)C(O)C(N)C(=O)O,0.012999967,TOXRIC,0.012999967,False,ok,ld50_below_0.1_mgkg,True,NC1=NC(O)C2C3OC4(O)OC(C(O)C2(N1)C4O)C3(O)C(O)C(N)C(=O)O,ok,1.0,"C,N,O",27.0,392.32100000000014
CC(C)(C)C12COP(=O)(OC1)OC2,0.03500034,1,16743,CC(C)(C)C12COP(=O)(OC1)OC2,0.03500034,TOXRIC,0.03500034,False,ok,ld50_below_0.1_mgkg,True,CC(C)(C)C12COP(=O)(OC1)OC2,ok,1.0,"C,O,P",13.0,206.17799999999994
CNC(=O)Oc1cc([N+](C)(C)C)ccc1C,0.087997635,1,18075,CNC(=O)Oc1cc([N+](C)(C)C)ccc1C,0.087997635,TOXRIC,0.087997635,False,ok,ld50_below_0.1_mgkg,True,CNC(=O)Oc1cc([N+](C)(C)C)ccc1C,ok,1.0,"C,N,O",16.0,223.296
C=CC=CC1C=CCC2OC3CC4OC5C=CC6OC7CC(O)C8(C)OC9CC(C)CC%10OC%11C(CC%10OC9CC8OC7CC=CCC6OC5C=CC4OC3C(O)C2O1)OC1C(C)C(C)C2(CCCO2)OC1C(O)C%11C,0.049999246,1,18607,C=CC=CC1C=CCC2OC3CC4OC5C=CC6OC7CC(O)C8(C)OC9CC(C)CC%10OC%11C(CC%10OC9CC8OC7CC=CCC6OC5C=CC4OC3C(O)C2O1)OC1C(C)C(C)C2(CCCO2)OC1C(O)C%11C,0.049999246,TOXRIC,0.049999246,False,ok,ld50_below_0.1_mgkg,True,C=CC=CC1C=CCC2OC3CC4OC5C=CC6OC7CC(O)C8(C)OC9CC(C)CC%10OC%11C(CC%10OC9CC8OC7CC=CCC6OC5C=CC4OC3C(O)C2O1)OC1C(C)C(C)C2(CCCO2)OC1C(O)C%11C,ok,1.0,"C,O",76.0,1061.316
CC(C)(C)C12COP(OC1)OC2,0.04000021,1,19325,CC(C)(C)C12COP(OC1)OC2,0.04000021,TOXRIC,0.04000021,False,ok,ld50_below_0.1_mgkg,True,CC(C)(C)C12COP(OC1)OC2,ok,1.0,"C,O,P",12.0,190.17899999999995
COc1c(O)c2c(c3cc(C(=O)N4CCc5c4c(O)c(OC)c4[nH]c(C(=O)N6CC7CC78C6=CC(=O)c6[nH]cc(C)c68)cc54)[nH]c13)CCN2C(N)=O,0.006899882,1,19885,COc1c(O)c2c(c3cc(C(=O)N4CCc5c4c(O)c(OC)c4[nH]c(C(=O)N6CC7CC78C6=CC(=O)c6[nH]cc(C)c68)cc54)[nH]c13)CCN2C(N)=O,0.006899882,TOXRIC,0.006899882,False,ok,ld50_below_0.1_mgkg,True,COc1c(O)c2c(c3cc(C(=O)N4CCc5c4c(O)c(OC)c4[nH]c(C(=O)N6CC7CC78C6=CC(=O)c6[nH]cc(C)c68)cc54)[nH]c13)CCN2C(N)=O,ok,1.0,"C,N,O",52.0,703.7119999999999
CC(C)(C)C12COP(=S)(OC1)OC2,0.052998569,1,20157,CC(C)(C)C12COP(=S)(OC1)OC2,0.052998569,TOXRIC,0.052998569,False,ok,ld50_below_0.1_mgkg,True,CC(C)(C)C12COP(=S)(OC1)OC2,ok,1.0,"C,O,P,S",13.0,222.24599999999995
COC(=O)CCC=C=CCC1C(=O)CC(O)C1C=CC(O)COc1ccccc1,0.080005793,1,20920,COC(=O)CCC=C=CCC1C(=O)CC(O)C1C=CC(O)COc1ccccc1,0.080005793,TOXRIC,0.080005793,False,ok,ld50_below_0.1_mgkg,True,COC(=O)CCC=C=CCC1C(=O)CC(O)C1C=CC(O)COc1ccccc1,ok,1.0,"C,O",29.0,400.4710000000001
CC(C)(C)C12COC(c3ccc(C#N)cc3)(OC1)OC2,0.059999561,1,25258,CC(C)(C)C12COC(c3ccc(C#N)cc3)(OC1)OC2,0.059999561,TOXRIC,0.059999561,False,ok,ld50_below_0.1_mgkg,True,CC(C)(C)C12COC(c3ccc(C#N)cc3)(OC1)OC2,ok,1.0,"C,N,O",20.0,273.33200000000005
CNc1ccccc1C(=O)OC(C)C1=CCC23OCCN(C)CC12CC(O)C12OC4(O)CCC1(C)C(CC=C32)C4,0.015000109,1,25292,CNc1ccccc1C(=O)OC(C)C1=CCC23OCCN(C)CC12CC(O)C12OC4(O)CCC1(C)C(CC=C32)C4,0.015000109,TOXRIC,0.015000109,False,ok,ld50_below_0.1_mgkg,True,CNc1ccccc1C(=O)OC(C)C1=CCC23OCCN(C)CC12CC(O)C12OC4(O)CCC1(C)C(CC=C32)C4,ok,1.0,"C,N,O",40.0,550.6960000000004
C=C1C(=O)NC(C)C(=O)NC(CC(C)C)C(=O)NC(C(=O)O)C(C)C(=O)NC(CCCNC(=N)N)C(=O)NC(C=CC(C)=CC(C)C(Cc2ccccc2)OC)C(C)C(=O)NC(C(=O)O)CCC(=O)N1C,0.032500359,1,25883,C=C1C(=O)NC(C)C(=O)NC(CC(C)C)C(=O)NC(C(=O)O)C(C)C(=O)NC(CCCNC(=N)N)C(=O)NC(C=CC(C)=CC(C)C(Cc2ccccc2)OC)C(C)C(=O)NC(C(=O)O)CCC(=O)N1C,0.032500359,TOXRIC,0.032500359,False,ok,ld50_below_0.1_mgkg,True,C=C1C(=O)NC(C)C(=O)NC(CC(C)C)C(=O)NC(C(=O)O)C(C)C(=O)NC(CCCNC(=N)N)C(=O)NC(C=CC(C)=CC(C)C(Cc2ccccc2)OC)C(C)C(=O)NC(C(=O)O)CCC(=O)N1C,ok,1.0,"C,N,O",71.0,995.1889999999999
CN(CCBr)Cc1cccc2ccccc12,0.027999698,1,26088,CN(CCBr)Cc1cccc2ccccc12,0.027999698,TOXRIC,0.027999698,False,ok,ld50_below_0.1_mgkg,True,CN(CCBr)Cc1cccc2ccccc12,ok,1.0,"Br,C,N",16.0,278.19300000000004
CCN(CCI)Cc1cccc2ccccc12,0.023999293,1,26090,CCN(CCI)Cc1cccc2ccccc12,0.023999293,TOXRIC,0.023999293,False,ok,ld50_below_0.1_mgkg,True,CCN(CCI)Cc1cccc2ccccc12,ok,1.0,"C,I,N",17.0,339.22
CN(CCI)Cc1cccc2ccccc12,0.028999732,1,26091,CN(CCI)Cc1cccc2ccccc12,0.028999732,TOXRIC,0.028999732,False,ok,ld50_below_0.1_mgkg,True,CN(CCI)Cc1cccc2ccccc12,ok,1.0,"C,I,N",16.0,325.19300000000004
COP(=O)(O)ON1C(N)=NCC1CN(C)C,0.039999841,1,26510,COP(=O)(O)ON1C(N)=NCC1CN(C)C,0.039999841,TOXRIC,0.039999841,False,ok,ld50_below_0.1_mgkg,True,COP(=O)(O)ON1C(N)=NCC1CN(C)C,ok,1.0,"C,N,O,P",16.0,252.21099999999996
C#Cc1ccc(C23OCC(C(C)(C)C)(CO2)C(C#N)O3)cc1,0.083984745,1,27148,C#Cc1ccc(C23OCC(C(C)(C)C)(CO2)C(C#N)O3)cc1,0.083984745,TOXRIC,0.083984745,False,ok,ld50_below_0.1_mgkg,True,C#Cc1ccc(C23OCC(C(C)(C)C)(CO2)C(C#N)O3)cc1,ok,1.0,"C,N,O",22.0,297.354
CC=C1C(=O)NC(C(=O)O)C(C)C(=O)NC(CCCNC(=N)N)C(=O)NC(C=CC(C)=CC(C)C(Cc2ccccc2)OC)C(C)C(=O)NC(C(=O)O)CCC(=O)N1C,0.060001673,1,28434,CC=C1C(=O)NC(C(=O)O)C(C)C(=O)NC(CCCNC(=N)N)C(=O)NC(C=CC(C)=CC(C)C(Cc2ccccc2)OC)C(C)C(=O)NC(C(=O)O)CCC(=O)N1C,0.060001673,TOXRIC,0.060001673,False,ok,ld50_below_0.1_mgkg,True,CC=C1C(=O)NC(C(=O)O)C(C)C(=O)NC(CCCNC(=N)N)C(=O)NC(C=CC(C)=CC(C)C(Cc2ccccc2)OC)C(C)C(=O)NC(C(=O)O)CCC(=O)N1C,ok,1.0,"C,N,O",59.0,824.977
CN(C(=O)OCCCC1CC2CCCC2N1C)c1ccccc1,0.09998578,1,29058,CN(C(=O)OCCCC1CC2CCCC2N1C)c1ccccc1,0.09998578,TOXRIC,0.09998578,False,ok,ld50_below_0.1_mgkg,True,CN(C(=O)OCCCC1CC2CCCC2N1C)c1ccccc1,ok,1.0,"C,N,O",23.0,316.445
CC1CC2OC3C(CC2OC2CC4OC5CC=CCC6OC7C=CC8OC9C(CC8OC7C=CC6OC5CC(O)C4(C)OC2C1)OC1CC=CC(C=CC(O)CO)OC1C9O)OC1C(C)C(C)C2(CCCO2)OC1C(O)C3C,0.000999973,1,30306,CC1CC2OC3C(CC2OC2CC4OC5CC=CCC6OC7C=CC8OC9C(CC8OC7C=CC6OC5CC(O)C4(C)OC2C1)OC1CC=CC(C=CC(O)CO)OC1C9O)OC1C(C)C(C)C2(CCCO2)OC1C(O)C3C,0.000999973,TOXRIC,0.000999973,False,ok,ld50_below_0.1_mgkg,True,CC1CC2OC3C(CC2OC2CC4OC5CC=CCC6OC7C=CC8OC9C(CC8OC7C=CC6OC5CC(O)C4(C)OC2C1)OC1CC=CC(C=CC(O)CO)OC1C9O)OC1C(C)C(C)C2(CCCO2)OC1C(O)C3C,ok,1.0,"C,O",78.0,1095.33
COC(Cc1ccccc1)C(C)C=C(C)C=CC1NC(=O)C(CCCNC(=N)N)NC(=O)C(C)C(C(=O)O)NC(=O)C(CC(C)C)NC(=O)C(C)NC(=O)C(C)N(C)C(=O)CCC(C(=O)O)NC(=O)C1C,0.092194982,1,30462,COC(Cc1ccccc1)C(C)C=C(C)C=CC1NC(=O)C(CCCNC(=N)N)NC(=O)C(C)C(C(=O)O)NC(=O)C(CC(C)C)NC(=O)C(C)NC(=O)C(C)N(C)C(=O)CCC(C(=O)O)NC(=O)C1C,0.092194982,TOXRIC,0.092194982,False,ok,ld50_below_0.1_mgkg,True,COC(Cc1ccccc1)C(C)C=C(C)C=CC1NC(=O)C(CCCNC(=N)N)NC(=O)C(C)C(C(=O)O)NC(=O)C(CC(C)C)NC(=O)C(C)NC(=O)C(C)N(C)C(=O)CCC(C(=O)O)NC(=O)C1C,ok,1.0,"C,N,O",71.0,997.2049999999998
CCCCc1c(C)[nH]c(=O)n(CC)c1=O,0.079997337,1,34021,CCCCc1c(C)[nH]c(=O)n(CC)c1=O,0.079997337,TOXRIC,0.079997337,False,ok,ld50_below_0.1_mgkg,True,CCCCc1c(C)[nH]c(=O)n(CC)c1=O,ok,1.0,"C,N,O",15.0,210.27699999999996
CCOc1ccc2c(c1)nnn2CCO,0.029999566,1,34407,CCOc1ccc2c(c1)nnn2CCO,0.029999566,TOXRIC,0.029999566,False,ok,ld50_below_0.1_mgkg,True,CCOc1ccc2c(c1)nnn2CCO,ok,1.0,"C,N,O",15.0,207.23299999999995
COc1cc2nnn(CCO)c2cc1[N+](=O)[O-],0.019999748,1,34408,COc1cc2nnn(CCO)c2cc1[N+](=O)[O-],0.019999748,TOXRIC,0.019999748,False,ok,ld50_below_0.1_mgkg,True,COc1cc2nnn(CCO)c2cc1[N+](=O)[O-],ok,1.0,"C,N,O",17.0,238.203
CCOc1cc2nnn(CCO)c2cc1[N+](=O)[O-],0.028,1,34409,CCOc1cc2nnn(CCO)c2cc1[N+](=O)[O-],0.028,TOXRIC,0.028,False,ok,ld50_below_0.1_mgkg,True,CCOc1cc2nnn(CCO)c2cc1[N+](=O)[O-],ok,1.0,"C,N,O",18.0,252.23
C=C1C(=O)NC(C)C(=O)NC(CC(C)C)C(=O)NC(C(=O)O)C(C)C(=O)NC(C)C(=O)NC(C=CC(C)=CC(C)C(Cc2ccccc2)OC)C(C)C(=O)NC(C(=O)O)CCC(=O)N1C,0.025000577,1,34568,C=C1C(=O)NC(C)C(=O)NC(CC(C)C)C(=O)NC(C(=O)O)C(C)C(=O)NC(C)C(=O)NC(C=CC(C)=CC(C)C(Cc2ccccc2)OC)C(C)C(=O)NC(C(=O)O)CCC(=O)N1C,0.025000577,TOXRIC,0.025000577,False,ok,ld50_below_0.1_mgkg,True,C=C1C(=O)NC(C)C(=O)NC(CC(C)C)C(=O)NC(C(=O)O)C(C)C(=O)NC(C)C(=O)NC(C=CC(C)=CC(C)C(Cc2ccccc2)OC)C(C)C(=O)NC(C(=O)O)CCC(=O)N1C,ok,1.0,"C,N,O",65.0,910.0789999999998
C[N+](C)(C)CCOC(=O)N.[Cl-],0.05,2,36035,C[N+](C)(C)CCOC(=O)N.[Cl-],0.05,PubChem,0.05,False,ok,ld50_below_0.1_mgkg,True,C[N+](C)(C)CCOC(N)=O,ok,2.0,"C,N,O",10.0,147.19799999999998
CN(CCCCCCCCCCN(C)C(=O)OC1=CC=CC(=C1)[N+](C)(C)C)C(=O)OC2=CC=CC(=C2)[N+](C)(C)C.[Br-].[Br-],0.029,2,36085,CN(CCCCCCCCCCN(C)C(=O)OC1=CC=CC(=C1)[N+](C)(C)C)C(=O)OC2=CC=CC(=C2)[N+](C)(C)C.[Br-].[Br-],0.029,PubChem,0.029,False,ok,ld50_below_0.1_mgkg,True,CN(CCCCCCCCCCN(C)C(=O)Oc1cccc([N+](C)(C)C)c1)C(=O)Oc1cccc([N+](C)(C)C)c1,ok,3.0,"C,N,O",40.0,556.7920000000001
C[N+]1(CCOC(C1)(C2=CC=C(C=C2)C3=CC=C(C=C3)C4(C[N+](CCO4)(C)C)O)O)C.[Br-].[Br-],0.046,2,36835,C[N+]1(CCOC(C1)(C2=CC=C(C=C2)C3=CC=C(C=C3)C4(C[N+](CCO4)(C)C)O)O)C.[Br-].[Br-],0.046,PubChem,0.046,False,ok,ld50_below_0.1_mgkg,True,C[N+]1(C)CCOC(O)(c2ccc(-c3ccc(C4(O)C[N+](C)(C)CCO4)cc3)cc2)C1,ok,3.0,"C,N,O",30.0,414.5460000000003
CCOP(=O)(C)SCCN(C(C)C)C(C)C,0.05,2,38264,CCOP(=O)(C)SCCN(C(C)C)C(C)C,0.05,PubChem,0.05,False,ok,ld50_below_0.1_mgkg,True,CCOP(C)(=O)SCCN(C(C)C)C(C)C,ok,1.0,"C,N,O,P,S",16.0,267.375
CC(=O)O[C@H]1C[C@@H]2CC[C@@H]3[C@@H]([C@]2(C[C@@H]1N4CC[N+](CC4)(C)C)C)CC[C@]5([C@H]3C[C@@H]([C@@H]5OC(=O)C)N6CC[N+](CC6)(C)C)C.[Br-].[Br-],0.0706,2,38500,CC(=O)O[C@H]1C[C@@H]2CC[C@@H]3[C@@H]([C@]2(C[C@@H]1N4CC[N+](CC4)(C)C)C)CC[C@]5([C@H]3C[C@@H]([C@@H]5OC(=O)C)N6CC[N+](CC6)(C)C)C.[Br-].[Br-],0.0706,PubChem,0.0706,False,ok,ld50_below_0.1_mgkg,True,CC(=O)O[C@H]1C[C@@H]2CC[C@@H]3[C@H](CC[C@@]4(C)[C@H]3C[C@H](N3CC[N+](C)(C)CC3)[C@@H]4OC(C)=O)[C@@]2(C)C[C@@H]1N1CC[N+](C)(C)CC1,ok,3.0,"C,N,O",43.0,602.9050000000001
CN(C)C[C@H]1CN=C(N1OP(=O)(O)OC)N,0.04,2,39167,CN(C)C[C@H]1CN=C(N1OP(=O)(O)OC)N,0.04,PubChem,0.04,False,ok,ld50_below_0.1_mgkg,True,COP(=O)(O)ON1C(N)=NC[C@@H]1CN(C)C,ok,1.0,"C,N,O,P",16.0,252.21099999999996
C[C@H]1[C@@H](NC(=O)[C@@H](NC(=O)[C@H]([C@@H](NC(=O)[C@@H](NC(=O)[C@H](NC(=O)C(=C)N(C(=O)CC[C@@H](NC1=O)C(=O)O)C)C)CC(C)C)C(=O)O)C)CCCN=C(N)N)/C=C/C(=C/[C@H](C)[C@H](CC2=CC=CC=C2)OC)/C,0.0325,2,39648,C[C@H]1[C@@H](NC(=O)[C@@H](NC(=O)[C@H]([C@@H](NC(=O)[C@@H](NC(=O)[C@H](NC(=O)C(=C)N(C(=O)CC[C@@H](NC1=O)C(=O)O)C)C)CC(C)C)C(=O)O)C)CCCN=C(N)N)/C=C/C(=C/[C@H](C)[C@H](CC2=CC=CC=C2)OC)/C,0.0325,PubChem,0.0325,False,ok,ld50_below_0.1_mgkg,True,C=C1C(=O)N[C@H](C)C(=O)N[C@@H](CC(C)C)C(=O)N[C@@H](C(=O)O)[C@H](C)C(=O)N[C@@H](CCCN=C(N)N)C(=O)N[C@@H](/C=C/C(C)=C/[C@H](C)[C@H](Cc2ccccc2)OC)[C@H](C)C(=O)N[C@@H](C(=O)O)CCC(=O)N1C,ok,1.0,"C,N,O",71.0,995.189
C[C@@H]1C[C@H]2[C@@H](C[C@H]3[C@H](O2)[C@H]([C@@H]([C@H]4[C@H](O3)[C@H]([C@@H]([C@]5(O4)C[C@@H](CO5)O)C)C)O)C)O[C@H]6C[C@@H]7[C@]([C@@H](C[C@@H]8[C@@H](O7)C/C=C\C[C@@H]9[C@@H](O8)C=C[C@@H]2[C@@H](O9)C=C[C@@H]3[C@@H](O2)C[C@@H]2[C@@H](O3)[C@@H]([C@@H]3[C@@H](O2)CC=C[C@@H](O3)/C=C/[C@@H](CO)O)O)O)(O[C@@H]6C1)C,0.00025,2,40081,C[C@@H]1C[C@H]2[C@@H](C[C@H]3[C@H](O2)[C@H]([C@@H]([C@H]4[C@H](O3)[C@H]([C@@H]([C@]5(O4)C[C@@H](CO5)O)C)C)O)C)O[C@H]6C[C@@H]7[C@]([C@@H](C[C@@H]8[C@@H](O7)C/C=C\C[C@@H]9[C@@H](O8)C=C[C@@H]2[C@@H](O9)C=C[C@@H]3[C@@H](O2)C[C@@H]2[C@@H](O3)[C@@H]([C@@H]3[C@@H](O2)CC=C[C@@H](O3)/C=C/[C@@H](CO)O)O)O)(O[C@@H]6C1)C,0.00025,PubChem,0.00025,False,ok,ld50_below_0.1_mgkg,True,C[C@@H]1C[C@@H]2O[C@@H]3[C@@H](C)[C@H](O)[C@@H]4O[C@]5(C[C@H](O)CO5)[C@@H](C)[C@H](C)[C@H]4O[C@H]3C[C@H]2O[C@H]2C[C@H]3O[C@H]4C/C=C\C[C@H]5O[C@H]6C=C[C@H]7O[C@H]8[C@H](O)[C@H]9O[C@@H](/C=C/[C@H](O)CO)C=CC[C@@H]9O[C@@H]8C[C@@H]7O[C@@H]6C=C[C@@H]5O[C@@H]4C[C@@H](O)[C@]3(C)O[C@@H]2C1,ok,1.0,"C,O",79.0,1111.3290000000004
CC1=CNC(=C1C(=O)O[C@@H](C)C2=CC[C@@]34[C@@]2(C[C@H]([C@@]56C3=CC[C@H]7[C@@]5(CC[C@](C7)(O6)O)C)O)CN(CCO4)C)C,0.002,2,40205,CC1=CNC(=C1C(=O)O[C@@H](C)C2=CC[C@@]34[C@@]2(C[C@H]([C@@]56C3=CC[C@H]7[C@@]5(CC[C@](C7)(O6)O)C)O)CN(CCO4)C)C,0.002,PubChem,0.002,False,ok,ld50_below_0.1_mgkg,True,Cc1c[nH]c(C)c1C(=O)O[C@@H](C)C1=CC[C@@]23OCCN(C)C[C@@]12C[C@@H](O)[C@]12O[C@]4(O)CC[C@@]1(C)[C@H](CC=C32)C4,ok,1.0,"C,N,O",39.0,538.6850000000003
C[C@@H]1C[C@H]2[C@@H](C[C@H]3[C@H](O2)[C@H]([C@@H]([C@H]4[C@H](O3)[C@H]([C@@H]([C@@]5(O4)CCCO5)C)C)O)C)O[C@H]6C[C@@H]7[C@]([C@@H](C[C@@H]8[C@@H](O7)C/C=C/C[C@@H]9[C@@H](O8)C=C[C@@H]2[C@@H](O9)C=C[C@@H]3[C@@H](O2)C[C@@H]2[C@@H](O3)[C@@H]([C@@H]3[C@@H](O2)CC=C[C@@H](O3)/C=C/C=C)O)O)(O[C@@H]6C1)C,0.05,2,40251,C[C@@H]1C[C@H]2[C@@H](C[C@H]3[C@H](O2)[C@H]([C@@H]([C@H]4[C@H](O3)[C@H]([C@@H]([C@@]5(O4)CCCO5)C)C)O)C)O[C@H]6C[C@@H]7[C@]([C@@H](C[C@@H]8[C@@H](O7)C/C=C/C[C@@H]9[C@@H](O8)C=C[C@@H]2[C@@H](O9)C=C[C@@H]3[C@@H](O2)C[C@@H]2[C@@H](O3)[C@@H]([C@@H]3[C@@H](O2)CC=C[C@@H](O3)/C=C/C=C)O)O)(O[C@@H]6C1)C,0.05,PubChem,0.05,False,ok,ld50_below_0.1_mgkg,True,C=C/C=C/[C@H]1C=CC[C@@H]2O[C@@H]3C[C@@H]4O[C@@H]5C=C[C@@H]6O[C@@H]7C[C@@H](O)[C@]8(C)O[C@@H]9C[C@H](C)C[C@@H]%10O[C@@H]%11[C@@H](C)[C@H](O)[C@@H]%12O[C@@]%13(CCCO%13)[C@@H](C)[C@H](C)[C@H]%12O[C@H]%11C[C@H]%10O[C@H]9C[C@H]8O[C@H]7C/C=C/C[C@H]6O[C@H]5C=C[C@H]4O[C@H]3[C@H](O)[C@H]2O1,ok,1.0,"C,O",76.0,1061.316
C[C@H]1[C@@H](NC(=O)[C@@H](NC(=O)[C@H]([C@@H](NC(=O)[C@@H](NC(=O)[C@H](NC(=O)C(=C)N(C(=O)CC[C@@H](NC1=O)C(=O)O)C)C)CC(C)C)C(=O)O)C)C)/C=C/C(=C/[C@H](C)[C@H](CC2=CC=CC=C2)OC)/C,0.025,2,40252,C[C@H]1[C@@H](NC(=O)[C@@H](NC(=O)[C@H]([C@@H](NC(=O)[C@@H](NC(=O)[C@H](NC(=O)C(=C)N(C(=O)CC[C@@H](NC1=O)C(=O)O)C)C)CC(C)C)C(=O)O)C)C)/C=C/C(=C/[C@H](C)[C@H](CC2=CC=CC=C2)OC)/C,0.025,PubChem,0.025,False,ok,ld50_below_0.1_mgkg,True,C=C1C(=O)N[C@H](C)C(=O)N[C@@H](CC(C)C)C(=O)N[C@@H](C(=O)O)[C@H](C)C(=O)N[C@@H](C)C(=O)N[C@@H](/C=C/C(C)=C/[C@H](C)[C@H](Cc2ccccc2)OC)[C@H](C)C(=O)N[C@@H](C(=O)O)CCC(=O)N1C,ok,1.0,"C,N,O",65.0,910.0789999999998
C[C@H]1C[C@@]2([C@H](O[C@](C1)(O2)CCCCCCC[C@@H](C[C@@H]3[C@@H]([C@H]([C@H]([C@@](O3)(C[C@@H]([C@@H](C)/C=C/[C@H](CC[C@H]([C@H]([C@@H]4C[C@H]([C@@H]([C@H](O4)C[C@H]([C@@H](C[C@@H]5[C@H]([C@@H]([C@H]([C@@H](O5)C[C@@H](/C=C\C=C\C[C@H]([C@@H]([C@@H](C/C=C\C(=C)CC[C@@H]([C@H]([C@@H]([C@H](C)C[C@@H]6[C@@H]([C@H]([C@@H]([C@H](O6)/C=C\[C@H]([C@@H](C[C@@H]7C[C@@H]8C[C@H](O7)[C@H](O8)CC[C@@H]9[C@@H](C[C@H](O9)CN)O)O)O)O)O)O)O)O)O)O)O)O)O)O)O)O)O)O)O)O)O)O)O)O)O)O)O)O)O)C[C@@H](C)CCCCC[C@H]([C@@H]([C@@H]([C@H]([C@@H]([C@@H]1[C@H]([C@@H]([C@H]([C@H](O1)C[C@@H]([C@@H](/C(=C/[C@@H](C[C@@H](C)[C@@H](C(=O)N/C=C/C(=O)NCCCO)O)O)/C)O)O)O)O)O)O)O)O)O)O)C,5e-05,2,40344,C[C@H]1C[C@@]2([C@H](O[C@](C1)(O2)CCCCCCC[C@@H](C[C@@H]3[C@@H]([C@H]([C@H]([C@@](O3)(C[C@@H]([C@@H](C)/C=C/[C@H](CC[C@H]([C@H]([C@@H]4C[C@H]([C@@H]([C@H](O4)C[C@H]([C@@H](C[C@@H]5[C@H]([C@@H]([C@H]([C@@H](O5)C[C@@H](/C=C\C=C\C[C@H]([C@@H]([C@@H](C/C=C\C(=C)CC[C@@H]([C@H]([C@@H]([C@H](C)C[C@@H]6[C@@H]([C@H]([C@@H]([C@H](O6)/C=C\[C@H]([C@@H](C[C@@H]7C[C@@H]8C[C@H](O7)[C@H](O8)CC[C@@H]9[C@@H](C[C@H](O9)CN)O)O)O)O)O)O)O)O)O)O)O)O)O)O)O)O)O)O)O)O)O)O)O)O)O)O)O)O)O)C[C@@H](C)CCCCC[C@H]([C@@H]([C@@H]([C@H]([C@@H]([C@@H]1[C@H]([C@@H]([C@H]([C@H](O1)C[C@@H]([C@@H](/C(=C/[C@@H](C[C@@H](C)[C@@H](C(=O)N/C=C/C(=O)NCCCO)O)O)/C)O)O)O)O)O)O)O)O)O)O)C,5e-05,PubChem,5e-05,False,ok,ld50_below_0.1_mgkg,True,C=C(/C=C\C[C@@H](O)[C@@H](O)[C@H](O)C/C=C/C=C\[C@@H](O)C[C@@H]1O[C@H](C[C@@H](O)[C@H](O)C[C@H]2O[C@H]([C@H](O)[C@H](O)CC[C@H](O)/C=C/[C@H](C)[C@@H](O)C[C@]3(O)O[C@H](C[C@@H](O)CCCCCCC[C@@]45C[C@@H](C)C[C@@](C)(O4)[C@@H](C[C@@H](C)CCCCC[C@@H](O)[C@H](O)[C@H](O)[C@@H](O)[C@H](O)[C@H]4O[C@H](C[C@H](O)[C@H](O)/C(C)=C/[C@H](O)C[C@@H](C)[C@H](O)C(=O)N/C=C/C(=O)NCCCO)[C@H](O)[C@@H](O)[C@@H]4O)O5)[C@H](O)[C@@H](O)[C@H]3O)C[C@@H](O)[C@@H]2O)[C@@H](O)[C@H](O)[C@H]1O)CC[C@H](O)[C@@H](O)[C@H](O)[C@H](C)C[C@H]1O[C@H](/C=C\[C@@H](O)[C@H](O)C[C@@H]2C[C@@H]3C[C@H](O2)[C@@H](CC[C@H]2O[C@H](CN)C[C@H]2O)O3)[C@@H](O)[C@H](O)[C@H]1O,ok,1.0,"C,N,O",186.0,2680.1699999999933
C([C@@]1([C@H]2[C@@H]3[C@H](N=C(N[C@@]34[C@@H]([C@@H]1O[C@]([C@H]4O)(O2)O)O)N)O)O)O,0.008,2,40345,C([C@@]1([C@H]2[C@@H]3[C@H](N=C(N[C@@]34[C@@H]([C@@H]1O[C@]([C@H]4O)(O2)O)O)N)O)O)O,0.008,PubChem,0.008,False,ok,ld50_below_0.1_mgkg,True,NC1=N[C@H](O)[C@H]2[C@H]3O[C@]4(O)O[C@@H]([C@@H](O)[C@@]2(N1)[C@@H]4O)[C@]3(O)CO,ok,1.0,"C,N,O",22.0,319.2700000000001
C/C=C\1/C(=O)N[C@H]([C@@H](C(=O)N[C@H](C(=O)N[C@H]([C@@H](C(=O)N[C@H](CCC(=O)N1C)C(=O)O)C)/C=C/C(=C/[C@H](C)[C@H](CC2=CC=CC=C2)OC)/C)CCCN=C(N)N)C)C(=O)O,0.06,2,40402,C/C=C\1/C(=O)N[C@H]([C@@H](C(=O)N[C@H](C(=O)N[C@H]([C@@H](C(=O)N[C@H](CCC(=O)N1C)C(=O)O)C)/C=C/C(=C/[C@H](C)[C@H](CC2=CC=CC=C2)OC)/C)CCCN=C(N)N)C)C(=O)O,0.06,PubChem,0.06,False,ok,ld50_below_0.1_mgkg,True,C/C=C1/C(=O)N[C@@H](C(=O)O)[C@H](C)C(=O)N[C@@H](CCCN=C(N)N)C(=O)N[C@@H](/C=C/C(C)=C/[C@H](C)[C@H](Cc2ccccc2)OC)[C@H](C)C(=O)N[C@@H](C(=O)O)CCC(=O)N1C,ok,1.0,"C,N,O",59.0,824.9770000000001
C[C@H](CC[C@@H]([C@@H]([C@H](C)C[C@H](C(=C)/C(=C/CO)/C)O)O)OS(=O)(=O)[O-])[C@H]([C@@H](C)[C@H]1[C@@H]([C@@H]([C@H]2[C@H](O1)[C@@H](C[C@]3([C@H](O2)C[C@H]4[C@H](O3)C[C@]5([C@H](O4)[C@H]([C@H]6[C@H](O5)C[C@H]([C@H](O6)[C@@H]([C@H](C[C@H]7[C@@H]([C@@H]([C@H]8[C@H](O7)C[C@H]9[C@H](O8)C[C@H]1[C@H](O9)[C@H]([C@@H]2[C@@H](O1)[C@@H]([C@H]([C@@H](O2)[C@H]1[C@@H]([C@H]([C@H]2[C@@H](O1)C[C@H]([C@@H](O2)[C@@H](C[C@H](C[C@H]1[C@@H]([C@H]([C@H]2[C@@H](O1)C[C@H]([C@@H](O2)[C@H]1[C@@H](C[C@]2([C@H](O1)[C@@H]([C@]1([C@H](O2)C[C@]2([C@H](O1)CC[C@]1([C@H](O2)C[C@]2([C@H](O1)C[C@H]1[C@H](O2)CC[C@H](O1)[C@]1([C@@H](C[C@H]2[C@](O1)(C[C@H]1[C@](O2)(CC[C@]2([C@H](O1)C[C@H]1[C@](O2)(C[C@H]2[C@H](O1)C/C=C\[C@H]1[C@H](O2)C[C@H]2[C@](O1)(C[C@]1([C@H](O2)C[C@H]2[C@](O1)(CC[C@H](O2)[C@H]([C@@H](C[C@@H](C)[C@@H](C)CC=C)O)O)C)C)C)C)C)C)C)O)C)C)C)C)C)O)C)O)O)O)O)O)O)O)O)O)O)O)O)O)OS(=O)(=O)[O-])O)O)O)O)C)C)O)O)O)O.[Na+].[Na+],5e-05,2,40529,C[C@H](CC[C@@H]([C@@H]([C@H](C)C[C@H](C(=C)/C(=C/CO)/C)O)O)OS(=O)(=O)[O-])[C@H]([C@@H](C)[C@H]1[C@@H]([C@@H]([C@H]2[C@H](O1)[C@@H](C[C@]3([C@H](O2)C[C@H]4[C@H](O3)C[C@]5([C@H](O4)[C@H]([C@H]6[C@H](O5)C[C@H]([C@H](O6)[C@@H]([C@H](C[C@H]7[C@@H]([C@@H]([C@H]8[C@H](O7)C[C@H]9[C@H](O8)C[C@H]1[C@H](O9)[C@H]([C@@H]2[C@@H](O1)[C@@H]([C@H]([C@@H](O2)[C@H]1[C@@H]([C@H]([C@H]2[C@@H](O1)C[C@H]([C@@H](O2)[C@@H](C[C@H](C[C@H]1[C@@H]([C@H]([C@H]2[C@@H](O1)C[C@H]([C@@H](O2)[C@H]1[C@@H](C[C@]2([C@H](O1)[C@@H]([C@]1([C@H](O2)C[C@]2([C@H](O1)CC[C@]1([C@H](O2)C[C@]2([C@H](O1)C[C@H]1[C@H](O2)CC[C@H](O1)[C@]1([C@@H](C[C@H]2[C@](O1)(C[C@H]1[C@](O2)(CC[C@]2([C@H](O1)C[C@H]1[C@](O2)(C[C@H]2[C@H](O1)C/C=C\[C@H]1[C@H](O2)C[C@H]2[C@](O1)(C[C@]1([C@H](O2)C[C@H]2[C@](O1)(CC[C@H](O2)[C@H]([C@@H](C[C@@H](C)[C@@H](C)CC=C)O)O)C)C)C)C)C)C)C)O)C)C)C)C)C)O)C)O)O)O)O)O)O)O)O)O)O)O)O)O)OS(=O)(=O)[O-])O)O)O)O)C)C)O)O)O)O.[Na+].[Na+],5e-05,PubChem,5e-05,False,ok,ld50_below_0.1_mgkg,True,C=CC[C@H](C)[C@H](C)C[C@@H](O)[C@H](O)[C@@H]1CC[C@@]2(C)O[C@@]3(C)C[C@@]4(C)O[C@H]5/C=C\C[C@H]6O[C@H]7C[C@H]8O[C@H]9C[C@@]%10(C)O[C@@](C)([C@@H]%11CC[C@H]%12O[C@@]%13(C)C[C@H]%14O[C@@]%15(C)C[C@H]%16O[C@@]%17(C)C[C@@H](O)[C@H]([C@@H]%18O[C@H]%19[C@H](O)[C@@H](O)[C@H](C[C@H](O)C[C@@H](O)[C@@H]%20O[C@H]%21[C@H](O)[C@@H](O)[C@H]([C@@H]%22O[C@@H]%23[C@H](O)[C@H]%24O[C@H]%25C[C@H]%26O[C@@H](C[C@H](O)[C@@H](O)[C@H]%27O[C@H]%28[C@H](O)[C@H]%29O[C@H]%30C[C@H]%31O[C@H]%32[C@@H](O)[C@@H](O)[C@H]([C@H](C)[C@H](O)[C@H](C)CC[C@H](OS(=O)(=O)O)[C@H](O)[C@H](C)C[C@@H](O)C(=C)/C(C)=C/CO)O[C@@H]%32[C@H](O)C[C@]%31(C)O[C@@H]%30C[C@]%29(C)O[C@@H]%28C[C@H]%27O)[C@H](OS(=O)(=O)O)[C@H](O)[C@@H]%26O[C@@H]%25C[C@@H]%24O[C@H]%23[C@H](O)[C@H]%22O)O[C@H]%21C[C@H]%20O)O[C@H]%19C[C@H]%18O)O[C@@H]%17[C@H](O)[C@]%16(C)O[C@@H]%15CC[C@]%14(C)O[C@@H]%13C[C@@H]%12O%11)[C@H](O)C[C@@H]%10O[C@]9(C)CC[C@]8(C)O[C@]7(C)C[C@@H]6O[C@@H]5C[C@@H]4O[C@@H]3C[C@@H]2O1,ok,3.0,"C,O,S",234.0,3381.9339999999856
C[C@@H]1C[C@H]2[C@@H](C[C@H]3[C@H](O2)[C@H]([C@@H]([C@H]4[C@H](O3)[C@H]([C@@H]([C@@]5(O4)CCCO5)C)C)O)C)O[C@H]6C[C@@H]7[C@]([C@@H](C[C@@H]8[C@@H](O7)C/C=C\C[C@@H]9[C@@H](O8)C=C[C@@H]2[C@@H](O9)C=C[C@@H]3[C@@H](O2)C[C@@H]2[C@@H](O3)[C@@H]([C@@H]3[C@@H](O2)CC=C[C@@H](O3)/C=C/[C@@H](CO)O)O)O)(O[C@@H]6C1)C,0.001,2,40537,C[C@@H]1C[C@H]2[C@@H](C[C@H]3[C@H](O2)[C@H]([C@@H]([C@H]4[C@H](O3)[C@H]([C@@H]([C@@]5(O4)CCCO5)C)C)O)C)O[C@H]6C[C@@H]7[C@]([C@@H](C[C@@H]8[C@@H](O7)C/C=C\C[C@@H]9[C@@H](O8)C=C[C@@H]2[C@@H](O9)C=C[C@@H]3[C@@H](O2)C[C@@H]2[C@@H](O3)[C@@H]([C@@H]3[C@@H](O2)CC=C[C@@H](O3)/C=C/[C@@H](CO)O)O)O)(O[C@@H]6C1)C,0.001,PubChem,0.001,False,ok,ld50_below_0.1_mgkg,True,C[C@@H]1C[C@@H]2O[C@@H]3[C@@H](C)[C@H](O)[C@@H]4O[C@@]5(CCCO5)[C@@H](C)[C@H](C)[C@H]4O[C@H]3C[C@H]2O[C@H]2C[C@H]3O[C@H]4C/C=C\C[C@H]5O[C@H]6C=C[C@H]7O[C@H]8[C@H](O)[C@H]9O[C@@H](/C=C/[C@H](O)CO)C=CC[C@@H]9O[C@@H]8C[C@@H]7O[C@@H]6C=C[C@@H]5O[C@@H]4C[C@@H](O)[C@]3(C)O[C@@H]2C1,ok,1.0,"C,O",78.0,1095.3300000000004
C[C@@H]1C[C@H]2[C@@H](C[C@H]3[C@H](O2)[C@H]([C@@H]([C@H]4[C@H](O3)[C@H]([C@@H]([C@]5(O4)CCCO5)C)C)O)C)O[C@H]6C[C@@H]7[C@]([C@@H](C[C@@H]8[C@@H](O7)C/C=C\C[C@@H]9[C@@H](O8)C=C[C@@H]2[C@@H](O9)C=C[C@@H]3[C@@H](O2)C[C@@H]2[C@@H](O3)[C@@H]([C@@H]3[C@@H](O2)CC=C[C@@H](O3)/C=C/[C@@H](CO)O)O)O)(O[C@@H]6C1)C,0.0009,2,40543,C[C@@H]1C[C@H]2[C@@H](C[C@H]3[C@H](O2)[C@H]([C@@H]([C@H]4[C@H](O3)[C@H]([C@@H]([C@]5(O4)CCCO5)C)C)O)C)O[C@H]6C[C@@H]7[C@]([C@@H](C[C@@H]8[C@@H](O7)C/C=C\C[C@@H]9[C@@H](O8)C=C[C@@H]2[C@@H](O9)C=C[C@@H]3[C@@H](O2)C[C@@H]2[C@@H](O3)[C@@H]([C@@H]3[C@@H](O2)CC=C[C@@H](O3)/C=C/[C@@H](CO)O)O)O)(O[C@@H]6C1)C,0.0009,PubChem,0.0009,False,ok,ld50_below_0.1_mgkg,True,C[C@@H]1C[C@@H]2O[C@@H]3[C@@H](C)[C@H](O)[C@@H]4O[C@]5(CCCO5)[C@@H](C)[C@H](C)[C@H]4O[C@H]3C[C@H]2O[C@H]2C[C@H]3O[C@H]4C/C=C\C[C@H]5O[C@H]6C=C[C@H]7O[C@H]8[C@H](O)[C@H]9O[C@@H](/C=C/[C@H](O)CO)C=CC[C@@H]9O[C@@H]8C[C@@H]7O[C@@H]6C=C[C@@H]5O[C@@H]4C[C@@H](O)[C@]3(C)O[C@@H]2C1,ok,1.0,"C,O",78.0,1095.3300000000004
Oc1ccc2ccccc2c1,97497.97114,1,97,Oc1ccc2ccccc2c1,97497.97114,TOXRIC,97497.97114,False,ok,ld50_above_10000.0_mgkg,True,Oc1ccc2ccccc2c1,ok,1.0,"C,O",11.0,144.17299999999997
CON=C(C(=O)NC1C(=O)N2C(C(=O)O)=C(CSc3nc(C)c(CC(=O)O)s3)CSC12)c1csc(N)n1,10500.30528,1,144,CON=C(C(=O)NC1C(=O)N2C(C(=O)O)=C(CSc3nc(C)c(CC(=O)O)s3)CSC12)c1csc(N)n1,10500.30528,TOXRIC,10500.30528,False,ok,ld50_above_10000.0_mgkg,True,CON=C(C(=O)NC1C(=O)N2C(C(=O)O)=C(CSc3nc(C)c(CC(=O)O)s3)CSC12)c1csc(N)n1,ok,1.0,"C,N,O,S",37.0,584.683
O=C(OCC(O)CO)c1ccccc1Nc1ccnc2cc(Cl)ccc12,73998.41213,1,222,O=C(OCC(O)CO)c1ccccc1Nc1ccnc2cc(Cl)ccc12,73998.41213,TOXRIC,73998.41213,False,ok,ld50_above_10000.0_mgkg,True,O=C(OCC(O)CO)c1ccccc1Nc1ccnc2cc(Cl)ccc12,ok,1.0,"C,Cl,N,O",26.0,372.80800000000005
OCC1OC(OC2C(CO)OC(O)C(O)C2O)C(O)C(O)C1O,29100.25503,1,238,OCC1OC(OC2C(CO)OC(O)C(O)C2O)C(O)C(O)C1O,29100.25503,TOXRIC,29100.25503,False,ok,ld50_above_10000.0_mgkg,True,OCC1OC(OC2C(CO)OC(O)C(O)C2O)C(O)C(O)C1O,ok,1.0,"C,O",23.0,342.297
NS(=O)(=O)c1cc2c(cc1Cl)NC(Cc1ccccc1)NS2(=O)=O,10000.77346,1,425,NS(=O)(=O)c1cc2c(cc1Cl)NC(Cc1ccccc1)NS2(=O)=O,10000.77346,TOXRIC,10000.77346,False,ok,ld50_above_10000.0_mgkg,True,NS(=O)(=O)c1cc2c(cc1Cl)NC(Cc1ccccc1)NS2(=O)=O,ok,1.0,"C,Cl,N,O,S",24.0,387.87000000000006
NC(C(=O)O)C(O)c1ccc(O)c(O)c1,10000.04692,1,475,NC(C(=O)O)C(O)c1ccc(O)c(O)c1,10000.04692,TOXRIC,10000.04692,False,ok,ld50_above_10000.0_mgkg,True,NC(C(=O)O)C(O)c1ccc(O)c(O)c1,ok,1.0,"C,N,O",15.0,213.189
OCC(O)C(O)C(O)C(O)CO,14491.21765,1,683,OCC(O)C(O)C(O)C(O)CO,14491.21765,TOXRIC,14491.21765,False,ok,ld50_above_10000.0_mgkg,True,OCC(O)C(O)C(O)C(O)CO,ok,1.0,"C,O",12.0,182.172
CON=C(C(=O)NC1C(=O)N2C(C(=O)O)=C(COC(C)=O)CSC12)c1csc(N)n1,10000.57083,1,782,CON=C(C(=O)NC1C(=O)N2C(C(=O)O)=C(COC(C)=O)CSC12)c1csc(N)n1,10000.57083,TOXRIC,10000.57083,False,ok,ld50_above_10000.0_mgkg,True,CON=C(C(=O)NC1C(=O)N2C(C(=O)O)=C(COC(C)=O)CSC12)c1csc(N)n1,ok,1.0,"C,N,O,S",30.0,455.47400000000016
CCCCC(CC)COC(=O)c1ccccc1C(=O)OCC(CC)CCCC,14001.29045,1,790,CCCCC(CC)COC(=O)c1ccccc1C(=O)OCC(CC)CCCC,14001.29045,TOXRIC,14001.29045,False,ok,ld50_above_10000.0_mgkg,True,CCCCC(CC)COC(=O)c1ccccc1C(=O)OCC(CC)CCCC,ok,1.0,"C,O",28.0,390.5640000000003
OCC1OC(O)(CO)C(O)C1O,14700.32638,1,797,OCC1OC(O)(CO)C(O)C1O,14700.32638,TOXRIC,14700.32638,False,ok,ld50_above_10000.0_mgkg,True,OCC1OC(O)(CO)C(O)C1O,ok,1.0,"C,O",12.0,180.156
CC(O)C(=O)Nc1c(I)c(C(=O)NC(CO)CO)c(I)c(C(=O)NC(CO)CO)c1I,40825.63044,1,801,CC(O)C(=O)Nc1c(I)c(C(=O)NC(CO)CO)c(I)c(C(=O)NC(CO)CO)c1I,40825.63044,TOXRIC,40825.63044,False,ok,ld50_above_10000.0_mgkg,True,CC(O)C(=O)Nc1c(I)c(C(=O)NC(CO)CO)c(I)c(C(=O)NC(CO)CO)c1I,ok,1.0,"C,I,N,O",31.0,777.0880000000001
OCC1OC(OC2C(CO)OC(O)(CO)C2O)C(O)C(O)C1O,15800.13847,1,804,OCC1OC(OC2C(CO)OC(O)(CO)C2O)C(O)C(O)C1O,15800.13847,TOXRIC,15800.13847,False,ok,ld50_above_10000.0_mgkg,True,OCC1OC(OC2C(CO)OC(O)(CO)C2O)C(O)C(O)C1O,ok,1.0,"C,O",23.0,342.29699999999997
COC1(NC(=O)CSCC#N)C(=O)N2C(C(=O)O)=C(CSc3nnnn3C)CSC21,10232.00176,1,838,COC1(NC(=O)CSCC#N)C(=O)N2C(C(=O)O)=C(CSc3nnnn3C)CSC21,10232.00176,TOXRIC,10232.00176,False,ok,ld50_above_10000.0_mgkg,True,COC1(NC(=O)CSCC#N)C(=O)N2C(C(=O)O)=C(CSc3nnnn3C)CSC21,ok,1.0,"C,N,O,S",30.0,471.54600000000016
CON=C(C(=O)NC1C(=O)N2C(C(=O)O)=C(COC(N)=O)CSC12)c1ccco1,10000.21208,1,839,CON=C(C(=O)NC1C(=O)N2C(C(=O)O)=C(COC(N)=O)CSC12)c1ccco1,10000.21208,TOXRIC,10000.21208,False,ok,ld50_above_10000.0_mgkg,True,CON=C(C(=O)NC1C(=O)N2C(C(=O)O)=C(COC(N)=O)CSC12)c1ccco1,ok,1.0,"C,N,O,S",29.0,424.39100000000013
OCC1OC(OC2(CO)OC(CO)C(O)C2O)C(O)C(O)C1O,14000.12271,1,868,OCC1OC(OC2(CO)OC(CO)C(O)C2O)C(O)C(O)C1O,14000.12271,TOXRIC,14000.12271,False,ok,ld50_above_10000.0_mgkg,True,OCC1OC(OC2(CO)OC(CO)C(O)C2O)C(O)C(O)C1O,ok,1.0,"C,O",23.0,342.297
Cc1cc(O)cc(C)c1Cl,114998.5315,1,893,Cc1cc(O)cc(C)c1Cl,114998.5315,TOXRIC,114998.5315,False,ok,ld50_above_10000.0_mgkg,True,Cc1cc(O)cc(C)c1Cl,ok,1.0,"C,Cl,O",10.0,156.61199999999997
O=CC(O)C(O)C(O)C(O)CO,18000.39963,1,917,O=CC(O)C(O)C(O)C(O)CO,18000.39963,TOXRIC,18000.39963,False,ok,ld50_above_10000.0_mgkg,True,O=CC(O)C(O)C(O)C(O)CO,ok,1.0,"C,O",12.0,180.15599999999998
O=c1cnn(C2OC(CO)C(O)C2O)c(=O)[nH]1,11249.95413,1,949,O=c1cnn(C2OC(CO)C(O)C2O)c(=O)[nH]1,11249.95413,TOXRIC,11249.95413,False,ok,ld50_above_10000.0_mgkg,True,O=c1cnn(C2OC(CO)C(O)C2O)c(=O)[nH]1,ok,1.0,"C,N,O",17.0,245.19100000000003
O=C(CO)C(O)C(O)C(O)CO,13600.30197,1,1241,O=C(CO)C(O)C(O)C(O)CO,13600.30197,TOXRIC,13600.30197,False,ok,ld50_above_10000.0_mgkg,True,O=C(CO)C(O)C(O)C(O)CO,ok,1.0,"C,O",12.0,180.15599999999998
OCC(O)C(O)C(O)CO,10000.26291,1,1244,OCC(O)C(O)C(O)CO,10000.26291,TOXRIC,10000.26291,False,ok,ld50_above_10000.0_mgkg,True,OCC(O)C(O)C(O)CO,ok,1.0,"C,O",10.0,152.146
CCCCC(CC)COC(=O)CCCCC(=O)OCC(CC)CCCC,100007.0162,1,1428,CCCCC(CC)COC(=O)CCCCC(=O)OCC(CC)CCCC,100007.0162,TOXRIC,100007.0162,False,ok,ld50_above_10000.0_mgkg,True,CCCCC(CC)COC(=O)CCCCC(=O)OCC(CC)CCCC,ok,1.0,"C,O",26.0,370.5740000000002
CC(O)CCO,10275.77197,1,1503,CC(O)CCO,10275.77197,TOXRIC,10275.77197,False,ok,ld50_above_10000.0_mgkg,True,CC(O)CCO,ok,1.0,"C,O",6.0,90.122
CCCCCCCCC=CCCCCCCCC#N,10001.17661,1,1603,CCCCCCCCC=CCCCCCCCC#N,10001.17661,TOXRIC,10001.17661,False,ok,ld50_above_10000.0_mgkg,True,CCCCCCCCC=CCCCCCCCC#N,ok,1.0,"C,N",19.0,263.4689999999999
CCCCCCCCOC(=O)c1ccccc1C(=O)OCCCCCCCC,65005.99138,1,1625,CCCCCCCCOC(=O)c1ccccc1C(=O)OCCCCCCCC,65005.99138,TOXRIC,65005.99138,False,ok,ld50_above_10000.0_mgkg,True,CCCCCCCCOC(=O)c1ccccc1C(=O)OCCCCCCCC,ok,1.0,"C,O",28.0,390.56400000000036
CCCCCCC(C)OC(=O)c1ccccc1C(=O)OC(C)CCCCCC,14001.29045,1,1745,CCCCCCC(C)OC(=O)c1ccccc1C(=O)OC(C)CCCCCC,14001.29045,TOXRIC,14001.29045,False,ok,ld50_above_10000.0_mgkg,True,CCCCCCC(C)OC(=O)c1ccccc1C(=O)OC(C)CCCCCC,ok,1.0,"C,O",28.0,390.5640000000003
C=C(C)C(=O)OCCCCCCCCCCCC,24999.60691,1,1814,C=C(C)C(=O)OCCCCCCCCCCCC,24999.60691,TOXRIC,24999.60691,False,ok,ld50_above_10000.0_mgkg,True,C=C(C)C(=O)OCCCCCCCCCCCC,ok,1.0,"C,O",18.0,254.41399999999987
CCCc1ccc(OCC(=O)N2CCN(C(=O)COc3ccc(CCC)cc3OC)CC2)c(OC)c1,11999.51868,1,1865,CCCc1ccc(OCC(=O)N2CCN(C(=O)COc3ccc(CCC)cc3OC)CC2)c(OC)c1,11999.51868,TOXRIC,11999.51868,False,ok,ld50_above_10000.0_mgkg,True,CCCc1ccc(OCC(=O)N2CCN(C(=O)COc3ccc(CCC)cc3OC)CC2)c(OC)c1,ok,1.0,"C,N,O",36.0,498.62000000000035
Cc1cn(C2OC(CO)C(O)C2O)c(=O)[nH]c1=O,10000.00001,1,2591,Cc1cn(C2OC(CO)C(O)C2O)c(=O)[nH]c1=O,10000.00001,TOXRIC,10000.00001,False,ok,ld50_above_10000.0_mgkg,True,Cc1cn(C2OC(CO)C(O)C2O)c(=O)[nH]c1=O,ok,1.0,"C,N,O",18.0,258.23
CCCCCCCCCCCCCCCCCC#N,10000.56501,1,2718,CCCCCCCCCCCCCCCCCC#N,10000.56501,TOXRIC,10000.56501,False,ok,ld50_above_10000.0_mgkg,True,CCCCCCCCCCCCCCCCCC#N,ok,1.0,"C,N",19.0,265.4849999999999
OC1COC2C(O)COC12,14282.66138,1,2737,OC1COC2C(O)COC12,14282.66138,TOXRIC,14282.66138,False,ok,ld50_above_10000.0_mgkg,True,OC1COC2C(O)COC12,ok,1.0,"C,O",10.0,146.142
COC(=O)c1c(I)c(CNC(C)=O)c(I)c(NC(C)=O)c1I,15200.02368,1,2868,COC(=O)c1c(I)c(CNC(C)=O)c(I)c(NC(C)=O)c1I,15200.02368,TOXRIC,15200.02368,False,ok,ld50_above_10000.0_mgkg,True,COC(=O)c1c(I)c(CNC(C)=O)c(I)c(NC(C)=O)c1I,ok,1.0,"C,I,N,O",22.0,641.9690000000002
O=c1[nH]c(=O)n(C2OC(CO)C(O)C2O)cc1Br,20000.06191,1,3175,O=c1[nH]c(=O)n(C2OC(CO)C(O)C2O)cc1Br,20000.06191,TOXRIC,20000.06191,False,ok,ld50_above_10000.0_mgkg,True,O=c1[nH]c(=O)n(C2OC(CO)C(O)C2O)cc1Br,ok,1.0,"Br,C,N,O",18.0,323.099
CCOC(=O)C1=C(C)NC(C)=C(C(=O)OCC)C1,29999.0525,1,3419,CCOC(=O)C1=C(C)NC(C)=C(C(=O)OCC)C1,29999.0525,TOXRIC,29999.0525,False,ok,ld50_above_10000.0_mgkg,True,CCOC(=O)C1=C(C)NC(C)=C(C(=O)OCC)C1,ok,1.0,"C,N,O",18.0,253.29799999999994
CC[N+](C)(C)CCOC(=O)C(O)(c1ccccc1)c1ccccc1,39996.10266,1,3437,CC[N+](C)(C)CCOC(=O)C(O)(c1ccccc1)c1ccccc1,39996.10266,TOXRIC,39996.10266,False,ok,ld50_above_10000.0_mgkg,True,CC[N+](C)(C)CCOC(=O)C(O)(c1ccccc1)c1ccccc1,ok,1.0,"C,N,O",24.0,328.4320000000001
C(C=C(c1ccccc1)c1ccccc1)=C(c1ccccc1)c1ccccc1,10000.44632,1,3453,C(C=C(c1ccccc1)c1ccccc1)=C(c1ccccc1)c1ccccc1,10000.44632,TOXRIC,10000.44632,False,ok,ld50_above_10000.0_mgkg,True,C(C=C(c1ccccc1)c1ccccc1)=C(c1ccccc1)c1ccccc1,ok,1.0,C,28.0,358.48400000000004
CC(=O)NCc1c(I)c(NC(C)=O)c(I)c(C(=O)OCCO)c1I,17699.86832,1,3522,CC(=O)NCc1c(I)c(NC(C)=O)c(I)c(C(=O)OCCO)c1I,17699.86832,TOXRIC,17699.86832,False,ok,ld50_above_10000.0_mgkg,True,CC(=O)NCc1c(I)c(NC(C)=O)c(I)c(C(=O)OCCO)c1I,ok,1.0,"C,I,N,O",24.0,671.9950000000002
CCC1Nc2cc(Cl)c(S(N)(=O)=O)cc2S(=O)(=O)N1,10000.03069,1,3698,CCC1Nc2cc(Cl)c(S(N)(=O)=O)cc2S(=O)(=O)N1,10000.03069,TOXRIC,10000.03069,False,ok,ld50_above_10000.0_mgkg,True,CCC1Nc2cc(Cl)c(S(N)(=O)=O)cc2S(=O)(=O)N1,ok,1.0,"C,Cl,N,O,S",19.0,325.799
NS(=O)(=O)c1cc(C(=O)O)c(Cl)cc1Cl,14999.83338,1,4191,NS(=O)(=O)c1cc(C(=O)O)c(Cl)cc1Cl,14999.83338,TOXRIC,14999.83338,False,ok,ld50_above_10000.0_mgkg,True,NS(=O)(=O)c1cc(C(=O)O)c(Cl)cc1Cl,ok,1.0,"C,Cl,N,O,S",15.0,270.09299999999996
CC(O)C(=O)NCCO,16300.36727,1,5252,CC(O)C(=O)NCCO,16300.36727,TOXRIC,16300.36727,False,ok,ld50_above_10000.0_mgkg,True,CC(O)C(=O)NCCO,ok,1.0,"C,N,O",9.0,133.14700000000002
C=C1CCC2C(C)(CO)C(O)CCC2(C)C1CC=C1C(=O)OCC1O,11458.20148,1,5296,C=C1CCC2C(C)(CO)C(O)CCC2(C)C1CC=C1C(=O)OCC1O,11458.20148,TOXRIC,11458.20148,False,ok,ld50_above_10000.0_mgkg,True,C=C1CCC2C(C)(CO)C(O)CCC2(C)C1CC=C1C(=O)OCC1O,ok,1.0,"C,O",25.0,350.4550000000001
CCSCN(CSCC)c1nc(N(CSCC)CSCC)nc(N(CSCC)CSCC)n1,11999.76882,1,5418,CCSCN(CSCC)c1nc(N(CSCC)CSCC)nc(N(CSCC)CSCC)n1,11999.76882,TOXRIC,11999.76882,False,ok,ld50_above_10000.0_mgkg,True,CCSCN(CSCC)c1nc(N(CSCC)CSCC)nc(N(CSCC)CSCC)n1,ok,1.0,"C,N,S",33.0,571.0110000000002
O=C1NS(=O)(=O)c2ccccc21,10247.06263,1,5622,O=C1NS(=O)(=O)c2ccccc21,10247.06263,TOXRIC,10247.06263,False,ok,ld50_above_10000.0_mgkg,True,O=C1NS(=O)(=O)c2ccccc21,ok,1.0,"C,N,O,S",12.0,183.18800000000002
CCCCCC=CCC=CCCCCCCCC(=O)Nc1ccccc1C,10500.19887,1,5850,CCCCCC=CCC=CCCCCCCCC(=O)Nc1ccccc1C,10500.19887,TOXRIC,10500.19887,False,ok,ld50_above_10000.0_mgkg,True,CCCCCC=CCC=CCCCCCCCC(=O)Nc1ccccc1C,ok,1.0,"C,N,O",27.0,369.59299999999996
NC(=O)CN1CCCC1=O,10000.14068,1,6249,NC(=O)CN1CCCC1=O,10000.14068,TOXRIC,10000.14068,False,ok,ld50_above_10000.0_mgkg,True,NC(=O)CN1CCCC1=O,ok,1.0,"C,N,O",10.0,142.158
COC(C(F)(F)F)C(F)(F)F,29999.50566,1,6640,COC(C(F)(F)F)C(F)(F)F,29999.50566,TOXRIC,29999.50566,False,ok,ld50_above_10000.0_mgkg,True,COC(C(F)(F)F)C(F)(F)F,ok,1.0,"C,F,O",11.0,182.063
CCOc1c(N)c2c(c(OCC)c1OCC)C(C1c3c(cc4c(c3OC)OCO4)CCN1C)OC2=O,14998.56159,1,7037,CCOc1c(N)c2c(c(OCC)c1OCC)C(C1c3c(cc4c(c3OC)OCO4)CCN1C)OC2=O,14998.56159,TOXRIC,14998.56159,False,ok,ld50_above_10000.0_mgkg,True,CCOc1c(N)c2c(c(OCC)c1OCC)C(C1c3c(cc4c(c3OC)OCO4)CCN1C)OC2=O,ok,1.0,"C,N,O",36.0,500.5480000000004
CCC(=O)Nc1ccc(C(=O)NCCN(CC)CC)cc1,23666.59389,1,7858,CCC(=O)Nc1ccc(C(=O)NCCN(CC)CC)cc1,23666.59389,TOXRIC,23666.59389,False,ok,ld50_above_10000.0_mgkg,True,CCC(=O)Nc1ccc(C(=O)NCCN(CC)CC)cc1,ok,1.0,"C,N,O",21.0,291.3949999999999
CC(=O)OC1C=CC(C)=CCC(O)C=CC(C)=CC(NC(=O)C(C)O)C2(C)C(=O)OC(C1)C(C)C2=O,10000.15887,1,9719,CC(=O)OC1C=CC(C)=CCC(O)C=CC(C)=CC(NC(=O)C(C)O)C2(C)C(=O)OC(C1)C(C)C2=O,10000.15887,TOXRIC,10000.15887,False,ok,ld50_above_10000.0_mgkg,True,CC(=O)OC1C=CC(C)=CCC(O)C=CC(C)=CC(NC(=O)C(C)O)C2(C)C(=O)OC(C1)C(C)C2=O,ok,1.0,"C,N,O",36.0,503.5920000000003
O=C(OCC1(COC(=O)c2cccnc2)CCCC(COC(=O)c2cccnc2)(COC(=O)c2cccnc2)C1O)c1cccnc1,14698.87567,1,10682,O=C(OCC1(COC(=O)c2cccnc2)CCCC(COC(=O)c2cccnc2)(COC(=O)c2cccnc2)C1O)c1cccnc1,14698.87567,TOXRIC,14698.87567,False,ok,ld50_above_10000.0_mgkg,True,O=C(OCC1(COC(=O)c2cccnc2)CCCC(COC(=O)c2cccnc2)(COC(=O)c2cccnc2)C1O)c1cccnc1,ok,1.0,"C,N,O",47.0,640.6490000000003
Cc1cc(O)c(C(C)(C)C)cc1Cl,31199.52893,1,11350,Cc1cc(O)c(C(C)(C)C)cc1Cl,31199.52893,TOXRIC,31199.52893,False,ok,ld50_above_10000.0_mgkg,True,Cc1cc(O)c(C(C)(C)C)cc1Cl,ok,1.0,"C,Cl,O",13.0,198.69299999999998
O=[N+]([O-])c1ccc(C=Cc2cc(Cl)c3ccc(Cl)cc3n2)o1,14997.94121,1,11435,O=[N+]([O-])c1ccc(C=Cc2cc(Cl)c3ccc(Cl)cc3n2)o1,14997.94121,TOXRIC,14997.94121,False,ok,ld50_above_10000.0_mgkg,True,O=[N+]([O-])c1ccc(C=Cc2cc(Cl)c3ccc(Cl)cc3n2)o1,ok,1.0,"C,Cl,N,O",22.0,335.1460000000001
CCC(=O)OC1C=CC2OC2CC(C)OC(=O)CC(OC(=O)CC)C(OC)C(OC2OC(C)C(OC3CC(C)(O)C(OC(=O)CC(C)C)C(C)O3)C(N(C)C)C2O)C(CC=O)CC1C,10000.04375,1,12311,CCC(=O)OC1C=CC2OC2CC(C)OC(=O)CC(OC(=O)CC)C(OC)C(OC2OC(C)C(OC3CC(C)(O)C(OC(=O)CC(C)C)C(C)O3)C(N(C)C)C2O)C(CC=O)CC1C,10000.04375,TOXRIC,10000.04375,False,ok,ld50_above_10000.0_mgkg,True,CCC(=O)OC1C=CC2OC2CC(C)OC(=O)CC(OC(=O)CC)C(OC)C(OC2OC(C)C(OC3CC(C)(O)C(OC(=O)CC(C)C)C(C)O3)C(N(C)C)C2O)C(CC=O)CC1C,ok,1.0,"C,N,O",64.0,914.0959999999999
CCC(=O)OC1C=CC2OC2CC(C)OC(=O)CC(OC(C)=O)C(OC)C(OC2OC(C)C(OC3CC(C)(O)C(OC(=O)CC(C)C)C(C)O3)C(N(C)C)C2O)C(CC=O)CC1C,10000.34442,1,12316,CCC(=O)OC1C=CC2OC2CC(C)OC(=O)CC(OC(C)=O)C(OC)C(OC2OC(C)C(OC3CC(C)(O)C(OC(=O)CC(C)C)C(C)O3)C(N(C)C)C2O)C(CC=O)CC1C,10000.34442,TOXRIC,10000.34442,False,ok,ld50_above_10000.0_mgkg,True,CCC(=O)OC1C=CC2OC2CC(C)OC(=O)CC(OC(C)=O)C(OC)C(OC2OC(C)C(OC3CC(C)(O)C(OC(=O)CC(C)C)C(C)O3)C(N(C)C)C2O)C(CC=O)CC1C,ok,1.0,"C,N,O",63.0,900.069
OCC1=CC(NC2CC(CO)C(OC3OC(CO)C(O)C(O)C3O)C(O)C2O)C(O)C(O)C1O,13000.15679,1,12697,OCC1=CC(NC2CC(CO)C(OC3OC(CO)C(O)C(O)C3O)C(O)C2O)C(O)C(O)C1O,13000.15679,TOXRIC,13000.15679,False,ok,ld50_above_10000.0_mgkg,True,OCC1=CC(NC2CC(CO)C(OC3OC(CO)C(O)C(O)C3O)C(O)C2O)C(O)C(O)C1O,ok,1.0,"C,N,O",34.0,497.494
CC(=O)OC1C=CC(C)=CC(NC(=O)C(C)O)C2(C)C(=O)OC(CC(OC(C)=O)C=CC(C)=CC1)C(C)C2=O,14999.20275,1,14354,CC(=O)OC1C=CC(C)=CC(NC(=O)C(C)O)C2(C)C(=O)OC(CC(OC(C)=O)C=CC(C)=CC1)C(C)C2=O,14999.20275,TOXRIC,14999.20275,False,ok,ld50_above_10000.0_mgkg,True,CC(=O)OC1C=CC(C)=CC(NC(=O)C(C)O)C2(C)C(=O)OC(CC(OC(C)=O)C=CC(C)=CC1)C(C)C2=O,ok,1.0,"C,N,O",39.0,545.6290000000004
CNC(=O)c1c(I)c(C(=O)NCC(=O)Nc2c(I)c(C(=O)O)c(I)c(C(=O)NCCO)c2I)c(I)c(N(C)C(C)=O)c1I,37300.49974,1,16210,CNC(=O)c1c(I)c(C(=O)NCC(=O)Nc2c(I)c(C(=O)O)c(I)c(C(=O)NCCO)c2I)c(I)c(N(C)C(C)=O)c1I,37300.49974,TOXRIC,37300.49974,False,ok,ld50_above_10000.0_mgkg,True,CNC(=O)c1c(I)c(C(=O)NCC(=O)Nc2c(I)c(C(=O)O)c(I)c(C(=O)NCCO)c2I)c(I)c(N(C)C(C)=O)c1I,ok,1.0,"C,I,N,O",43.0,1268.8829999999996
O=C1CN2CCOC2(c2ccccc2F)c2cc(Br)ccc2N1,14999.48307,1,16235,O=C1CN2CCOC2(c2ccccc2F)c2cc(Br)ccc2N1,14999.48307,TOXRIC,14999.48307,False,ok,ld50_above_10000.0_mgkg,True,O=C1CN2CCOC2(c2ccccc2F)c2cc(Br)ccc2N1,ok,1.0,"Br,C,F,N,O",23.0,377.213
O=C(OCCO)c1c(I)c(I)c(C(=O)OCCO)c(I)c1I,26099.93109,1,16812,O=C(OCCO)c1c(I)c(I)c(C(=O)OCCO)c(I)c1I,26099.93109,TOXRIC,26099.93109,False,ok,ld50_above_10000.0_mgkg,True,O=C(OCCO)c1c(I)c(I)c(C(=O)OCCO)c(I)c1I,ok,1.0,"C,I,O",22.0,757.8220000000001
O=C(OCC(O)CO)c1c(I)c(I)c(C(=O)OCC(O)CO)c(I)c1I,10999.94621,1,16813,O=C(OCC(O)CO)c1c(I)c(I)c(C(=O)OCC(O)CO)c(I)c1I,10999.94621,TOXRIC,10999.94621,False,ok,ld50_above_10000.0_mgkg,True,O=C(OCC(O)CO)c1c(I)c(I)c(C(=O)OCC(O)CO)c(I)c1I,ok,1.0,"C,I,O",26.0,817.874
COC(=O)c1c(I)c(I)c(C(=O)OC)c(I)c1I,20600,1,16814,COC(=O)c1c(I)c(I)c(C(=O)OC)c(I)c1I,20600,TOXRIC,20600.0,False,ok,ld50_above_10000.0_mgkg,True,COC(=O)c1c(I)c(I)c(C(=O)OC)c(I)c1I,ok,1.0,"C,I,O",18.0,697.7700000000001
CCCCCCNC(=S)c1ccc(OC)cc1,12799.74542,1,17049,CCCCCCNC(=S)c1ccc(OC)cc1,12799.74542,TOXRIC,12799.74542,False,ok,ld50_above_10000.0_mgkg,True,CCCCCCNC(=S)c1ccc(OC)cc1,ok,1.0,"C,N,O,S",17.0,251.395
OC1(c2ccc(C(F)(F)F)cc2)CN2CCCCC2CO1,157995.8049,1,18600,OC1(c2ccc(C(F)(F)F)cc2)CN2CCCCC2CO1,157995.8049,TOXRIC,157995.8049,False,ok,ld50_above_10000.0_mgkg,True,OC1(c2ccc(C(F)(F)F)cc2)CN2CCCCC2CO1,ok,1.0,"C,F,N,O",21.0,301.30800000000005
CCC1(CC=C2CCCC2)C(=O)NC(=O)NC1=O,17499.44066,1,18855,CCC1(CC=C2CCCC2)C(=O)NC(=O)NC1=O,17499.44066,TOXRIC,17499.44066,False,ok,ld50_above_10000.0_mgkg,True,CCC1(CC=C2CCCC2)C(=O)NC(=O)NC1=O,ok,1.0,"C,N,O",18.0,250.29799999999997
CC(=O)NCc1c(I)c(NC(C)=O)c(I)c(C(=O)OCC(O)CO)c1I,17799.97466,1,19049,CC(=O)NCc1c(I)c(NC(C)=O)c(I)c(C(=O)OCC(O)CO)c1I,17799.97466,TOXRIC,17799.97466,False,ok,ld50_above_10000.0_mgkg,True,CC(=O)NCc1c(I)c(NC(C)=O)c(I)c(C(=O)OCC(O)CO)c1I,ok,1.0,"C,I,N,O",26.0,702.0210000000003
CC=C(C=O)C1CC2c3c(c4ccccc4n3C(OC)C1)CCN2C,47492.84239,1,19633,CC=C(C=O)C1CC2c3c(c4ccccc4n3C(OC)C1)CCN2C,47492.84239,TOXRIC,47492.84239,False,ok,ld50_above_10000.0_mgkg,True,CC=C(C=O)C1CC2c3c(c4ccccc4n3C(OC)C1)CCN2C,ok,1.0,"C,N,O",25.0,338.4510000000002
CC(C)(ON=C(C(=O)NC1C(=O)N2C(C(=O)O)=C(C[n+]3ccccc3)CSC12)c1csc(N)n1)C(=O)O,11489.23021,1,20665,CC(C)(ON=C(C(=O)NC1C(=O)N2C(C(=O)O)=C(C[n+]3ccccc3)CSC12)c1csc(N)n1)C(=O)O,11489.23021,TOXRIC,11489.23021,False,ok,ld50_above_10000.0_mgkg,True,CC(C)(ON=C(C(=O)NC1C(=O)N2C(C(=O)O)=C(C[n+]3ccccc3)CSC12)c1csc(N)n1)C(=O)O,ok,1.0,"C,N,O,S",37.0,547.5950000000003
Cc1cc(C)c(C)c(OCC2=NCCCN2)c1C,59999.02577,1,20757,Cc1cc(C)c(C)c(OCC2=NCCCN2)c1C,59999.02577,TOXRIC,59999.02577,False,ok,ld50_above_10000.0_mgkg,True,Cc1cc(C)c(C)c(OCC2=NCCCN2)c1C,ok,1.0,"C,N,O",18.0,246.35399999999996
CC1OC(Nc2ccc(C(=O)O)cc2)C(O)C(O)C1O,14999.99999,1,20833,CC1OC(Nc2ccc(C(=O)O)cc2)C(O)C(O)C1O,14999.99999,TOXRIC,14999.99999,False,ok,ld50_above_10000.0_mgkg,True,CC1OC(Nc2ccc(C(=O)O)cc2)C(O)C(O)C1O,ok,1.0,"C,N,O",20.0,283.28
CCC=CCC=CCC=CCC=CCC=CCCCC(=O)OCC,19999.27383,1,20956,CCC=CCC=CCC=CCC=CCC=CCCCC(=O)OCC,19999.27383,TOXRIC,19999.27383,False,ok,ld50_above_10000.0_mgkg,True,CCC=CCC=CCC=CCC=CCC=CCCCC(=O)OCC,ok,1.0,"C,O",24.0,330.5120000000001
Cc1c2ccnc(NCCCN(C)C)c2c(C)c2c1[nH]c1ccncc12,10000.97851,1,20966,Cc1c2ccnc(NCCCN(C)C)c2c(C)c2c1[nH]c1ccncc12,10000.97851,TOXRIC,10000.97851,False,ok,ld50_above_10000.0_mgkg,True,Cc1c2ccnc(NCCCN(C)C)c2c(C)c2c1[nH]c1ccncc12,ok,1.0,"C,N",26.0,347.466
CN=C(NC1CCCCC1)c1ccc(C)cc1,52498.86044,1,20987,CN=C(NC1CCCCC1)c1ccc(C)cc1,52498.86044,TOXRIC,52498.86044,False,ok,ld50_above_10000.0_mgkg,True,CN=C(NC1CCCCC1)c1ccc(C)cc1,ok,1.0,"C,N",17.0,230.355
CC(=O)NC1CC(OC2CC(O)(C(C)=O)Cc3c(O)c4c(c(O)c32)C(=O)c2c(O)cccc2C4=O)OC(C)C1O,16498.93077,1,21476,CC(=O)NC1CC(OC2CC(O)(C(C)=O)Cc3c(O)c4c(c(O)c32)C(=O)c2c(O)cccc2C4=O)OC(C)C1O,16498.93077,TOXRIC,16498.93077,False,ok,ld50_above_10000.0_mgkg,True,CC(=O)NC1CC(OC2CC(O)(C(C)=O)Cc3c(O)c4c(c(O)c32)C(=O)c2c(O)cccc2C4=O)OC(C)C1O,ok,1.0,"C,N,O",40.0,555.5360000000003
CCN1CCN(C(=O)NC(C(=O)NC2(OC)C(=O)N3C(C(=O)O)=C(CSc4nnnn4C)CSC32)C(C)O)C(=O)C1=O,10000.60543,1,22095,CCN1CCN(C(=O)NC(C(=O)NC2(OC)C(=O)N3C(C(=O)O)=C(CSc4nnnn4C)CSC32)C(C)O)C(=O)C1=O,10000.60543,TOXRIC,10000.60543,False,ok,ld50_above_10000.0_mgkg,True,CCN1CCN(C(=O)NC(C(=O)NC2(OC)C(=O)N3C(C(=O)O)=C(CSc4nnnn4C)CSC32)C(C)O)C(=O)C1=O,ok,1.0,"C,N,O,S",42.0,627.6620000000003
CCOc1ccc(C(C)(C)COCc2cccc(Oc3ccccc3)c2)cc1,13400.14237,1,23268,CCOc1ccc(C(C)(C)COCc2cccc(Oc3ccccc3)c2)cc1,13400.14237,TOXRIC,13400.14237,False,ok,ld50_above_10000.0_mgkg,True,CCOc1ccc(C(C)(C)COCc2cccc(Oc3ccccc3)c2)cc1,ok,1.0,"C,O",28.0,376.49600000000004
CCN(CC)CCNC(=O)c1ccc(NC(=O)C(Cl)Cl)cc1,38148.60887,1,25178,CCN(CC)CCNC(=O)c1ccc(NC(=O)C(Cl)Cl)cc1,38148.60887,TOXRIC,38148.60887,False,ok,ld50_above_10000.0_mgkg,True,CCN(CC)CCNC(=O)c1ccc(NC(=O)C(Cl)Cl)cc1,ok,1.0,"C,Cl,N,O",22.0,346.25800000000004
CCCC(=O)Nc1ccc(C(=O)NCCN(CC)CC)cc1,21196.47307,1,26791,CCCC(=O)Nc1ccc(C(=O)NCCN(CC)CC)cc1,21196.47307,TOXRIC,21196.47307,False,ok,ld50_above_10000.0_mgkg,True,CCCC(=O)Nc1ccc(C(=O)NCCN(CC)CC)cc1,ok,1.0,"C,N,O",22.0,305.422
CCN(CC)CCCN1CCc2c([nH]c3ccccc23)C1c1cccnc1,32598.11158,1,28564,CCN(CC)CCCN1CCc2c([nH]c3ccccc23)C1c1cccnc1,32598.11158,TOXRIC,32598.11158,False,ok,ld50_above_10000.0_mgkg,True,CCN(CC)CCCN1CCc2c([nH]c3ccccc23)C1c1cccnc1,ok,1.0,"C,N",27.0,362.5210000000001
O=C(NN=Cc1ccc(-n2c(-c3ccccc3Cl)nc3ccccc3c2=O)cc1)c1ccccc1,463962.216,1,29778,O=C(NN=Cc1ccc(-n2c(-c3ccccc3Cl)nc3ccccc3c2=O)cc1)c1ccccc1,463962.216,TOXRIC,463962.216,False,ok,ld50_above_10000.0_mgkg,True,O=C(NN=Cc1ccc(-n2c(-c3ccccc3Cl)nc3ccccc3c2=O)cc1)c1ccccc1,ok,1.0,"C,Cl,N,O",35.0,478.93900000000014
CCCCCC(=O)OC1(C(C)=O)CCC2C3CCC4=CC(=O)CCC4C3CCC21C,10000.3377,1,30991,CCCCCC(=O)OC1(C(C)=O)CCC2C3CCC4=CC(=O)CCC4C3CCC21C,10000.3377,TOXRIC,10000.3377,False,ok,ld50_above_10000.0_mgkg,True,CCCCCC(=O)OC1(C(C)=O)CCC2C3CCC4=CC(=O)CCC4C3CCC21C,ok,1.0,"C,O",30.0,414.58600000000024
NS(=O)(=O)c1cc2c(cc1Cl)NC(Cl)(Cc1ccccc1)NS2(=O)=O,21499.23637,1,32069,NS(=O)(=O)c1cc2c(cc1Cl)NC(Cl)(Cc1ccccc1)NS2(=O)=O,21499.23637,TOXRIC,21499.23637,False,ok,ld50_above_10000.0_mgkg,True,NS(=O)(=O)c1cc2c(cc1Cl)NC(Cl)(Cc1ccccc1)NS2(=O)=O,ok,1.0,"C,Cl,N,O,S",25.0,422.3150000000001
NC(=O)CN1CC(O)CC1=O,10000.1897,1,32453,NC(=O)CN1CC(O)CC1=O,10000.1897,TOXRIC,10000.1897,False,ok,ld50_above_10000.0_mgkg,True,NC(=O)CN1CC(O)CC1=O,ok,1.0,"C,N,O",11.0,158.15699999999995
CCC(C)C(CC)C(=O)NCN(Cc1ccccc1)Cc1ccccc1,70995.56902,1,33427,CCC(C)C(CC)C(=O)NCN(Cc1ccccc1)Cc1ccccc1,70995.56902,TOXRIC,70995.56902,False,ok,ld50_above_10000.0_mgkg,True,CCC(C)C(CC)C(=O)NCN(Cc1ccccc1)Cc1ccccc1,ok,1.0,"C,N,O",26.0,352.52200000000005
CCCOc1cc(C)c(C(=O)OCC(C)(C)N2CCCC2)c(C)c1,55704.67686,1,34506,CCCOc1cc(C)c(C(=O)OCC(C)(C)N2CCCC2)c(C)c1,55704.67686,TOXRIC,55704.67686,False,ok,ld50_above_10000.0_mgkg,True,CCCOc1cc(C)c(C(=O)OCC(C)(C)N2CCCC2)c(C)c1,ok,1.0,"C,N,O",24.0,333.4720000000001
CC1=CC(=CC(=C1Cl)C)O,115000,2,35534,CC1=CC(=CC(=C1Cl)C)O,115000,PubChem,115000.0,False,ok,ld50_above_10000.0_mgkg,True,Cc1cc(O)cc(C)c1Cl,ok,1.0,"C,Cl,O",10.0,156.61199999999997
C1C(=O)NC2=C(C=C(C=C2)[N+](=O)[O-])C(=N1)C3=CC=CC=C3Cl,13300,2,35555,C1C(=O)NC2=C(C=C(C=C2)[N+](=O)[O-])C(=N1)C3=CC=CC=C3Cl,13300,PubChem,13300.0,False,ok,ld50_above_10000.0_mgkg,True,O=C1CN=C(c2ccccc2Cl)c2cc([N+](=O)[O-])ccc2N1,ok,1.0,"C,Cl,N,O",22.0,315.716
CC(C)(CO)C(C(=O)NCCCO)O,10100,2,35823,CC(C)(CO)C(C(=O)NCCCO)O,10100,PubChem,10100.0,False,ok,ld50_above_10000.0_mgkg,True,CC(C)(CO)C(O)C(=O)NCCCO,ok,1.0,"C,N,O",14.0,205.25399999999996
C(OC(C(F)(F)F)C(F)(F)F)F,10500,2,35904,C(OC(C(F)(F)F)C(F)(F)F)F,10500,PubChem,10500.0,False,ok,ld50_above_10000.0_mgkg,True,FCOC(C(F)(F)F)C(F)(F)F,ok,1.0,"C,F,O",12.0,200.05299999999997
C([C@H]([C@H]([C@@H]([C@H](CO)O)O)O)O)O,15000,2,36013,C([C@H]([C@H]([C@@H]([C@H](CO)O)O)O)O)O,15000,PubChem,15000.0,False,ok,ld50_above_10000.0_mgkg,True,OC[C@@H](O)[C@@H](O)[C@H](O)[C@@H](O)CO,ok,1.0,"C,O",12.0,182.172
C1=NN(C(=O)NC1=O)[C@H]2[C@@H]([C@@H]([C@H](O2)CO)O)O,11250,2,36055,C1=NN(C(=O)NC1=O)[C@H]2[C@@H]([C@@H]([C@H](O2)CO)O)O,11250,PubChem,11250.0,False,ok,ld50_above_10000.0_mgkg,True,O=c1cnn([C@@H]2O[C@H](CO)[C@@H](O)[C@H]2O)c(=O)[nH]1,ok,1.0,"C,N,O",17.0,245.19100000000003
C([C@@H]1[C@H]([C@@H]([C@H]([C@H](O1)O[C@]2([C@H]([C@@H]([C@H](O2)CO)O)O)CO)O)O)O)O,14000,2,36090,C([C@@H]1[C@H]([C@@H]([C@H]([C@H](O1)O[C@]2([C@H]([C@@H]([C@H](O2)CO)O)O)CO)O)O)O)O,14000,PubChem,14000.0,False,ok,ld50_above_10000.0_mgkg,True,OC[C@H]1O[C@@](CO)(O[C@H]2O[C@H](CO)[C@@H](O)[C@H](O)[C@H]2O)[C@@H](O)[C@@H]1O,ok,1.0,"C,O",23.0,342.297
C([C@H]([C@H]([C@@H]([C@@H](CO)O)O)O)O)O,14000,2,36179,C([C@H]([C@H]([C@@H]([C@@H](CO)O)O)O)O)O,14000,PubChem,14000.0,False,ok,ld50_above_10000.0_mgkg,True,OC[C@@H](O)[C@@H](O)[C@H](O)[C@H](O)CO,ok,1.0,"C,O",12.0,182.172
CC(CCO)O,10276,2,36540,CC(CCO)O,10276,PubChem,10276.0,False,ok,ld50_above_10000.0_mgkg,True,CC(O)CCO,ok,1.0,"C,O",6.0,90.122
CCCCC(CC)COC(=O)C1=CC=CC=C1C(=O)OCC(CC)CCCC,14000,2,36651,CCCCC(CC)COC(=O)C1=CC=CC=C1C(=O)OCC(CC)CCCC,14000,PubChem,14000.0,False,ok,ld50_above_10000.0_mgkg,True,CCCCC(CC)COC(=O)c1ccccc1C(=O)OCC(CC)CCCC,ok,1.0,"C,O",28.0,390.5640000000003
CCCCCCCCOC(=O)C1=CC=CC=C1C(=O)OCCCCCCCC,65000,2,36653,CCCCCCCCOC(=O)C1=CC=CC=C1C(=O)OCCCCCCCC,65000,PubChem,65000.0,False,ok,ld50_above_10000.0_mgkg,True,CCCCCCCCOC(=O)c1ccccc1C(=O)OCCCCCCCC,ok,1.0,"C,O",28.0,390.56400000000036
CCCCCCC(C)OC(=O)C1=CC=CC=C1C(=O)OC(C)CCCCCC,14000,2,36694,CCCCCCC(C)OC(=O)C1=CC=CC=C1C(=O)OC(C)CCCCCC,14000,PubChem,14000.0,False,ok,ld50_above_10000.0_mgkg,True,CCCCCCC(C)OC(=O)c1ccccc1C(=O)OC(C)CCCCCC,ok,1.0,"C,O",28.0,390.5640000000003
C1=CC=C2C=C(C=CC2=C1)O,97500,2,36710,C1=CC=C2C=C(C=CC2=C1)O,97500,PubChem,97500.0,False,ok,ld50_above_10000.0_mgkg,True,Oc1ccc2ccccc2c1,ok,1.0,"C,O",11.0,144.17299999999997
CCCCCCCCCCCCOC(=O)C(=C)C,25000,2,36751,CCCCCCCCCCCCOC(=O)C(=C)C,25000,PubChem,25000.0,False,ok,ld50_above_10000.0_mgkg,True,C=C(C)C(=O)OCCCCCCCCCCCC,ok,1.0,"C,O",18.0,254.41399999999987
C([C@@H]1[C@@H]([C@@H]([C@H]([C@@H](O1)O[C@@H]2[C@H](O[C@@]([C@H]2O)(CO)O)CO)O)O)O)O,15800,2,37089,C([C@@H]1[C@@H]([C@@H]([C@H]([C@@H](O1)O[C@@H]2[C@H](O[C@@]([C@H]2O)(CO)O)CO)O)O)O)O,15800,PubChem,15800.0,False,ok,ld50_above_10000.0_mgkg,True,OC[C@H]1O[C@@H](O[C@@H]2[C@@H](CO)O[C@](O)(CO)[C@H]2O)[C@H](O)[C@@H](O)[C@H]1O,ok,1.0,"C,O",23.0,342.29699999999997
C1[C@H]([C@@H]2[C@H](O1)[C@H](CO2)O)O,13600,2,37212,C1[C@H]([C@@H]2[C@H](O1)[C@H](CO2)O)O,13600,PubChem,13600.0,False,ok,ld50_above_10000.0_mgkg,True,O[C@@H]1CO[C@H]2[C@@H]1OC[C@@H]2O,ok,1.0,"C,O",10.0,146.142
C[C@@H]1CC[C@H]([C@@H](C1)O)C(C)C,14200,2,37539,C[C@@H]1CC[C@H]([C@@H](C1)O)C(C)C,14200,PubChem,14200.0,False,ok,ld50_above_10000.0_mgkg,True,CC(C)[C@@H]1CC[C@@H](C)C[C@H]1O,ok,1.0,"C,O",11.0,156.269
CCNCC.C1=CC(=C(C=C1O)S(=O)(=O)O)O,29750,2,37595,CCNCC.C1=CC(=C(C=C1O)S(=O)(=O)O)O,29750,PubChem,29750.0,False,ok,ld50_above_10000.0_mgkg,True,O=S(=O)(O)c1cc(O)ccc1O,ok,2.0,"C,O,S",12.0,190.176
C1=C(C(=CC(=C1S(=O)(=O)N)Cl)Cl)C(=O)O,15000,2,37603,C1=C(C(=CC(=C1S(=O)(=O)N)Cl)Cl)C(=O)O,15000,PubChem,15000.0,False,ok,ld50_above_10000.0_mgkg,True,NS(=O)(=O)c1cc(C(=O)O)c(Cl)cc1Cl,ok,1.0,"C,Cl,N,O,S",15.0,270.09299999999996
COC(C(F)(F)F)C(F)(F)F,30000,2,37963,COC(C(F)(F)F)C(F)(F)F,30000,PubChem,30000.0,False,ok,ld50_above_10000.0_mgkg,True,COC(C(F)(F)F)C(F)(F)F,ok,1.0,"C,F,O",11.0,182.063
CN1C(=NN=N1)SCC2=C(N3[C@@H]([C@@](C3=O)(NC(=O)CSCC#N)OC)SC2)C(=O)O,10233,2,38301,CN1C(=NN=N1)SCC2=C(N3[C@@H]([C@@](C3=O)(NC(=O)CSCC#N)OC)SC2)C(=O)O,10233,PubChem,10233.0,False,ok,ld50_above_10000.0_mgkg,True,CO[C@@]1(NC(=O)CSCC#N)C(=O)N2C(C(=O)O)=C(CSc3nnnn3C)CS[C@@H]21,ok,1.0,"C,N,O,S",30.0,471.54600000000016
C[C@@H](C(=O)NC1=C(C(=C(C(=C1I)C(=O)NC(CO)CO)I)C(=O)NC(CO)CO)I)O,40825,2,38510,C[C@@H](C(=O)NC1=C(C(=C(C(=C1I)C(=O)NC(CO)CO)I)C(=O)NC(CO)CO)I)O,40825,PubChem,40825.0,False,ok,ld50_above_10000.0_mgkg,True,C[C@H](O)C(=O)Nc1c(I)c(C(=O)NC(CO)CO)c(I)c(C(=O)NC(CO)CO)c1I,ok,1.0,"C,I,N,O",31.0,777.0880000000001
CC(C(=O)NCCO)O,16300,2,39060,CC(C(=O)NCCO)O,16300,PubChem,16300.0,False,ok,ld50_above_10000.0_mgkg,True,CC(O)C(=O)NCCO,ok,1.0,"C,N,O",9.0,133.14700000000002
C1C(C2C(O1)C(CO2)O)O,15000,2,39111,C1C(C2C(O1)C(CO2)O)O,15000,PubChem,15000.0,False,ok,ld50_above_10000.0_mgkg,True,OC1COC2C(O)COC12,ok,1.0,"C,O",10.0,146.142
C([C@H]([C@H]([C@@H]([C@H](C=O)O)O)O)O)O,18000,2,39148,C([C@H]([C@H]([C@@H]([C@H](C=O)O)O)O)O)O,18000,PubChem,18000.0,False,ok,ld50_above_10000.0_mgkg,True,O=C[C@H](O)[C@@H](O)[C@H](O)[C@H](O)CO,ok,1.0,"C,O",12.0,180.15599999999998
C([C@@H]1[C@H]([C@@H]([C@H]([C@H](O1)O[C@H]([C@@H](CO)O)[C@@H]([C@H](C=O)O)O)O)O)O)O,29100,2,39352,C([C@@H]1[C@H]([C@@H]([C@H]([C@H](O1)O[C@H]([C@@H](CO)O)[C@@H]([C@H](C=O)O)O)O)O)O)O,29100,PubChem,29100.0,False,ok,ld50_above_10000.0_mgkg,True,O=C[C@H](O)[C@@H](O)[C@H](O[C@H]1O[C@H](CO)[C@@H](O)[C@H](O)[C@H]1O)[C@H](O)CO,ok,1.0,"C,O",23.0,342.2970000000001
C1[C@@H]([C@H]([C@@H]([C@H]([C@H]1N[C@H]2C=C([C@H]([C@@H]([C@H]2O)O)O)CO)O)O)O[C@H]3[C@@H]([C@H]([C@@H]([C@H](O3)CO)O)O)O)CO,13000,2,39627,C1[C@@H]([C@H]([C@@H]([C@H]([C@H]1N[C@H]2C=C([C@H]([C@@H]([C@H]2O)O)O)CO)O)O)O[C@H]3[C@@H]([C@H]([C@@H]([C@H](O3)CO)O)O)O)CO,13000,PubChem,13000.0,False,ok,ld50_above_10000.0_mgkg,True,OCC1=C[C@H](N[C@H]2C[C@H](CO)[C@@H](O[C@@H]3O[C@H](CO)[C@@H](O)[C@H](O)[C@H]3O)[C@H](O)[C@H]2O)[C@H](O)[C@@H](O)[C@@H]1O,ok,1.0,"C,N,O",34.0,497.494
CN1CCC[C@H]1C2=CN=CC=C2.Cl,13500,2,40054,CN1CCC[C@H]1C2=CN=CC=C2.Cl,13500,PubChem,13500.0,False,ok,ld50_above_10000.0_mgkg,True,CN1CCC[C@H]1c1cccnc1,ok,2.0,"C,N",12.0,162.236
C[C@@]12CC[C@H]([C@@]([C@H]1CCC(=C)[C@H]2C/C=C/3\[C@@H](COC3=O)O)(C)CO)O,11460,2,40086,C[C@@]12CC[C@H]([C@@]([C@H]1CCC(=C)[C@H]2C/C=C/3\[C@@H](COC3=O)O)(C)CO)O,11460,PubChem,11460.0,False,ok,ld50_above_10000.0_mgkg,True,C=C1CC[C@@H]2[C@](C)(CO)[C@H](O)CC[C@@]2(C)[C@@H]1C/C=C1/C(=O)OC[C@H]1O,ok,1.0,"C,O",25.0,350.4550000000001
CC1=C(SC(=N1)SCC2=C(N3[C@@H]([C@@H](C3=O)NC(=O)/C(=N\OC)/C4=CSC(=N4)N)SC2)C(=O)[O-])CC(=O)[O-].[Na+].[Na+],10500,2,40310,CC1=C(SC(=N1)SCC2=C(N3[C@@H]([C@@H](C3=O)NC(=O)/C(=N\OC)/C4=CSC(=N4)N)SC2)C(=O)[O-])CC(=O)[O-].[Na+].[Na+],10500,PubChem,10500.0,False,ok,ld50_above_10000.0_mgkg,True,CO/N=C(\C(=O)N[C@@H]1C(=O)N2C(C(=O)O)=C(CSc3nc(C)c(CC(=O)O)s3)CS[C@H]12)c1csc(N)n1,ok,3.0,"C,N,O,S",37.0,584.683
CC(N)Cc1ccccc1,4.400000003,1,179,CC(N)Cc1ccccc1,4.400000003,TOXRIC,4.400000003,False,ok,duplicate_conflict_fold_above_5.0,True,CC(N)Cc1ccccc1,ok,1.0,"C,N",10.0,135.20999999999998
O=C(O)CN(CCN(CC(=O)O)CC(=O)O)CC(=O)O,216.6883718,1,201,O=C(O)CN(CCN(CC(=O)O)CC(=O)O)CC(=O)O,216.6883718,TOXRIC,216.6883718,False,ok,duplicate_conflict_fold_above_5.0,True,O=C(O)CN(CCN(CC(=O)O)CC(=O)O)CC(=O)O,ok,1.0,"C,N,O",20.0,292.244
CCSCCC(N)C(=O)O,40.9994977,1,528,CCSCCC(N)C(=O)O,40.9994977,TOXRIC,40.9994977,False,ok,duplicate_conflict_fold_above_5.0,True,CCSCCC(N)C(=O)O,ok,1.0,"C,N,O,S",10.0,163.24200000000002
C1CNCCN1,1208.603241,1,592,C1CNCCN1,1208.603241,TOXRIC,1208.603241,False,ok,duplicate_conflict_fold_above_5.0,True,C1CNCCN1,ok,1.0,"C,N",6.0,86.138
NCCO,49.99672584,1,704,NCCO,49.99672584,TOXRIC,49.99672584,False,ok,duplicate_conflict_fold_above_5.0,True,NCCO,ok,1.0,"C,N,O",4.0,61.083999999999996
CNCCCC12CCC(c3ccccc31)c1ccccc12,132.2823199,1,855,CNCCCC12CCC(c3ccccc31)c1ccccc12,132.2823199,TOXRIC,132.2823199,False,ok,duplicate_conflict_fold_above_5.0,True,CNCCCC12CCC(c3ccccc31)c1ccccc12,ok,1.0,"C,N",21.0,277.41100000000006
NCc1cc(=O)[nH]o1,4.422813682,1,4202,NCc1cc(=O)[nH]o1,4.422813682,TOXRIC,4.422813682,False,ok,duplicate_conflict_fold_above_5.0,True,NCc1cc(=O)[nH]o1,ok,1.0,"C,N,O",8.0,114.10399999999998
NCCNCCNCCNCCN,3999.852091,1,12700,NCCNCCNCCNCCN,3999.852091,TOXRIC,3999.852091,False,ok,duplicate_conflict_fold_above_5.0,True,NCCNCCNCCNCCN,ok,1.0,"C,N",13.0,189.307
NNCc1ccccc1,34.55183331,1,35134,NNCc1ccccc1,34.55183331,TOXRIC,34.55183331,False,ok,duplicate_conflict_fold_above_5.0,True,NNCc1ccccc1,ok,1.0,"C,N",9.0,122.17099999999995
C1=CC2=C(C=C1O)C(=CN2)CC(C(=O)O)N,200,2,35310,C1=CC2=C(C=C1O)C(=CN2)CC(C(=O)O)N,200,PubChem,200.0,False,ok,duplicate_conflict_fold_above_5.0,True,NC(Cc1c[nH]c2ccc(O)cc12)C(=O)O,ok,1.0,"C,N,O",16.0,220.22799999999998
C1=CC2=C(C=C1O)C(=CN2)CC(C(=O)O)N,1080,2,35311,C1=CC2=C(C=C1O)C(=CN2)CC(C(=O)O)N,1080,PubChem,1080.0,False,ok,duplicate_conflict_fold_above_5.0,True,NC(Cc1c[nH]c2ccc(O)cc12)C(=O)O,ok,1.0,"C,N,O",16.0,220.22799999999998
CC(=O)OCC[N+](C)(C)C,170,2,35316,CC(=O)OCC[N+](C)(C)C,170,PubChem,170.0,False,ok,duplicate_conflict_fold_above_5.0,True,CC(=O)OCC[N+](C)(C)C,ok,1.0,"C,N,O",10.0,146.21
C(CO)N,50,2,35350,C(CO)N,50,PubChem,50.0,False,ok,duplicate_conflict_fold_above_5.0,True,NCCO,ok,1.0,"C,N,O",4.0,61.083999999999996
C(CC(=O)O)C(=O)O,2702,2,35404,C(CC(=O)O)C(=O)O,2702,PubChem,2702.0,False,ok,duplicate_conflict_fold_above_5.0,True,O=C(O)CCC(=O)O,ok,1.0,"C,O",8.0,118.088
CC(CC1=CC=CC=C1)NC,7,2,35416,CC(CC1=CC=CC=C1)NC,7,PubChem,7.0,False,ok,duplicate_conflict_fold_above_5.0,True,CNC(C)Cc1ccccc1,ok,1.0,"C,N",11.0,149.237
CN(C)CCCN1C2=CC=CC=C2SC3=C1C=C(C=C3)Cl,14,2,35536,CN(C)CCCN1C2=CC=CC=C2SC3=C1C=C(C=C3)Cl,14,PubChem,14.0,False,ok,duplicate_conflict_fold_above_5.0,True,CN(C)CCCN1c2ccccc2Sc2ccc(Cl)cc21,ok,1.0,"C,Cl,N,S",21.0,318.8730000000001
CC(CC1=CC=CC=C1)N,5.5,2,35579,CC(CC1=CC=CC=C1)N,5.5,PubChem,5.5,False,ok,duplicate_conflict_fold_above_5.0,True,CC(N)Cc1ccccc1,ok,1.0,"C,N",10.0,135.20999999999998
C(CN)N,200,2,35626,C(CN)N,200,PubChem,200.0,False,ok,duplicate_conflict_fold_above_5.0,True,NCCN,ok,1.0,"C,N",4.0,60.09999999999999
CNCCCC12CCC(C3=CC=CC=C31)C4=CC=CC=C24,140,2,35734,CNCCCC12CCC(C3=CC=CC=C31)C4=CC=CC=C24,140,PubChem,140.0,False,ok,duplicate_conflict_fold_above_5.0,True,CNCCCC12CCC(c3ccccc31)c1ccccc12,ok,1.0,"C,N",21.0,277.41100000000006
C1=C(ONC1=O)CN,2.5,2,35777,C1=C(ONC1=O)CN,2.5,PubChem,2.5,False,ok,duplicate_conflict_fold_above_5.0,True,NCc1cc(=O)[nH]o1,ok,1.0,"C,N,O",8.0,114.10399999999998
C1CNCCN1,1900,2,35853,C1CNCCN1,1900,PubChem,1900.0,False,ok,duplicate_conflict_fold_above_5.0,True,C1CNCCN1,ok,1.0,"C,N",6.0,86.138
CCCNC(C)C(=O)NC1=CC=CC=C1C,231,2,35868,CCCNC(C)C(=O)NC1=CC=CC=C1C,231,PubChem,231.0,False,ok,duplicate_conflict_fold_above_5.0,True,CCCNC(C)C(=O)Nc1ccccc1C,ok,1.0,"C,N,O",16.0,220.316
C1=NC(=C2C(=N1)N(C=N2)[C@H]3[C@@H]([C@@H]([C@H](O3)COP(=O)(O)OP(=O)(O)OP(=O)(O)O)O)O)N,2780,2,36082,C1=NC(=C2C(=N1)N(C=N2)[C@H]3[C@@H]([C@@H]([C@H](O3)COP(=O)(O)OP(=O)(O)OP(=O)(O)O)O)O)N,2780,PubChem,2780.0,False,ok,duplicate_conflict_fold_above_5.0,True,Nc1ncnc2c1ncn2[C@@H]1O[C@H](COP(=O)(O)OP(=O)(O)OP(=O)(O)O)[C@@H](O)[C@H]1O,ok,1.0,"C,N,O,P",31.0,507.1820000000001
C([C@@H](C(=O)O)N)C(=O)O,6000,2,36084,C([C@@H](C(=O)O)N)C(=O)O,6000,PubChem,6000.0,False,ok,duplicate_conflict_fold_above_5.0,True,N[C@@H](CC(=O)O)C(=O)O,ok,1.0,"C,N,O",9.0,133.10299999999998
CN1CCC2=C3[C@H]1CC4=C(C3=CC=C2)C(=C(C=C4)O)O,160,2,36095,CN1CCC2=C3[C@H]1CC4=C(C3=CC=C2)C(=C(C=C4)O)O,160,PubChem,160.0,False,ok,duplicate_conflict_fold_above_5.0,True,CN1CCc2cccc3c2[C@H]1Cc1ccc(O)c(O)c1-3,ok,1.0,"C,N,O",20.0,267.328
C(CN(CC(=O)O)CC(=O)O)N(CC(=O)O)CC(=O)O,250,2,36110,C(CN(CC(=O)O)CC(=O)O)N(CC(=O)O)CC(=O)O,250,PubChem,250.0,False,ok,duplicate_conflict_fold_above_5.0,True,O=C(O)CN(CCN(CC(=O)O)CC(=O)O)CC(=O)O,ok,1.0,"C,N,O",20.0,292.244
CC(=O)OCC[N+](C)(C)C.[Cl-],15.3,2,36116,CC(=O)OCC[N+](C)(C)C.[Cl-],15.3,PubChem,15.3,False,ok,duplicate_conflict_fold_above_5.0,True,CC(=O)OCC[N+](C)(C)C,ok,2.0,"C,N,O",10.0,146.21
C(CN(CC(=O)[O-])CC(=O)[O-])N(CC(=O)[O-])CC(=O)[O-].[Na+].[Na+].[Na+].[Na+],330,2,36145,C(CN(CC(=O)[O-])CC(=O)[O-])N(CC(=O)[O-])CC(=O)[O-].[Na+].[Na+].[Na+].[Na+],330,PubChem,330.0,False,ok,duplicate_conflict_fold_above_5.0,True,O=C(O)CN(CCN(CC(=O)O)CC(=O)O)CC(=O)O,ok,5.0,"C,N,O",20.0,292.244
CCSCCC(C(=O)O)N,4250,2,36158,CCSCCC(C(=O)O)N,4250,PubChem,4250.0,False,ok,duplicate_conflict_fold_above_5.0,True,CCSCCC(N)C(=O)O,ok,1.0,"C,N,O,S",10.0,163.24200000000002
C(C(=O)[O-])C(CC(=O)[O-])(C(=O)[O-])O.[Na+].[Na+].[Na+],1364,2,36167,C(C(=O)[O-])C(CC(=O)[O-])(C(=O)[O-])O.[Na+].[Na+].[Na+],1364,PubChem,1364.0,False,ok,duplicate_conflict_fold_above_5.0,True,O=C(O)CC(O)(CC(=O)O)C(=O)O,ok,4.0,"C,O",13.0,192.123
CN(C)CCCN1C2=CC=CC=C2SC3=C1C=C(C=C3)Cl.Cl,92.2,2,36174,CN(C)CCCN1C2=CC=CC=C2SC3=C1C=C(C=C3)Cl.Cl,92.2,PubChem,92.2,False,ok,duplicate_conflict_fold_above_5.0,True,CN(C)CCCN1c2ccccc2Sc2ccc(Cl)cc21,ok,2.0,"C,Cl,N,S",21.0,318.8730000000001
C1CCC(CC1)(C2=CC=CC=C2)N3CCCCC3,2.8,2,36227,C1CCC(CC1)(C2=CC=CC=C2)N3CCCCC3,2.8,PubChem,2.8,False,ok,duplicate_conflict_fold_above_5.0,True,c1ccc(C2(N3CCCCC3)CCCCC2)cc1,ok,1.0,"C,N",18.0,243.39399999999992
CCN(CC)C(C)C(=O)C1=CC=CC=C1,24,2,36348,CCN(CC)C(C)C(=O)C1=CC=CC=C1,24,PubChem,24.0,False,ok,duplicate_conflict_fold_above_5.0,True,CCN(CC)C(C)C(=O)c1ccccc1,ok,1.0,"C,N,O",15.0,205.30100000000002
CC1=C(C=C(C=C1)N)N,480,2,36401,CC1=C(C=C(C=C1)N)N,480,PubChem,480.0,False,ok,duplicate_conflict_fold_above_5.0,True,Cc1ccc(N)cc1N,ok,1.0,"C,N",9.0,122.17100000000002
CC1=CC=C(C=C1)N,50,2,36514,CC1=CC=C(C=C1)N,50,PubChem,50.0,False,ok,duplicate_conflict_fold_above_5.0,True,Cc1ccc(N)cc1,ok,1.0,"C,N",8.0,107.156
CC1=CC(=CC=C1)N,116,2,36550,CC1=CC(=CC=C1)N,116,PubChem,116.0,False,ok,duplicate_conflict_fold_above_5.0,True,Cc1cccc(N)c1,ok,1.0,"C,N",8.0,107.156
C1CCNCC1,50,2,36603,C1CCNCC1,50,PubChem,50.0,False,ok,duplicate_conflict_fold_above_5.0,True,C1CCNCC1,ok,1.0,"C,N",6.0,85.15
C(CC(=O)[O-])C(=O)[O-].[Cd+2],270,2,36737,C(CC(=O)[O-])C(=O)[O-].[Cd+2],270,PubChem,270.0,False,ok,duplicate_conflict_fold_above_5.0,True,O=C(O)CCC(=O)O,ok,2.0,"C,O",8.0,118.088
C(C(=O)[O-])C(=O)[O-].[Na+].[Na+],1550,2,36742,C(C(=O)[O-])C(=O)[O-].[Na+].[Na+],1550,PubChem,1550.0,False,ok,duplicate_conflict_fold_above_5.0,True,O=C(O)CC(=O)O,ok,3.0,"C,O",7.0,104.06099999999999
C1CNCCN1.Cl.Cl,1970,2,36747,C1CNCCN1.Cl.Cl,1970,PubChem,1970.0,False,ok,duplicate_conflict_fold_above_5.0,True,C1CNCCN1,ok,3.0,"C,N",6.0,86.138
C(CN(CC(=O)[O-])CC(=O)[O-])N(CC(=O)O)CC(=O)[O-].[Na+].[Na+].[Na+],300,2,36770,C(CN(CC(=O)[O-])CC(=O)[O-])N(CC(=O)O)CC(=O)[O-].[Na+].[Na+].[Na+],300,PubChem,300.0,False,ok,duplicate_conflict_fold_above_5.0,True,O=C(O)CN(CCN(CC(=O)O)CC(=O)O)CC(=O)O,ok,4.0,"C,N,O",20.0,292.244
CC(CC1=CC=CC=C1)NC.Cl,4,2,36813,CC(CC1=CC=CC=C1)NC.Cl,4,PubChem,4.0,False,ok,duplicate_conflict_fold_above_5.0,True,CNC(C)Cc1ccccc1,ok,2.0,"C,N",11.0,149.237
CC(CC1=CC=CC=C1)NC.Cl,57.19,2,36814,CC(CC1=CC=CC=C1)NC.Cl,57.19,PubChem,57.19,False,ok,duplicate_conflict_fold_above_5.0,True,CNC(C)Cc1ccccc1,ok,2.0,"C,N",11.0,149.237
CN1CCC2=C3[C@H]1CC4=C(C3=CC=C2)C(=C(C=C4)O)O.Cl,0.145,2,36837,CN1CCC2=C3[C@H]1CC4=C(C3=CC=C2)C(=C(C=C4)O)O.Cl,0.145,PubChem,0.145,False,ok,duplicate_conflict_fold_above_5.0,True,CN1CCc2cccc3c2[C@H]1Cc1ccc(O)c(O)c1-3,ok,2.0,"C,N,O",20.0,267.328
C(CN)N.Cl.Cl,1064,2,36856,C(CN)N.Cl.Cl,1064,PubChem,1064.0,False,ok,duplicate_conflict_fold_above_5.0,True,NCCN,ok,3.0,"C,N",4.0,60.09999999999999
CC[C@H]1CN2CCC3=CC(=C(C=C3[C@@H]2C[C@@H]1C[C@@H]4C5=CC(=C(C=C5CCN4)OC)OC)OC)OC,12,2,36944,CC[C@H]1CN2CCC3=CC(=C(C=C3[C@@H]2C[C@@H]1C[C@@H]4C5=CC(=C(C=C5CCN4)OC)OC)OC)OC,12,PubChem,12.0,False,ok,duplicate_conflict_fold_above_5.0,True,CC[C@H]1CN2CCc3cc(OC)c(OC)cc3[C@@H]2C[C@@H]1C[C@H]1NCCc2cc(OC)c(OC)cc21,ok,1.0,"C,N,O",35.0,480.64900000000034
C(=O)([O-])[O-].[Na+].[Na+],117,2,36961,C(=O)([O-])[O-].[Na+].[Na+],117,PubChem,117.0,False,ok,duplicate_conflict_fold_above_5.0,True,O=C(O)O,ok,3.0,"C,O",4.0,62.02400000000001
C(=O)([O-])[O-].[Ba+2],50,2,36985,C(=O)([O-])[O-].[Ba+2],50,PubChem,50.0,False,ok,duplicate_conflict_fold_above_5.0,True,O=C(O)O,ok,2.0,"C,O",4.0,62.02400000000001
C(=O)([O-])[O-].[Cs+].[Cs+],1000,2,37018,C(=O)([O-])[O-].[Cs+].[Cs+],1000,PubChem,1000.0,False,ok,duplicate_conflict_fold_above_5.0,True,O=C(O)O,ok,3.0,"C,O",4.0,62.02400000000001
CC1=CC=C(C=C1)N.Cl,399,2,37033,CC1=CC=C(C=C1)N.Cl,399,PubChem,399.0,False,ok,duplicate_conflict_fold_above_5.0,True,Cc1ccc(N)cc1,ok,2.0,"C,N",8.0,107.156
[Li+].[Li+].C(=O)([O-])[O-],236,2,37067,[Li+].[Li+].C(=O)([O-])[O-],236,PubChem,236.0,False,ok,duplicate_conflict_fold_above_5.0,True,O=C(O)O,ok,3.0,"C,O",4.0,62.02400000000001
C1=CC=C(C=C1)CNN,75,2,37068,C1=CC=C(C=C1)CNN,75,PubChem,75.0,False,ok,duplicate_conflict_fold_above_5.0,True,NNCc1ccccc1,ok,1.0,"C,N",9.0,122.17099999999995
C1=CC=C(C=C1)CNN.Cl,50,2,37358,C1=CC=C(C=C1)CNN.Cl,50,PubChem,50.0,False,ok,duplicate_conflict_fold_above_5.0,True,NNCc1ccccc1,ok,2.0,"C,N",9.0,122.17099999999995
C1=NC(=C2C(=N1)N(C=N2)[C@H]3[C@@H]([C@@H]([C@H](O3)COP(=O)(O)OP(=O)([O-])OP(=O)(O)[O-])O)O)N.[Mg+2],500,2,37424,C1=NC(=C2C(=N1)N(C=N2)[C@H]3[C@@H]([C@@H]([C@H](O3)COP(=O)(O)OP(=O)([O-])OP(=O)(O)[O-])O)O)N.[Mg+2],500,PubChem,500.0,False,ok,duplicate_conflict_fold_above_5.0,True,Nc1ncnc2c1ncn2[C@@H]1O[C@H](COP(=O)(O)OP(=O)(O)OP(=O)(O)O)[C@@H](O)[C@H]1O,ok,2.0,"C,N,O,P",31.0,507.1820000000001
C([C@@H](C(=O)[O-])N)C(=O)[O-].[Na+].[Na+],6800,2,37783,C([C@@H](C(=O)[O-])N)C(=O)[O-].[Na+].[Na+],6800,PubChem,6800.0,False,ok,duplicate_conflict_fold_above_5.0,True,N[C@@H](CC(=O)O)C(=O)O,ok,3.0,"C,N,O",9.0,133.10299999999998
C(CN(CC(=O)O)CC(=O)[O-])N(CC(=O)O)CC(=O)[O-].[Na+].[Na+].[Co],1948,2,38003,C(CN(CC(=O)O)CC(=O)[O-])N(CC(=O)O)CC(=O)[O-].[Na+].[Na+].[Co],1948,PubChem,1948.0,False,ok,duplicate_conflict_fold_above_5.0,True,O=C(O)CN(CCN(CC(=O)O)CC(=O)O)CC(=O)O,ok,4.0,"C,N,O",20.0,292.244
C(CN(CC(=O)[O-])CC(=O)[O-])N(CC(=O)O)CC(=O)[O-].[Fe+3],600,2,38041,C(CN(CC(=O)[O-])CC(=O)[O-])N(CC(=O)O)CC(=O)[O-].[Fe+3],600,PubChem,600.0,False,ok,duplicate_conflict_fold_above_5.0,True,O=C(O)CN(CCN(CC(=O)O)CC(=O)O)CC(=O)O,ok,2.0,"C,N,O",20.0,292.244
C([C@@H](C(=O)[O-])N)C(=O)[O-].[Ca+2],1059,2,38082,C([C@@H](C(=O)[O-])N)C(=O)[O-].[Ca+2],1059,PubChem,1059.0,False,ok,duplicate_conflict_fold_above_5.0,True,N[C@@H](CC(=O)O)C(=O)O,ok,2.0,"C,N,O",9.0,133.10299999999998
CCCSP(=O)(OCC)OC1=C(C=C(C=C1)Br)Cl,116,2,38246,CCCSP(=O)(OCC)OC1=C(C=C(C=C1)Br)Cl,116,PubChem,116.0,False,ok,duplicate_conflict_fold_above_5.0,True,CCCSP(=O)(OCC)Oc1ccc(Br)cc1Cl,ok,1.0,"Br,C,Cl,O,P,S",18.0,373.63599999999997
CCCSP(=O)(OCC)OC1=C(C=C(C=C1)Br)Cl,44,2,38247,CCCSP(=O)(OCC)OC1=C(C=C(C=C1)Br)Cl,44,PubChem,44.0,False,ok,duplicate_conflict_fold_above_5.0,True,CCCSP(=O)(OCC)Oc1ccc(Br)cc1Cl,ok,1.0,"Br,C,Cl,O,P,S",18.0,373.63599999999997
CCCSP(=O)(OCC)OC1=C(C=C(C=C1)Br)Cl,1000,2,38248,CCCSP(=O)(OCC)OC1=C(C=C(C=C1)Br)Cl,1000,PubChem,1000.0,False,ok,duplicate_conflict_fold_above_5.0,True,CCCSP(=O)(OCC)Oc1ccc(Br)cc1Cl,ok,1.0,"Br,C,Cl,O,P,S",18.0,373.63599999999997
CC1([C@H]([C@H]1C(=O)OCC2=CC(=CC=C2)OC3=CC=CC=C3)C=C(Cl)Cl)C,108,2,38281,CC1([C@H]([C@H]1C(=O)OCC2=CC(=CC=C2)OC3=CC=CC=C3)C=C(Cl)Cl)C,108,PubChem,108.0,False,ok,duplicate_conflict_fold_above_5.0,True,CC1(C)[C@H](C(=O)OCc2cccc(Oc3ccccc3)c2)[C@@H]1C=C(Cl)Cl,ok,1.0,"C,Cl,O",26.0,391.294
CC1([C@H]([C@H]1C(=O)OCC2=CC(=CC=C2)OC3=CC=CC=C3)C=C(Cl)Cl)C,1000,2,38282,CC1([C@H]([C@H]1C(=O)OCC2=CC(=CC=C2)OC3=CC=CC=C3)C=C(Cl)Cl)C,1000,PubChem,1000.0,False,ok,duplicate_conflict_fold_above_5.0,True,CC1(C)[C@H](C(=O)OCc2cccc(Oc3ccccc3)c2)[C@@H]1C=C(Cl)Cl,ok,1.0,"C,Cl,O",26.0,391.294
C1C(O1)CCl.C(CNCCNCCNCCN)N,45.6,2,38446,C1C(O1)CCl.C(CNCCNCCNCCN)N,45.6,PubChem,45.6,False,ok,duplicate_conflict_fold_above_5.0,True,NCCNCCNCCNCCN,ok,2.0,"C,N",13.0,189.307
CNCCCC12CCC(C3=CC=CC=C31)C4=CC=CC=C24.Cl,125,2,38707,CNCCCC12CCC(C3=CC=CC=C31)C4=CC=CC=C24.Cl,125,PubChem,125.0,False,ok,duplicate_conflict_fold_above_5.0,True,CNCCCC12CCC(c3ccccc31)c1ccccc12,ok,2.0,"C,N",21.0,277.41100000000006
CC1=C(C=C(C=C1)N)N.Cl.Cl,80,2,38711,CC1=C(C=C(C=C1)N)N.Cl.Cl,80,PubChem,80.0,False,ok,duplicate_conflict_fold_above_5.0,True,Cc1ccc(N)cc1N,ok,3.0,"C,N",9.0,122.17100000000002
C(CN(CC(=O)[O-])CC(=O)[O-])N(CC(=O)[O-])CC(=O)[O-].[Co+2].[Co+2],225,2,38721,C(CN(CC(=O)[O-])CC(=O)[O-])N(CC(=O)[O-])CC(=O)[O-].[Co+2].[Co+2],225,PubChem,225.0,False,ok,duplicate_conflict_fold_above_5.0,True,O=C(O)CN(CCN(CC(=O)O)CC(=O)O)CC(=O)O,ok,3.0,"C,N,O",20.0,292.244
C(C(=O)[O-])C(CC(=O)[O-])(C(=O)[O-])O.[Nd+3],140,2,38822,C(C(=O)[O-])C(CC(=O)[O-])(C(=O)[O-])O.[Nd+3],140,PubChem,140.0,False,ok,duplicate_conflict_fold_above_5.0,True,O=C(O)CC(O)(CC(=O)O)C(=O)O,ok,2.0,"C,O",13.0,192.123
CCN(CC)C(C)C(=O)C1=CC=CC=C1.Cl,160,2,38971,CCN(CC)C(C)C(=O)C1=CC=CC=C1.Cl,160,PubChem,160.0,False,ok,duplicate_conflict_fold_above_5.0,True,CCN(CC)C(C)C(=O)c1ccccc1,ok,2.0,"C,N,O",15.0,205.30100000000002
CCCNC(C)C(=O)NC1=CC=CC=C1C.Cl,30,2,39001,CCCNC(C)C(=O)NC1=CC=CC=C1C.Cl,30,PubChem,30.0,False,ok,duplicate_conflict_fold_above_5.0,True,CCCNC(C)C(=O)Nc1ccccc1C,ok,2.0,"C,N,O",16.0,220.316
C(=O)([O-])[O-].[Ag+].[Ag+],39,2,39010,C(=O)([O-])[O-].[Ag+].[Ag+],39,PubChem,39.0,False,ok,duplicate_conflict_fold_above_5.0,True,O=C(O)O,ok,3.0,"C,O",4.0,62.02400000000001
CC(CC1=CC=CC=C1)N.Cl,120,2,39017,CC(CC1=CC=CC=C1)N.Cl,120,PubChem,120.0,False,ok,duplicate_conflict_fold_above_5.0,True,CC(N)Cc1ccccc1,ok,2.0,"C,N",10.0,135.20999999999998
CC(CC1=CC=CC=C1)N.Cl,40,2,39018,CC(CC1=CC=CC=C1)N.Cl,40,PubChem,40.0,False,ok,duplicate_conflict_fold_above_5.0,True,CC(N)Cc1ccccc1,ok,2.0,"C,N",10.0,135.20999999999998
C1CNCCN1.O.O.O.O.O.O,300,2,39186,C1CNCCN1.O.O.O.O.O.O,300,PubChem,300.0,False,ok,duplicate_conflict_fold_above_5.0,True,C1CNCCN1,ok,7.0,"C,N",6.0,86.138
CN(CC1=CN=C2C(=N1)C(=NC(=N2)N)N)C3=CC=C(C=C3)C(=O)N[C@@H](CCC(=O)O)C(=O)O,50,2,39244,CN(CC1=CN=C2C(=N1)C(=NC(=N2)N)N)C3=CC=C(C=C3)C(=O)N[C@@H](CCC(=O)O)C(=O)O,50,PubChem,50.0,False,ok,duplicate_conflict_fold_above_5.0,True,CN(Cc1cnc2nc(N)nc(N)c2n1)c1ccc(C(=O)N[C@@H](CCC(=O)O)C(=O)O)cc1,ok,1.0,"C,N,O",33.0,454.44700000000023
C1=CC=C(C=C1)CNN.Cl.Cl,11,2,39267,C1=CC=C(C=C1)CNN.Cl.Cl,11,PubChem,11.0,False,ok,duplicate_conflict_fold_above_5.0,True,NNCc1ccccc1,ok,3.0,"C,N",9.0,122.17099999999995
C(CO)N.OS(=O)(=O)O,2274,2,39318,C(CO)N.OS(=O)(=O)O,2274,PubChem,2274.0,False,ok,duplicate_conflict_fold_above_5.0,True,NCCO,ok,2.0,"C,N,O",4.0,61.083999999999996
CN1[C@@H]2CC[C@H]1CC(C2)OC(=O)C(CO)C3=CC=CC=C3,30,2,39350,CN1[C@@H]2CC[C@H]1CC(C2)OC(=O)C(CO)C3=CC=CC=C3,30,PubChem,30.0,False,ok,duplicate_conflict_fold_above_5.0,True,CN1[C@@H]2CC[C@H]1CC(OC(=O)C(CO)c1ccccc1)C2,ok,1.0,"C,N,O",21.0,289.37500000000006
C(CN(CC(=O)[O-])CC(=O)[O-])N(CC(=O)[O-])CC(=O)[O-].[Fe+3],130,2,39363,C(CN(CC(=O)[O-])CC(=O)[O-])N(CC(=O)[O-])CC(=O)[O-].[Fe+3],130,PubChem,130.0,False,ok,duplicate_conflict_fold_above_5.0,True,O=C(O)CN(CCN(CC(=O)O)CC(=O)O)CC(=O)O,ok,2.0,"C,N,O",20.0,292.244
C(C(=O)[O-])C(CC(=O)[O-])(C(=O)[O-])O.[Er+3],122,2,39367,C(C(=O)[O-])C(CC(=O)[O-])(C(=O)[O-])O.[Er+3],122,PubChem,122.0,False,ok,duplicate_conflict_fold_above_5.0,True,O=C(O)CC(O)(CC(=O)O)C(=O)O,ok,2.0,"C,O",13.0,192.123
CNCCCC12CCC(C3=CC=CC=C31)C4=CC=CC=C24.CS(=O)(=O)O,20,2,39392,CNCCCC12CCC(C3=CC=CC=C31)C4=CC=CC=C24.CS(=O)(=O)O,20,PubChem,20.0,False,ok,duplicate_conflict_fold_above_5.0,True,CNCCCC12CCC(c3ccccc31)c1ccccc12,ok,2.0,"C,N",21.0,277.41100000000006
C(C(=O)[O-])C(CC(=O)[O-])(C(=O)[O-])O.[Sm+3],164,2,39433,C(C(=O)[O-])C(CC(=O)[O-])(C(=O)[O-])O.[Sm+3],164,PubChem,164.0,False,ok,duplicate_conflict_fold_above_5.0,True,O=C(O)CC(O)(CC(=O)O)C(=O)O,ok,2.0,"C,O",13.0,192.123
C1=C(ONC1=O)CN.Br,13.844,2,39464,C1=C(ONC1=O)CN.Br,13.844,PubChem,13.844,False,ok,duplicate_conflict_fold_above_5.0,True,NCc1cc(=O)[nH]o1,ok,2.0,"C,N,O",8.0,114.10399999999998
C(C(=O)[O-])C(CC(=O)[O-])(C(=O)[O-])O.[Yb+3],143,2,39524,C(C(=O)[O-])C(CC(=O)[O-])(C(=O)[O-])O.[Yb+3],143,PubChem,143.0,False,ok,duplicate_conflict_fold_above_5.0,True,O=C(O)CC(O)(CC(=O)O)C(=O)O,ok,2.0,"C,O",13.0,192.123
C[C@H]1[C@@H]([C@H]([C@H]([C@@H](O1)O[C@H]2C[C@H]([C@@]3([C@@H]4[C@@H](CC[C@@]3(C2)O)[C@]5(CC[C@@H]([C@]5(C[C@H]4O)C)C6=CC(=O)OC6)O)CO)O)O)O)O,11,2,39579,C[C@H]1[C@@H]([C@H]([C@H]([C@@H](O1)O[C@H]2C[C@H]([C@@]3([C@@H]4[C@@H](CC[C@@]3(C2)O)[C@]5(CC[C@@H]([C@]5(C[C@H]4O)C)C6=CC(=O)OC6)O)CO)O)O)O)O,11,PubChem,11.0,False,ok,duplicate_conflict_fold_above_5.0,True,C[C@@H]1O[C@@H](O[C@H]2C[C@@H](O)[C@]3(CO)[C@H]4[C@H](O)C[C@]5(C)[C@@H](C6=CC(=O)OC6)CC[C@]5(O)[C@@H]4CC[C@]3(O)C2)[C@H](O)[C@H](O)[C@H]1O,ok,1.0,"C,O",41.0,584.6590000000006
CN(C)CC(COC1=CC=CC=C1CCC2=CC(=CC=C2)OC)OC(=O)CCC(=O)O.Cl,65,2,39640,CN(C)CC(COC1=CC=CC=C1CCC2=CC(=CC=C2)OC)OC(=O)CCC(=O)O.Cl,65,PubChem,65.0,False,ok,duplicate_conflict_fold_above_5.0,True,COc1cccc(CCc2ccccc2OCC(CN(C)C)OC(=O)CCC(=O)O)c1,ok,2.0,"C,N,O",31.0,429.51300000000026
CN(C)CC(COC1=CC=CC=C1CCC2=CC(=CC=C2)OC)OC(=O)CCC(=O)O.Cl,330,2,39641,CN(C)CC(COC1=CC=CC=C1CCC2=CC(=CC=C2)OC)OC(=O)CCC(=O)O.Cl,330,PubChem,330.0,False,ok,duplicate_conflict_fold_above_5.0,True,COc1cccc(CCc2ccccc2OCC(CN(C)C)OC(=O)CCC(=O)O)c1,ok,2.0,"C,N,O",31.0,429.51300000000026
CC1=CC(=CC=C1)[NH3+].[Cl-],650,2,39688,CC1=CC(=CC=C1)[NH3+].[Cl-],650,PubChem,650.0,False,ok,duplicate_conflict_fold_above_5.0,True,Cc1cccc(N)c1,ok,2.0,"C,N",8.0,107.156
C1=CC=C(C=C1)/C=C/C2=CC=CC=C2,1150,2,39715,C1=CC=C(C=C1)/C=C/C2=CC=CC=C2,1150,PubChem,1150.0,False,ok,duplicate_conflict_fold_above_5.0,True,C(=C/c1ccccc1)\c1ccccc1,ok,1.0,C,14.0,180.24999999999997
C1=CC=C(C=C1)/C=C/C2=CC=CC=C2,6500,2,39716,C1=CC=C(C=C1)/C=C/C2=CC=CC=C2,6500,PubChem,6500.0,False,ok,duplicate_conflict_fold_above_5.0,True,C(=C/c1ccccc1)\c1ccccc1,ok,1.0,C,14.0,180.24999999999997
C1CC[NH2+]CC1.[Cl-],330,2,39820,C1CC[NH2+]CC1.[Cl-],330,PubChem,330.0,False,ok,duplicate_conflict_fold_above_5.0,True,C1CCNCC1,ok,2.0,"C,N",6.0,85.15
C(C(=O)[O-])C(CC(=O)[O-])(C(=O)[O-])O.[Tm+3],80,2,39906,C(C(=O)[O-])C(CC(=O)[O-])(C(=O)[O-])O.[Tm+3],80,PubChem,80.0,False,ok,duplicate_conflict_fold_above_5.0,True,O=C(O)CC(O)(CC(=O)O)C(=O)O,ok,2.0,"C,O",13.0,192.123
C(C(=O)[O-])C(CC(=O)[O-])(C(=O)[O-])O.[Lu+3],135,2,39907,C(C(=O)[O-])C(CC(=O)[O-])(C(=O)[O-])O.[Lu+3],135,PubChem,135.0,False,ok,duplicate_conflict_fold_above_5.0,True,O=C(O)CC(O)(CC(=O)O)C(=O)O,ok,2.0,"C,O",13.0,192.123
CC[C@H]1CN2CCC3=CC(=C(C=C3[C@@H]2C[C@@H]1C[C@@H]4C5=CC(=C(C=C5CCN4)OC)OC)OC)OC.Cl.Cl,62,2,39938,CC[C@H]1CN2CCC3=CC(=C(C=C3[C@@H]2C[C@@H]1C[C@@H]4C5=CC(=C(C=C5CCN4)OC)OC)OC)OC.Cl.Cl,62,PubChem,62.0,False,ok,duplicate_conflict_fold_above_5.0,True,CC[C@H]1CN2CCc3cc(OC)c(OC)cc3[C@@H]2C[C@@H]1C[C@H]1NCCc2cc(OC)c(OC)cc21,ok,3.0,"C,N,O",35.0,480.64900000000034
CC[C@H]1CN2CCC3=CC(=C(C=C3[C@@H]2C[C@@H]1C[C@@H]4C5=CC(=C(C=C5CCN4)OC)OC)OC)OC.Cl.Cl,25,2,39939,CC[C@H]1CN2CCC3=CC(=C(C=C3[C@@H]2C[C@@H]1C[C@@H]4C5=CC(=C(C=C5CCN4)OC)OC)OC)OC.Cl.Cl,25,PubChem,25.0,False,ok,duplicate_conflict_fold_above_5.0,True,CC[C@H]1CN2CCc3cc(OC)c(OC)cc3[C@@H]2C[C@@H]1C[C@H]1NCCc2cc(OC)c(OC)cc21,ok,3.0,"C,N,O",35.0,480.64900000000034
C[C@H]1[C@@H]([C@H]([C@H]([C@@H](O1)O[C@H]2C[C@H]([C@@]3([C@@H]4[C@@H](CC[C@@]3(C2)O)[C@]5(CC[C@@H]([C@]5(C[C@H]4O)C)C6=CC(=O)OC6)O)CO)O)O)O)O.O.O.O.O.O.O.O.O,1.213,2,40210,C[C@H]1[C@@H]([C@H]([C@H]([C@@H](O1)O[C@H]2C[C@H]([C@@]3([C@@H]4[C@@H](CC[C@@]3(C2)O)[C@]5(CC[C@@H]([C@]5(C[C@H]4O)C)C6=CC(=O)OC6)O)CO)O)O)O)O.O.O.O.O.O.O.O.O,1.213,PubChem,1.213,False,ok,duplicate_conflict_fold_above_5.0,True,C[C@@H]1O[C@@H](O[C@H]2C[C@@H](O)[C@]3(CO)[C@H]4[C@H](O)C[C@]5(C)[C@@H](C6=CC(=O)OC6)CC[C@]5(O)[C@@H]4CC[C@]3(O)C2)[C@H](O)[C@H](O)[C@H]1O,ok,9.0,"C,O",41.0,584.6590000000006
C1COCCN1CC2CN(C(=O)O2)/N=C/C3=CC=C(O3)[N+](=O)[O-],1000,2,40292,C1COCCN1CC2CN(C(=O)O2)/N=C/C3=CC=C(O3)[N+](=O)[O-],1000,PubChem,1000.0,False,ok,duplicate_conflict_fold_above_5.0,True,O=C1OC(CN2CCOCC2)CN1/N=C/c1ccc([N+](=O)[O-])o1,ok,1.0,"C,N,O",23.0,324.29300000000006
C1COCCN1CC2CN(C(=O)O2)/N=C/C3=CC=C(O3)[N+](=O)[O-].Cl,190,2,40304,C1COCCN1CC2CN(C(=O)O2)/N=C/C3=CC=C(O3)[N+](=O)[O-].Cl,190,PubChem,190.0,False,ok,duplicate_conflict_fold_above_5.0,True,O=C1OC(CN2CCOCC2)CN1/N=C/c1ccc([N+](=O)[O-])o1,ok,2.0,"C,N,O",23.0,324.29300000000006
C1CCC(CC1)(C2=CC=CC=C2)[NH+]3CCCCC3.[Cl-],59.558,2,40307,C1CCC(CC1)(C2=CC=CC=C2)[NH+]3CCCCC3.[Cl-],59.558,PubChem,59.558,False,ok,duplicate_conflict_fold_above_5.0,True,c1ccc(C2(N3CCCCC3)CCCCC2)cc1,ok,2.0,"C,N",18.0,243.39399999999992
CN1[C@@H]2CC[C@H]1CC(C2)OC(=O)C(CO)C3=CC=CC=C3.Cl,240,2,40313,CN1[C@@H]2CC[C@H]1CC(C2)OC(=O)C(CO)C3=CC=CC=C3.Cl,240,PubChem,240.0,False,ok,duplicate_conflict_fold_above_5.0,True,CN1[C@@H]2CC[C@H]1CC(OC(=O)C(CO)c1ccccc1)C2,ok,2.0,"C,N,O",21.0,289.37500000000006
CN(CC1=CN=C2C(=N1)C(=NC(=N2)N)N)C3=CC=C(C=C3)C(=O)N[C@@H](CCC(=O)[O-])C(=O)[O-].[Na+].[Na+],284,2,40346,CN(CC1=CN=C2C(=N1)C(=NC(=N2)N)N)C3=CC=C(C=C3)C(=O)N[C@@H](CCC(=O)[O-])C(=O)[O-].[Na+].[Na+],284,PubChem,284.0,False,ok,duplicate_conflict_fold_above_5.0,True,CN(Cc1cnc2nc(N)nc(N)c2n1)c1ccc(C(=O)N[C@@H](CCC(=O)O)C(=O)O)cc1,ok,3.0,"C,N,O",33.0,454.44700000000023
C(C(=O)[O-])C(CC(=O)[O-])(C(=O)O)O.[Na+].[Na+],1771,2,40397,C(C(=O)[O-])C(CC(=O)[O-])(C(=O)O)O.[Na+].[Na+],1771,PubChem,1771.0,False,ok,duplicate_conflict_fold_above_5.0,True,O=C(O)CC(O)(CC(=O)O)C(=O)O,ok,3.0,"C,O",13.0,192.123
C(C(=O)O)C(CC(=O)O)(C(=O)O)O,903,2,40446,C(C(=O)O)C(CC(=O)O)(C(=O)O)O,903,PubChem,903.0,False,ok,duplicate_conflict_fold_above_5.0,True,O=C(O)CC(O)(CC(=O)O)C(=O)O,ok,1.0,"C,O",13.0,192.123
C(C(=O)O)C(=O)O,300,2,40459,C(C(=O)O)C(=O)O,300,PubChem,300.0,False,ok,duplicate_conflict_fold_above_5.0,True,O=C(O)CC(=O)O,ok,1.0,"C,O",7.0,104.06099999999999
C(CN(CC(=O)O)CC(=O)[O-])N(CC(=O)O)CC(=O)[O-].[Na+].[Na+],260,2,40526,C(CN(CC(=O)O)CC(=O)[O-])N(CC(=O)O)CC(=O)[O-].[Na+].[Na+],260,PubChem,260.0,False,ok,duplicate_conflict_fold_above_5.0,True,O=C(O)CN(CCN(CC(=O)O)CC(=O)O)CC(=O)O,ok,3.0,"C,N,O",20.0,292.244
C(C[NH+](CC(=O)[O-])CC(=O)[O-])[NH+](CC(=O)[O-])CC(=O)[O-].[Na+].[Na+].[Ca+2],4500,2,40536,C(C[NH+](CC(=O)[O-])CC(=O)[O-])[NH+](CC(=O)[O-])CC(=O)[O-].[Na+].[Na+].[Ca+2],4500,PubChem,4500.0,False,ok,duplicate_conflict_fold_above_5.0,True,O=C(O)CN(CCN(CC(=O)O)CC(=O)O)CC(=O)O,ok,4.0,"C,N,O",20.0,292.244
C(CN(CC(=O)O)CC(=O)[O-])N(CC(=O)O)CC(=O)[O-].[Na+].[Na+].[Fe],264,2,40567,C(CN(CC(=O)O)CC(=O)[O-])N(CC(=O)O)CC(=O)[O-].[Na+].[Na+].[Fe],264,PubChem,264.0,False,ok,duplicate_conflict_fold_above_5.0,True,O=C(O)CN(CCN(CC(=O)O)CC(=O)O)CC(=O)O,ok,4.0,"C,N,O",20.0,292.244
C(CN(CC(=O)[O-])CC(=O)[O-])N(CC(=O)[O-])CC(=O)[O-].[Na+].[Na+].[Ni+2],1244,2,40575,C(CN(CC(=O)[O-])CC(=O)[O-])N(CC(=O)[O-])CC(=O)[O-].[Na+].[Na+].[Ni+2],1244,PubChem,1244.0,False,ok,duplicate_conflict_fold_above_5.0,True,O=C(O)CN(CCN(CC(=O)O)CC(=O)O)CC(=O)O,ok,4.0,"C,N,O",20.0,292.244
